[2026-07-24T18:40:04.525+0000] {processor.py:186} INFO - Started process (PID=21820) to work on /opt/airflow/dags/raw_from_s3_to_pg.py
[2026-07-24T18:40:04.525+0000] {processor.py:914} INFO - Processing file /opt/airflow/dags/raw_from_s3_to_pg.py for tasks to queue
[2026-07-24T18:40:04.526+0000] {logging_mixin.py:190} INFO - [2026-07-24T18:40:04.526+0000] {dagbag.py:588} INFO - Filling up the DagBag from /opt/airflow/dags/raw_from_s3_to_pg.py
[2026-07-24T18:40:04.563+0000] {logging_mixin.py:190} INFO - [2026-07-24T18:40:04.562+0000] {dagbag.py:387} ERROR - Failed to import: /opt/airflow/dags/raw_from_s3_to_pg.py
Traceback (most recent call last):
  File "/home/airflow/.local/lib/python3.12/site-packages/airflow/models/dagbag.py", line 383, in parse
    loader.exec_module(new_module)
  File "<frozen importlib._bootstrap_external>", line 999, in exec_module
  File "<frozen importlib._bootstrap>", line 488, in _call_with_frames_removed
  File "/opt/airflow/dags/raw_from_s3_to_pg.py", line 26, in <module>
    PASSWORD = Variable.get("pg_password")
               ^^^^^^^^^^^^^^^^^^^^^^^^^^^
  File "/home/airflow/.local/lib/python3.12/site-packages/airflow/models/variable.py", line 145, in get
    raise KeyError(f"Variable {key} does not exist")
KeyError: 'Variable pg_password does not exist'
[2026-07-24T18:40:04.563+0000] {processor.py:927} WARNING - No viable dags retrieved from /opt/airflow/dags/raw_from_s3_to_pg.py
[2026-07-24T18:40:04.572+0000] {processor.py:208} INFO - Processing /opt/airflow/dags/raw_from_s3_to_pg.py took 0.051 seconds
[2026-07-24T18:40:34.781+0000] {processor.py:186} INFO - Started process (PID=21858) to work on /opt/airflow/dags/raw_from_s3_to_pg.py
[2026-07-24T18:40:34.782+0000] {processor.py:914} INFO - Processing file /opt/airflow/dags/raw_from_s3_to_pg.py for tasks to queue
[2026-07-24T18:40:34.783+0000] {logging_mixin.py:190} INFO - [2026-07-24T18:40:34.783+0000] {dagbag.py:588} INFO - Filling up the DagBag from /opt/airflow/dags/raw_from_s3_to_pg.py
[2026-07-24T18:40:34.825+0000] {logging_mixin.py:190} INFO - [2026-07-24T18:40:34.824+0000] {dagbag.py:387} ERROR - Failed to import: /opt/airflow/dags/raw_from_s3_to_pg.py
Traceback (most recent call last):
  File "/home/airflow/.local/lib/python3.12/site-packages/airflow/models/dagbag.py", line 383, in parse
    loader.exec_module(new_module)
  File "<frozen importlib._bootstrap_external>", line 999, in exec_module
  File "<frozen importlib._bootstrap>", line 488, in _call_with_frames_removed
  File "/opt/airflow/dags/raw_from_s3_to_pg.py", line 26, in <module>
    PASSWORD = Variable.get("pg_password")
               ^^^^^^^^^^^^^^^^^^^^^^^^^^^
  File "/home/airflow/.local/lib/python3.12/site-packages/airflow/models/variable.py", line 145, in get
    raise KeyError(f"Variable {key} does not exist")
KeyError: 'Variable pg_password does not exist'
[2026-07-24T18:40:34.826+0000] {processor.py:927} WARNING - No viable dags retrieved from /opt/airflow/dags/raw_from_s3_to_pg.py
[2026-07-24T18:40:34.832+0000] {processor.py:208} INFO - Processing /opt/airflow/dags/raw_from_s3_to_pg.py took 0.056 seconds
[2026-07-24T18:41:04.996+0000] {processor.py:186} INFO - Started process (PID=21896) to work on /opt/airflow/dags/raw_from_s3_to_pg.py
[2026-07-24T18:41:04.997+0000] {processor.py:914} INFO - Processing file /opt/airflow/dags/raw_from_s3_to_pg.py for tasks to queue
[2026-07-24T18:41:04.999+0000] {logging_mixin.py:190} INFO - [2026-07-24T18:41:04.998+0000] {dagbag.py:588} INFO - Filling up the DagBag from /opt/airflow/dags/raw_from_s3_to_pg.py
[2026-07-24T18:41:05.034+0000] {logging_mixin.py:190} INFO - [2026-07-24T18:41:05.033+0000] {dagbag.py:387} ERROR - Failed to import: /opt/airflow/dags/raw_from_s3_to_pg.py
Traceback (most recent call last):
  File "/home/airflow/.local/lib/python3.12/site-packages/airflow/models/dagbag.py", line 383, in parse
    loader.exec_module(new_module)
  File "<frozen importlib._bootstrap_external>", line 999, in exec_module
  File "<frozen importlib._bootstrap>", line 488, in _call_with_frames_removed
  File "/opt/airflow/dags/raw_from_s3_to_pg.py", line 26, in <module>
    PASSWORD = Variable.get("pg_password")
               ^^^^^^^^^^^^^^^^^^^^^^^^^^^
  File "/home/airflow/.local/lib/python3.12/site-packages/airflow/models/variable.py", line 145, in get
    raise KeyError(f"Variable {key} does not exist")
KeyError: 'Variable pg_password does not exist'
[2026-07-24T18:41:05.034+0000] {processor.py:927} WARNING - No viable dags retrieved from /opt/airflow/dags/raw_from_s3_to_pg.py
[2026-07-24T18:41:05.040+0000] {processor.py:208} INFO - Processing /opt/airflow/dags/raw_from_s3_to_pg.py took 0.048 seconds
[2026-07-24T18:41:35.216+0000] {processor.py:186} INFO - Started process (PID=21934) to work on /opt/airflow/dags/raw_from_s3_to_pg.py
[2026-07-24T18:41:35.216+0000] {processor.py:914} INFO - Processing file /opt/airflow/dags/raw_from_s3_to_pg.py for tasks to queue
[2026-07-24T18:41:35.217+0000] {logging_mixin.py:190} INFO - [2026-07-24T18:41:35.217+0000] {dagbag.py:588} INFO - Filling up the DagBag from /opt/airflow/dags/raw_from_s3_to_pg.py
[2026-07-24T18:41:35.254+0000] {logging_mixin.py:190} INFO - [2026-07-24T18:41:35.254+0000] {dagbag.py:387} ERROR - Failed to import: /opt/airflow/dags/raw_from_s3_to_pg.py
Traceback (most recent call last):
  File "/home/airflow/.local/lib/python3.12/site-packages/airflow/models/dagbag.py", line 383, in parse
    loader.exec_module(new_module)
  File "<frozen importlib._bootstrap_external>", line 999, in exec_module
  File "<frozen importlib._bootstrap>", line 488, in _call_with_frames_removed
  File "/opt/airflow/dags/raw_from_s3_to_pg.py", line 26, in <module>
    PASSWORD = Variable.get("pg_password")
               ^^^^^^^^^^^^^^^^^^^^^^^^^^^
  File "/home/airflow/.local/lib/python3.12/site-packages/airflow/models/variable.py", line 145, in get
    raise KeyError(f"Variable {key} does not exist")
KeyError: 'Variable pg_password does not exist'
[2026-07-24T18:41:35.255+0000] {processor.py:927} WARNING - No viable dags retrieved from /opt/airflow/dags/raw_from_s3_to_pg.py
[2026-07-24T18:41:35.261+0000] {processor.py:208} INFO - Processing /opt/airflow/dags/raw_from_s3_to_pg.py took 0.048 seconds
[2026-07-24T18:42:05.447+0000] {processor.py:186} INFO - Started process (PID=21972) to work on /opt/airflow/dags/raw_from_s3_to_pg.py
[2026-07-24T18:42:05.450+0000] {processor.py:914} INFO - Processing file /opt/airflow/dags/raw_from_s3_to_pg.py for tasks to queue
[2026-07-24T18:42:05.452+0000] {logging_mixin.py:190} INFO - [2026-07-24T18:42:05.451+0000] {dagbag.py:588} INFO - Filling up the DagBag from /opt/airflow/dags/raw_from_s3_to_pg.py
[2026-07-24T18:42:05.493+0000] {logging_mixin.py:190} INFO - [2026-07-24T18:42:05.492+0000] {dagbag.py:387} ERROR - Failed to import: /opt/airflow/dags/raw_from_s3_to_pg.py
Traceback (most recent call last):
  File "/home/airflow/.local/lib/python3.12/site-packages/airflow/models/dagbag.py", line 383, in parse
    loader.exec_module(new_module)
  File "<frozen importlib._bootstrap_external>", line 999, in exec_module
  File "<frozen importlib._bootstrap>", line 488, in _call_with_frames_removed
  File "/opt/airflow/dags/raw_from_s3_to_pg.py", line 26, in <module>
    PASSWORD = Variable.get("pg_password")
               ^^^^^^^^^^^^^^^^^^^^^^^^^^^
  File "/home/airflow/.local/lib/python3.12/site-packages/airflow/models/variable.py", line 145, in get
    raise KeyError(f"Variable {key} does not exist")
KeyError: 'Variable pg_password does not exist'
[2026-07-24T18:42:05.494+0000] {processor.py:927} WARNING - No viable dags retrieved from /opt/airflow/dags/raw_from_s3_to_pg.py
[2026-07-24T18:42:05.500+0000] {processor.py:208} INFO - Processing /opt/airflow/dags/raw_from_s3_to_pg.py took 0.058 seconds
[2026-07-24T18:42:35.683+0000] {processor.py:186} INFO - Started process (PID=22010) to work on /opt/airflow/dags/raw_from_s3_to_pg.py
[2026-07-24T18:42:35.684+0000] {processor.py:914} INFO - Processing file /opt/airflow/dags/raw_from_s3_to_pg.py for tasks to queue
[2026-07-24T18:42:35.685+0000] {logging_mixin.py:190} INFO - [2026-07-24T18:42:35.685+0000] {dagbag.py:588} INFO - Filling up the DagBag from /opt/airflow/dags/raw_from_s3_to_pg.py
[2026-07-24T18:42:35.720+0000] {logging_mixin.py:190} INFO - [2026-07-24T18:42:35.719+0000] {dagbag.py:387} ERROR - Failed to import: /opt/airflow/dags/raw_from_s3_to_pg.py
Traceback (most recent call last):
  File "/home/airflow/.local/lib/python3.12/site-packages/airflow/models/dagbag.py", line 383, in parse
    loader.exec_module(new_module)
  File "<frozen importlib._bootstrap_external>", line 999, in exec_module
  File "<frozen importlib._bootstrap>", line 488, in _call_with_frames_removed
  File "/opt/airflow/dags/raw_from_s3_to_pg.py", line 26, in <module>
    PASSWORD = Variable.get("pg_password")
               ^^^^^^^^^^^^^^^^^^^^^^^^^^^
  File "/home/airflow/.local/lib/python3.12/site-packages/airflow/models/variable.py", line 145, in get
    raise KeyError(f"Variable {key} does not exist")
KeyError: 'Variable pg_password does not exist'
[2026-07-24T18:42:35.720+0000] {processor.py:927} WARNING - No viable dags retrieved from /opt/airflow/dags/raw_from_s3_to_pg.py
[2026-07-24T18:42:35.725+0000] {processor.py:208} INFO - Processing /opt/airflow/dags/raw_from_s3_to_pg.py took 0.047 seconds
[2026-07-24T18:43:05.908+0000] {processor.py:186} INFO - Started process (PID=22048) to work on /opt/airflow/dags/raw_from_s3_to_pg.py
[2026-07-24T18:43:05.911+0000] {processor.py:914} INFO - Processing file /opt/airflow/dags/raw_from_s3_to_pg.py for tasks to queue
[2026-07-24T18:43:05.913+0000] {logging_mixin.py:190} INFO - [2026-07-24T18:43:05.912+0000] {dagbag.py:588} INFO - Filling up the DagBag from /opt/airflow/dags/raw_from_s3_to_pg.py
[2026-07-24T18:43:05.944+0000] {logging_mixin.py:190} INFO - [2026-07-24T18:43:05.944+0000] {dagbag.py:387} ERROR - Failed to import: /opt/airflow/dags/raw_from_s3_to_pg.py
Traceback (most recent call last):
  File "/home/airflow/.local/lib/python3.12/site-packages/airflow/models/dagbag.py", line 383, in parse
    loader.exec_module(new_module)
  File "<frozen importlib._bootstrap_external>", line 999, in exec_module
  File "<frozen importlib._bootstrap>", line 488, in _call_with_frames_removed
  File "/opt/airflow/dags/raw_from_s3_to_pg.py", line 26, in <module>
    PASSWORD = Variable.get("pg_password")
               ^^^^^^^^^^^^^^^^^^^^^^^^^^^
  File "/home/airflow/.local/lib/python3.12/site-packages/airflow/models/variable.py", line 145, in get
    raise KeyError(f"Variable {key} does not exist")
KeyError: 'Variable pg_password does not exist'
[2026-07-24T18:43:05.945+0000] {processor.py:927} WARNING - No viable dags retrieved from /opt/airflow/dags/raw_from_s3_to_pg.py
[2026-07-24T18:43:05.951+0000] {processor.py:208} INFO - Processing /opt/airflow/dags/raw_from_s3_to_pg.py took 0.047 seconds
[2026-07-24T18:43:36.142+0000] {processor.py:186} INFO - Started process (PID=22086) to work on /opt/airflow/dags/raw_from_s3_to_pg.py
[2026-07-24T18:43:36.142+0000] {processor.py:914} INFO - Processing file /opt/airflow/dags/raw_from_s3_to_pg.py for tasks to queue
[2026-07-24T18:43:36.143+0000] {logging_mixin.py:190} INFO - [2026-07-24T18:43:36.143+0000] {dagbag.py:588} INFO - Filling up the DagBag from /opt/airflow/dags/raw_from_s3_to_pg.py
[2026-07-24T18:43:36.181+0000] {logging_mixin.py:190} INFO - [2026-07-24T18:43:36.180+0000] {dagbag.py:387} ERROR - Failed to import: /opt/airflow/dags/raw_from_s3_to_pg.py
Traceback (most recent call last):
  File "/home/airflow/.local/lib/python3.12/site-packages/airflow/models/dagbag.py", line 383, in parse
    loader.exec_module(new_module)
  File "<frozen importlib._bootstrap_external>", line 999, in exec_module
  File "<frozen importlib._bootstrap>", line 488, in _call_with_frames_removed
  File "/opt/airflow/dags/raw_from_s3_to_pg.py", line 26, in <module>
    PASSWORD = Variable.get("pg_password")
               ^^^^^^^^^^^^^^^^^^^^^^^^^^^
  File "/home/airflow/.local/lib/python3.12/site-packages/airflow/models/variable.py", line 145, in get
    raise KeyError(f"Variable {key} does not exist")
KeyError: 'Variable pg_password does not exist'
[2026-07-24T18:43:36.181+0000] {processor.py:927} WARNING - No viable dags retrieved from /opt/airflow/dags/raw_from_s3_to_pg.py
[2026-07-24T18:43:36.186+0000] {processor.py:208} INFO - Processing /opt/airflow/dags/raw_from_s3_to_pg.py took 0.049 seconds
[2026-07-24T18:44:06.392+0000] {processor.py:186} INFO - Started process (PID=22124) to work on /opt/airflow/dags/raw_from_s3_to_pg.py
[2026-07-24T18:44:06.396+0000] {processor.py:914} INFO - Processing file /opt/airflow/dags/raw_from_s3_to_pg.py for tasks to queue
[2026-07-24T18:44:06.397+0000] {logging_mixin.py:190} INFO - [2026-07-24T18:44:06.397+0000] {dagbag.py:588} INFO - Filling up the DagBag from /opt/airflow/dags/raw_from_s3_to_pg.py
[2026-07-24T18:44:06.432+0000] {logging_mixin.py:190} INFO - [2026-07-24T18:44:06.431+0000] {dagbag.py:387} ERROR - Failed to import: /opt/airflow/dags/raw_from_s3_to_pg.py
Traceback (most recent call last):
  File "/home/airflow/.local/lib/python3.12/site-packages/airflow/models/dagbag.py", line 383, in parse
    loader.exec_module(new_module)
  File "<frozen importlib._bootstrap_external>", line 999, in exec_module
  File "<frozen importlib._bootstrap>", line 488, in _call_with_frames_removed
  File "/opt/airflow/dags/raw_from_s3_to_pg.py", line 26, in <module>
    PASSWORD = Variable.get("pg_password")
               ^^^^^^^^^^^^^^^^^^^^^^^^^^^
  File "/home/airflow/.local/lib/python3.12/site-packages/airflow/models/variable.py", line 145, in get
    raise KeyError(f"Variable {key} does not exist")
KeyError: 'Variable pg_password does not exist'
[2026-07-24T18:44:06.432+0000] {processor.py:927} WARNING - No viable dags retrieved from /opt/airflow/dags/raw_from_s3_to_pg.py
[2026-07-24T18:44:06.437+0000] {processor.py:208} INFO - Processing /opt/airflow/dags/raw_from_s3_to_pg.py took 0.051 seconds
[2026-07-24T18:44:36.633+0000] {processor.py:186} INFO - Started process (PID=22162) to work on /opt/airflow/dags/raw_from_s3_to_pg.py
[2026-07-24T18:44:36.633+0000] {processor.py:914} INFO - Processing file /opt/airflow/dags/raw_from_s3_to_pg.py for tasks to queue
[2026-07-24T18:44:36.635+0000] {logging_mixin.py:190} INFO - [2026-07-24T18:44:36.634+0000] {dagbag.py:588} INFO - Filling up the DagBag from /opt/airflow/dags/raw_from_s3_to_pg.py
[2026-07-24T18:44:36.670+0000] {logging_mixin.py:190} INFO - [2026-07-24T18:44:36.670+0000] {dagbag.py:387} ERROR - Failed to import: /opt/airflow/dags/raw_from_s3_to_pg.py
Traceback (most recent call last):
  File "/home/airflow/.local/lib/python3.12/site-packages/airflow/models/dagbag.py", line 383, in parse
    loader.exec_module(new_module)
  File "<frozen importlib._bootstrap_external>", line 999, in exec_module
  File "<frozen importlib._bootstrap>", line 488, in _call_with_frames_removed
  File "/opt/airflow/dags/raw_from_s3_to_pg.py", line 26, in <module>
    PASSWORD = Variable.get("pg_password")
               ^^^^^^^^^^^^^^^^^^^^^^^^^^^
  File "/home/airflow/.local/lib/python3.12/site-packages/airflow/models/variable.py", line 145, in get
    raise KeyError(f"Variable {key} does not exist")
KeyError: 'Variable pg_password does not exist'
[2026-07-24T18:44:36.671+0000] {processor.py:927} WARNING - No viable dags retrieved from /opt/airflow/dags/raw_from_s3_to_pg.py
[2026-07-24T18:44:36.676+0000] {processor.py:208} INFO - Processing /opt/airflow/dags/raw_from_s3_to_pg.py took 0.049 seconds
[2026-07-24T18:45:06.881+0000] {processor.py:186} INFO - Started process (PID=22200) to work on /opt/airflow/dags/raw_from_s3_to_pg.py
[2026-07-24T18:45:06.884+0000] {processor.py:914} INFO - Processing file /opt/airflow/dags/raw_from_s3_to_pg.py for tasks to queue
[2026-07-24T18:45:06.886+0000] {logging_mixin.py:190} INFO - [2026-07-24T18:45:06.886+0000] {dagbag.py:588} INFO - Filling up the DagBag from /opt/airflow/dags/raw_from_s3_to_pg.py
[2026-07-24T18:45:06.923+0000] {logging_mixin.py:190} INFO - [2026-07-24T18:45:06.922+0000] {dagbag.py:387} ERROR - Failed to import: /opt/airflow/dags/raw_from_s3_to_pg.py
Traceback (most recent call last):
  File "/home/airflow/.local/lib/python3.12/site-packages/airflow/models/dagbag.py", line 383, in parse
    loader.exec_module(new_module)
  File "<frozen importlib._bootstrap_external>", line 999, in exec_module
  File "<frozen importlib._bootstrap>", line 488, in _call_with_frames_removed
  File "/opt/airflow/dags/raw_from_s3_to_pg.py", line 26, in <module>
    PASSWORD = Variable.get("pg_password")
               ^^^^^^^^^^^^^^^^^^^^^^^^^^^
  File "/home/airflow/.local/lib/python3.12/site-packages/airflow/models/variable.py", line 145, in get
    raise KeyError(f"Variable {key} does not exist")
KeyError: 'Variable pg_password does not exist'
[2026-07-24T18:45:06.924+0000] {processor.py:927} WARNING - No viable dags retrieved from /opt/airflow/dags/raw_from_s3_to_pg.py
[2026-07-24T18:45:06.931+0000] {processor.py:208} INFO - Processing /opt/airflow/dags/raw_from_s3_to_pg.py took 0.055 seconds
[2026-07-24T18:45:37.114+0000] {processor.py:186} INFO - Started process (PID=22238) to work on /opt/airflow/dags/raw_from_s3_to_pg.py
[2026-07-24T18:45:37.115+0000] {processor.py:914} INFO - Processing file /opt/airflow/dags/raw_from_s3_to_pg.py for tasks to queue
[2026-07-24T18:45:37.116+0000] {logging_mixin.py:190} INFO - [2026-07-24T18:45:37.116+0000] {dagbag.py:588} INFO - Filling up the DagBag from /opt/airflow/dags/raw_from_s3_to_pg.py
[2026-07-24T18:45:37.147+0000] {logging_mixin.py:190} INFO - [2026-07-24T18:45:37.147+0000] {dagbag.py:387} ERROR - Failed to import: /opt/airflow/dags/raw_from_s3_to_pg.py
Traceback (most recent call last):
  File "/home/airflow/.local/lib/python3.12/site-packages/airflow/models/dagbag.py", line 383, in parse
    loader.exec_module(new_module)
  File "<frozen importlib._bootstrap_external>", line 999, in exec_module
  File "<frozen importlib._bootstrap>", line 488, in _call_with_frames_removed
  File "/opt/airflow/dags/raw_from_s3_to_pg.py", line 26, in <module>
    PASSWORD = Variable.get("pg_password")
               ^^^^^^^^^^^^^^^^^^^^^^^^^^^
  File "/home/airflow/.local/lib/python3.12/site-packages/airflow/models/variable.py", line 145, in get
    raise KeyError(f"Variable {key} does not exist")
KeyError: 'Variable pg_password does not exist'
[2026-07-24T18:45:37.148+0000] {processor.py:927} WARNING - No viable dags retrieved from /opt/airflow/dags/raw_from_s3_to_pg.py
[2026-07-24T18:45:37.153+0000] {processor.py:208} INFO - Processing /opt/airflow/dags/raw_from_s3_to_pg.py took 0.042 seconds
[2026-07-24T18:46:07.342+0000] {processor.py:186} INFO - Started process (PID=22276) to work on /opt/airflow/dags/raw_from_s3_to_pg.py
[2026-07-24T18:46:07.346+0000] {processor.py:914} INFO - Processing file /opt/airflow/dags/raw_from_s3_to_pg.py for tasks to queue
[2026-07-24T18:46:07.347+0000] {logging_mixin.py:190} INFO - [2026-07-24T18:46:07.347+0000] {dagbag.py:588} INFO - Filling up the DagBag from /opt/airflow/dags/raw_from_s3_to_pg.py
[2026-07-24T18:46:07.380+0000] {logging_mixin.py:190} INFO - [2026-07-24T18:46:07.380+0000] {dagbag.py:387} ERROR - Failed to import: /opt/airflow/dags/raw_from_s3_to_pg.py
Traceback (most recent call last):
  File "/home/airflow/.local/lib/python3.12/site-packages/airflow/models/dagbag.py", line 383, in parse
    loader.exec_module(new_module)
  File "<frozen importlib._bootstrap_external>", line 999, in exec_module
  File "<frozen importlib._bootstrap>", line 488, in _call_with_frames_removed
  File "/opt/airflow/dags/raw_from_s3_to_pg.py", line 26, in <module>
    PASSWORD = Variable.get("pg_password")
               ^^^^^^^^^^^^^^^^^^^^^^^^^^^
  File "/home/airflow/.local/lib/python3.12/site-packages/airflow/models/variable.py", line 145, in get
    raise KeyError(f"Variable {key} does not exist")
KeyError: 'Variable pg_password does not exist'
[2026-07-24T18:46:07.381+0000] {processor.py:927} WARNING - No viable dags retrieved from /opt/airflow/dags/raw_from_s3_to_pg.py
[2026-07-24T18:46:07.387+0000] {processor.py:208} INFO - Processing /opt/airflow/dags/raw_from_s3_to_pg.py took 0.050 seconds
[2026-07-24T18:46:37.576+0000] {processor.py:186} INFO - Started process (PID=22314) to work on /opt/airflow/dags/raw_from_s3_to_pg.py
[2026-07-24T18:46:37.577+0000] {processor.py:914} INFO - Processing file /opt/airflow/dags/raw_from_s3_to_pg.py for tasks to queue
[2026-07-24T18:46:37.578+0000] {logging_mixin.py:190} INFO - [2026-07-24T18:46:37.578+0000] {dagbag.py:588} INFO - Filling up the DagBag from /opt/airflow/dags/raw_from_s3_to_pg.py
[2026-07-24T18:46:37.611+0000] {logging_mixin.py:190} INFO - [2026-07-24T18:46:37.610+0000] {dagbag.py:387} ERROR - Failed to import: /opt/airflow/dags/raw_from_s3_to_pg.py
Traceback (most recent call last):
  File "/home/airflow/.local/lib/python3.12/site-packages/airflow/models/dagbag.py", line 383, in parse
    loader.exec_module(new_module)
  File "<frozen importlib._bootstrap_external>", line 999, in exec_module
  File "<frozen importlib._bootstrap>", line 488, in _call_with_frames_removed
  File "/opt/airflow/dags/raw_from_s3_to_pg.py", line 26, in <module>
    PASSWORD = Variable.get("pg_password")
               ^^^^^^^^^^^^^^^^^^^^^^^^^^^
  File "/home/airflow/.local/lib/python3.12/site-packages/airflow/models/variable.py", line 145, in get
    raise KeyError(f"Variable {key} does not exist")
KeyError: 'Variable pg_password does not exist'
[2026-07-24T18:46:37.611+0000] {processor.py:927} WARNING - No viable dags retrieved from /opt/airflow/dags/raw_from_s3_to_pg.py
[2026-07-24T18:46:37.616+0000] {processor.py:208} INFO - Processing /opt/airflow/dags/raw_from_s3_to_pg.py took 0.045 seconds
[2026-07-24T18:47:07.814+0000] {processor.py:186} INFO - Started process (PID=22352) to work on /opt/airflow/dags/raw_from_s3_to_pg.py
[2026-07-24T18:47:07.817+0000] {processor.py:914} INFO - Processing file /opt/airflow/dags/raw_from_s3_to_pg.py for tasks to queue
[2026-07-24T18:47:07.819+0000] {logging_mixin.py:190} INFO - [2026-07-24T18:47:07.819+0000] {dagbag.py:588} INFO - Filling up the DagBag from /opt/airflow/dags/raw_from_s3_to_pg.py
[2026-07-24T18:47:07.857+0000] {logging_mixin.py:190} INFO - [2026-07-24T18:47:07.856+0000] {dagbag.py:387} ERROR - Failed to import: /opt/airflow/dags/raw_from_s3_to_pg.py
Traceback (most recent call last):
  File "/home/airflow/.local/lib/python3.12/site-packages/airflow/models/dagbag.py", line 383, in parse
    loader.exec_module(new_module)
  File "<frozen importlib._bootstrap_external>", line 999, in exec_module
  File "<frozen importlib._bootstrap>", line 488, in _call_with_frames_removed
  File "/opt/airflow/dags/raw_from_s3_to_pg.py", line 26, in <module>
    PASSWORD = Variable.get("pg_password")
               ^^^^^^^^^^^^^^^^^^^^^^^^^^^
  File "/home/airflow/.local/lib/python3.12/site-packages/airflow/models/variable.py", line 145, in get
    raise KeyError(f"Variable {key} does not exist")
KeyError: 'Variable pg_password does not exist'
[2026-07-24T18:47:07.857+0000] {processor.py:927} WARNING - No viable dags retrieved from /opt/airflow/dags/raw_from_s3_to_pg.py
[2026-07-24T18:47:07.863+0000] {processor.py:208} INFO - Processing /opt/airflow/dags/raw_from_s3_to_pg.py took 0.056 seconds
[2026-07-24T18:47:38.058+0000] {processor.py:186} INFO - Started process (PID=22390) to work on /opt/airflow/dags/raw_from_s3_to_pg.py
[2026-07-24T18:47:38.058+0000] {processor.py:914} INFO - Processing file /opt/airflow/dags/raw_from_s3_to_pg.py for tasks to queue
[2026-07-24T18:47:38.059+0000] {logging_mixin.py:190} INFO - [2026-07-24T18:47:38.059+0000] {dagbag.py:588} INFO - Filling up the DagBag from /opt/airflow/dags/raw_from_s3_to_pg.py
[2026-07-24T18:47:38.093+0000] {logging_mixin.py:190} INFO - [2026-07-24T18:47:38.093+0000] {dagbag.py:387} ERROR - Failed to import: /opt/airflow/dags/raw_from_s3_to_pg.py
Traceback (most recent call last):
  File "/home/airflow/.local/lib/python3.12/site-packages/airflow/models/dagbag.py", line 383, in parse
    loader.exec_module(new_module)
  File "<frozen importlib._bootstrap_external>", line 999, in exec_module
  File "<frozen importlib._bootstrap>", line 488, in _call_with_frames_removed
  File "/opt/airflow/dags/raw_from_s3_to_pg.py", line 26, in <module>
    PASSWORD = Variable.get("pg_password")
               ^^^^^^^^^^^^^^^^^^^^^^^^^^^
  File "/home/airflow/.local/lib/python3.12/site-packages/airflow/models/variable.py", line 145, in get
    raise KeyError(f"Variable {key} does not exist")
KeyError: 'Variable pg_password does not exist'
[2026-07-24T18:47:38.094+0000] {processor.py:927} WARNING - No viable dags retrieved from /opt/airflow/dags/raw_from_s3_to_pg.py
[2026-07-24T18:47:38.099+0000] {processor.py:208} INFO - Processing /opt/airflow/dags/raw_from_s3_to_pg.py took 0.044 seconds
[2026-07-24T18:48:08.275+0000] {processor.py:186} INFO - Started process (PID=22428) to work on /opt/airflow/dags/raw_from_s3_to_pg.py
[2026-07-24T18:48:08.278+0000] {processor.py:914} INFO - Processing file /opt/airflow/dags/raw_from_s3_to_pg.py for tasks to queue
[2026-07-24T18:48:08.280+0000] {logging_mixin.py:190} INFO - [2026-07-24T18:48:08.279+0000] {dagbag.py:588} INFO - Filling up the DagBag from /opt/airflow/dags/raw_from_s3_to_pg.py
[2026-07-24T18:48:08.317+0000] {logging_mixin.py:190} INFO - [2026-07-24T18:48:08.316+0000] {dagbag.py:387} ERROR - Failed to import: /opt/airflow/dags/raw_from_s3_to_pg.py
Traceback (most recent call last):
  File "/home/airflow/.local/lib/python3.12/site-packages/airflow/models/dagbag.py", line 383, in parse
    loader.exec_module(new_module)
  File "<frozen importlib._bootstrap_external>", line 999, in exec_module
  File "<frozen importlib._bootstrap>", line 488, in _call_with_frames_removed
  File "/opt/airflow/dags/raw_from_s3_to_pg.py", line 26, in <module>
    PASSWORD = Variable.get("pg_password")
               ^^^^^^^^^^^^^^^^^^^^^^^^^^^
  File "/home/airflow/.local/lib/python3.12/site-packages/airflow/models/variable.py", line 145, in get
    raise KeyError(f"Variable {key} does not exist")
KeyError: 'Variable pg_password does not exist'
[2026-07-24T18:48:08.317+0000] {processor.py:927} WARNING - No viable dags retrieved from /opt/airflow/dags/raw_from_s3_to_pg.py
[2026-07-24T18:48:08.323+0000] {processor.py:208} INFO - Processing /opt/airflow/dags/raw_from_s3_to_pg.py took 0.053 seconds
[2026-07-24T18:48:38.499+0000] {processor.py:186} INFO - Started process (PID=22466) to work on /opt/airflow/dags/raw_from_s3_to_pg.py
[2026-07-24T18:48:38.500+0000] {processor.py:914} INFO - Processing file /opt/airflow/dags/raw_from_s3_to_pg.py for tasks to queue
[2026-07-24T18:48:38.501+0000] {logging_mixin.py:190} INFO - [2026-07-24T18:48:38.501+0000] {dagbag.py:588} INFO - Filling up the DagBag from /opt/airflow/dags/raw_from_s3_to_pg.py
[2026-07-24T18:48:38.539+0000] {logging_mixin.py:190} INFO - [2026-07-24T18:48:38.538+0000] {dagbag.py:387} ERROR - Failed to import: /opt/airflow/dags/raw_from_s3_to_pg.py
Traceback (most recent call last):
  File "/home/airflow/.local/lib/python3.12/site-packages/airflow/models/dagbag.py", line 383, in parse
    loader.exec_module(new_module)
  File "<frozen importlib._bootstrap_external>", line 999, in exec_module
  File "<frozen importlib._bootstrap>", line 488, in _call_with_frames_removed
  File "/opt/airflow/dags/raw_from_s3_to_pg.py", line 26, in <module>
    PASSWORD = Variable.get("pg_password")
               ^^^^^^^^^^^^^^^^^^^^^^^^^^^
  File "/home/airflow/.local/lib/python3.12/site-packages/airflow/models/variable.py", line 145, in get
    raise KeyError(f"Variable {key} does not exist")
KeyError: 'Variable pg_password does not exist'
[2026-07-24T18:48:38.540+0000] {processor.py:927} WARNING - No viable dags retrieved from /opt/airflow/dags/raw_from_s3_to_pg.py
[2026-07-24T18:48:38.546+0000] {processor.py:208} INFO - Processing /opt/airflow/dags/raw_from_s3_to_pg.py took 0.051 seconds
[2026-07-24T18:49:08.730+0000] {processor.py:186} INFO - Started process (PID=22504) to work on /opt/airflow/dags/raw_from_s3_to_pg.py
[2026-07-24T18:49:08.733+0000] {processor.py:914} INFO - Processing file /opt/airflow/dags/raw_from_s3_to_pg.py for tasks to queue
[2026-07-24T18:49:08.735+0000] {logging_mixin.py:190} INFO - [2026-07-24T18:49:08.734+0000] {dagbag.py:588} INFO - Filling up the DagBag from /opt/airflow/dags/raw_from_s3_to_pg.py
[2026-07-24T18:49:08.771+0000] {logging_mixin.py:190} INFO - [2026-07-24T18:49:08.770+0000] {dagbag.py:387} ERROR - Failed to import: /opt/airflow/dags/raw_from_s3_to_pg.py
Traceback (most recent call last):
  File "/home/airflow/.local/lib/python3.12/site-packages/airflow/models/dagbag.py", line 383, in parse
    loader.exec_module(new_module)
  File "<frozen importlib._bootstrap_external>", line 999, in exec_module
  File "<frozen importlib._bootstrap>", line 488, in _call_with_frames_removed
  File "/opt/airflow/dags/raw_from_s3_to_pg.py", line 26, in <module>
    PASSWORD = Variable.get("pg_password")
               ^^^^^^^^^^^^^^^^^^^^^^^^^^^
  File "/home/airflow/.local/lib/python3.12/site-packages/airflow/models/variable.py", line 145, in get
    raise KeyError(f"Variable {key} does not exist")
KeyError: 'Variable pg_password does not exist'
[2026-07-24T18:49:08.771+0000] {processor.py:927} WARNING - No viable dags retrieved from /opt/airflow/dags/raw_from_s3_to_pg.py
[2026-07-24T18:49:08.778+0000] {processor.py:208} INFO - Processing /opt/airflow/dags/raw_from_s3_to_pg.py took 0.050 seconds
[2026-07-24T18:49:38.947+0000] {processor.py:186} INFO - Started process (PID=22542) to work on /opt/airflow/dags/raw_from_s3_to_pg.py
[2026-07-24T18:49:38.949+0000] {processor.py:914} INFO - Processing file /opt/airflow/dags/raw_from_s3_to_pg.py for tasks to queue
[2026-07-24T18:49:38.950+0000] {logging_mixin.py:190} INFO - [2026-07-24T18:49:38.950+0000] {dagbag.py:588} INFO - Filling up the DagBag from /opt/airflow/dags/raw_from_s3_to_pg.py
[2026-07-24T18:49:38.986+0000] {logging_mixin.py:190} INFO - [2026-07-24T18:49:38.985+0000] {dagbag.py:387} ERROR - Failed to import: /opt/airflow/dags/raw_from_s3_to_pg.py
Traceback (most recent call last):
  File "/home/airflow/.local/lib/python3.12/site-packages/airflow/models/dagbag.py", line 383, in parse
    loader.exec_module(new_module)
  File "<frozen importlib._bootstrap_external>", line 999, in exec_module
  File "<frozen importlib._bootstrap>", line 488, in _call_with_frames_removed
  File "/opt/airflow/dags/raw_from_s3_to_pg.py", line 26, in <module>
    PASSWORD = Variable.get("pg_password")
               ^^^^^^^^^^^^^^^^^^^^^^^^^^^
  File "/home/airflow/.local/lib/python3.12/site-packages/airflow/models/variable.py", line 145, in get
    raise KeyError(f"Variable {key} does not exist")
KeyError: 'Variable pg_password does not exist'
[2026-07-24T18:49:38.986+0000] {processor.py:927} WARNING - No viable dags retrieved from /opt/airflow/dags/raw_from_s3_to_pg.py
[2026-07-24T18:49:38.992+0000] {processor.py:208} INFO - Processing /opt/airflow/dags/raw_from_s3_to_pg.py took 0.050 seconds
[2026-07-24T18:50:09.146+0000] {processor.py:186} INFO - Started process (PID=22580) to work on /opt/airflow/dags/raw_from_s3_to_pg.py
[2026-07-24T18:50:09.147+0000] {processor.py:914} INFO - Processing file /opt/airflow/dags/raw_from_s3_to_pg.py for tasks to queue
[2026-07-24T18:50:09.148+0000] {logging_mixin.py:190} INFO - [2026-07-24T18:50:09.148+0000] {dagbag.py:588} INFO - Filling up the DagBag from /opt/airflow/dags/raw_from_s3_to_pg.py
[2026-07-24T18:50:09.184+0000] {logging_mixin.py:190} INFO - [2026-07-24T18:50:09.183+0000] {dagbag.py:387} ERROR - Failed to import: /opt/airflow/dags/raw_from_s3_to_pg.py
Traceback (most recent call last):
  File "/home/airflow/.local/lib/python3.12/site-packages/airflow/models/dagbag.py", line 383, in parse
    loader.exec_module(new_module)
  File "<frozen importlib._bootstrap_external>", line 999, in exec_module
  File "<frozen importlib._bootstrap>", line 488, in _call_with_frames_removed
  File "/opt/airflow/dags/raw_from_s3_to_pg.py", line 26, in <module>
    PASSWORD = Variable.get("pg_password")
               ^^^^^^^^^^^^^^^^^^^^^^^^^^^
  File "/home/airflow/.local/lib/python3.12/site-packages/airflow/models/variable.py", line 145, in get
    raise KeyError(f"Variable {key} does not exist")
KeyError: 'Variable pg_password does not exist'
[2026-07-24T18:50:09.185+0000] {processor.py:927} WARNING - No viable dags retrieved from /opt/airflow/dags/raw_from_s3_to_pg.py
[2026-07-24T18:50:09.192+0000] {processor.py:208} INFO - Processing /opt/airflow/dags/raw_from_s3_to_pg.py took 0.050 seconds
[2026-07-24T18:50:39.384+0000] {processor.py:186} INFO - Started process (PID=22618) to work on /opt/airflow/dags/raw_from_s3_to_pg.py
[2026-07-24T18:50:39.387+0000] {processor.py:914} INFO - Processing file /opt/airflow/dags/raw_from_s3_to_pg.py for tasks to queue
[2026-07-24T18:50:39.388+0000] {logging_mixin.py:190} INFO - [2026-07-24T18:50:39.388+0000] {dagbag.py:588} INFO - Filling up the DagBag from /opt/airflow/dags/raw_from_s3_to_pg.py
[2026-07-24T18:50:39.424+0000] {logging_mixin.py:190} INFO - [2026-07-24T18:50:39.423+0000] {dagbag.py:387} ERROR - Failed to import: /opt/airflow/dags/raw_from_s3_to_pg.py
Traceback (most recent call last):
  File "/home/airflow/.local/lib/python3.12/site-packages/airflow/models/dagbag.py", line 383, in parse
    loader.exec_module(new_module)
  File "<frozen importlib._bootstrap_external>", line 999, in exec_module
  File "<frozen importlib._bootstrap>", line 488, in _call_with_frames_removed
  File "/opt/airflow/dags/raw_from_s3_to_pg.py", line 26, in <module>
    PASSWORD = Variable.get("pg_password")
               ^^^^^^^^^^^^^^^^^^^^^^^^^^^
  File "/home/airflow/.local/lib/python3.12/site-packages/airflow/models/variable.py", line 145, in get
    raise KeyError(f"Variable {key} does not exist")
KeyError: 'Variable pg_password does not exist'
[2026-07-24T18:50:39.425+0000] {processor.py:927} WARNING - No viable dags retrieved from /opt/airflow/dags/raw_from_s3_to_pg.py
[2026-07-24T18:50:39.432+0000] {processor.py:208} INFO - Processing /opt/airflow/dags/raw_from_s3_to_pg.py took 0.053 seconds
[2026-07-24T18:51:09.605+0000] {processor.py:186} INFO - Started process (PID=22656) to work on /opt/airflow/dags/raw_from_s3_to_pg.py
[2026-07-24T18:51:09.605+0000] {processor.py:914} INFO - Processing file /opt/airflow/dags/raw_from_s3_to_pg.py for tasks to queue
[2026-07-24T18:51:09.607+0000] {logging_mixin.py:190} INFO - [2026-07-24T18:51:09.607+0000] {dagbag.py:588} INFO - Filling up the DagBag from /opt/airflow/dags/raw_from_s3_to_pg.py
[2026-07-24T18:51:09.644+0000] {logging_mixin.py:190} INFO - [2026-07-24T18:51:09.643+0000] {dagbag.py:387} ERROR - Failed to import: /opt/airflow/dags/raw_from_s3_to_pg.py
Traceback (most recent call last):
  File "/home/airflow/.local/lib/python3.12/site-packages/airflow/models/dagbag.py", line 383, in parse
    loader.exec_module(new_module)
  File "<frozen importlib._bootstrap_external>", line 999, in exec_module
  File "<frozen importlib._bootstrap>", line 488, in _call_with_frames_removed
  File "/opt/airflow/dags/raw_from_s3_to_pg.py", line 26, in <module>
    PASSWORD = Variable.get("pg_password")
               ^^^^^^^^^^^^^^^^^^^^^^^^^^^
  File "/home/airflow/.local/lib/python3.12/site-packages/airflow/models/variable.py", line 145, in get
    raise KeyError(f"Variable {key} does not exist")
KeyError: 'Variable pg_password does not exist'
[2026-07-24T18:51:09.644+0000] {processor.py:927} WARNING - No viable dags retrieved from /opt/airflow/dags/raw_from_s3_to_pg.py
[2026-07-24T18:51:09.651+0000] {processor.py:208} INFO - Processing /opt/airflow/dags/raw_from_s3_to_pg.py took 0.051 seconds
[2026-07-24T18:51:39.835+0000] {processor.py:186} INFO - Started process (PID=22694) to work on /opt/airflow/dags/raw_from_s3_to_pg.py
[2026-07-24T18:51:39.838+0000] {processor.py:914} INFO - Processing file /opt/airflow/dags/raw_from_s3_to_pg.py for tasks to queue
[2026-07-24T18:51:39.839+0000] {logging_mixin.py:190} INFO - [2026-07-24T18:51:39.839+0000] {dagbag.py:588} INFO - Filling up the DagBag from /opt/airflow/dags/raw_from_s3_to_pg.py
[2026-07-24T18:51:39.874+0000] {logging_mixin.py:190} INFO - [2026-07-24T18:51:39.874+0000] {dagbag.py:387} ERROR - Failed to import: /opt/airflow/dags/raw_from_s3_to_pg.py
Traceback (most recent call last):
  File "/home/airflow/.local/lib/python3.12/site-packages/airflow/models/dagbag.py", line 383, in parse
    loader.exec_module(new_module)
  File "<frozen importlib._bootstrap_external>", line 999, in exec_module
  File "<frozen importlib._bootstrap>", line 488, in _call_with_frames_removed
  File "/opt/airflow/dags/raw_from_s3_to_pg.py", line 26, in <module>
    PASSWORD = Variable.get("pg_password")
               ^^^^^^^^^^^^^^^^^^^^^^^^^^^
  File "/home/airflow/.local/lib/python3.12/site-packages/airflow/models/variable.py", line 145, in get
    raise KeyError(f"Variable {key} does not exist")
KeyError: 'Variable pg_password does not exist'
[2026-07-24T18:51:39.875+0000] {processor.py:927} WARNING - No viable dags retrieved from /opt/airflow/dags/raw_from_s3_to_pg.py
[2026-07-24T18:51:40.046+0000] {processor.py:208} INFO - Processing /opt/airflow/dags/raw_from_s3_to_pg.py took 0.215 seconds
[2026-07-24T18:52:10.094+0000] {processor.py:186} INFO - Started process (PID=22738) to work on /opt/airflow/dags/raw_from_s3_to_pg.py
[2026-07-24T18:52:10.095+0000] {processor.py:914} INFO - Processing file /opt/airflow/dags/raw_from_s3_to_pg.py for tasks to queue
[2026-07-24T18:52:10.097+0000] {logging_mixin.py:190} INFO - [2026-07-24T18:52:10.096+0000] {dagbag.py:588} INFO - Filling up the DagBag from /opt/airflow/dags/raw_from_s3_to_pg.py
[2026-07-24T18:52:10.134+0000] {logging_mixin.py:190} INFO - [2026-07-24T18:52:10.133+0000] {dagbag.py:387} ERROR - Failed to import: /opt/airflow/dags/raw_from_s3_to_pg.py
Traceback (most recent call last):
  File "/home/airflow/.local/lib/python3.12/site-packages/airflow/models/dagbag.py", line 383, in parse
    loader.exec_module(new_module)
  File "<frozen importlib._bootstrap_external>", line 999, in exec_module
  File "<frozen importlib._bootstrap>", line 488, in _call_with_frames_removed
  File "/opt/airflow/dags/raw_from_s3_to_pg.py", line 26, in <module>
    PASSWORD = Variable.get("pg_password")
               ^^^^^^^^^^^^^^^^^^^^^^^^^^^
  File "/home/airflow/.local/lib/python3.12/site-packages/airflow/models/variable.py", line 145, in get
    raise KeyError(f"Variable {key} does not exist")
KeyError: 'Variable pg_password does not exist'
[2026-07-24T18:52:10.134+0000] {processor.py:927} WARNING - No viable dags retrieved from /opt/airflow/dags/raw_from_s3_to_pg.py
[2026-07-24T18:52:10.140+0000] {processor.py:208} INFO - Processing /opt/airflow/dags/raw_from_s3_to_pg.py took 0.053 seconds
[2026-07-24T18:52:40.339+0000] {processor.py:186} INFO - Started process (PID=22776) to work on /opt/airflow/dags/raw_from_s3_to_pg.py
[2026-07-24T18:52:40.343+0000] {processor.py:914} INFO - Processing file /opt/airflow/dags/raw_from_s3_to_pg.py for tasks to queue
[2026-07-24T18:52:40.345+0000] {logging_mixin.py:190} INFO - [2026-07-24T18:52:40.344+0000] {dagbag.py:588} INFO - Filling up the DagBag from /opt/airflow/dags/raw_from_s3_to_pg.py
[2026-07-24T18:52:40.384+0000] {logging_mixin.py:190} INFO - [2026-07-24T18:52:40.383+0000] {dagbag.py:387} ERROR - Failed to import: /opt/airflow/dags/raw_from_s3_to_pg.py
Traceback (most recent call last):
  File "/home/airflow/.local/lib/python3.12/site-packages/airflow/models/dagbag.py", line 383, in parse
    loader.exec_module(new_module)
  File "<frozen importlib._bootstrap_external>", line 999, in exec_module
  File "<frozen importlib._bootstrap>", line 488, in _call_with_frames_removed
  File "/opt/airflow/dags/raw_from_s3_to_pg.py", line 26, in <module>
    PASSWORD = Variable.get("pg_password")
               ^^^^^^^^^^^^^^^^^^^^^^^^^^^
  File "/home/airflow/.local/lib/python3.12/site-packages/airflow/models/variable.py", line 145, in get
    raise KeyError(f"Variable {key} does not exist")
KeyError: 'Variable pg_password does not exist'
[2026-07-24T18:52:40.384+0000] {processor.py:927} WARNING - No viable dags retrieved from /opt/airflow/dags/raw_from_s3_to_pg.py
[2026-07-24T18:52:40.390+0000] {processor.py:208} INFO - Processing /opt/airflow/dags/raw_from_s3_to_pg.py took 0.056 seconds
[2026-07-24T18:53:10.587+0000] {processor.py:186} INFO - Started process (PID=22814) to work on /opt/airflow/dags/raw_from_s3_to_pg.py
[2026-07-24T18:53:10.588+0000] {processor.py:914} INFO - Processing file /opt/airflow/dags/raw_from_s3_to_pg.py for tasks to queue
[2026-07-24T18:53:10.589+0000] {logging_mixin.py:190} INFO - [2026-07-24T18:53:10.589+0000] {dagbag.py:588} INFO - Filling up the DagBag from /opt/airflow/dags/raw_from_s3_to_pg.py
[2026-07-24T18:53:10.628+0000] {logging_mixin.py:190} INFO - [2026-07-24T18:53:10.628+0000] {dagbag.py:387} ERROR - Failed to import: /opt/airflow/dags/raw_from_s3_to_pg.py
Traceback (most recent call last):
  File "/home/airflow/.local/lib/python3.12/site-packages/airflow/models/dagbag.py", line 383, in parse
    loader.exec_module(new_module)
  File "<frozen importlib._bootstrap_external>", line 999, in exec_module
  File "<frozen importlib._bootstrap>", line 488, in _call_with_frames_removed
  File "/opt/airflow/dags/raw_from_s3_to_pg.py", line 26, in <module>
    PASSWORD = Variable.get("pg_password")
               ^^^^^^^^^^^^^^^^^^^^^^^^^^^
  File "/home/airflow/.local/lib/python3.12/site-packages/airflow/models/variable.py", line 145, in get
    raise KeyError(f"Variable {key} does not exist")
KeyError: 'Variable pg_password does not exist'
[2026-07-24T18:53:10.628+0000] {processor.py:927} WARNING - No viable dags retrieved from /opt/airflow/dags/raw_from_s3_to_pg.py
[2026-07-24T18:53:10.634+0000] {processor.py:208} INFO - Processing /opt/airflow/dags/raw_from_s3_to_pg.py took 0.053 seconds
[2026-07-24T18:53:40.834+0000] {processor.py:186} INFO - Started process (PID=22852) to work on /opt/airflow/dags/raw_from_s3_to_pg.py
[2026-07-24T18:53:40.837+0000] {processor.py:914} INFO - Processing file /opt/airflow/dags/raw_from_s3_to_pg.py for tasks to queue
[2026-07-24T18:53:40.839+0000] {logging_mixin.py:190} INFO - [2026-07-24T18:53:40.839+0000] {dagbag.py:588} INFO - Filling up the DagBag from /opt/airflow/dags/raw_from_s3_to_pg.py
[2026-07-24T18:53:40.874+0000] {logging_mixin.py:190} INFO - [2026-07-24T18:53:40.873+0000] {dagbag.py:387} ERROR - Failed to import: /opt/airflow/dags/raw_from_s3_to_pg.py
Traceback (most recent call last):
  File "/home/airflow/.local/lib/python3.12/site-packages/airflow/models/dagbag.py", line 383, in parse
    loader.exec_module(new_module)
  File "<frozen importlib._bootstrap_external>", line 999, in exec_module
  File "<frozen importlib._bootstrap>", line 488, in _call_with_frames_removed
  File "/opt/airflow/dags/raw_from_s3_to_pg.py", line 26, in <module>
    PASSWORD = Variable.get("pg_password")
               ^^^^^^^^^^^^^^^^^^^^^^^^^^^
  File "/home/airflow/.local/lib/python3.12/site-packages/airflow/models/variable.py", line 145, in get
    raise KeyError(f"Variable {key} does not exist")
KeyError: 'Variable pg_password does not exist'
[2026-07-24T18:53:40.874+0000] {processor.py:927} WARNING - No viable dags retrieved from /opt/airflow/dags/raw_from_s3_to_pg.py
[2026-07-24T18:53:40.880+0000] {processor.py:208} INFO - Processing /opt/airflow/dags/raw_from_s3_to_pg.py took 0.050 seconds
[2026-07-24T18:54:11.079+0000] {processor.py:186} INFO - Started process (PID=22891) to work on /opt/airflow/dags/raw_from_s3_to_pg.py
[2026-07-24T18:54:11.079+0000] {processor.py:914} INFO - Processing file /opt/airflow/dags/raw_from_s3_to_pg.py for tasks to queue
[2026-07-24T18:54:11.080+0000] {logging_mixin.py:190} INFO - [2026-07-24T18:54:11.080+0000] {dagbag.py:588} INFO - Filling up the DagBag from /opt/airflow/dags/raw_from_s3_to_pg.py
[2026-07-24T18:54:11.118+0000] {logging_mixin.py:190} INFO - [2026-07-24T18:54:11.117+0000] {dagbag.py:387} ERROR - Failed to import: /opt/airflow/dags/raw_from_s3_to_pg.py
Traceback (most recent call last):
  File "/home/airflow/.local/lib/python3.12/site-packages/airflow/models/dagbag.py", line 383, in parse
    loader.exec_module(new_module)
  File "<frozen importlib._bootstrap_external>", line 999, in exec_module
  File "<frozen importlib._bootstrap>", line 488, in _call_with_frames_removed
  File "/opt/airflow/dags/raw_from_s3_to_pg.py", line 26, in <module>
    PASSWORD = Variable.get("pg_password")
               ^^^^^^^^^^^^^^^^^^^^^^^^^^^
  File "/home/airflow/.local/lib/python3.12/site-packages/airflow/models/variable.py", line 145, in get
    raise KeyError(f"Variable {key} does not exist")
KeyError: 'Variable pg_password does not exist'
[2026-07-24T18:54:11.118+0000] {processor.py:927} WARNING - No viable dags retrieved from /opt/airflow/dags/raw_from_s3_to_pg.py
[2026-07-24T18:54:11.126+0000] {processor.py:208} INFO - Processing /opt/airflow/dags/raw_from_s3_to_pg.py took 0.053 seconds
[2026-07-24T18:54:41.316+0000] {processor.py:186} INFO - Started process (PID=22929) to work on /opt/airflow/dags/raw_from_s3_to_pg.py
[2026-07-24T18:54:41.319+0000] {processor.py:914} INFO - Processing file /opt/airflow/dags/raw_from_s3_to_pg.py for tasks to queue
[2026-07-24T18:54:41.320+0000] {logging_mixin.py:190} INFO - [2026-07-24T18:54:41.320+0000] {dagbag.py:588} INFO - Filling up the DagBag from /opt/airflow/dags/raw_from_s3_to_pg.py
[2026-07-24T18:54:41.355+0000] {logging_mixin.py:190} INFO - [2026-07-24T18:54:41.355+0000] {dagbag.py:387} ERROR - Failed to import: /opt/airflow/dags/raw_from_s3_to_pg.py
Traceback (most recent call last):
  File "/home/airflow/.local/lib/python3.12/site-packages/airflow/models/dagbag.py", line 383, in parse
    loader.exec_module(new_module)
  File "<frozen importlib._bootstrap_external>", line 999, in exec_module
  File "<frozen importlib._bootstrap>", line 488, in _call_with_frames_removed
  File "/opt/airflow/dags/raw_from_s3_to_pg.py", line 26, in <module>
    PASSWORD = Variable.get("pg_password")
               ^^^^^^^^^^^^^^^^^^^^^^^^^^^
  File "/home/airflow/.local/lib/python3.12/site-packages/airflow/models/variable.py", line 145, in get
    raise KeyError(f"Variable {key} does not exist")
KeyError: 'Variable pg_password does not exist'
[2026-07-24T18:54:41.356+0000] {processor.py:927} WARNING - No viable dags retrieved from /opt/airflow/dags/raw_from_s3_to_pg.py
[2026-07-24T18:54:41.361+0000] {processor.py:208} INFO - Processing /opt/airflow/dags/raw_from_s3_to_pg.py took 0.050 seconds
[2026-07-24T18:55:11.555+0000] {processor.py:186} INFO - Started process (PID=22967) to work on /opt/airflow/dags/raw_from_s3_to_pg.py
[2026-07-24T18:55:11.555+0000] {processor.py:914} INFO - Processing file /opt/airflow/dags/raw_from_s3_to_pg.py for tasks to queue
[2026-07-24T18:55:11.556+0000] {logging_mixin.py:190} INFO - [2026-07-24T18:55:11.556+0000] {dagbag.py:588} INFO - Filling up the DagBag from /opt/airflow/dags/raw_from_s3_to_pg.py
[2026-07-24T18:55:11.593+0000] {logging_mixin.py:190} INFO - [2026-07-24T18:55:11.592+0000] {dagbag.py:387} ERROR - Failed to import: /opt/airflow/dags/raw_from_s3_to_pg.py
Traceback (most recent call last):
  File "/home/airflow/.local/lib/python3.12/site-packages/airflow/models/dagbag.py", line 383, in parse
    loader.exec_module(new_module)
  File "<frozen importlib._bootstrap_external>", line 999, in exec_module
  File "<frozen importlib._bootstrap>", line 488, in _call_with_frames_removed
  File "/opt/airflow/dags/raw_from_s3_to_pg.py", line 26, in <module>
    PASSWORD = Variable.get("pg_password")
               ^^^^^^^^^^^^^^^^^^^^^^^^^^^
  File "/home/airflow/.local/lib/python3.12/site-packages/airflow/models/variable.py", line 145, in get
    raise KeyError(f"Variable {key} does not exist")
KeyError: 'Variable pg_password does not exist'
[2026-07-24T18:55:11.593+0000] {processor.py:927} WARNING - No viable dags retrieved from /opt/airflow/dags/raw_from_s3_to_pg.py
[2026-07-24T18:55:11.599+0000] {processor.py:208} INFO - Processing /opt/airflow/dags/raw_from_s3_to_pg.py took 0.052 seconds
[2026-07-24T18:55:41.797+0000] {processor.py:186} INFO - Started process (PID=23005) to work on /opt/airflow/dags/raw_from_s3_to_pg.py
[2026-07-24T18:55:41.800+0000] {processor.py:914} INFO - Processing file /opt/airflow/dags/raw_from_s3_to_pg.py for tasks to queue
[2026-07-24T18:55:41.802+0000] {logging_mixin.py:190} INFO - [2026-07-24T18:55:41.802+0000] {dagbag.py:588} INFO - Filling up the DagBag from /opt/airflow/dags/raw_from_s3_to_pg.py
[2026-07-24T18:55:41.841+0000] {logging_mixin.py:190} INFO - [2026-07-24T18:55:41.840+0000] {dagbag.py:387} ERROR - Failed to import: /opt/airflow/dags/raw_from_s3_to_pg.py
Traceback (most recent call last):
  File "/home/airflow/.local/lib/python3.12/site-packages/airflow/models/dagbag.py", line 383, in parse
    loader.exec_module(new_module)
  File "<frozen importlib._bootstrap_external>", line 999, in exec_module
  File "<frozen importlib._bootstrap>", line 488, in _call_with_frames_removed
  File "/opt/airflow/dags/raw_from_s3_to_pg.py", line 26, in <module>
    PASSWORD = Variable.get("pg_password")
               ^^^^^^^^^^^^^^^^^^^^^^^^^^^
  File "/home/airflow/.local/lib/python3.12/site-packages/airflow/models/variable.py", line 145, in get
    raise KeyError(f"Variable {key} does not exist")
KeyError: 'Variable pg_password does not exist'
[2026-07-24T18:55:41.841+0000] {processor.py:927} WARNING - No viable dags retrieved from /opt/airflow/dags/raw_from_s3_to_pg.py
[2026-07-24T18:55:41.848+0000] {processor.py:208} INFO - Processing /opt/airflow/dags/raw_from_s3_to_pg.py took 0.056 seconds
[2026-07-24T18:56:12.055+0000] {processor.py:186} INFO - Started process (PID=23043) to work on /opt/airflow/dags/raw_from_s3_to_pg.py
[2026-07-24T18:56:12.056+0000] {processor.py:914} INFO - Processing file /opt/airflow/dags/raw_from_s3_to_pg.py for tasks to queue
[2026-07-24T18:56:12.057+0000] {logging_mixin.py:190} INFO - [2026-07-24T18:56:12.057+0000] {dagbag.py:588} INFO - Filling up the DagBag from /opt/airflow/dags/raw_from_s3_to_pg.py
[2026-07-24T18:56:12.093+0000] {logging_mixin.py:190} INFO - [2026-07-24T18:56:12.092+0000] {dagbag.py:387} ERROR - Failed to import: /opt/airflow/dags/raw_from_s3_to_pg.py
Traceback (most recent call last):
  File "/home/airflow/.local/lib/python3.12/site-packages/airflow/models/dagbag.py", line 383, in parse
    loader.exec_module(new_module)
  File "<frozen importlib._bootstrap_external>", line 999, in exec_module
  File "<frozen importlib._bootstrap>", line 488, in _call_with_frames_removed
  File "/opt/airflow/dags/raw_from_s3_to_pg.py", line 26, in <module>
    PASSWORD = Variable.get("pg_password")
               ^^^^^^^^^^^^^^^^^^^^^^^^^^^
  File "/home/airflow/.local/lib/python3.12/site-packages/airflow/models/variable.py", line 145, in get
    raise KeyError(f"Variable {key} does not exist")
KeyError: 'Variable pg_password does not exist'
[2026-07-24T18:56:12.093+0000] {processor.py:927} WARNING - No viable dags retrieved from /opt/airflow/dags/raw_from_s3_to_pg.py
[2026-07-24T18:56:12.100+0000] {processor.py:208} INFO - Processing /opt/airflow/dags/raw_from_s3_to_pg.py took 0.049 seconds
[2026-07-24T18:56:42.283+0000] {processor.py:186} INFO - Started process (PID=23081) to work on /opt/airflow/dags/raw_from_s3_to_pg.py
[2026-07-24T18:56:42.286+0000] {processor.py:914} INFO - Processing file /opt/airflow/dags/raw_from_s3_to_pg.py for tasks to queue
[2026-07-24T18:56:42.288+0000] {logging_mixin.py:190} INFO - [2026-07-24T18:56:42.288+0000] {dagbag.py:588} INFO - Filling up the DagBag from /opt/airflow/dags/raw_from_s3_to_pg.py
[2026-07-24T18:56:42.329+0000] {logging_mixin.py:190} INFO - [2026-07-24T18:56:42.328+0000] {dagbag.py:387} ERROR - Failed to import: /opt/airflow/dags/raw_from_s3_to_pg.py
Traceback (most recent call last):
  File "/home/airflow/.local/lib/python3.12/site-packages/airflow/models/dagbag.py", line 383, in parse
    loader.exec_module(new_module)
  File "<frozen importlib._bootstrap_external>", line 999, in exec_module
  File "<frozen importlib._bootstrap>", line 488, in _call_with_frames_removed
  File "/opt/airflow/dags/raw_from_s3_to_pg.py", line 26, in <module>
    PASSWORD = Variable.get("pg_password")
               ^^^^^^^^^^^^^^^^^^^^^^^^^^^
  File "/home/airflow/.local/lib/python3.12/site-packages/airflow/models/variable.py", line 145, in get
    raise KeyError(f"Variable {key} does not exist")
KeyError: 'Variable pg_password does not exist'
[2026-07-24T18:56:42.329+0000] {processor.py:927} WARNING - No viable dags retrieved from /opt/airflow/dags/raw_from_s3_to_pg.py
[2026-07-24T18:56:42.336+0000] {processor.py:208} INFO - Processing /opt/airflow/dags/raw_from_s3_to_pg.py took 0.058 seconds
[2026-07-24T18:57:12.528+0000] {processor.py:186} INFO - Started process (PID=23119) to work on /opt/airflow/dags/raw_from_s3_to_pg.py
[2026-07-24T18:57:12.529+0000] {processor.py:914} INFO - Processing file /opt/airflow/dags/raw_from_s3_to_pg.py for tasks to queue
[2026-07-24T18:57:12.530+0000] {logging_mixin.py:190} INFO - [2026-07-24T18:57:12.530+0000] {dagbag.py:588} INFO - Filling up the DagBag from /opt/airflow/dags/raw_from_s3_to_pg.py
[2026-07-24T18:57:12.567+0000] {logging_mixin.py:190} INFO - [2026-07-24T18:57:12.567+0000] {dagbag.py:387} ERROR - Failed to import: /opt/airflow/dags/raw_from_s3_to_pg.py
Traceback (most recent call last):
  File "/home/airflow/.local/lib/python3.12/site-packages/airflow/models/dagbag.py", line 383, in parse
    loader.exec_module(new_module)
  File "<frozen importlib._bootstrap_external>", line 999, in exec_module
  File "<frozen importlib._bootstrap>", line 488, in _call_with_frames_removed
  File "/opt/airflow/dags/raw_from_s3_to_pg.py", line 26, in <module>
    PASSWORD = Variable.get("pg_password")
               ^^^^^^^^^^^^^^^^^^^^^^^^^^^
  File "/home/airflow/.local/lib/python3.12/site-packages/airflow/models/variable.py", line 145, in get
    raise KeyError(f"Variable {key} does not exist")
KeyError: 'Variable pg_password does not exist'
[2026-07-24T18:57:12.568+0000] {processor.py:927} WARNING - No viable dags retrieved from /opt/airflow/dags/raw_from_s3_to_pg.py
[2026-07-24T18:57:12.573+0000] {processor.py:208} INFO - Processing /opt/airflow/dags/raw_from_s3_to_pg.py took 0.050 seconds
[2026-07-24T18:57:42.750+0000] {processor.py:186} INFO - Started process (PID=23157) to work on /opt/airflow/dags/raw_from_s3_to_pg.py
[2026-07-24T18:57:42.754+0000] {processor.py:914} INFO - Processing file /opt/airflow/dags/raw_from_s3_to_pg.py for tasks to queue
[2026-07-24T18:57:42.755+0000] {logging_mixin.py:190} INFO - [2026-07-24T18:57:42.755+0000] {dagbag.py:588} INFO - Filling up the DagBag from /opt/airflow/dags/raw_from_s3_to_pg.py
[2026-07-24T18:57:42.795+0000] {logging_mixin.py:190} INFO - [2026-07-24T18:57:42.794+0000] {dagbag.py:387} ERROR - Failed to import: /opt/airflow/dags/raw_from_s3_to_pg.py
Traceback (most recent call last):
  File "/home/airflow/.local/lib/python3.12/site-packages/airflow/models/dagbag.py", line 383, in parse
    loader.exec_module(new_module)
  File "<frozen importlib._bootstrap_external>", line 999, in exec_module
  File "<frozen importlib._bootstrap>", line 488, in _call_with_frames_removed
  File "/opt/airflow/dags/raw_from_s3_to_pg.py", line 26, in <module>
    PASSWORD = Variable.get("pg_password")
               ^^^^^^^^^^^^^^^^^^^^^^^^^^^
  File "/home/airflow/.local/lib/python3.12/site-packages/airflow/models/variable.py", line 145, in get
    raise KeyError(f"Variable {key} does not exist")
KeyError: 'Variable pg_password does not exist'
[2026-07-24T18:57:42.795+0000] {processor.py:927} WARNING - No viable dags retrieved from /opt/airflow/dags/raw_from_s3_to_pg.py
[2026-07-24T18:57:42.801+0000] {processor.py:208} INFO - Processing /opt/airflow/dags/raw_from_s3_to_pg.py took 0.056 seconds
[2026-07-24T18:58:12.973+0000] {processor.py:186} INFO - Started process (PID=23195) to work on /opt/airflow/dags/raw_from_s3_to_pg.py
[2026-07-24T18:58:12.974+0000] {processor.py:914} INFO - Processing file /opt/airflow/dags/raw_from_s3_to_pg.py for tasks to queue
[2026-07-24T18:58:12.975+0000] {logging_mixin.py:190} INFO - [2026-07-24T18:58:12.975+0000] {dagbag.py:588} INFO - Filling up the DagBag from /opt/airflow/dags/raw_from_s3_to_pg.py
[2026-07-24T18:58:13.010+0000] {logging_mixin.py:190} INFO - [2026-07-24T18:58:13.009+0000] {dagbag.py:387} ERROR - Failed to import: /opt/airflow/dags/raw_from_s3_to_pg.py
Traceback (most recent call last):
  File "/home/airflow/.local/lib/python3.12/site-packages/airflow/models/dagbag.py", line 383, in parse
    loader.exec_module(new_module)
  File "<frozen importlib._bootstrap_external>", line 999, in exec_module
  File "<frozen importlib._bootstrap>", line 488, in _call_with_frames_removed
  File "/opt/airflow/dags/raw_from_s3_to_pg.py", line 26, in <module>
    PASSWORD = Variable.get("pg_password")
               ^^^^^^^^^^^^^^^^^^^^^^^^^^^
  File "/home/airflow/.local/lib/python3.12/site-packages/airflow/models/variable.py", line 145, in get
    raise KeyError(f"Variable {key} does not exist")
KeyError: 'Variable pg_password does not exist'
[2026-07-24T18:58:13.010+0000] {processor.py:927} WARNING - No viable dags retrieved from /opt/airflow/dags/raw_from_s3_to_pg.py
[2026-07-24T18:58:13.016+0000] {processor.py:208} INFO - Processing /opt/airflow/dags/raw_from_s3_to_pg.py took 0.046 seconds
[2026-07-24T18:58:43.210+0000] {processor.py:186} INFO - Started process (PID=23233) to work on /opt/airflow/dags/raw_from_s3_to_pg.py
[2026-07-24T18:58:43.214+0000] {processor.py:914} INFO - Processing file /opt/airflow/dags/raw_from_s3_to_pg.py for tasks to queue
[2026-07-24T18:58:43.215+0000] {logging_mixin.py:190} INFO - [2026-07-24T18:58:43.215+0000] {dagbag.py:588} INFO - Filling up the DagBag from /opt/airflow/dags/raw_from_s3_to_pg.py
[2026-07-24T18:58:43.250+0000] {logging_mixin.py:190} INFO - [2026-07-24T18:58:43.249+0000] {dagbag.py:387} ERROR - Failed to import: /opt/airflow/dags/raw_from_s3_to_pg.py
Traceback (most recent call last):
  File "/home/airflow/.local/lib/python3.12/site-packages/airflow/models/dagbag.py", line 383, in parse
    loader.exec_module(new_module)
  File "<frozen importlib._bootstrap_external>", line 999, in exec_module
  File "<frozen importlib._bootstrap>", line 488, in _call_with_frames_removed
  File "/opt/airflow/dags/raw_from_s3_to_pg.py", line 26, in <module>
    PASSWORD = Variable.get("pg_password")
               ^^^^^^^^^^^^^^^^^^^^^^^^^^^
  File "/home/airflow/.local/lib/python3.12/site-packages/airflow/models/variable.py", line 145, in get
    raise KeyError(f"Variable {key} does not exist")
KeyError: 'Variable pg_password does not exist'
[2026-07-24T18:58:43.250+0000] {processor.py:927} WARNING - No viable dags retrieved from /opt/airflow/dags/raw_from_s3_to_pg.py
[2026-07-24T18:58:43.256+0000] {processor.py:208} INFO - Processing /opt/airflow/dags/raw_from_s3_to_pg.py took 0.051 seconds
[2026-07-24T18:59:13.462+0000] {processor.py:186} INFO - Started process (PID=23271) to work on /opt/airflow/dags/raw_from_s3_to_pg.py
[2026-07-24T18:59:13.462+0000] {processor.py:914} INFO - Processing file /opt/airflow/dags/raw_from_s3_to_pg.py for tasks to queue
[2026-07-24T18:59:13.463+0000] {logging_mixin.py:190} INFO - [2026-07-24T18:59:13.463+0000] {dagbag.py:588} INFO - Filling up the DagBag from /opt/airflow/dags/raw_from_s3_to_pg.py
[2026-07-24T18:59:13.497+0000] {logging_mixin.py:190} INFO - [2026-07-24T18:59:13.496+0000] {dagbag.py:387} ERROR - Failed to import: /opt/airflow/dags/raw_from_s3_to_pg.py
Traceback (most recent call last):
  File "/home/airflow/.local/lib/python3.12/site-packages/airflow/models/dagbag.py", line 383, in parse
    loader.exec_module(new_module)
  File "<frozen importlib._bootstrap_external>", line 999, in exec_module
  File "<frozen importlib._bootstrap>", line 488, in _call_with_frames_removed
  File "/opt/airflow/dags/raw_from_s3_to_pg.py", line 26, in <module>
    PASSWORD = Variable.get("pg_password")
               ^^^^^^^^^^^^^^^^^^^^^^^^^^^
  File "/home/airflow/.local/lib/python3.12/site-packages/airflow/models/variable.py", line 145, in get
    raise KeyError(f"Variable {key} does not exist")
KeyError: 'Variable pg_password does not exist'
[2026-07-24T18:59:13.497+0000] {processor.py:927} WARNING - No viable dags retrieved from /opt/airflow/dags/raw_from_s3_to_pg.py
[2026-07-24T18:59:13.503+0000] {processor.py:208} INFO - Processing /opt/airflow/dags/raw_from_s3_to_pg.py took 0.045 seconds
[2026-07-24T18:59:43.694+0000] {processor.py:186} INFO - Started process (PID=23309) to work on /opt/airflow/dags/raw_from_s3_to_pg.py
[2026-07-24T18:59:43.697+0000] {processor.py:914} INFO - Processing file /opt/airflow/dags/raw_from_s3_to_pg.py for tasks to queue
[2026-07-24T18:59:43.699+0000] {logging_mixin.py:190} INFO - [2026-07-24T18:59:43.698+0000] {dagbag.py:588} INFO - Filling up the DagBag from /opt/airflow/dags/raw_from_s3_to_pg.py
[2026-07-24T18:59:43.736+0000] {logging_mixin.py:190} INFO - [2026-07-24T18:59:43.736+0000] {dagbag.py:387} ERROR - Failed to import: /opt/airflow/dags/raw_from_s3_to_pg.py
Traceback (most recent call last):
  File "/home/airflow/.local/lib/python3.12/site-packages/airflow/models/dagbag.py", line 383, in parse
    loader.exec_module(new_module)
  File "<frozen importlib._bootstrap_external>", line 999, in exec_module
  File "<frozen importlib._bootstrap>", line 488, in _call_with_frames_removed
  File "/opt/airflow/dags/raw_from_s3_to_pg.py", line 26, in <module>
    PASSWORD = Variable.get("pg_password")
               ^^^^^^^^^^^^^^^^^^^^^^^^^^^
  File "/home/airflow/.local/lib/python3.12/site-packages/airflow/models/variable.py", line 145, in get
    raise KeyError(f"Variable {key} does not exist")
KeyError: 'Variable pg_password does not exist'
[2026-07-24T18:59:43.737+0000] {processor.py:927} WARNING - No viable dags retrieved from /opt/airflow/dags/raw_from_s3_to_pg.py
[2026-07-24T18:59:43.745+0000] {processor.py:208} INFO - Processing /opt/airflow/dags/raw_from_s3_to_pg.py took 0.056 seconds
[2026-07-24T19:00:13.948+0000] {processor.py:186} INFO - Started process (PID=23347) to work on /opt/airflow/dags/raw_from_s3_to_pg.py
[2026-07-24T19:00:13.948+0000] {processor.py:914} INFO - Processing file /opt/airflow/dags/raw_from_s3_to_pg.py for tasks to queue
[2026-07-24T19:00:13.949+0000] {logging_mixin.py:190} INFO - [2026-07-24T19:00:13.949+0000] {dagbag.py:588} INFO - Filling up the DagBag from /opt/airflow/dags/raw_from_s3_to_pg.py
[2026-07-24T19:00:13.982+0000] {logging_mixin.py:190} INFO - [2026-07-24T19:00:13.981+0000] {dagbag.py:387} ERROR - Failed to import: /opt/airflow/dags/raw_from_s3_to_pg.py
Traceback (most recent call last):
  File "/home/airflow/.local/lib/python3.12/site-packages/airflow/models/dagbag.py", line 383, in parse
    loader.exec_module(new_module)
  File "<frozen importlib._bootstrap_external>", line 999, in exec_module
  File "<frozen importlib._bootstrap>", line 488, in _call_with_frames_removed
  File "/opt/airflow/dags/raw_from_s3_to_pg.py", line 26, in <module>
    PASSWORD = Variable.get("pg_password")
               ^^^^^^^^^^^^^^^^^^^^^^^^^^^
  File "/home/airflow/.local/lib/python3.12/site-packages/airflow/models/variable.py", line 145, in get
    raise KeyError(f"Variable {key} does not exist")
KeyError: 'Variable pg_password does not exist'
[2026-07-24T19:00:13.982+0000] {processor.py:927} WARNING - No viable dags retrieved from /opt/airflow/dags/raw_from_s3_to_pg.py
[2026-07-24T19:00:13.988+0000] {processor.py:208} INFO - Processing /opt/airflow/dags/raw_from_s3_to_pg.py took 0.044 seconds
[2026-07-24T19:00:44.171+0000] {processor.py:186} INFO - Started process (PID=23385) to work on /opt/airflow/dags/raw_from_s3_to_pg.py
[2026-07-24T19:00:44.174+0000] {processor.py:914} INFO - Processing file /opt/airflow/dags/raw_from_s3_to_pg.py for tasks to queue
[2026-07-24T19:00:44.176+0000] {logging_mixin.py:190} INFO - [2026-07-24T19:00:44.175+0000] {dagbag.py:588} INFO - Filling up the DagBag from /opt/airflow/dags/raw_from_s3_to_pg.py
[2026-07-24T19:00:44.212+0000] {logging_mixin.py:190} INFO - [2026-07-24T19:00:44.211+0000] {dagbag.py:387} ERROR - Failed to import: /opt/airflow/dags/raw_from_s3_to_pg.py
Traceback (most recent call last):
  File "/home/airflow/.local/lib/python3.12/site-packages/airflow/models/dagbag.py", line 383, in parse
    loader.exec_module(new_module)
  File "<frozen importlib._bootstrap_external>", line 999, in exec_module
  File "<frozen importlib._bootstrap>", line 488, in _call_with_frames_removed
  File "/opt/airflow/dags/raw_from_s3_to_pg.py", line 26, in <module>
    PASSWORD = Variable.get("pg_password")
               ^^^^^^^^^^^^^^^^^^^^^^^^^^^
  File "/home/airflow/.local/lib/python3.12/site-packages/airflow/models/variable.py", line 145, in get
    raise KeyError(f"Variable {key} does not exist")
KeyError: 'Variable pg_password does not exist'
[2026-07-24T19:00:44.212+0000] {processor.py:927} WARNING - No viable dags retrieved from /opt/airflow/dags/raw_from_s3_to_pg.py
[2026-07-24T19:00:44.219+0000] {processor.py:208} INFO - Processing /opt/airflow/dags/raw_from_s3_to_pg.py took 0.052 seconds
[2026-07-24T19:01:14.406+0000] {processor.py:186} INFO - Started process (PID=23423) to work on /opt/airflow/dags/raw_from_s3_to_pg.py
[2026-07-24T19:01:14.406+0000] {processor.py:914} INFO - Processing file /opt/airflow/dags/raw_from_s3_to_pg.py for tasks to queue
[2026-07-24T19:01:14.407+0000] {logging_mixin.py:190} INFO - [2026-07-24T19:01:14.407+0000] {dagbag.py:588} INFO - Filling up the DagBag from /opt/airflow/dags/raw_from_s3_to_pg.py
[2026-07-24T19:01:14.445+0000] {logging_mixin.py:190} INFO - [2026-07-24T19:01:14.443+0000] {dagbag.py:387} ERROR - Failed to import: /opt/airflow/dags/raw_from_s3_to_pg.py
Traceback (most recent call last):
  File "/home/airflow/.local/lib/python3.12/site-packages/airflow/models/dagbag.py", line 383, in parse
    loader.exec_module(new_module)
  File "<frozen importlib._bootstrap_external>", line 999, in exec_module
  File "<frozen importlib._bootstrap>", line 488, in _call_with_frames_removed
  File "/opt/airflow/dags/raw_from_s3_to_pg.py", line 26, in <module>
    PASSWORD = Variable.get("pg_password")
               ^^^^^^^^^^^^^^^^^^^^^^^^^^^
  File "/home/airflow/.local/lib/python3.12/site-packages/airflow/models/variable.py", line 145, in get
    raise KeyError(f"Variable {key} does not exist")
KeyError: 'Variable pg_password does not exist'
[2026-07-24T19:01:14.445+0000] {processor.py:927} WARNING - No viable dags retrieved from /opt/airflow/dags/raw_from_s3_to_pg.py
[2026-07-24T19:01:14.452+0000] {processor.py:208} INFO - Processing /opt/airflow/dags/raw_from_s3_to_pg.py took 0.050 seconds
[2026-07-24T19:01:44.635+0000] {processor.py:186} INFO - Started process (PID=23461) to work on /opt/airflow/dags/raw_from_s3_to_pg.py
[2026-07-24T19:01:44.638+0000] {processor.py:914} INFO - Processing file /opt/airflow/dags/raw_from_s3_to_pg.py for tasks to queue
[2026-07-24T19:01:44.639+0000] {logging_mixin.py:190} INFO - [2026-07-24T19:01:44.639+0000] {dagbag.py:588} INFO - Filling up the DagBag from /opt/airflow/dags/raw_from_s3_to_pg.py
[2026-07-24T19:01:44.674+0000] {logging_mixin.py:190} INFO - [2026-07-24T19:01:44.674+0000] {dagbag.py:387} ERROR - Failed to import: /opt/airflow/dags/raw_from_s3_to_pg.py
Traceback (most recent call last):
  File "/home/airflow/.local/lib/python3.12/site-packages/airflow/models/dagbag.py", line 383, in parse
    loader.exec_module(new_module)
  File "<frozen importlib._bootstrap_external>", line 999, in exec_module
  File "<frozen importlib._bootstrap>", line 488, in _call_with_frames_removed
  File "/opt/airflow/dags/raw_from_s3_to_pg.py", line 26, in <module>
    PASSWORD = Variable.get("pg_password")
               ^^^^^^^^^^^^^^^^^^^^^^^^^^^
  File "/home/airflow/.local/lib/python3.12/site-packages/airflow/models/variable.py", line 145, in get
    raise KeyError(f"Variable {key} does not exist")
KeyError: 'Variable pg_password does not exist'
[2026-07-24T19:01:44.675+0000] {processor.py:927} WARNING - No viable dags retrieved from /opt/airflow/dags/raw_from_s3_to_pg.py
[2026-07-24T19:01:44.681+0000] {processor.py:208} INFO - Processing /opt/airflow/dags/raw_from_s3_to_pg.py took 0.052 seconds
[2026-07-24T19:02:14.868+0000] {processor.py:186} INFO - Started process (PID=23499) to work on /opt/airflow/dags/raw_from_s3_to_pg.py
[2026-07-24T19:02:14.869+0000] {processor.py:914} INFO - Processing file /opt/airflow/dags/raw_from_s3_to_pg.py for tasks to queue
[2026-07-24T19:02:14.870+0000] {logging_mixin.py:190} INFO - [2026-07-24T19:02:14.870+0000] {dagbag.py:588} INFO - Filling up the DagBag from /opt/airflow/dags/raw_from_s3_to_pg.py
[2026-07-24T19:02:14.910+0000] {logging_mixin.py:190} INFO - [2026-07-24T19:02:14.908+0000] {dagbag.py:387} ERROR - Failed to import: /opt/airflow/dags/raw_from_s3_to_pg.py
Traceback (most recent call last):
  File "/home/airflow/.local/lib/python3.12/site-packages/airflow/models/dagbag.py", line 383, in parse
    loader.exec_module(new_module)
  File "<frozen importlib._bootstrap_external>", line 999, in exec_module
  File "<frozen importlib._bootstrap>", line 488, in _call_with_frames_removed
  File "/opt/airflow/dags/raw_from_s3_to_pg.py", line 26, in <module>
    PASSWORD = Variable.get("pg_password")
               ^^^^^^^^^^^^^^^^^^^^^^^^^^^
  File "/home/airflow/.local/lib/python3.12/site-packages/airflow/models/variable.py", line 145, in get
    raise KeyError(f"Variable {key} does not exist")
KeyError: 'Variable pg_password does not exist'
[2026-07-24T19:02:14.910+0000] {processor.py:927} WARNING - No viable dags retrieved from /opt/airflow/dags/raw_from_s3_to_pg.py
[2026-07-24T19:02:14.917+0000] {processor.py:208} INFO - Processing /opt/airflow/dags/raw_from_s3_to_pg.py took 0.054 seconds
[2026-07-24T19:02:45.104+0000] {processor.py:186} INFO - Started process (PID=23537) to work on /opt/airflow/dags/raw_from_s3_to_pg.py
[2026-07-24T19:02:45.107+0000] {processor.py:914} INFO - Processing file /opt/airflow/dags/raw_from_s3_to_pg.py for tasks to queue
[2026-07-24T19:02:45.108+0000] {logging_mixin.py:190} INFO - [2026-07-24T19:02:45.108+0000] {dagbag.py:588} INFO - Filling up the DagBag from /opt/airflow/dags/raw_from_s3_to_pg.py
[2026-07-24T19:02:45.144+0000] {logging_mixin.py:190} INFO - [2026-07-24T19:02:45.143+0000] {dagbag.py:387} ERROR - Failed to import: /opt/airflow/dags/raw_from_s3_to_pg.py
Traceback (most recent call last):
  File "/home/airflow/.local/lib/python3.12/site-packages/airflow/models/dagbag.py", line 383, in parse
    loader.exec_module(new_module)
  File "<frozen importlib._bootstrap_external>", line 999, in exec_module
  File "<frozen importlib._bootstrap>", line 488, in _call_with_frames_removed
  File "/opt/airflow/dags/raw_from_s3_to_pg.py", line 26, in <module>
    PASSWORD = Variable.get("pg_password")
               ^^^^^^^^^^^^^^^^^^^^^^^^^^^
  File "/home/airflow/.local/lib/python3.12/site-packages/airflow/models/variable.py", line 145, in get
    raise KeyError(f"Variable {key} does not exist")
KeyError: 'Variable pg_password does not exist'
[2026-07-24T19:02:45.144+0000] {processor.py:927} WARNING - No viable dags retrieved from /opt/airflow/dags/raw_from_s3_to_pg.py
[2026-07-24T19:02:45.151+0000] {processor.py:208} INFO - Processing /opt/airflow/dags/raw_from_s3_to_pg.py took 0.051 seconds
[2026-07-24T19:03:15.338+0000] {processor.py:186} INFO - Started process (PID=23575) to work on /opt/airflow/dags/raw_from_s3_to_pg.py
[2026-07-24T19:03:15.339+0000] {processor.py:914} INFO - Processing file /opt/airflow/dags/raw_from_s3_to_pg.py for tasks to queue
[2026-07-24T19:03:15.340+0000] {logging_mixin.py:190} INFO - [2026-07-24T19:03:15.340+0000] {dagbag.py:588} INFO - Filling up the DagBag from /opt/airflow/dags/raw_from_s3_to_pg.py
[2026-07-24T19:03:15.374+0000] {logging_mixin.py:190} INFO - [2026-07-24T19:03:15.374+0000] {dagbag.py:387} ERROR - Failed to import: /opt/airflow/dags/raw_from_s3_to_pg.py
Traceback (most recent call last):
  File "/home/airflow/.local/lib/python3.12/site-packages/airflow/models/dagbag.py", line 383, in parse
    loader.exec_module(new_module)
  File "<frozen importlib._bootstrap_external>", line 999, in exec_module
  File "<frozen importlib._bootstrap>", line 488, in _call_with_frames_removed
  File "/opt/airflow/dags/raw_from_s3_to_pg.py", line 26, in <module>
    PASSWORD = Variable.get("pg_password")
               ^^^^^^^^^^^^^^^^^^^^^^^^^^^
  File "/home/airflow/.local/lib/python3.12/site-packages/airflow/models/variable.py", line 145, in get
    raise KeyError(f"Variable {key} does not exist")
KeyError: 'Variable pg_password does not exist'
[2026-07-24T19:03:15.375+0000] {processor.py:927} WARNING - No viable dags retrieved from /opt/airflow/dags/raw_from_s3_to_pg.py
[2026-07-24T19:03:15.381+0000] {processor.py:208} INFO - Processing /opt/airflow/dags/raw_from_s3_to_pg.py took 0.047 seconds
[2026-07-24T19:03:45.569+0000] {processor.py:186} INFO - Started process (PID=23613) to work on /opt/airflow/dags/raw_from_s3_to_pg.py
[2026-07-24T19:03:45.572+0000] {processor.py:914} INFO - Processing file /opt/airflow/dags/raw_from_s3_to_pg.py for tasks to queue
[2026-07-24T19:03:45.574+0000] {logging_mixin.py:190} INFO - [2026-07-24T19:03:45.573+0000] {dagbag.py:588} INFO - Filling up the DagBag from /opt/airflow/dags/raw_from_s3_to_pg.py
[2026-07-24T19:03:45.609+0000] {logging_mixin.py:190} INFO - [2026-07-24T19:03:45.607+0000] {dagbag.py:387} ERROR - Failed to import: /opt/airflow/dags/raw_from_s3_to_pg.py
Traceback (most recent call last):
  File "/home/airflow/.local/lib/python3.12/site-packages/airflow/models/dagbag.py", line 383, in parse
    loader.exec_module(new_module)
  File "<frozen importlib._bootstrap_external>", line 999, in exec_module
  File "<frozen importlib._bootstrap>", line 488, in _call_with_frames_removed
  File "/opt/airflow/dags/raw_from_s3_to_pg.py", line 26, in <module>
    PASSWORD = Variable.get("pg_password")
               ^^^^^^^^^^^^^^^^^^^^^^^^^^^
  File "/home/airflow/.local/lib/python3.12/site-packages/airflow/models/variable.py", line 145, in get
    raise KeyError(f"Variable {key} does not exist")
KeyError: 'Variable pg_password does not exist'
[2026-07-24T19:03:45.609+0000] {processor.py:927} WARNING - No viable dags retrieved from /opt/airflow/dags/raw_from_s3_to_pg.py
[2026-07-24T19:03:45.617+0000] {processor.py:208} INFO - Processing /opt/airflow/dags/raw_from_s3_to_pg.py took 0.051 seconds
[2026-07-24T19:04:15.806+0000] {processor.py:186} INFO - Started process (PID=23651) to work on /opt/airflow/dags/raw_from_s3_to_pg.py
[2026-07-24T19:04:15.807+0000] {processor.py:914} INFO - Processing file /opt/airflow/dags/raw_from_s3_to_pg.py for tasks to queue
[2026-07-24T19:04:15.808+0000] {logging_mixin.py:190} INFO - [2026-07-24T19:04:15.808+0000] {dagbag.py:588} INFO - Filling up the DagBag from /opt/airflow/dags/raw_from_s3_to_pg.py
[2026-07-24T19:04:15.843+0000] {logging_mixin.py:190} INFO - [2026-07-24T19:04:15.842+0000] {dagbag.py:387} ERROR - Failed to import: /opt/airflow/dags/raw_from_s3_to_pg.py
Traceback (most recent call last):
  File "/home/airflow/.local/lib/python3.12/site-packages/airflow/models/dagbag.py", line 383, in parse
    loader.exec_module(new_module)
  File "<frozen importlib._bootstrap_external>", line 999, in exec_module
  File "<frozen importlib._bootstrap>", line 488, in _call_with_frames_removed
  File "/opt/airflow/dags/raw_from_s3_to_pg.py", line 26, in <module>
    PASSWORD = Variable.get("pg_password")
               ^^^^^^^^^^^^^^^^^^^^^^^^^^^
  File "/home/airflow/.local/lib/python3.12/site-packages/airflow/models/variable.py", line 145, in get
    raise KeyError(f"Variable {key} does not exist")
KeyError: 'Variable pg_password does not exist'
[2026-07-24T19:04:15.844+0000] {processor.py:927} WARNING - No viable dags retrieved from /opt/airflow/dags/raw_from_s3_to_pg.py
[2026-07-24T19:04:15.849+0000] {processor.py:208} INFO - Processing /opt/airflow/dags/raw_from_s3_to_pg.py took 0.047 seconds
[2026-07-24T19:04:46.037+0000] {processor.py:186} INFO - Started process (PID=23689) to work on /opt/airflow/dags/raw_from_s3_to_pg.py
[2026-07-24T19:04:46.041+0000] {processor.py:914} INFO - Processing file /opt/airflow/dags/raw_from_s3_to_pg.py for tasks to queue
[2026-07-24T19:04:46.042+0000] {logging_mixin.py:190} INFO - [2026-07-24T19:04:46.042+0000] {dagbag.py:588} INFO - Filling up the DagBag from /opt/airflow/dags/raw_from_s3_to_pg.py
[2026-07-24T19:04:46.078+0000] {logging_mixin.py:190} INFO - [2026-07-24T19:04:46.077+0000] {dagbag.py:387} ERROR - Failed to import: /opt/airflow/dags/raw_from_s3_to_pg.py
Traceback (most recent call last):
  File "/home/airflow/.local/lib/python3.12/site-packages/airflow/models/dagbag.py", line 383, in parse
    loader.exec_module(new_module)
  File "<frozen importlib._bootstrap_external>", line 999, in exec_module
  File "<frozen importlib._bootstrap>", line 488, in _call_with_frames_removed
  File "/opt/airflow/dags/raw_from_s3_to_pg.py", line 26, in <module>
    PASSWORD = Variable.get("pg_password")
               ^^^^^^^^^^^^^^^^^^^^^^^^^^^
  File "/home/airflow/.local/lib/python3.12/site-packages/airflow/models/variable.py", line 145, in get
    raise KeyError(f"Variable {key} does not exist")
KeyError: 'Variable pg_password does not exist'
[2026-07-24T19:04:46.079+0000] {processor.py:927} WARNING - No viable dags retrieved from /opt/airflow/dags/raw_from_s3_to_pg.py
[2026-07-24T19:04:46.086+0000] {processor.py:208} INFO - Processing /opt/airflow/dags/raw_from_s3_to_pg.py took 0.055 seconds
[2026-07-24T19:05:16.288+0000] {processor.py:186} INFO - Started process (PID=23727) to work on /opt/airflow/dags/raw_from_s3_to_pg.py
[2026-07-24T19:05:16.289+0000] {processor.py:914} INFO - Processing file /opt/airflow/dags/raw_from_s3_to_pg.py for tasks to queue
[2026-07-24T19:05:16.290+0000] {logging_mixin.py:190} INFO - [2026-07-24T19:05:16.290+0000] {dagbag.py:588} INFO - Filling up the DagBag from /opt/airflow/dags/raw_from_s3_to_pg.py
[2026-07-24T19:05:16.328+0000] {logging_mixin.py:190} INFO - [2026-07-24T19:05:16.327+0000] {dagbag.py:387} ERROR - Failed to import: /opt/airflow/dags/raw_from_s3_to_pg.py
Traceback (most recent call last):
  File "/home/airflow/.local/lib/python3.12/site-packages/airflow/models/dagbag.py", line 383, in parse
    loader.exec_module(new_module)
  File "<frozen importlib._bootstrap_external>", line 999, in exec_module
  File "<frozen importlib._bootstrap>", line 488, in _call_with_frames_removed
  File "/opt/airflow/dags/raw_from_s3_to_pg.py", line 26, in <module>
    PASSWORD = Variable.get("pg_password")
               ^^^^^^^^^^^^^^^^^^^^^^^^^^^
  File "/home/airflow/.local/lib/python3.12/site-packages/airflow/models/variable.py", line 145, in get
    raise KeyError(f"Variable {key} does not exist")
KeyError: 'Variable pg_password does not exist'
[2026-07-24T19:05:16.328+0000] {processor.py:927} WARNING - No viable dags retrieved from /opt/airflow/dags/raw_from_s3_to_pg.py
[2026-07-24T19:05:16.334+0000] {processor.py:208} INFO - Processing /opt/airflow/dags/raw_from_s3_to_pg.py took 0.051 seconds
[2026-07-24T19:05:46.525+0000] {processor.py:186} INFO - Started process (PID=23765) to work on /opt/airflow/dags/raw_from_s3_to_pg.py
[2026-07-24T19:05:46.528+0000] {processor.py:914} INFO - Processing file /opt/airflow/dags/raw_from_s3_to_pg.py for tasks to queue
[2026-07-24T19:05:46.530+0000] {logging_mixin.py:190} INFO - [2026-07-24T19:05:46.530+0000] {dagbag.py:588} INFO - Filling up the DagBag from /opt/airflow/dags/raw_from_s3_to_pg.py
[2026-07-24T19:05:46.567+0000] {logging_mixin.py:190} INFO - [2026-07-24T19:05:46.566+0000] {dagbag.py:387} ERROR - Failed to import: /opt/airflow/dags/raw_from_s3_to_pg.py
Traceback (most recent call last):
  File "/home/airflow/.local/lib/python3.12/site-packages/airflow/models/dagbag.py", line 383, in parse
    loader.exec_module(new_module)
  File "<frozen importlib._bootstrap_external>", line 999, in exec_module
  File "<frozen importlib._bootstrap>", line 488, in _call_with_frames_removed
  File "/opt/airflow/dags/raw_from_s3_to_pg.py", line 26, in <module>
    PASSWORD = Variable.get("pg_password")
               ^^^^^^^^^^^^^^^^^^^^^^^^^^^
  File "/home/airflow/.local/lib/python3.12/site-packages/airflow/models/variable.py", line 145, in get
    raise KeyError(f"Variable {key} does not exist")
KeyError: 'Variable pg_password does not exist'
[2026-07-24T19:05:46.567+0000] {processor.py:927} WARNING - No viable dags retrieved from /opt/airflow/dags/raw_from_s3_to_pg.py
[2026-07-24T19:05:46.574+0000] {processor.py:208} INFO - Processing /opt/airflow/dags/raw_from_s3_to_pg.py took 0.053 seconds
[2026-07-24T19:06:16.755+0000] {processor.py:186} INFO - Started process (PID=23803) to work on /opt/airflow/dags/raw_from_s3_to_pg.py
[2026-07-24T19:06:16.755+0000] {processor.py:914} INFO - Processing file /opt/airflow/dags/raw_from_s3_to_pg.py for tasks to queue
[2026-07-24T19:06:16.756+0000] {logging_mixin.py:190} INFO - [2026-07-24T19:06:16.756+0000] {dagbag.py:588} INFO - Filling up the DagBag from /opt/airflow/dags/raw_from_s3_to_pg.py
[2026-07-24T19:06:16.792+0000] {logging_mixin.py:190} INFO - [2026-07-24T19:06:16.791+0000] {dagbag.py:387} ERROR - Failed to import: /opt/airflow/dags/raw_from_s3_to_pg.py
Traceback (most recent call last):
  File "/home/airflow/.local/lib/python3.12/site-packages/airflow/models/dagbag.py", line 383, in parse
    loader.exec_module(new_module)
  File "<frozen importlib._bootstrap_external>", line 999, in exec_module
  File "<frozen importlib._bootstrap>", line 488, in _call_with_frames_removed
  File "/opt/airflow/dags/raw_from_s3_to_pg.py", line 26, in <module>
    PASSWORD = Variable.get("pg_password")
               ^^^^^^^^^^^^^^^^^^^^^^^^^^^
  File "/home/airflow/.local/lib/python3.12/site-packages/airflow/models/variable.py", line 145, in get
    raise KeyError(f"Variable {key} does not exist")
KeyError: 'Variable pg_password does not exist'
[2026-07-24T19:06:16.792+0000] {processor.py:927} WARNING - No viable dags retrieved from /opt/airflow/dags/raw_from_s3_to_pg.py
[2026-07-24T19:06:16.798+0000] {processor.py:208} INFO - Processing /opt/airflow/dags/raw_from_s3_to_pg.py took 0.048 seconds
[2026-07-24T19:06:46.994+0000] {processor.py:186} INFO - Started process (PID=23841) to work on /opt/airflow/dags/raw_from_s3_to_pg.py
[2026-07-24T19:06:46.997+0000] {processor.py:914} INFO - Processing file /opt/airflow/dags/raw_from_s3_to_pg.py for tasks to queue
[2026-07-24T19:06:46.999+0000] {logging_mixin.py:190} INFO - [2026-07-24T19:06:46.998+0000] {dagbag.py:588} INFO - Filling up the DagBag from /opt/airflow/dags/raw_from_s3_to_pg.py
[2026-07-24T19:06:47.036+0000] {logging_mixin.py:190} INFO - [2026-07-24T19:06:47.035+0000] {dagbag.py:387} ERROR - Failed to import: /opt/airflow/dags/raw_from_s3_to_pg.py
Traceback (most recent call last):
  File "/home/airflow/.local/lib/python3.12/site-packages/airflow/models/dagbag.py", line 383, in parse
    loader.exec_module(new_module)
  File "<frozen importlib._bootstrap_external>", line 999, in exec_module
  File "<frozen importlib._bootstrap>", line 488, in _call_with_frames_removed
  File "/opt/airflow/dags/raw_from_s3_to_pg.py", line 26, in <module>
    PASSWORD = Variable.get("pg_password")
               ^^^^^^^^^^^^^^^^^^^^^^^^^^^
  File "/home/airflow/.local/lib/python3.12/site-packages/airflow/models/variable.py", line 145, in get
    raise KeyError(f"Variable {key} does not exist")
KeyError: 'Variable pg_password does not exist'
[2026-07-24T19:06:47.036+0000] {processor.py:927} WARNING - No viable dags retrieved from /opt/airflow/dags/raw_from_s3_to_pg.py
[2026-07-24T19:06:47.044+0000] {processor.py:208} INFO - Processing /opt/airflow/dags/raw_from_s3_to_pg.py took 0.055 seconds
[2026-07-24T19:07:17.235+0000] {processor.py:186} INFO - Started process (PID=23879) to work on /opt/airflow/dags/raw_from_s3_to_pg.py
[2026-07-24T19:07:17.235+0000] {processor.py:914} INFO - Processing file /opt/airflow/dags/raw_from_s3_to_pg.py for tasks to queue
[2026-07-24T19:07:17.236+0000] {logging_mixin.py:190} INFO - [2026-07-24T19:07:17.236+0000] {dagbag.py:588} INFO - Filling up the DagBag from /opt/airflow/dags/raw_from_s3_to_pg.py
[2026-07-24T19:07:17.273+0000] {logging_mixin.py:190} INFO - [2026-07-24T19:07:17.272+0000] {dagbag.py:387} ERROR - Failed to import: /opt/airflow/dags/raw_from_s3_to_pg.py
Traceback (most recent call last):
  File "/home/airflow/.local/lib/python3.12/site-packages/airflow/models/dagbag.py", line 383, in parse
    loader.exec_module(new_module)
  File "<frozen importlib._bootstrap_external>", line 999, in exec_module
  File "<frozen importlib._bootstrap>", line 488, in _call_with_frames_removed
  File "/opt/airflow/dags/raw_from_s3_to_pg.py", line 26, in <module>
    PASSWORD = Variable.get("pg_password")
               ^^^^^^^^^^^^^^^^^^^^^^^^^^^
  File "/home/airflow/.local/lib/python3.12/site-packages/airflow/models/variable.py", line 145, in get
    raise KeyError(f"Variable {key} does not exist")
KeyError: 'Variable pg_password does not exist'
[2026-07-24T19:07:17.274+0000] {processor.py:927} WARNING - No viable dags retrieved from /opt/airflow/dags/raw_from_s3_to_pg.py
[2026-07-24T19:07:17.280+0000] {processor.py:208} INFO - Processing /opt/airflow/dags/raw_from_s3_to_pg.py took 0.050 seconds
[2026-07-24T19:07:47.458+0000] {processor.py:186} INFO - Started process (PID=23917) to work on /opt/airflow/dags/raw_from_s3_to_pg.py
[2026-07-24T19:07:47.459+0000] {processor.py:914} INFO - Processing file /opt/airflow/dags/raw_from_s3_to_pg.py for tasks to queue
[2026-07-24T19:07:47.460+0000] {logging_mixin.py:190} INFO - [2026-07-24T19:07:47.460+0000] {dagbag.py:588} INFO - Filling up the DagBag from /opt/airflow/dags/raw_from_s3_to_pg.py
[2026-07-24T19:07:47.496+0000] {logging_mixin.py:190} INFO - [2026-07-24T19:07:47.495+0000] {dagbag.py:387} ERROR - Failed to import: /opt/airflow/dags/raw_from_s3_to_pg.py
Traceback (most recent call last):
  File "/home/airflow/.local/lib/python3.12/site-packages/airflow/models/dagbag.py", line 383, in parse
    loader.exec_module(new_module)
  File "<frozen importlib._bootstrap_external>", line 999, in exec_module
  File "<frozen importlib._bootstrap>", line 488, in _call_with_frames_removed
  File "/opt/airflow/dags/raw_from_s3_to_pg.py", line 26, in <module>
    PASSWORD = Variable.get("pg_password")
               ^^^^^^^^^^^^^^^^^^^^^^^^^^^
  File "/home/airflow/.local/lib/python3.12/site-packages/airflow/models/variable.py", line 145, in get
    raise KeyError(f"Variable {key} does not exist")
KeyError: 'Variable pg_password does not exist'
[2026-07-24T19:07:47.497+0000] {processor.py:927} WARNING - No viable dags retrieved from /opt/airflow/dags/raw_from_s3_to_pg.py
[2026-07-24T19:07:47.503+0000] {processor.py:208} INFO - Processing /opt/airflow/dags/raw_from_s3_to_pg.py took 0.050 seconds
[2026-07-24T19:08:17.676+0000] {processor.py:186} INFO - Started process (PID=23955) to work on /opt/airflow/dags/raw_from_s3_to_pg.py
[2026-07-24T19:08:17.676+0000] {processor.py:914} INFO - Processing file /opt/airflow/dags/raw_from_s3_to_pg.py for tasks to queue
[2026-07-24T19:08:17.677+0000] {logging_mixin.py:190} INFO - [2026-07-24T19:08:17.677+0000] {dagbag.py:588} INFO - Filling up the DagBag from /opt/airflow/dags/raw_from_s3_to_pg.py
[2026-07-24T19:08:17.714+0000] {logging_mixin.py:190} INFO - [2026-07-24T19:08:17.713+0000] {dagbag.py:387} ERROR - Failed to import: /opt/airflow/dags/raw_from_s3_to_pg.py
Traceback (most recent call last):
  File "/home/airflow/.local/lib/python3.12/site-packages/airflow/models/dagbag.py", line 383, in parse
    loader.exec_module(new_module)
  File "<frozen importlib._bootstrap_external>", line 999, in exec_module
  File "<frozen importlib._bootstrap>", line 488, in _call_with_frames_removed
  File "/opt/airflow/dags/raw_from_s3_to_pg.py", line 26, in <module>
    PASSWORD = Variable.get("pg_password")
               ^^^^^^^^^^^^^^^^^^^^^^^^^^^
  File "/home/airflow/.local/lib/python3.12/site-packages/airflow/models/variable.py", line 145, in get
    raise KeyError(f"Variable {key} does not exist")
KeyError: 'Variable pg_password does not exist'
[2026-07-24T19:08:17.714+0000] {processor.py:927} WARNING - No viable dags retrieved from /opt/airflow/dags/raw_from_s3_to_pg.py
[2026-07-24T19:08:17.719+0000] {processor.py:208} INFO - Processing /opt/airflow/dags/raw_from_s3_to_pg.py took 0.048 seconds
[2026-07-24T19:08:47.898+0000] {processor.py:186} INFO - Started process (PID=23993) to work on /opt/airflow/dags/raw_from_s3_to_pg.py
[2026-07-24T19:08:47.899+0000] {processor.py:914} INFO - Processing file /opt/airflow/dags/raw_from_s3_to_pg.py for tasks to queue
[2026-07-24T19:08:47.900+0000] {logging_mixin.py:190} INFO - [2026-07-24T19:08:47.900+0000] {dagbag.py:588} INFO - Filling up the DagBag from /opt/airflow/dags/raw_from_s3_to_pg.py
[2026-07-24T19:08:47.932+0000] {logging_mixin.py:190} INFO - [2026-07-24T19:08:47.932+0000] {dagbag.py:387} ERROR - Failed to import: /opt/airflow/dags/raw_from_s3_to_pg.py
Traceback (most recent call last):
  File "/home/airflow/.local/lib/python3.12/site-packages/airflow/models/dagbag.py", line 383, in parse
    loader.exec_module(new_module)
  File "<frozen importlib._bootstrap_external>", line 999, in exec_module
  File "<frozen importlib._bootstrap>", line 488, in _call_with_frames_removed
  File "/opt/airflow/dags/raw_from_s3_to_pg.py", line 26, in <module>
    PASSWORD = Variable.get("pg_password")
               ^^^^^^^^^^^^^^^^^^^^^^^^^^^
  File "/home/airflow/.local/lib/python3.12/site-packages/airflow/models/variable.py", line 145, in get
    raise KeyError(f"Variable {key} does not exist")
KeyError: 'Variable pg_password does not exist'
[2026-07-24T19:08:47.933+0000] {processor.py:927} WARNING - No viable dags retrieved from /opt/airflow/dags/raw_from_s3_to_pg.py
[2026-07-24T19:08:47.938+0000] {processor.py:208} INFO - Processing /opt/airflow/dags/raw_from_s3_to_pg.py took 0.043 seconds
[2026-07-24T19:09:18.118+0000] {processor.py:186} INFO - Started process (PID=24031) to work on /opt/airflow/dags/raw_from_s3_to_pg.py
[2026-07-24T19:09:18.118+0000] {processor.py:914} INFO - Processing file /opt/airflow/dags/raw_from_s3_to_pg.py for tasks to queue
[2026-07-24T19:09:18.120+0000] {logging_mixin.py:190} INFO - [2026-07-24T19:09:18.120+0000] {dagbag.py:588} INFO - Filling up the DagBag from /opt/airflow/dags/raw_from_s3_to_pg.py
[2026-07-24T19:09:18.153+0000] {logging_mixin.py:190} INFO - [2026-07-24T19:09:18.153+0000] {dagbag.py:387} ERROR - Failed to import: /opt/airflow/dags/raw_from_s3_to_pg.py
Traceback (most recent call last):
  File "/home/airflow/.local/lib/python3.12/site-packages/airflow/models/dagbag.py", line 383, in parse
    loader.exec_module(new_module)
  File "<frozen importlib._bootstrap_external>", line 999, in exec_module
  File "<frozen importlib._bootstrap>", line 488, in _call_with_frames_removed
  File "/opt/airflow/dags/raw_from_s3_to_pg.py", line 26, in <module>
    PASSWORD = Variable.get("pg_password")
               ^^^^^^^^^^^^^^^^^^^^^^^^^^^
  File "/home/airflow/.local/lib/python3.12/site-packages/airflow/models/variable.py", line 145, in get
    raise KeyError(f"Variable {key} does not exist")
KeyError: 'Variable pg_password does not exist'
[2026-07-24T19:09:18.154+0000] {processor.py:927} WARNING - No viable dags retrieved from /opt/airflow/dags/raw_from_s3_to_pg.py
[2026-07-24T19:09:18.160+0000] {processor.py:208} INFO - Processing /opt/airflow/dags/raw_from_s3_to_pg.py took 0.047 seconds
[2026-07-24T19:09:48.357+0000] {processor.py:186} INFO - Started process (PID=24069) to work on /opt/airflow/dags/raw_from_s3_to_pg.py
[2026-07-24T19:09:48.361+0000] {processor.py:914} INFO - Processing file /opt/airflow/dags/raw_from_s3_to_pg.py for tasks to queue
[2026-07-24T19:09:48.363+0000] {logging_mixin.py:190} INFO - [2026-07-24T19:09:48.362+0000] {dagbag.py:588} INFO - Filling up the DagBag from /opt/airflow/dags/raw_from_s3_to_pg.py
[2026-07-24T19:09:48.399+0000] {logging_mixin.py:190} INFO - [2026-07-24T19:09:48.398+0000] {dagbag.py:387} ERROR - Failed to import: /opt/airflow/dags/raw_from_s3_to_pg.py
Traceback (most recent call last):
  File "/home/airflow/.local/lib/python3.12/site-packages/airflow/models/dagbag.py", line 383, in parse
    loader.exec_module(new_module)
  File "<frozen importlib._bootstrap_external>", line 999, in exec_module
  File "<frozen importlib._bootstrap>", line 488, in _call_with_frames_removed
  File "/opt/airflow/dags/raw_from_s3_to_pg.py", line 26, in <module>
    PASSWORD = Variable.get("pg_password")
               ^^^^^^^^^^^^^^^^^^^^^^^^^^^
  File "/home/airflow/.local/lib/python3.12/site-packages/airflow/models/variable.py", line 145, in get
    raise KeyError(f"Variable {key} does not exist")
KeyError: 'Variable pg_password does not exist'
[2026-07-24T19:09:48.399+0000] {processor.py:927} WARNING - No viable dags retrieved from /opt/airflow/dags/raw_from_s3_to_pg.py
[2026-07-24T19:09:48.405+0000] {processor.py:208} INFO - Processing /opt/airflow/dags/raw_from_s3_to_pg.py took 0.053 seconds
[2026-07-24T19:10:18.586+0000] {processor.py:186} INFO - Started process (PID=24107) to work on /opt/airflow/dags/raw_from_s3_to_pg.py
[2026-07-24T19:10:18.587+0000] {processor.py:914} INFO - Processing file /opt/airflow/dags/raw_from_s3_to_pg.py for tasks to queue
[2026-07-24T19:10:18.588+0000] {logging_mixin.py:190} INFO - [2026-07-24T19:10:18.588+0000] {dagbag.py:588} INFO - Filling up the DagBag from /opt/airflow/dags/raw_from_s3_to_pg.py
[2026-07-24T19:10:18.621+0000] {logging_mixin.py:190} INFO - [2026-07-24T19:10:18.620+0000] {dagbag.py:387} ERROR - Failed to import: /opt/airflow/dags/raw_from_s3_to_pg.py
Traceback (most recent call last):
  File "/home/airflow/.local/lib/python3.12/site-packages/airflow/models/dagbag.py", line 383, in parse
    loader.exec_module(new_module)
  File "<frozen importlib._bootstrap_external>", line 999, in exec_module
  File "<frozen importlib._bootstrap>", line 488, in _call_with_frames_removed
  File "/opt/airflow/dags/raw_from_s3_to_pg.py", line 26, in <module>
    PASSWORD = Variable.get("pg_password")
               ^^^^^^^^^^^^^^^^^^^^^^^^^^^
  File "/home/airflow/.local/lib/python3.12/site-packages/airflow/models/variable.py", line 145, in get
    raise KeyError(f"Variable {key} does not exist")
KeyError: 'Variable pg_password does not exist'
[2026-07-24T19:10:18.621+0000] {processor.py:927} WARNING - No viable dags retrieved from /opt/airflow/dags/raw_from_s3_to_pg.py
[2026-07-24T19:10:18.627+0000] {processor.py:208} INFO - Processing /opt/airflow/dags/raw_from_s3_to_pg.py took 0.045 seconds
[2026-07-24T19:10:48.820+0000] {processor.py:186} INFO - Started process (PID=24145) to work on /opt/airflow/dags/raw_from_s3_to_pg.py
[2026-07-24T19:10:48.824+0000] {processor.py:914} INFO - Processing file /opt/airflow/dags/raw_from_s3_to_pg.py for tasks to queue
[2026-07-24T19:10:48.825+0000] {logging_mixin.py:190} INFO - [2026-07-24T19:10:48.825+0000] {dagbag.py:588} INFO - Filling up the DagBag from /opt/airflow/dags/raw_from_s3_to_pg.py
[2026-07-24T19:10:48.861+0000] {logging_mixin.py:190} INFO - [2026-07-24T19:10:48.861+0000] {dagbag.py:387} ERROR - Failed to import: /opt/airflow/dags/raw_from_s3_to_pg.py
Traceback (most recent call last):
  File "/home/airflow/.local/lib/python3.12/site-packages/airflow/models/dagbag.py", line 383, in parse
    loader.exec_module(new_module)
  File "<frozen importlib._bootstrap_external>", line 999, in exec_module
  File "<frozen importlib._bootstrap>", line 488, in _call_with_frames_removed
  File "/opt/airflow/dags/raw_from_s3_to_pg.py", line 26, in <module>
    PASSWORD = Variable.get("pg_password")
               ^^^^^^^^^^^^^^^^^^^^^^^^^^^
  File "/home/airflow/.local/lib/python3.12/site-packages/airflow/models/variable.py", line 145, in get
    raise KeyError(f"Variable {key} does not exist")
KeyError: 'Variable pg_password does not exist'
[2026-07-24T19:10:48.862+0000] {processor.py:927} WARNING - No viable dags retrieved from /opt/airflow/dags/raw_from_s3_to_pg.py
[2026-07-24T19:10:48.868+0000] {processor.py:208} INFO - Processing /opt/airflow/dags/raw_from_s3_to_pg.py took 0.053 seconds
[2026-07-24T19:11:19.047+0000] {processor.py:186} INFO - Started process (PID=24183) to work on /opt/airflow/dags/raw_from_s3_to_pg.py
[2026-07-24T19:11:19.048+0000] {processor.py:914} INFO - Processing file /opt/airflow/dags/raw_from_s3_to_pg.py for tasks to queue
[2026-07-24T19:11:19.049+0000] {logging_mixin.py:190} INFO - [2026-07-24T19:11:19.049+0000] {dagbag.py:588} INFO - Filling up the DagBag from /opt/airflow/dags/raw_from_s3_to_pg.py
[2026-07-24T19:11:19.086+0000] {logging_mixin.py:190} INFO - [2026-07-24T19:11:19.085+0000] {dagbag.py:387} ERROR - Failed to import: /opt/airflow/dags/raw_from_s3_to_pg.py
Traceback (most recent call last):
  File "/home/airflow/.local/lib/python3.12/site-packages/airflow/models/dagbag.py", line 383, in parse
    loader.exec_module(new_module)
  File "<frozen importlib._bootstrap_external>", line 999, in exec_module
  File "<frozen importlib._bootstrap>", line 488, in _call_with_frames_removed
  File "/opt/airflow/dags/raw_from_s3_to_pg.py", line 26, in <module>
    PASSWORD = Variable.get("pg_password")
               ^^^^^^^^^^^^^^^^^^^^^^^^^^^
  File "/home/airflow/.local/lib/python3.12/site-packages/airflow/models/variable.py", line 145, in get
    raise KeyError(f"Variable {key} does not exist")
KeyError: 'Variable pg_password does not exist'
[2026-07-24T19:11:19.087+0000] {processor.py:927} WARNING - No viable dags retrieved from /opt/airflow/dags/raw_from_s3_to_pg.py
[2026-07-24T19:11:19.092+0000] {processor.py:208} INFO - Processing /opt/airflow/dags/raw_from_s3_to_pg.py took 0.049 seconds
[2026-07-24T19:11:49.284+0000] {processor.py:186} INFO - Started process (PID=24221) to work on /opt/airflow/dags/raw_from_s3_to_pg.py
[2026-07-24T19:11:49.287+0000] {processor.py:914} INFO - Processing file /opt/airflow/dags/raw_from_s3_to_pg.py for tasks to queue
[2026-07-24T19:11:49.289+0000] {logging_mixin.py:190} INFO - [2026-07-24T19:11:49.289+0000] {dagbag.py:588} INFO - Filling up the DagBag from /opt/airflow/dags/raw_from_s3_to_pg.py
[2026-07-24T19:11:49.324+0000] {logging_mixin.py:190} INFO - [2026-07-24T19:11:49.323+0000] {dagbag.py:387} ERROR - Failed to import: /opt/airflow/dags/raw_from_s3_to_pg.py
Traceback (most recent call last):
  File "/home/airflow/.local/lib/python3.12/site-packages/airflow/models/dagbag.py", line 383, in parse
    loader.exec_module(new_module)
  File "<frozen importlib._bootstrap_external>", line 999, in exec_module
  File "<frozen importlib._bootstrap>", line 488, in _call_with_frames_removed
  File "/opt/airflow/dags/raw_from_s3_to_pg.py", line 26, in <module>
    PASSWORD = Variable.get("pg_password")
               ^^^^^^^^^^^^^^^^^^^^^^^^^^^
  File "/home/airflow/.local/lib/python3.12/site-packages/airflow/models/variable.py", line 145, in get
    raise KeyError(f"Variable {key} does not exist")
KeyError: 'Variable pg_password does not exist'
[2026-07-24T19:11:49.325+0000] {processor.py:927} WARNING - No viable dags retrieved from /opt/airflow/dags/raw_from_s3_to_pg.py
[2026-07-24T19:11:49.332+0000] {processor.py:208} INFO - Processing /opt/airflow/dags/raw_from_s3_to_pg.py took 0.055 seconds
[2026-07-24T19:12:19.505+0000] {processor.py:186} INFO - Started process (PID=24259) to work on /opt/airflow/dags/raw_from_s3_to_pg.py
[2026-07-24T19:12:19.506+0000] {processor.py:914} INFO - Processing file /opt/airflow/dags/raw_from_s3_to_pg.py for tasks to queue
[2026-07-24T19:12:19.507+0000] {logging_mixin.py:190} INFO - [2026-07-24T19:12:19.507+0000] {dagbag.py:588} INFO - Filling up the DagBag from /opt/airflow/dags/raw_from_s3_to_pg.py
[2026-07-24T19:12:19.544+0000] {logging_mixin.py:190} INFO - [2026-07-24T19:12:19.543+0000] {dagbag.py:387} ERROR - Failed to import: /opt/airflow/dags/raw_from_s3_to_pg.py
Traceback (most recent call last):
  File "/home/airflow/.local/lib/python3.12/site-packages/airflow/models/dagbag.py", line 383, in parse
    loader.exec_module(new_module)
  File "<frozen importlib._bootstrap_external>", line 999, in exec_module
  File "<frozen importlib._bootstrap>", line 488, in _call_with_frames_removed
  File "/opt/airflow/dags/raw_from_s3_to_pg.py", line 26, in <module>
    PASSWORD = Variable.get("pg_password")
               ^^^^^^^^^^^^^^^^^^^^^^^^^^^
  File "/home/airflow/.local/lib/python3.12/site-packages/airflow/models/variable.py", line 145, in get
    raise KeyError(f"Variable {key} does not exist")
KeyError: 'Variable pg_password does not exist'
[2026-07-24T19:12:19.545+0000] {processor.py:927} WARNING - No viable dags retrieved from /opt/airflow/dags/raw_from_s3_to_pg.py
[2026-07-24T19:12:19.552+0000] {processor.py:208} INFO - Processing /opt/airflow/dags/raw_from_s3_to_pg.py took 0.051 seconds
[2026-07-24T19:12:49.743+0000] {processor.py:186} INFO - Started process (PID=24297) to work on /opt/airflow/dags/raw_from_s3_to_pg.py
[2026-07-24T19:12:49.746+0000] {processor.py:914} INFO - Processing file /opt/airflow/dags/raw_from_s3_to_pg.py for tasks to queue
[2026-07-24T19:12:49.747+0000] {logging_mixin.py:190} INFO - [2026-07-24T19:12:49.747+0000] {dagbag.py:588} INFO - Filling up the DagBag from /opt/airflow/dags/raw_from_s3_to_pg.py
[2026-07-24T19:12:49.783+0000] {logging_mixin.py:190} INFO - [2026-07-24T19:12:49.782+0000] {dagbag.py:387} ERROR - Failed to import: /opt/airflow/dags/raw_from_s3_to_pg.py
Traceback (most recent call last):
  File "/home/airflow/.local/lib/python3.12/site-packages/airflow/models/dagbag.py", line 383, in parse
    loader.exec_module(new_module)
  File "<frozen importlib._bootstrap_external>", line 999, in exec_module
  File "<frozen importlib._bootstrap>", line 488, in _call_with_frames_removed
  File "/opt/airflow/dags/raw_from_s3_to_pg.py", line 26, in <module>
    PASSWORD = Variable.get("pg_password")
               ^^^^^^^^^^^^^^^^^^^^^^^^^^^
  File "/home/airflow/.local/lib/python3.12/site-packages/airflow/models/variable.py", line 145, in get
    raise KeyError(f"Variable {key} does not exist")
KeyError: 'Variable pg_password does not exist'
[2026-07-24T19:12:49.783+0000] {processor.py:927} WARNING - No viable dags retrieved from /opt/airflow/dags/raw_from_s3_to_pg.py
[2026-07-24T19:12:49.788+0000] {processor.py:208} INFO - Processing /opt/airflow/dags/raw_from_s3_to_pg.py took 0.050 seconds
[2026-07-24T19:13:19.975+0000] {processor.py:186} INFO - Started process (PID=24335) to work on /opt/airflow/dags/raw_from_s3_to_pg.py
[2026-07-24T19:13:19.976+0000] {processor.py:914} INFO - Processing file /opt/airflow/dags/raw_from_s3_to_pg.py for tasks to queue
[2026-07-24T19:13:19.977+0000] {logging_mixin.py:190} INFO - [2026-07-24T19:13:19.976+0000] {dagbag.py:588} INFO - Filling up the DagBag from /opt/airflow/dags/raw_from_s3_to_pg.py
[2026-07-24T19:13:20.011+0000] {logging_mixin.py:190} INFO - [2026-07-24T19:13:20.010+0000] {dagbag.py:387} ERROR - Failed to import: /opt/airflow/dags/raw_from_s3_to_pg.py
Traceback (most recent call last):
  File "/home/airflow/.local/lib/python3.12/site-packages/airflow/models/dagbag.py", line 383, in parse
    loader.exec_module(new_module)
  File "<frozen importlib._bootstrap_external>", line 999, in exec_module
  File "<frozen importlib._bootstrap>", line 488, in _call_with_frames_removed
  File "/opt/airflow/dags/raw_from_s3_to_pg.py", line 26, in <module>
    PASSWORD = Variable.get("pg_password")
               ^^^^^^^^^^^^^^^^^^^^^^^^^^^
  File "/home/airflow/.local/lib/python3.12/site-packages/airflow/models/variable.py", line 145, in get
    raise KeyError(f"Variable {key} does not exist")
KeyError: 'Variable pg_password does not exist'
[2026-07-24T19:13:20.012+0000] {processor.py:927} WARNING - No viable dags retrieved from /opt/airflow/dags/raw_from_s3_to_pg.py
[2026-07-24T19:13:20.017+0000] {processor.py:208} INFO - Processing /opt/airflow/dags/raw_from_s3_to_pg.py took 0.046 seconds
[2026-07-24T19:13:50.185+0000] {processor.py:186} INFO - Started process (PID=24373) to work on /opt/airflow/dags/raw_from_s3_to_pg.py
[2026-07-24T19:13:50.189+0000] {processor.py:914} INFO - Processing file /opt/airflow/dags/raw_from_s3_to_pg.py for tasks to queue
[2026-07-24T19:13:50.190+0000] {logging_mixin.py:190} INFO - [2026-07-24T19:13:50.190+0000] {dagbag.py:588} INFO - Filling up the DagBag from /opt/airflow/dags/raw_from_s3_to_pg.py
[2026-07-24T19:13:50.229+0000] {logging_mixin.py:190} INFO - [2026-07-24T19:13:50.228+0000] {dagbag.py:387} ERROR - Failed to import: /opt/airflow/dags/raw_from_s3_to_pg.py
Traceback (most recent call last):
  File "/home/airflow/.local/lib/python3.12/site-packages/airflow/models/dagbag.py", line 383, in parse
    loader.exec_module(new_module)
  File "<frozen importlib._bootstrap_external>", line 999, in exec_module
  File "<frozen importlib._bootstrap>", line 488, in _call_with_frames_removed
  File "/opt/airflow/dags/raw_from_s3_to_pg.py", line 26, in <module>
    PASSWORD = Variable.get("pg_password")
               ^^^^^^^^^^^^^^^^^^^^^^^^^^^
  File "/home/airflow/.local/lib/python3.12/site-packages/airflow/models/variable.py", line 145, in get
    raise KeyError(f"Variable {key} does not exist")
KeyError: 'Variable pg_password does not exist'
[2026-07-24T19:13:50.229+0000] {processor.py:927} WARNING - No viable dags retrieved from /opt/airflow/dags/raw_from_s3_to_pg.py
[2026-07-24T19:13:50.236+0000] {processor.py:208} INFO - Processing /opt/airflow/dags/raw_from_s3_to_pg.py took 0.055 seconds
[2026-07-24T19:14:20.419+0000] {processor.py:186} INFO - Started process (PID=24411) to work on /opt/airflow/dags/raw_from_s3_to_pg.py
[2026-07-24T19:14:20.419+0000] {processor.py:914} INFO - Processing file /opt/airflow/dags/raw_from_s3_to_pg.py for tasks to queue
[2026-07-24T19:14:20.420+0000] {logging_mixin.py:190} INFO - [2026-07-24T19:14:20.420+0000] {dagbag.py:588} INFO - Filling up the DagBag from /opt/airflow/dags/raw_from_s3_to_pg.py
[2026-07-24T19:14:20.457+0000] {logging_mixin.py:190} INFO - [2026-07-24T19:14:20.456+0000] {dagbag.py:387} ERROR - Failed to import: /opt/airflow/dags/raw_from_s3_to_pg.py
Traceback (most recent call last):
  File "/home/airflow/.local/lib/python3.12/site-packages/airflow/models/dagbag.py", line 383, in parse
    loader.exec_module(new_module)
  File "<frozen importlib._bootstrap_external>", line 999, in exec_module
  File "<frozen importlib._bootstrap>", line 488, in _call_with_frames_removed
  File "/opt/airflow/dags/raw_from_s3_to_pg.py", line 26, in <module>
    PASSWORD = Variable.get("pg_password")
               ^^^^^^^^^^^^^^^^^^^^^^^^^^^
  File "/home/airflow/.local/lib/python3.12/site-packages/airflow/models/variable.py", line 145, in get
    raise KeyError(f"Variable {key} does not exist")
KeyError: 'Variable pg_password does not exist'
[2026-07-24T19:14:20.458+0000] {processor.py:927} WARNING - No viable dags retrieved from /opt/airflow/dags/raw_from_s3_to_pg.py
[2026-07-24T19:14:20.465+0000] {processor.py:208} INFO - Processing /opt/airflow/dags/raw_from_s3_to_pg.py took 0.050 seconds
[2026-07-24T19:14:50.654+0000] {processor.py:186} INFO - Started process (PID=24449) to work on /opt/airflow/dags/raw_from_s3_to_pg.py
[2026-07-24T19:14:50.658+0000] {processor.py:914} INFO - Processing file /opt/airflow/dags/raw_from_s3_to_pg.py for tasks to queue
[2026-07-24T19:14:50.661+0000] {logging_mixin.py:190} INFO - [2026-07-24T19:14:50.660+0000] {dagbag.py:588} INFO - Filling up the DagBag from /opt/airflow/dags/raw_from_s3_to_pg.py
[2026-07-24T19:14:50.698+0000] {logging_mixin.py:190} INFO - [2026-07-24T19:14:50.697+0000] {dagbag.py:387} ERROR - Failed to import: /opt/airflow/dags/raw_from_s3_to_pg.py
Traceback (most recent call last):
  File "/home/airflow/.local/lib/python3.12/site-packages/airflow/models/dagbag.py", line 383, in parse
    loader.exec_module(new_module)
  File "<frozen importlib._bootstrap_external>", line 999, in exec_module
  File "<frozen importlib._bootstrap>", line 488, in _call_with_frames_removed
  File "/opt/airflow/dags/raw_from_s3_to_pg.py", line 26, in <module>
    PASSWORD = Variable.get("pg_password")
               ^^^^^^^^^^^^^^^^^^^^^^^^^^^
  File "/home/airflow/.local/lib/python3.12/site-packages/airflow/models/variable.py", line 145, in get
    raise KeyError(f"Variable {key} does not exist")
KeyError: 'Variable pg_password does not exist'
[2026-07-24T19:14:50.698+0000] {processor.py:927} WARNING - No viable dags retrieved from /opt/airflow/dags/raw_from_s3_to_pg.py
[2026-07-24T19:14:50.705+0000] {processor.py:208} INFO - Processing /opt/airflow/dags/raw_from_s3_to_pg.py took 0.057 seconds
[2026-07-24T19:15:20.897+0000] {processor.py:186} INFO - Started process (PID=24487) to work on /opt/airflow/dags/raw_from_s3_to_pg.py
[2026-07-24T19:15:20.897+0000] {processor.py:914} INFO - Processing file /opt/airflow/dags/raw_from_s3_to_pg.py for tasks to queue
[2026-07-24T19:15:20.899+0000] {logging_mixin.py:190} INFO - [2026-07-24T19:15:20.899+0000] {dagbag.py:588} INFO - Filling up the DagBag from /opt/airflow/dags/raw_from_s3_to_pg.py
[2026-07-24T19:15:20.937+0000] {logging_mixin.py:190} INFO - [2026-07-24T19:15:20.935+0000] {dagbag.py:387} ERROR - Failed to import: /opt/airflow/dags/raw_from_s3_to_pg.py
Traceback (most recent call last):
  File "/home/airflow/.local/lib/python3.12/site-packages/airflow/models/dagbag.py", line 383, in parse
    loader.exec_module(new_module)
  File "<frozen importlib._bootstrap_external>", line 999, in exec_module
  File "<frozen importlib._bootstrap>", line 488, in _call_with_frames_removed
  File "/opt/airflow/dags/raw_from_s3_to_pg.py", line 26, in <module>
    PASSWORD = Variable.get("pg_password")
               ^^^^^^^^^^^^^^^^^^^^^^^^^^^
  File "/home/airflow/.local/lib/python3.12/site-packages/airflow/models/variable.py", line 145, in get
    raise KeyError(f"Variable {key} does not exist")
KeyError: 'Variable pg_password does not exist'
[2026-07-24T19:15:20.937+0000] {processor.py:927} WARNING - No viable dags retrieved from /opt/airflow/dags/raw_from_s3_to_pg.py
[2026-07-24T19:15:20.943+0000] {processor.py:208} INFO - Processing /opt/airflow/dags/raw_from_s3_to_pg.py took 0.050 seconds
[2026-07-24T19:15:51.127+0000] {processor.py:186} INFO - Started process (PID=24525) to work on /opt/airflow/dags/raw_from_s3_to_pg.py
[2026-07-24T19:15:51.130+0000] {processor.py:914} INFO - Processing file /opt/airflow/dags/raw_from_s3_to_pg.py for tasks to queue
[2026-07-24T19:15:51.132+0000] {logging_mixin.py:190} INFO - [2026-07-24T19:15:51.132+0000] {dagbag.py:588} INFO - Filling up the DagBag from /opt/airflow/dags/raw_from_s3_to_pg.py
[2026-07-24T19:15:51.167+0000] {logging_mixin.py:190} INFO - [2026-07-24T19:15:51.166+0000] {dagbag.py:387} ERROR - Failed to import: /opt/airflow/dags/raw_from_s3_to_pg.py
Traceback (most recent call last):
  File "/home/airflow/.local/lib/python3.12/site-packages/airflow/models/dagbag.py", line 383, in parse
    loader.exec_module(new_module)
  File "<frozen importlib._bootstrap_external>", line 999, in exec_module
  File "<frozen importlib._bootstrap>", line 488, in _call_with_frames_removed
  File "/opt/airflow/dags/raw_from_s3_to_pg.py", line 26, in <module>
    PASSWORD = Variable.get("pg_password")
               ^^^^^^^^^^^^^^^^^^^^^^^^^^^
  File "/home/airflow/.local/lib/python3.12/site-packages/airflow/models/variable.py", line 145, in get
    raise KeyError(f"Variable {key} does not exist")
KeyError: 'Variable pg_password does not exist'
[2026-07-24T19:15:51.167+0000] {processor.py:927} WARNING - No viable dags retrieved from /opt/airflow/dags/raw_from_s3_to_pg.py
[2026-07-24T19:15:51.174+0000] {processor.py:208} INFO - Processing /opt/airflow/dags/raw_from_s3_to_pg.py took 0.053 seconds
[2026-07-24T19:16:21.382+0000] {processor.py:186} INFO - Started process (PID=24563) to work on /opt/airflow/dags/raw_from_s3_to_pg.py
[2026-07-24T19:16:21.383+0000] {processor.py:914} INFO - Processing file /opt/airflow/dags/raw_from_s3_to_pg.py for tasks to queue
[2026-07-24T19:16:21.384+0000] {logging_mixin.py:190} INFO - [2026-07-24T19:16:21.384+0000] {dagbag.py:588} INFO - Filling up the DagBag from /opt/airflow/dags/raw_from_s3_to_pg.py
[2026-07-24T19:16:21.420+0000] {logging_mixin.py:190} INFO - [2026-07-24T19:16:21.418+0000] {dagbag.py:387} ERROR - Failed to import: /opt/airflow/dags/raw_from_s3_to_pg.py
Traceback (most recent call last):
  File "/home/airflow/.local/lib/python3.12/site-packages/airflow/models/dagbag.py", line 383, in parse
    loader.exec_module(new_module)
  File "<frozen importlib._bootstrap_external>", line 999, in exec_module
  File "<frozen importlib._bootstrap>", line 488, in _call_with_frames_removed
  File "/opt/airflow/dags/raw_from_s3_to_pg.py", line 26, in <module>
    PASSWORD = Variable.get("pg_password")
               ^^^^^^^^^^^^^^^^^^^^^^^^^^^
  File "/home/airflow/.local/lib/python3.12/site-packages/airflow/models/variable.py", line 145, in get
    raise KeyError(f"Variable {key} does not exist")
KeyError: 'Variable pg_password does not exist'
[2026-07-24T19:16:21.420+0000] {processor.py:927} WARNING - No viable dags retrieved from /opt/airflow/dags/raw_from_s3_to_pg.py
[2026-07-24T19:16:21.427+0000] {processor.py:208} INFO - Processing /opt/airflow/dags/raw_from_s3_to_pg.py took 0.049 seconds
[2026-07-24T19:16:51.611+0000] {processor.py:186} INFO - Started process (PID=24601) to work on /opt/airflow/dags/raw_from_s3_to_pg.py
[2026-07-24T19:16:51.614+0000] {processor.py:914} INFO - Processing file /opt/airflow/dags/raw_from_s3_to_pg.py for tasks to queue
[2026-07-24T19:16:51.617+0000] {logging_mixin.py:190} INFO - [2026-07-24T19:16:51.616+0000] {dagbag.py:588} INFO - Filling up the DagBag from /opt/airflow/dags/raw_from_s3_to_pg.py
[2026-07-24T19:16:51.655+0000] {logging_mixin.py:190} INFO - [2026-07-24T19:16:51.654+0000] {dagbag.py:387} ERROR - Failed to import: /opt/airflow/dags/raw_from_s3_to_pg.py
Traceback (most recent call last):
  File "/home/airflow/.local/lib/python3.12/site-packages/airflow/models/dagbag.py", line 383, in parse
    loader.exec_module(new_module)
  File "<frozen importlib._bootstrap_external>", line 999, in exec_module
  File "<frozen importlib._bootstrap>", line 488, in _call_with_frames_removed
  File "/opt/airflow/dags/raw_from_s3_to_pg.py", line 26, in <module>
    PASSWORD = Variable.get("pg_password")
               ^^^^^^^^^^^^^^^^^^^^^^^^^^^
  File "/home/airflow/.local/lib/python3.12/site-packages/airflow/models/variable.py", line 145, in get
    raise KeyError(f"Variable {key} does not exist")
KeyError: 'Variable pg_password does not exist'
[2026-07-24T19:16:51.655+0000] {processor.py:927} WARNING - No viable dags retrieved from /opt/airflow/dags/raw_from_s3_to_pg.py
[2026-07-24T19:16:51.663+0000] {processor.py:208} INFO - Processing /opt/airflow/dags/raw_from_s3_to_pg.py took 0.057 seconds
[2026-07-24T19:17:21.862+0000] {processor.py:186} INFO - Started process (PID=24639) to work on /opt/airflow/dags/raw_from_s3_to_pg.py
[2026-07-24T19:17:21.863+0000] {processor.py:914} INFO - Processing file /opt/airflow/dags/raw_from_s3_to_pg.py for tasks to queue
[2026-07-24T19:17:21.864+0000] {logging_mixin.py:190} INFO - [2026-07-24T19:17:21.864+0000] {dagbag.py:588} INFO - Filling up the DagBag from /opt/airflow/dags/raw_from_s3_to_pg.py
[2026-07-24T19:17:21.899+0000] {logging_mixin.py:190} INFO - [2026-07-24T19:17:21.898+0000] {dagbag.py:387} ERROR - Failed to import: /opt/airflow/dags/raw_from_s3_to_pg.py
Traceback (most recent call last):
  File "/home/airflow/.local/lib/python3.12/site-packages/airflow/models/dagbag.py", line 383, in parse
    loader.exec_module(new_module)
  File "<frozen importlib._bootstrap_external>", line 999, in exec_module
  File "<frozen importlib._bootstrap>", line 488, in _call_with_frames_removed
  File "/opt/airflow/dags/raw_from_s3_to_pg.py", line 26, in <module>
    PASSWORD = Variable.get("pg_password")
               ^^^^^^^^^^^^^^^^^^^^^^^^^^^
  File "/home/airflow/.local/lib/python3.12/site-packages/airflow/models/variable.py", line 145, in get
    raise KeyError(f"Variable {key} does not exist")
KeyError: 'Variable pg_password does not exist'
[2026-07-24T19:17:21.899+0000] {processor.py:927} WARNING - No viable dags retrieved from /opt/airflow/dags/raw_from_s3_to_pg.py
[2026-07-24T19:17:21.905+0000] {processor.py:208} INFO - Processing /opt/airflow/dags/raw_from_s3_to_pg.py took 0.047 seconds
[2026-07-24T19:17:52.099+0000] {processor.py:186} INFO - Started process (PID=24677) to work on /opt/airflow/dags/raw_from_s3_to_pg.py
[2026-07-24T19:17:52.101+0000] {processor.py:914} INFO - Processing file /opt/airflow/dags/raw_from_s3_to_pg.py for tasks to queue
[2026-07-24T19:17:52.102+0000] {logging_mixin.py:190} INFO - [2026-07-24T19:17:52.102+0000] {dagbag.py:588} INFO - Filling up the DagBag from /opt/airflow/dags/raw_from_s3_to_pg.py
[2026-07-24T19:17:52.139+0000] {logging_mixin.py:190} INFO - [2026-07-24T19:17:52.139+0000] {dagbag.py:387} ERROR - Failed to import: /opt/airflow/dags/raw_from_s3_to_pg.py
Traceback (most recent call last):
  File "/home/airflow/.local/lib/python3.12/site-packages/airflow/models/dagbag.py", line 383, in parse
    loader.exec_module(new_module)
  File "<frozen importlib._bootstrap_external>", line 999, in exec_module
  File "<frozen importlib._bootstrap>", line 488, in _call_with_frames_removed
  File "/opt/airflow/dags/raw_from_s3_to_pg.py", line 26, in <module>
    PASSWORD = Variable.get("pg_password")
               ^^^^^^^^^^^^^^^^^^^^^^^^^^^
  File "/home/airflow/.local/lib/python3.12/site-packages/airflow/models/variable.py", line 145, in get
    raise KeyError(f"Variable {key} does not exist")
KeyError: 'Variable pg_password does not exist'
[2026-07-24T19:17:52.140+0000] {processor.py:927} WARNING - No viable dags retrieved from /opt/airflow/dags/raw_from_s3_to_pg.py
[2026-07-24T19:17:52.145+0000] {processor.py:208} INFO - Processing /opt/airflow/dags/raw_from_s3_to_pg.py took 0.052 seconds
[2026-07-24T19:18:22.323+0000] {processor.py:186} INFO - Started process (PID=24715) to work on /opt/airflow/dags/raw_from_s3_to_pg.py
[2026-07-24T19:18:22.323+0000] {processor.py:914} INFO - Processing file /opt/airflow/dags/raw_from_s3_to_pg.py for tasks to queue
[2026-07-24T19:18:22.325+0000] {logging_mixin.py:190} INFO - [2026-07-24T19:18:22.325+0000] {dagbag.py:588} INFO - Filling up the DagBag from /opt/airflow/dags/raw_from_s3_to_pg.py
[2026-07-24T19:18:22.361+0000] {logging_mixin.py:190} INFO - [2026-07-24T19:18:22.360+0000] {dagbag.py:387} ERROR - Failed to import: /opt/airflow/dags/raw_from_s3_to_pg.py
Traceback (most recent call last):
  File "/home/airflow/.local/lib/python3.12/site-packages/airflow/models/dagbag.py", line 383, in parse
    loader.exec_module(new_module)
  File "<frozen importlib._bootstrap_external>", line 999, in exec_module
  File "<frozen importlib._bootstrap>", line 488, in _call_with_frames_removed
  File "/opt/airflow/dags/raw_from_s3_to_pg.py", line 26, in <module>
    PASSWORD = Variable.get("pg_password")
               ^^^^^^^^^^^^^^^^^^^^^^^^^^^
  File "/home/airflow/.local/lib/python3.12/site-packages/airflow/models/variable.py", line 145, in get
    raise KeyError(f"Variable {key} does not exist")
KeyError: 'Variable pg_password does not exist'
[2026-07-24T19:18:22.361+0000] {processor.py:927} WARNING - No viable dags retrieved from /opt/airflow/dags/raw_from_s3_to_pg.py
[2026-07-24T19:18:22.366+0000] {processor.py:208} INFO - Processing /opt/airflow/dags/raw_from_s3_to_pg.py took 0.048 seconds
[2026-07-24T19:18:52.545+0000] {processor.py:186} INFO - Started process (PID=24753) to work on /opt/airflow/dags/raw_from_s3_to_pg.py
[2026-07-24T19:18:52.548+0000] {processor.py:914} INFO - Processing file /opt/airflow/dags/raw_from_s3_to_pg.py for tasks to queue
[2026-07-24T19:18:52.551+0000] {logging_mixin.py:190} INFO - [2026-07-24T19:18:52.550+0000] {dagbag.py:588} INFO - Filling up the DagBag from /opt/airflow/dags/raw_from_s3_to_pg.py
[2026-07-24T19:18:52.586+0000] {logging_mixin.py:190} INFO - [2026-07-24T19:18:52.585+0000] {dagbag.py:387} ERROR - Failed to import: /opt/airflow/dags/raw_from_s3_to_pg.py
Traceback (most recent call last):
  File "/home/airflow/.local/lib/python3.12/site-packages/airflow/models/dagbag.py", line 383, in parse
    loader.exec_module(new_module)
  File "<frozen importlib._bootstrap_external>", line 999, in exec_module
  File "<frozen importlib._bootstrap>", line 488, in _call_with_frames_removed
  File "/opt/airflow/dags/raw_from_s3_to_pg.py", line 26, in <module>
    PASSWORD = Variable.get("pg_password")
               ^^^^^^^^^^^^^^^^^^^^^^^^^^^
  File "/home/airflow/.local/lib/python3.12/site-packages/airflow/models/variable.py", line 145, in get
    raise KeyError(f"Variable {key} does not exist")
KeyError: 'Variable pg_password does not exist'
[2026-07-24T19:18:52.586+0000] {processor.py:927} WARNING - No viable dags retrieved from /opt/airflow/dags/raw_from_s3_to_pg.py
[2026-07-24T19:18:52.592+0000] {processor.py:208} INFO - Processing /opt/airflow/dags/raw_from_s3_to_pg.py took 0.054 seconds
[2026-07-24T19:19:22.791+0000] {processor.py:186} INFO - Started process (PID=24791) to work on /opt/airflow/dags/raw_from_s3_to_pg.py
[2026-07-24T19:19:22.792+0000] {processor.py:914} INFO - Processing file /opt/airflow/dags/raw_from_s3_to_pg.py for tasks to queue
[2026-07-24T19:19:22.793+0000] {logging_mixin.py:190} INFO - [2026-07-24T19:19:22.793+0000] {dagbag.py:588} INFO - Filling up the DagBag from /opt/airflow/dags/raw_from_s3_to_pg.py
[2026-07-24T19:19:22.829+0000] {logging_mixin.py:190} INFO - [2026-07-24T19:19:22.828+0000] {dagbag.py:387} ERROR - Failed to import: /opt/airflow/dags/raw_from_s3_to_pg.py
Traceback (most recent call last):
  File "/home/airflow/.local/lib/python3.12/site-packages/airflow/models/dagbag.py", line 383, in parse
    loader.exec_module(new_module)
  File "<frozen importlib._bootstrap_external>", line 999, in exec_module
  File "<frozen importlib._bootstrap>", line 488, in _call_with_frames_removed
  File "/opt/airflow/dags/raw_from_s3_to_pg.py", line 26, in <module>
    PASSWORD = Variable.get("pg_password")
               ^^^^^^^^^^^^^^^^^^^^^^^^^^^
  File "/home/airflow/.local/lib/python3.12/site-packages/airflow/models/variable.py", line 145, in get
    raise KeyError(f"Variable {key} does not exist")
KeyError: 'Variable pg_password does not exist'
[2026-07-24T19:19:22.829+0000] {processor.py:927} WARNING - No viable dags retrieved from /opt/airflow/dags/raw_from_s3_to_pg.py
[2026-07-24T19:19:22.837+0000] {processor.py:208} INFO - Processing /opt/airflow/dags/raw_from_s3_to_pg.py took 0.050 seconds
[2026-07-24T19:19:53.027+0000] {processor.py:186} INFO - Started process (PID=24829) to work on /opt/airflow/dags/raw_from_s3_to_pg.py
[2026-07-24T19:19:53.030+0000] {processor.py:914} INFO - Processing file /opt/airflow/dags/raw_from_s3_to_pg.py for tasks to queue
[2026-07-24T19:19:53.032+0000] {logging_mixin.py:190} INFO - [2026-07-24T19:19:53.032+0000] {dagbag.py:588} INFO - Filling up the DagBag from /opt/airflow/dags/raw_from_s3_to_pg.py
[2026-07-24T19:19:53.068+0000] {logging_mixin.py:190} INFO - [2026-07-24T19:19:53.067+0000] {dagbag.py:387} ERROR - Failed to import: /opt/airflow/dags/raw_from_s3_to_pg.py
Traceback (most recent call last):
  File "/home/airflow/.local/lib/python3.12/site-packages/airflow/models/dagbag.py", line 383, in parse
    loader.exec_module(new_module)
  File "<frozen importlib._bootstrap_external>", line 999, in exec_module
  File "<frozen importlib._bootstrap>", line 488, in _call_with_frames_removed
  File "/opt/airflow/dags/raw_from_s3_to_pg.py", line 26, in <module>
    PASSWORD = Variable.get("pg_password")
               ^^^^^^^^^^^^^^^^^^^^^^^^^^^
  File "/home/airflow/.local/lib/python3.12/site-packages/airflow/models/variable.py", line 145, in get
    raise KeyError(f"Variable {key} does not exist")
KeyError: 'Variable pg_password does not exist'
[2026-07-24T19:19:53.068+0000] {processor.py:927} WARNING - No viable dags retrieved from /opt/airflow/dags/raw_from_s3_to_pg.py
[2026-07-24T19:19:53.074+0000] {processor.py:208} INFO - Processing /opt/airflow/dags/raw_from_s3_to_pg.py took 0.052 seconds
[2026-07-24T19:20:23.274+0000] {processor.py:186} INFO - Started process (PID=24866) to work on /opt/airflow/dags/raw_from_s3_to_pg.py
[2026-07-24T19:20:23.275+0000] {processor.py:914} INFO - Processing file /opt/airflow/dags/raw_from_s3_to_pg.py for tasks to queue
[2026-07-24T19:20:23.276+0000] {logging_mixin.py:190} INFO - [2026-07-24T19:20:23.276+0000] {dagbag.py:588} INFO - Filling up the DagBag from /opt/airflow/dags/raw_from_s3_to_pg.py
[2026-07-24T19:20:23.313+0000] {logging_mixin.py:190} INFO - [2026-07-24T19:20:23.312+0000] {dagbag.py:387} ERROR - Failed to import: /opt/airflow/dags/raw_from_s3_to_pg.py
Traceback (most recent call last):
  File "/home/airflow/.local/lib/python3.12/site-packages/airflow/models/dagbag.py", line 383, in parse
    loader.exec_module(new_module)
  File "<frozen importlib._bootstrap_external>", line 999, in exec_module
  File "<frozen importlib._bootstrap>", line 488, in _call_with_frames_removed
  File "/opt/airflow/dags/raw_from_s3_to_pg.py", line 26, in <module>
    PASSWORD = Variable.get("pg_password")
               ^^^^^^^^^^^^^^^^^^^^^^^^^^^
  File "/home/airflow/.local/lib/python3.12/site-packages/airflow/models/variable.py", line 145, in get
    raise KeyError(f"Variable {key} does not exist")
KeyError: 'Variable pg_password does not exist'
[2026-07-24T19:20:23.314+0000] {processor.py:927} WARNING - No viable dags retrieved from /opt/airflow/dags/raw_from_s3_to_pg.py
[2026-07-24T19:20:23.320+0000] {processor.py:208} INFO - Processing /opt/airflow/dags/raw_from_s3_to_pg.py took 0.053 seconds
[2026-07-24T19:20:53.508+0000] {processor.py:186} INFO - Started process (PID=24904) to work on /opt/airflow/dags/raw_from_s3_to_pg.py
[2026-07-24T19:20:53.511+0000] {processor.py:914} INFO - Processing file /opt/airflow/dags/raw_from_s3_to_pg.py for tasks to queue
[2026-07-24T19:20:53.513+0000] {logging_mixin.py:190} INFO - [2026-07-24T19:20:53.513+0000] {dagbag.py:588} INFO - Filling up the DagBag from /opt/airflow/dags/raw_from_s3_to_pg.py
[2026-07-24T19:20:53.549+0000] {logging_mixin.py:190} INFO - [2026-07-24T19:20:53.548+0000] {dagbag.py:387} ERROR - Failed to import: /opt/airflow/dags/raw_from_s3_to_pg.py
Traceback (most recent call last):
  File "/home/airflow/.local/lib/python3.12/site-packages/airflow/models/dagbag.py", line 383, in parse
    loader.exec_module(new_module)
  File "<frozen importlib._bootstrap_external>", line 999, in exec_module
  File "<frozen importlib._bootstrap>", line 488, in _call_with_frames_removed
  File "/opt/airflow/dags/raw_from_s3_to_pg.py", line 26, in <module>
    PASSWORD = Variable.get("pg_password")
               ^^^^^^^^^^^^^^^^^^^^^^^^^^^
  File "/home/airflow/.local/lib/python3.12/site-packages/airflow/models/variable.py", line 145, in get
    raise KeyError(f"Variable {key} does not exist")
KeyError: 'Variable pg_password does not exist'
[2026-07-24T19:20:53.549+0000] {processor.py:927} WARNING - No viable dags retrieved from /opt/airflow/dags/raw_from_s3_to_pg.py
[2026-07-24T19:20:53.555+0000] {processor.py:208} INFO - Processing /opt/airflow/dags/raw_from_s3_to_pg.py took 0.052 seconds
[2026-07-24T19:21:23.732+0000] {processor.py:186} INFO - Started process (PID=24942) to work on /opt/airflow/dags/raw_from_s3_to_pg.py
[2026-07-24T19:21:23.733+0000] {processor.py:914} INFO - Processing file /opt/airflow/dags/raw_from_s3_to_pg.py for tasks to queue
[2026-07-24T19:21:23.734+0000] {logging_mixin.py:190} INFO - [2026-07-24T19:21:23.734+0000] {dagbag.py:588} INFO - Filling up the DagBag from /opt/airflow/dags/raw_from_s3_to_pg.py
[2026-07-24T19:21:23.772+0000] {logging_mixin.py:190} INFO - [2026-07-24T19:21:23.771+0000] {dagbag.py:387} ERROR - Failed to import: /opt/airflow/dags/raw_from_s3_to_pg.py
Traceback (most recent call last):
  File "/home/airflow/.local/lib/python3.12/site-packages/airflow/models/dagbag.py", line 383, in parse
    loader.exec_module(new_module)
  File "<frozen importlib._bootstrap_external>", line 999, in exec_module
  File "<frozen importlib._bootstrap>", line 488, in _call_with_frames_removed
  File "/opt/airflow/dags/raw_from_s3_to_pg.py", line 26, in <module>
    PASSWORD = Variable.get("pg_password")
               ^^^^^^^^^^^^^^^^^^^^^^^^^^^
  File "/home/airflow/.local/lib/python3.12/site-packages/airflow/models/variable.py", line 145, in get
    raise KeyError(f"Variable {key} does not exist")
KeyError: 'Variable pg_password does not exist'
[2026-07-24T19:21:23.772+0000] {processor.py:927} WARNING - No viable dags retrieved from /opt/airflow/dags/raw_from_s3_to_pg.py
[2026-07-24T19:21:23.778+0000] {processor.py:208} INFO - Processing /opt/airflow/dags/raw_from_s3_to_pg.py took 0.051 seconds
[2026-07-24T19:21:53.975+0000] {processor.py:186} INFO - Started process (PID=24980) to work on /opt/airflow/dags/raw_from_s3_to_pg.py
[2026-07-24T19:21:53.978+0000] {processor.py:914} INFO - Processing file /opt/airflow/dags/raw_from_s3_to_pg.py for tasks to queue
[2026-07-24T19:21:53.979+0000] {logging_mixin.py:190} INFO - [2026-07-24T19:21:53.979+0000] {dagbag.py:588} INFO - Filling up the DagBag from /opt/airflow/dags/raw_from_s3_to_pg.py
[2026-07-24T19:21:54.016+0000] {logging_mixin.py:190} INFO - [2026-07-24T19:21:54.015+0000] {dagbag.py:387} ERROR - Failed to import: /opt/airflow/dags/raw_from_s3_to_pg.py
Traceback (most recent call last):
  File "/home/airflow/.local/lib/python3.12/site-packages/airflow/models/dagbag.py", line 383, in parse
    loader.exec_module(new_module)
  File "<frozen importlib._bootstrap_external>", line 999, in exec_module
  File "<frozen importlib._bootstrap>", line 488, in _call_with_frames_removed
  File "/opt/airflow/dags/raw_from_s3_to_pg.py", line 26, in <module>
    PASSWORD = Variable.get("pg_password")
               ^^^^^^^^^^^^^^^^^^^^^^^^^^^
  File "/home/airflow/.local/lib/python3.12/site-packages/airflow/models/variable.py", line 145, in get
    raise KeyError(f"Variable {key} does not exist")
KeyError: 'Variable pg_password does not exist'
[2026-07-24T19:21:54.016+0000] {processor.py:927} WARNING - No viable dags retrieved from /opt/airflow/dags/raw_from_s3_to_pg.py
[2026-07-24T19:21:54.023+0000] {processor.py:208} INFO - Processing /opt/airflow/dags/raw_from_s3_to_pg.py took 0.051 seconds
[2026-07-24T19:22:24.211+0000] {processor.py:186} INFO - Started process (PID=25018) to work on /opt/airflow/dags/raw_from_s3_to_pg.py
[2026-07-24T19:22:24.212+0000] {processor.py:914} INFO - Processing file /opt/airflow/dags/raw_from_s3_to_pg.py for tasks to queue
[2026-07-24T19:22:24.213+0000] {logging_mixin.py:190} INFO - [2026-07-24T19:22:24.213+0000] {dagbag.py:588} INFO - Filling up the DagBag from /opt/airflow/dags/raw_from_s3_to_pg.py
[2026-07-24T19:22:24.250+0000] {logging_mixin.py:190} INFO - [2026-07-24T19:22:24.249+0000] {dagbag.py:387} ERROR - Failed to import: /opt/airflow/dags/raw_from_s3_to_pg.py
Traceback (most recent call last):
  File "/home/airflow/.local/lib/python3.12/site-packages/airflow/models/dagbag.py", line 383, in parse
    loader.exec_module(new_module)
  File "<frozen importlib._bootstrap_external>", line 999, in exec_module
  File "<frozen importlib._bootstrap>", line 488, in _call_with_frames_removed
  File "/opt/airflow/dags/raw_from_s3_to_pg.py", line 26, in <module>
    PASSWORD = Variable.get("pg_password")
               ^^^^^^^^^^^^^^^^^^^^^^^^^^^
  File "/home/airflow/.local/lib/python3.12/site-packages/airflow/models/variable.py", line 145, in get
    raise KeyError(f"Variable {key} does not exist")
KeyError: 'Variable pg_password does not exist'
[2026-07-24T19:22:24.251+0000] {processor.py:927} WARNING - No viable dags retrieved from /opt/airflow/dags/raw_from_s3_to_pg.py
[2026-07-24T19:22:24.258+0000] {processor.py:208} INFO - Processing /opt/airflow/dags/raw_from_s3_to_pg.py took 0.053 seconds
[2026-07-24T19:22:54.434+0000] {processor.py:186} INFO - Started process (PID=25056) to work on /opt/airflow/dags/raw_from_s3_to_pg.py
[2026-07-24T19:22:54.438+0000] {processor.py:914} INFO - Processing file /opt/airflow/dags/raw_from_s3_to_pg.py for tasks to queue
[2026-07-24T19:22:54.439+0000] {logging_mixin.py:190} INFO - [2026-07-24T19:22:54.439+0000] {dagbag.py:588} INFO - Filling up the DagBag from /opt/airflow/dags/raw_from_s3_to_pg.py
[2026-07-24T19:22:54.476+0000] {logging_mixin.py:190} INFO - [2026-07-24T19:22:54.475+0000] {dagbag.py:387} ERROR - Failed to import: /opt/airflow/dags/raw_from_s3_to_pg.py
Traceback (most recent call last):
  File "/home/airflow/.local/lib/python3.12/site-packages/airflow/models/dagbag.py", line 383, in parse
    loader.exec_module(new_module)
  File "<frozen importlib._bootstrap_external>", line 999, in exec_module
  File "<frozen importlib._bootstrap>", line 488, in _call_with_frames_removed
  File "/opt/airflow/dags/raw_from_s3_to_pg.py", line 26, in <module>
    PASSWORD = Variable.get("pg_password")
               ^^^^^^^^^^^^^^^^^^^^^^^^^^^
  File "/home/airflow/.local/lib/python3.12/site-packages/airflow/models/variable.py", line 145, in get
    raise KeyError(f"Variable {key} does not exist")
KeyError: 'Variable pg_password does not exist'
[2026-07-24T19:22:54.476+0000] {processor.py:927} WARNING - No viable dags retrieved from /opt/airflow/dags/raw_from_s3_to_pg.py
[2026-07-24T19:22:54.483+0000] {processor.py:208} INFO - Processing /opt/airflow/dags/raw_from_s3_to_pg.py took 0.053 seconds
[2026-07-24T19:23:24.680+0000] {processor.py:186} INFO - Started process (PID=25094) to work on /opt/airflow/dags/raw_from_s3_to_pg.py
[2026-07-24T19:23:24.680+0000] {processor.py:914} INFO - Processing file /opt/airflow/dags/raw_from_s3_to_pg.py for tasks to queue
[2026-07-24T19:23:24.682+0000] {logging_mixin.py:190} INFO - [2026-07-24T19:23:24.682+0000] {dagbag.py:588} INFO - Filling up the DagBag from /opt/airflow/dags/raw_from_s3_to_pg.py
[2026-07-24T19:23:24.716+0000] {logging_mixin.py:190} INFO - [2026-07-24T19:23:24.715+0000] {dagbag.py:387} ERROR - Failed to import: /opt/airflow/dags/raw_from_s3_to_pg.py
Traceback (most recent call last):
  File "/home/airflow/.local/lib/python3.12/site-packages/airflow/models/dagbag.py", line 383, in parse
    loader.exec_module(new_module)
  File "<frozen importlib._bootstrap_external>", line 999, in exec_module
  File "<frozen importlib._bootstrap>", line 488, in _call_with_frames_removed
  File "/opt/airflow/dags/raw_from_s3_to_pg.py", line 26, in <module>
    PASSWORD = Variable.get("pg_password")
               ^^^^^^^^^^^^^^^^^^^^^^^^^^^
  File "/home/airflow/.local/lib/python3.12/site-packages/airflow/models/variable.py", line 145, in get
    raise KeyError(f"Variable {key} does not exist")
KeyError: 'Variable pg_password does not exist'
[2026-07-24T19:23:24.716+0000] {processor.py:927} WARNING - No viable dags retrieved from /opt/airflow/dags/raw_from_s3_to_pg.py
[2026-07-24T19:23:24.722+0000] {processor.py:208} INFO - Processing /opt/airflow/dags/raw_from_s3_to_pg.py took 0.048 seconds
[2026-07-24T19:23:54.919+0000] {processor.py:186} INFO - Started process (PID=25132) to work on /opt/airflow/dags/raw_from_s3_to_pg.py
[2026-07-24T19:23:54.922+0000] {processor.py:914} INFO - Processing file /opt/airflow/dags/raw_from_s3_to_pg.py for tasks to queue
[2026-07-24T19:23:54.923+0000] {logging_mixin.py:190} INFO - [2026-07-24T19:23:54.923+0000] {dagbag.py:588} INFO - Filling up the DagBag from /opt/airflow/dags/raw_from_s3_to_pg.py
[2026-07-24T19:23:54.960+0000] {logging_mixin.py:190} INFO - [2026-07-24T19:23:54.959+0000] {dagbag.py:387} ERROR - Failed to import: /opt/airflow/dags/raw_from_s3_to_pg.py
Traceback (most recent call last):
  File "/home/airflow/.local/lib/python3.12/site-packages/airflow/models/dagbag.py", line 383, in parse
    loader.exec_module(new_module)
  File "<frozen importlib._bootstrap_external>", line 999, in exec_module
  File "<frozen importlib._bootstrap>", line 488, in _call_with_frames_removed
  File "/opt/airflow/dags/raw_from_s3_to_pg.py", line 26, in <module>
    PASSWORD = Variable.get("pg_password")
               ^^^^^^^^^^^^^^^^^^^^^^^^^^^
  File "/home/airflow/.local/lib/python3.12/site-packages/airflow/models/variable.py", line 145, in get
    raise KeyError(f"Variable {key} does not exist")
KeyError: 'Variable pg_password does not exist'
[2026-07-24T19:23:54.960+0000] {processor.py:927} WARNING - No viable dags retrieved from /opt/airflow/dags/raw_from_s3_to_pg.py
[2026-07-24T19:23:54.967+0000] {processor.py:208} INFO - Processing /opt/airflow/dags/raw_from_s3_to_pg.py took 0.051 seconds
[2026-07-24T19:24:25.153+0000] {processor.py:186} INFO - Started process (PID=25170) to work on /opt/airflow/dags/raw_from_s3_to_pg.py
[2026-07-24T19:24:25.153+0000] {processor.py:914} INFO - Processing file /opt/airflow/dags/raw_from_s3_to_pg.py for tasks to queue
[2026-07-24T19:24:25.154+0000] {logging_mixin.py:190} INFO - [2026-07-24T19:24:25.154+0000] {dagbag.py:588} INFO - Filling up the DagBag from /opt/airflow/dags/raw_from_s3_to_pg.py
[2026-07-24T19:24:25.188+0000] {logging_mixin.py:190} INFO - [2026-07-24T19:24:25.187+0000] {dagbag.py:387} ERROR - Failed to import: /opt/airflow/dags/raw_from_s3_to_pg.py
Traceback (most recent call last):
  File "/home/airflow/.local/lib/python3.12/site-packages/airflow/models/dagbag.py", line 383, in parse
    loader.exec_module(new_module)
  File "<frozen importlib._bootstrap_external>", line 999, in exec_module
  File "<frozen importlib._bootstrap>", line 488, in _call_with_frames_removed
  File "/opt/airflow/dags/raw_from_s3_to_pg.py", line 26, in <module>
    PASSWORD = Variable.get("pg_password")
               ^^^^^^^^^^^^^^^^^^^^^^^^^^^
  File "/home/airflow/.local/lib/python3.12/site-packages/airflow/models/variable.py", line 145, in get
    raise KeyError(f"Variable {key} does not exist")
KeyError: 'Variable pg_password does not exist'
[2026-07-24T19:24:25.188+0000] {processor.py:927} WARNING - No viable dags retrieved from /opt/airflow/dags/raw_from_s3_to_pg.py
[2026-07-24T19:24:25.193+0000] {processor.py:208} INFO - Processing /opt/airflow/dags/raw_from_s3_to_pg.py took 0.044 seconds
[2026-07-24T19:24:55.359+0000] {processor.py:186} INFO - Started process (PID=25208) to work on /opt/airflow/dags/raw_from_s3_to_pg.py
[2026-07-24T19:24:55.362+0000] {processor.py:914} INFO - Processing file /opt/airflow/dags/raw_from_s3_to_pg.py for tasks to queue
[2026-07-24T19:24:55.364+0000] {logging_mixin.py:190} INFO - [2026-07-24T19:24:55.363+0000] {dagbag.py:588} INFO - Filling up the DagBag from /opt/airflow/dags/raw_from_s3_to_pg.py
[2026-07-24T19:24:55.402+0000] {logging_mixin.py:190} INFO - [2026-07-24T19:24:55.401+0000] {dagbag.py:387} ERROR - Failed to import: /opt/airflow/dags/raw_from_s3_to_pg.py
Traceback (most recent call last):
  File "/home/airflow/.local/lib/python3.12/site-packages/airflow/models/dagbag.py", line 383, in parse
    loader.exec_module(new_module)
  File "<frozen importlib._bootstrap_external>", line 999, in exec_module
  File "<frozen importlib._bootstrap>", line 488, in _call_with_frames_removed
  File "/opt/airflow/dags/raw_from_s3_to_pg.py", line 26, in <module>
    PASSWORD = Variable.get("pg_password")
               ^^^^^^^^^^^^^^^^^^^^^^^^^^^
  File "/home/airflow/.local/lib/python3.12/site-packages/airflow/models/variable.py", line 145, in get
    raise KeyError(f"Variable {key} does not exist")
KeyError: 'Variable pg_password does not exist'
[2026-07-24T19:24:55.402+0000] {processor.py:927} WARNING - No viable dags retrieved from /opt/airflow/dags/raw_from_s3_to_pg.py
[2026-07-24T19:24:55.409+0000] {processor.py:208} INFO - Processing /opt/airflow/dags/raw_from_s3_to_pg.py took 0.054 seconds
[2026-07-24T19:25:25.604+0000] {processor.py:186} INFO - Started process (PID=25246) to work on /opt/airflow/dags/raw_from_s3_to_pg.py
[2026-07-24T19:25:25.604+0000] {processor.py:914} INFO - Processing file /opt/airflow/dags/raw_from_s3_to_pg.py for tasks to queue
[2026-07-24T19:25:25.606+0000] {logging_mixin.py:190} INFO - [2026-07-24T19:25:25.605+0000] {dagbag.py:588} INFO - Filling up the DagBag from /opt/airflow/dags/raw_from_s3_to_pg.py
[2026-07-24T19:25:25.640+0000] {logging_mixin.py:190} INFO - [2026-07-24T19:25:25.640+0000] {dagbag.py:387} ERROR - Failed to import: /opt/airflow/dags/raw_from_s3_to_pg.py
Traceback (most recent call last):
  File "/home/airflow/.local/lib/python3.12/site-packages/airflow/models/dagbag.py", line 383, in parse
    loader.exec_module(new_module)
  File "<frozen importlib._bootstrap_external>", line 999, in exec_module
  File "<frozen importlib._bootstrap>", line 488, in _call_with_frames_removed
  File "/opt/airflow/dags/raw_from_s3_to_pg.py", line 26, in <module>
    PASSWORD = Variable.get("pg_password")
               ^^^^^^^^^^^^^^^^^^^^^^^^^^^
  File "/home/airflow/.local/lib/python3.12/site-packages/airflow/models/variable.py", line 145, in get
    raise KeyError(f"Variable {key} does not exist")
KeyError: 'Variable pg_password does not exist'
[2026-07-24T19:25:25.641+0000] {processor.py:927} WARNING - No viable dags retrieved from /opt/airflow/dags/raw_from_s3_to_pg.py
[2026-07-24T19:25:25.646+0000] {processor.py:208} INFO - Processing /opt/airflow/dags/raw_from_s3_to_pg.py took 0.048 seconds
[2026-07-24T19:25:55.830+0000] {processor.py:186} INFO - Started process (PID=25284) to work on /opt/airflow/dags/raw_from_s3_to_pg.py
[2026-07-24T19:25:55.833+0000] {processor.py:914} INFO - Processing file /opt/airflow/dags/raw_from_s3_to_pg.py for tasks to queue
[2026-07-24T19:25:55.835+0000] {logging_mixin.py:190} INFO - [2026-07-24T19:25:55.835+0000] {dagbag.py:588} INFO - Filling up the DagBag from /opt/airflow/dags/raw_from_s3_to_pg.py
[2026-07-24T19:25:55.873+0000] {logging_mixin.py:190} INFO - [2026-07-24T19:25:55.872+0000] {dagbag.py:387} ERROR - Failed to import: /opt/airflow/dags/raw_from_s3_to_pg.py
Traceback (most recent call last):
  File "/home/airflow/.local/lib/python3.12/site-packages/airflow/models/dagbag.py", line 383, in parse
    loader.exec_module(new_module)
  File "<frozen importlib._bootstrap_external>", line 999, in exec_module
  File "<frozen importlib._bootstrap>", line 488, in _call_with_frames_removed
  File "/opt/airflow/dags/raw_from_s3_to_pg.py", line 26, in <module>
    PASSWORD = Variable.get("pg_password")
               ^^^^^^^^^^^^^^^^^^^^^^^^^^^
  File "/home/airflow/.local/lib/python3.12/site-packages/airflow/models/variable.py", line 145, in get
    raise KeyError(f"Variable {key} does not exist")
KeyError: 'Variable pg_password does not exist'
[2026-07-24T19:25:55.873+0000] {processor.py:927} WARNING - No viable dags retrieved from /opt/airflow/dags/raw_from_s3_to_pg.py
[2026-07-24T19:25:55.879+0000] {processor.py:208} INFO - Processing /opt/airflow/dags/raw_from_s3_to_pg.py took 0.054 seconds
[2026-07-24T19:26:26.052+0000] {processor.py:186} INFO - Started process (PID=25322) to work on /opt/airflow/dags/raw_from_s3_to_pg.py
[2026-07-24T19:26:26.053+0000] {processor.py:914} INFO - Processing file /opt/airflow/dags/raw_from_s3_to_pg.py for tasks to queue
[2026-07-24T19:26:26.054+0000] {logging_mixin.py:190} INFO - [2026-07-24T19:26:26.054+0000] {dagbag.py:588} INFO - Filling up the DagBag from /opt/airflow/dags/raw_from_s3_to_pg.py
[2026-07-24T19:26:26.097+0000] {processor.py:925} INFO - DAG(s) 'raw_from_s3_to_pg' retrieved from /opt/airflow/dags/raw_from_s3_to_pg.py
[2026-07-24T19:26:26.160+0000] {logging_mixin.py:190} INFO - [2026-07-24T19:26:26.160+0000] {override.py:1912} INFO - Created Permission View: can delete on DAG:raw_from_s3_to_pg
[2026-07-24T19:26:26.168+0000] {logging_mixin.py:190} INFO - [2026-07-24T19:26:26.168+0000] {override.py:1912} INFO - Created Permission View: can edit on DAG:raw_from_s3_to_pg
[2026-07-24T19:26:26.174+0000] {logging_mixin.py:190} INFO - [2026-07-24T19:26:26.174+0000] {override.py:1912} INFO - Created Permission View: can read on DAG:raw_from_s3_to_pg
[2026-07-24T19:26:26.179+0000] {logging_mixin.py:190} INFO - [2026-07-24T19:26:26.179+0000] {override.py:1912} INFO - Created Permission View: can delete on DAG Run:raw_from_s3_to_pg
[2026-07-24T19:26:26.185+0000] {logging_mixin.py:190} INFO - [2026-07-24T19:26:26.184+0000] {override.py:1912} INFO - Created Permission View: can create on DAG Run:raw_from_s3_to_pg
[2026-07-24T19:26:26.190+0000] {logging_mixin.py:190} INFO - [2026-07-24T19:26:26.190+0000] {override.py:1912} INFO - Created Permission View: can read on DAG Run:raw_from_s3_to_pg
[2026-07-24T19:26:26.195+0000] {logging_mixin.py:190} INFO - [2026-07-24T19:26:26.195+0000] {override.py:1912} INFO - Created Permission View: menu access on DAG Run:raw_from_s3_to_pg
[2026-07-24T19:26:26.196+0000] {logging_mixin.py:190} INFO - [2026-07-24T19:26:26.196+0000] {dag.py:3239} INFO - Sync 1 DAGs
[2026-07-24T19:26:26.204+0000] {logging_mixin.py:190} INFO - [2026-07-24T19:26:26.204+0000] {dag.py:3262} INFO - Creating ORM DAG for raw_from_s3_to_pg
[2026-07-24T19:26:26.211+0000] {logging_mixin.py:190} INFO - [2026-07-24T19:26:26.211+0000] {dag.py:4180} INFO - Setting next_dagrun for raw_from_s3_to_pg to 2025-05-01 02:00:00+00:00, run_after=2025-05-02 02:00:00+00:00
[2026-07-24T19:26:26.227+0000] {processor.py:208} INFO - Processing /opt/airflow/dags/raw_from_s3_to_pg.py took 0.179 seconds
[2026-07-24T19:26:56.260+0000] {processor.py:186} INFO - Started process (PID=25360) to work on /opt/airflow/dags/raw_from_s3_to_pg.py
[2026-07-24T19:26:56.262+0000] {processor.py:914} INFO - Processing file /opt/airflow/dags/raw_from_s3_to_pg.py for tasks to queue
[2026-07-24T19:26:56.263+0000] {logging_mixin.py:190} INFO - [2026-07-24T19:26:56.263+0000] {dagbag.py:588} INFO - Filling up the DagBag from /opt/airflow/dags/raw_from_s3_to_pg.py
[2026-07-24T19:26:56.304+0000] {processor.py:925} INFO - DAG(s) 'raw_from_s3_to_pg' retrieved from /opt/airflow/dags/raw_from_s3_to_pg.py
[2026-07-24T19:26:56.310+0000] {logging_mixin.py:190} INFO - [2026-07-24T19:26:56.310+0000] {dag.py:3239} INFO - Sync 1 DAGs
[2026-07-24T19:26:56.322+0000] {logging_mixin.py:190} INFO - [2026-07-24T19:26:56.321+0000] {dag.py:4180} INFO - Setting next_dagrun for raw_from_s3_to_pg to 2025-05-01 02:00:00+00:00, run_after=2025-05-02 02:00:00+00:00
[2026-07-24T19:26:56.334+0000] {processor.py:208} INFO - Processing /opt/airflow/dags/raw_from_s3_to_pg.py took 0.077 seconds
[2026-07-24T19:27:26.506+0000] {processor.py:186} INFO - Started process (PID=25398) to work on /opt/airflow/dags/raw_from_s3_to_pg.py
[2026-07-24T19:27:26.507+0000] {processor.py:914} INFO - Processing file /opt/airflow/dags/raw_from_s3_to_pg.py for tasks to queue
[2026-07-24T19:27:26.508+0000] {logging_mixin.py:190} INFO - [2026-07-24T19:27:26.508+0000] {dagbag.py:588} INFO - Filling up the DagBag from /opt/airflow/dags/raw_from_s3_to_pg.py
[2026-07-24T19:27:26.549+0000] {processor.py:925} INFO - DAG(s) 'raw_from_s3_to_pg' retrieved from /opt/airflow/dags/raw_from_s3_to_pg.py
[2026-07-24T19:27:26.556+0000] {logging_mixin.py:190} INFO - [2026-07-24T19:27:26.556+0000] {dag.py:3239} INFO - Sync 1 DAGs
[2026-07-24T19:27:26.568+0000] {logging_mixin.py:190} INFO - [2026-07-24T19:27:26.568+0000] {dag.py:4180} INFO - Setting next_dagrun for raw_from_s3_to_pg to 2025-05-01 02:00:00+00:00, run_after=2025-05-02 02:00:00+00:00
[2026-07-24T19:27:26.579+0000] {processor.py:208} INFO - Processing /opt/airflow/dags/raw_from_s3_to_pg.py took 0.076 seconds
[2026-07-24T19:27:29.543+0000] {processor.py:186} INFO - Started process (PID=25414) to work on /opt/airflow/dags/raw_from_s3_to_pg.py
[2026-07-24T19:27:29.544+0000] {processor.py:914} INFO - Processing file /opt/airflow/dags/raw_from_s3_to_pg.py for tasks to queue
[2026-07-24T19:27:29.546+0000] {logging_mixin.py:190} INFO - [2026-07-24T19:27:29.545+0000] {dagbag.py:588} INFO - Filling up the DagBag from /opt/airflow/dags/raw_from_s3_to_pg.py
[2026-07-24T19:27:29.591+0000] {processor.py:925} INFO - DAG(s) 'raw_from_s3_to_pg' retrieved from /opt/airflow/dags/raw_from_s3_to_pg.py
[2026-07-24T19:27:29.652+0000] {logging_mixin.py:190} INFO - [2026-07-24T19:27:29.652+0000] {dag.py:3239} INFO - Sync 1 DAGs
[2026-07-24T19:27:29.663+0000] {logging_mixin.py:190} INFO - [2026-07-24T19:27:29.663+0000] {dag.py:4180} INFO - Setting next_dagrun for raw_from_s3_to_pg to 2026-07-10 02:00:00+00:00, run_after=2026-07-11 02:00:00+00:00
[2026-07-24T19:27:29.676+0000] {processor.py:208} INFO - Processing /opt/airflow/dags/raw_from_s3_to_pg.py took 0.140 seconds
[2026-07-24T19:27:59.878+0000] {processor.py:186} INFO - Started process (PID=25452) to work on /opt/airflow/dags/raw_from_s3_to_pg.py
[2026-07-24T19:27:59.878+0000] {processor.py:914} INFO - Processing file /opt/airflow/dags/raw_from_s3_to_pg.py for tasks to queue
[2026-07-24T19:27:59.879+0000] {logging_mixin.py:190} INFO - [2026-07-24T19:27:59.879+0000] {dagbag.py:588} INFO - Filling up the DagBag from /opt/airflow/dags/raw_from_s3_to_pg.py
[2026-07-24T19:27:59.916+0000] {processor.py:925} INFO - DAG(s) 'raw_from_s3_to_pg' retrieved from /opt/airflow/dags/raw_from_s3_to_pg.py
[2026-07-24T19:27:59.922+0000] {logging_mixin.py:190} INFO - [2026-07-24T19:27:59.922+0000] {dag.py:3239} INFO - Sync 1 DAGs
[2026-07-24T19:27:59.933+0000] {logging_mixin.py:190} INFO - [2026-07-24T19:27:59.933+0000] {dag.py:4180} INFO - Setting next_dagrun for raw_from_s3_to_pg to 2026-07-10 02:00:00+00:00, run_after=2026-07-11 02:00:00+00:00
[2026-07-24T19:27:59.943+0000] {processor.py:208} INFO - Processing /opt/airflow/dags/raw_from_s3_to_pg.py took 0.070 seconds
[2026-07-24T19:28:30.113+0000] {processor.py:186} INFO - Started process (PID=25490) to work on /opt/airflow/dags/raw_from_s3_to_pg.py
[2026-07-24T19:28:30.116+0000] {processor.py:914} INFO - Processing file /opt/airflow/dags/raw_from_s3_to_pg.py for tasks to queue
[2026-07-24T19:28:30.118+0000] {logging_mixin.py:190} INFO - [2026-07-24T19:28:30.118+0000] {dagbag.py:588} INFO - Filling up the DagBag from /opt/airflow/dags/raw_from_s3_to_pg.py
[2026-07-24T19:28:30.160+0000] {processor.py:925} INFO - DAG(s) 'raw_from_s3_to_pg' retrieved from /opt/airflow/dags/raw_from_s3_to_pg.py
[2026-07-24T19:28:30.168+0000] {logging_mixin.py:190} INFO - [2026-07-24T19:28:30.168+0000] {dag.py:3239} INFO - Sync 1 DAGs
[2026-07-24T19:28:30.181+0000] {logging_mixin.py:190} INFO - [2026-07-24T19:28:30.181+0000] {dag.py:4180} INFO - Setting next_dagrun for raw_from_s3_to_pg to 2026-07-10 02:00:00+00:00, run_after=2026-07-11 02:00:00+00:00
[2026-07-24T19:28:30.194+0000] {processor.py:208} INFO - Processing /opt/airflow/dags/raw_from_s3_to_pg.py took 0.084 seconds
[2026-07-24T19:29:00.399+0000] {processor.py:186} INFO - Started process (PID=25528) to work on /opt/airflow/dags/raw_from_s3_to_pg.py
[2026-07-24T19:29:00.399+0000] {processor.py:914} INFO - Processing file /opt/airflow/dags/raw_from_s3_to_pg.py for tasks to queue
[2026-07-24T19:29:00.401+0000] {logging_mixin.py:190} INFO - [2026-07-24T19:29:00.400+0000] {dagbag.py:588} INFO - Filling up the DagBag from /opt/airflow/dags/raw_from_s3_to_pg.py
[2026-07-24T19:29:00.443+0000] {processor.py:925} INFO - DAG(s) 'raw_from_s3_to_pg' retrieved from /opt/airflow/dags/raw_from_s3_to_pg.py
[2026-07-24T19:29:00.451+0000] {logging_mixin.py:190} INFO - [2026-07-24T19:29:00.450+0000] {dag.py:3239} INFO - Sync 1 DAGs
[2026-07-24T19:29:00.463+0000] {logging_mixin.py:190} INFO - [2026-07-24T19:29:00.463+0000] {dag.py:4180} INFO - Setting next_dagrun for raw_from_s3_to_pg to 2026-07-10 02:00:00+00:00, run_after=2026-07-11 02:00:00+00:00
[2026-07-24T19:29:00.474+0000] {processor.py:208} INFO - Processing /opt/airflow/dags/raw_from_s3_to_pg.py took 0.078 seconds
[2026-07-24T19:29:30.655+0000] {processor.py:186} INFO - Started process (PID=25566) to work on /opt/airflow/dags/raw_from_s3_to_pg.py
[2026-07-24T19:29:30.658+0000] {processor.py:914} INFO - Processing file /opt/airflow/dags/raw_from_s3_to_pg.py for tasks to queue
[2026-07-24T19:29:30.660+0000] {logging_mixin.py:190} INFO - [2026-07-24T19:29:30.660+0000] {dagbag.py:588} INFO - Filling up the DagBag from /opt/airflow/dags/raw_from_s3_to_pg.py
[2026-07-24T19:29:30.702+0000] {processor.py:925} INFO - DAG(s) 'raw_from_s3_to_pg' retrieved from /opt/airflow/dags/raw_from_s3_to_pg.py
[2026-07-24T19:29:30.708+0000] {logging_mixin.py:190} INFO - [2026-07-24T19:29:30.708+0000] {dag.py:3239} INFO - Sync 1 DAGs
[2026-07-24T19:29:30.720+0000] {logging_mixin.py:190} INFO - [2026-07-24T19:29:30.720+0000] {dag.py:4180} INFO - Setting next_dagrun for raw_from_s3_to_pg to 2026-07-10 02:00:00+00:00, run_after=2026-07-11 02:00:00+00:00
[2026-07-24T19:29:30.732+0000] {processor.py:208} INFO - Processing /opt/airflow/dags/raw_from_s3_to_pg.py took 0.082 seconds
[2026-07-24T19:30:01.077+0000] {processor.py:186} INFO - Started process (PID=25604) to work on /opt/airflow/dags/raw_from_s3_to_pg.py
[2026-07-24T19:30:01.077+0000] {processor.py:914} INFO - Processing file /opt/airflow/dags/raw_from_s3_to_pg.py for tasks to queue
[2026-07-24T19:30:01.078+0000] {logging_mixin.py:190} INFO - [2026-07-24T19:30:01.078+0000] {dagbag.py:588} INFO - Filling up the DagBag from /opt/airflow/dags/raw_from_s3_to_pg.py
[2026-07-24T19:30:01.120+0000] {processor.py:925} INFO - DAG(s) 'raw_from_s3_to_pg' retrieved from /opt/airflow/dags/raw_from_s3_to_pg.py
[2026-07-24T19:30:01.127+0000] {logging_mixin.py:190} INFO - [2026-07-24T19:30:01.127+0000] {dag.py:3239} INFO - Sync 1 DAGs
[2026-07-24T19:30:01.139+0000] {logging_mixin.py:190} INFO - [2026-07-24T19:30:01.139+0000] {dag.py:4180} INFO - Setting next_dagrun for raw_from_s3_to_pg to 2026-07-10 02:00:00+00:00, run_after=2026-07-11 02:00:00+00:00
[2026-07-24T19:30:01.150+0000] {processor.py:208} INFO - Processing /opt/airflow/dags/raw_from_s3_to_pg.py took 0.078 seconds
[2026-07-24T19:30:31.318+0000] {processor.py:186} INFO - Started process (PID=25642) to work on /opt/airflow/dags/raw_from_s3_to_pg.py
[2026-07-24T19:30:31.321+0000] {processor.py:914} INFO - Processing file /opt/airflow/dags/raw_from_s3_to_pg.py for tasks to queue
[2026-07-24T19:30:31.322+0000] {logging_mixin.py:190} INFO - [2026-07-24T19:30:31.322+0000] {dagbag.py:588} INFO - Filling up the DagBag from /opt/airflow/dags/raw_from_s3_to_pg.py
[2026-07-24T19:30:31.361+0000] {processor.py:925} INFO - DAG(s) 'raw_from_s3_to_pg' retrieved from /opt/airflow/dags/raw_from_s3_to_pg.py
[2026-07-24T19:30:31.367+0000] {logging_mixin.py:190} INFO - [2026-07-24T19:30:31.367+0000] {dag.py:3239} INFO - Sync 1 DAGs
[2026-07-24T19:30:31.379+0000] {logging_mixin.py:190} INFO - [2026-07-24T19:30:31.379+0000] {dag.py:4180} INFO - Setting next_dagrun for raw_from_s3_to_pg to 2026-07-10 02:00:00+00:00, run_after=2026-07-11 02:00:00+00:00
[2026-07-24T19:30:31.390+0000] {processor.py:208} INFO - Processing /opt/airflow/dags/raw_from_s3_to_pg.py took 0.076 seconds
[2026-07-24T19:31:01.556+0000] {processor.py:186} INFO - Started process (PID=25680) to work on /opt/airflow/dags/raw_from_s3_to_pg.py
[2026-07-24T19:31:01.556+0000] {processor.py:914} INFO - Processing file /opt/airflow/dags/raw_from_s3_to_pg.py for tasks to queue
[2026-07-24T19:31:01.558+0000] {logging_mixin.py:190} INFO - [2026-07-24T19:31:01.557+0000] {dagbag.py:588} INFO - Filling up the DagBag from /opt/airflow/dags/raw_from_s3_to_pg.py
[2026-07-24T19:31:01.602+0000] {processor.py:925} INFO - DAG(s) 'raw_from_s3_to_pg' retrieved from /opt/airflow/dags/raw_from_s3_to_pg.py
[2026-07-24T19:31:01.609+0000] {logging_mixin.py:190} INFO - [2026-07-24T19:31:01.608+0000] {dag.py:3239} INFO - Sync 1 DAGs
[2026-07-24T19:31:01.621+0000] {logging_mixin.py:190} INFO - [2026-07-24T19:31:01.621+0000] {dag.py:4180} INFO - Setting next_dagrun for raw_from_s3_to_pg to 2026-07-10 02:00:00+00:00, run_after=2026-07-11 02:00:00+00:00
[2026-07-24T19:31:01.631+0000] {processor.py:208} INFO - Processing /opt/airflow/dags/raw_from_s3_to_pg.py took 0.080 seconds
[2026-07-24T19:31:31.782+0000] {processor.py:186} INFO - Started process (PID=25718) to work on /opt/airflow/dags/raw_from_s3_to_pg.py
[2026-07-24T19:31:31.783+0000] {processor.py:914} INFO - Processing file /opt/airflow/dags/raw_from_s3_to_pg.py for tasks to queue
[2026-07-24T19:31:31.784+0000] {logging_mixin.py:190} INFO - [2026-07-24T19:31:31.784+0000] {dagbag.py:588} INFO - Filling up the DagBag from /opt/airflow/dags/raw_from_s3_to_pg.py
[2026-07-24T19:31:31.822+0000] {processor.py:925} INFO - DAG(s) 'raw_from_s3_to_pg' retrieved from /opt/airflow/dags/raw_from_s3_to_pg.py
[2026-07-24T19:31:31.829+0000] {logging_mixin.py:190} INFO - [2026-07-24T19:31:31.829+0000] {dag.py:3239} INFO - Sync 1 DAGs
[2026-07-24T19:31:31.840+0000] {logging_mixin.py:190} INFO - [2026-07-24T19:31:31.840+0000] {dag.py:4180} INFO - Setting next_dagrun for raw_from_s3_to_pg to 2026-07-10 02:00:00+00:00, run_after=2026-07-11 02:00:00+00:00
[2026-07-24T19:31:31.850+0000] {processor.py:208} INFO - Processing /opt/airflow/dags/raw_from_s3_to_pg.py took 0.072 seconds
[2026-07-24T19:32:02.052+0000] {processor.py:186} INFO - Started process (PID=25756) to work on /opt/airflow/dags/raw_from_s3_to_pg.py
[2026-07-24T19:32:02.052+0000] {processor.py:914} INFO - Processing file /opt/airflow/dags/raw_from_s3_to_pg.py for tasks to queue
[2026-07-24T19:32:02.053+0000] {logging_mixin.py:190} INFO - [2026-07-24T19:32:02.053+0000] {dagbag.py:588} INFO - Filling up the DagBag from /opt/airflow/dags/raw_from_s3_to_pg.py
[2026-07-24T19:32:02.091+0000] {processor.py:925} INFO - DAG(s) 'raw_from_s3_to_pg' retrieved from /opt/airflow/dags/raw_from_s3_to_pg.py
[2026-07-24T19:32:02.096+0000] {logging_mixin.py:190} INFO - [2026-07-24T19:32:02.096+0000] {dag.py:3239} INFO - Sync 1 DAGs
[2026-07-24T19:32:02.107+0000] {logging_mixin.py:190} INFO - [2026-07-24T19:32:02.107+0000] {dag.py:4180} INFO - Setting next_dagrun for raw_from_s3_to_pg to 2026-07-10 02:00:00+00:00, run_after=2026-07-11 02:00:00+00:00
[2026-07-24T19:32:02.116+0000] {processor.py:208} INFO - Processing /opt/airflow/dags/raw_from_s3_to_pg.py took 0.068 seconds
[2026-07-24T19:32:32.366+0000] {processor.py:186} INFO - Started process (PID=25794) to work on /opt/airflow/dags/raw_from_s3_to_pg.py
[2026-07-24T19:32:32.367+0000] {processor.py:914} INFO - Processing file /opt/airflow/dags/raw_from_s3_to_pg.py for tasks to queue
[2026-07-24T19:32:32.368+0000] {logging_mixin.py:190} INFO - [2026-07-24T19:32:32.368+0000] {dagbag.py:588} INFO - Filling up the DagBag from /opt/airflow/dags/raw_from_s3_to_pg.py
[2026-07-24T19:32:32.405+0000] {processor.py:925} INFO - DAG(s) 'raw_from_s3_to_pg' retrieved from /opt/airflow/dags/raw_from_s3_to_pg.py
[2026-07-24T19:32:32.412+0000] {logging_mixin.py:190} INFO - [2026-07-24T19:32:32.412+0000] {dag.py:3239} INFO - Sync 1 DAGs
[2026-07-24T19:32:32.425+0000] {logging_mixin.py:190} INFO - [2026-07-24T19:32:32.425+0000] {dag.py:4180} INFO - Setting next_dagrun for raw_from_s3_to_pg to 2026-07-10 02:00:00+00:00, run_after=2026-07-11 02:00:00+00:00
[2026-07-24T19:32:32.435+0000] {processor.py:208} INFO - Processing /opt/airflow/dags/raw_from_s3_to_pg.py took 0.072 seconds
[2026-07-24T19:33:02.770+0000] {processor.py:186} INFO - Started process (PID=25832) to work on /opt/airflow/dags/raw_from_s3_to_pg.py
[2026-07-24T19:33:02.771+0000] {processor.py:914} INFO - Processing file /opt/airflow/dags/raw_from_s3_to_pg.py for tasks to queue
[2026-07-24T19:33:02.772+0000] {logging_mixin.py:190} INFO - [2026-07-24T19:33:02.772+0000] {dagbag.py:588} INFO - Filling up the DagBag from /opt/airflow/dags/raw_from_s3_to_pg.py
[2026-07-24T19:33:02.810+0000] {processor.py:925} INFO - DAG(s) 'raw_from_s3_to_pg' retrieved from /opt/airflow/dags/raw_from_s3_to_pg.py
[2026-07-24T19:33:02.816+0000] {logging_mixin.py:190} INFO - [2026-07-24T19:33:02.816+0000] {dag.py:3239} INFO - Sync 1 DAGs
[2026-07-24T19:33:02.828+0000] {logging_mixin.py:190} INFO - [2026-07-24T19:33:02.828+0000] {dag.py:4180} INFO - Setting next_dagrun for raw_from_s3_to_pg to 2026-07-10 02:00:00+00:00, run_after=2026-07-11 02:00:00+00:00
[2026-07-24T19:33:02.839+0000] {processor.py:208} INFO - Processing /opt/airflow/dags/raw_from_s3_to_pg.py took 0.072 seconds
[2026-07-24T19:33:33.173+0000] {processor.py:186} INFO - Started process (PID=25870) to work on /opt/airflow/dags/raw_from_s3_to_pg.py
[2026-07-24T19:33:33.176+0000] {processor.py:914} INFO - Processing file /opt/airflow/dags/raw_from_s3_to_pg.py for tasks to queue
[2026-07-24T19:33:33.177+0000] {logging_mixin.py:190} INFO - [2026-07-24T19:33:33.177+0000] {dagbag.py:588} INFO - Filling up the DagBag from /opt/airflow/dags/raw_from_s3_to_pg.py
[2026-07-24T19:33:33.212+0000] {processor.py:925} INFO - DAG(s) 'raw_from_s3_to_pg' retrieved from /opt/airflow/dags/raw_from_s3_to_pg.py
[2026-07-24T19:33:33.217+0000] {logging_mixin.py:190} INFO - [2026-07-24T19:33:33.217+0000] {dag.py:3239} INFO - Sync 1 DAGs
[2026-07-24T19:33:33.229+0000] {logging_mixin.py:190} INFO - [2026-07-24T19:33:33.229+0000] {dag.py:4180} INFO - Setting next_dagrun for raw_from_s3_to_pg to 2026-07-10 02:00:00+00:00, run_after=2026-07-11 02:00:00+00:00
[2026-07-24T19:33:33.240+0000] {processor.py:208} INFO - Processing /opt/airflow/dags/raw_from_s3_to_pg.py took 0.071 seconds
[2026-07-24T19:34:03.629+0000] {processor.py:186} INFO - Started process (PID=25908) to work on /opt/airflow/dags/raw_from_s3_to_pg.py
[2026-07-24T19:34:03.629+0000] {processor.py:914} INFO - Processing file /opt/airflow/dags/raw_from_s3_to_pg.py for tasks to queue
[2026-07-24T19:34:03.630+0000] {logging_mixin.py:190} INFO - [2026-07-24T19:34:03.630+0000] {dagbag.py:588} INFO - Filling up the DagBag from /opt/airflow/dags/raw_from_s3_to_pg.py
[2026-07-24T19:34:03.667+0000] {processor.py:925} INFO - DAG(s) 'raw_from_s3_to_pg' retrieved from /opt/airflow/dags/raw_from_s3_to_pg.py
[2026-07-24T19:34:03.673+0000] {logging_mixin.py:190} INFO - [2026-07-24T19:34:03.673+0000] {dag.py:3239} INFO - Sync 1 DAGs
[2026-07-24T19:34:03.684+0000] {logging_mixin.py:190} INFO - [2026-07-24T19:34:03.684+0000] {dag.py:4180} INFO - Setting next_dagrun for raw_from_s3_to_pg to 2026-07-10 02:00:00+00:00, run_after=2026-07-11 02:00:00+00:00
[2026-07-24T19:34:03.694+0000] {processor.py:208} INFO - Processing /opt/airflow/dags/raw_from_s3_to_pg.py took 0.068 seconds
[2026-07-24T19:34:33.998+0000] {processor.py:186} INFO - Started process (PID=25946) to work on /opt/airflow/dags/raw_from_s3_to_pg.py
[2026-07-24T19:34:34.008+0000] {processor.py:914} INFO - Processing file /opt/airflow/dags/raw_from_s3_to_pg.py for tasks to queue
[2026-07-24T19:34:34.010+0000] {logging_mixin.py:190} INFO - [2026-07-24T19:34:34.009+0000] {dagbag.py:588} INFO - Filling up the DagBag from /opt/airflow/dags/raw_from_s3_to_pg.py
[2026-07-24T19:34:34.050+0000] {processor.py:925} INFO - DAG(s) 'raw_from_s3_to_pg' retrieved from /opt/airflow/dags/raw_from_s3_to_pg.py
[2026-07-24T19:34:34.056+0000] {logging_mixin.py:190} INFO - [2026-07-24T19:34:34.056+0000] {dag.py:3239} INFO - Sync 1 DAGs
[2026-07-24T19:34:34.070+0000] {logging_mixin.py:190} INFO - [2026-07-24T19:34:34.070+0000] {dag.py:4180} INFO - Setting next_dagrun for raw_from_s3_to_pg to 2026-07-10 02:00:00+00:00, run_after=2026-07-11 02:00:00+00:00
[2026-07-24T19:34:34.090+0000] {processor.py:208} INFO - Processing /opt/airflow/dags/raw_from_s3_to_pg.py took 0.097 seconds
[2026-07-24T19:35:04.321+0000] {processor.py:186} INFO - Started process (PID=25984) to work on /opt/airflow/dags/raw_from_s3_to_pg.py
[2026-07-24T19:35:04.324+0000] {processor.py:914} INFO - Processing file /opt/airflow/dags/raw_from_s3_to_pg.py for tasks to queue
[2026-07-24T19:35:04.325+0000] {logging_mixin.py:190} INFO - [2026-07-24T19:35:04.325+0000] {dagbag.py:588} INFO - Filling up the DagBag from /opt/airflow/dags/raw_from_s3_to_pg.py
[2026-07-24T19:35:04.361+0000] {processor.py:925} INFO - DAG(s) 'raw_from_s3_to_pg' retrieved from /opt/airflow/dags/raw_from_s3_to_pg.py
[2026-07-24T19:35:04.367+0000] {logging_mixin.py:190} INFO - [2026-07-24T19:35:04.367+0000] {dag.py:3239} INFO - Sync 1 DAGs
[2026-07-24T19:35:04.379+0000] {logging_mixin.py:190} INFO - [2026-07-24T19:35:04.379+0000] {dag.py:4180} INFO - Setting next_dagrun for raw_from_s3_to_pg to 2026-07-10 02:00:00+00:00, run_after=2026-07-11 02:00:00+00:00
[2026-07-24T19:35:04.389+0000] {processor.py:208} INFO - Processing /opt/airflow/dags/raw_from_s3_to_pg.py took 0.071 seconds
[2026-07-24T19:35:34.668+0000] {processor.py:186} INFO - Started process (PID=26022) to work on /opt/airflow/dags/raw_from_s3_to_pg.py
[2026-07-24T19:35:34.669+0000] {processor.py:914} INFO - Processing file /opt/airflow/dags/raw_from_s3_to_pg.py for tasks to queue
[2026-07-24T19:35:34.670+0000] {logging_mixin.py:190} INFO - [2026-07-24T19:35:34.670+0000] {dagbag.py:588} INFO - Filling up the DagBag from /opt/airflow/dags/raw_from_s3_to_pg.py
[2026-07-24T19:35:34.711+0000] {processor.py:925} INFO - DAG(s) 'raw_from_s3_to_pg' retrieved from /opt/airflow/dags/raw_from_s3_to_pg.py
[2026-07-24T19:35:34.717+0000] {logging_mixin.py:190} INFO - [2026-07-24T19:35:34.717+0000] {dag.py:3239} INFO - Sync 1 DAGs
[2026-07-24T19:35:34.728+0000] {logging_mixin.py:190} INFO - [2026-07-24T19:35:34.728+0000] {dag.py:4180} INFO - Setting next_dagrun for raw_from_s3_to_pg to 2026-07-10 02:00:00+00:00, run_after=2026-07-11 02:00:00+00:00
[2026-07-24T19:35:34.739+0000] {processor.py:208} INFO - Processing /opt/airflow/dags/raw_from_s3_to_pg.py took 0.076 seconds
[2026-07-24T19:36:05.053+0000] {processor.py:186} INFO - Started process (PID=26060) to work on /opt/airflow/dags/raw_from_s3_to_pg.py
[2026-07-24T19:36:05.056+0000] {processor.py:914} INFO - Processing file /opt/airflow/dags/raw_from_s3_to_pg.py for tasks to queue
[2026-07-24T19:36:05.058+0000] {logging_mixin.py:190} INFO - [2026-07-24T19:36:05.057+0000] {dagbag.py:588} INFO - Filling up the DagBag from /opt/airflow/dags/raw_from_s3_to_pg.py
[2026-07-24T19:36:05.099+0000] {processor.py:925} INFO - DAG(s) 'raw_from_s3_to_pg' retrieved from /opt/airflow/dags/raw_from_s3_to_pg.py
[2026-07-24T19:36:05.106+0000] {logging_mixin.py:190} INFO - [2026-07-24T19:36:05.106+0000] {dag.py:3239} INFO - Sync 1 DAGs
[2026-07-24T19:36:05.119+0000] {logging_mixin.py:190} INFO - [2026-07-24T19:36:05.118+0000] {dag.py:4180} INFO - Setting next_dagrun for raw_from_s3_to_pg to 2026-07-10 02:00:00+00:00, run_after=2026-07-11 02:00:00+00:00
[2026-07-24T19:36:05.129+0000] {processor.py:208} INFO - Processing /opt/airflow/dags/raw_from_s3_to_pg.py took 0.079 seconds
[2026-07-24T19:36:35.286+0000] {processor.py:186} INFO - Started process (PID=26098) to work on /opt/airflow/dags/raw_from_s3_to_pg.py
[2026-07-24T19:36:35.287+0000] {processor.py:914} INFO - Processing file /opt/airflow/dags/raw_from_s3_to_pg.py for tasks to queue
[2026-07-24T19:36:35.289+0000] {logging_mixin.py:190} INFO - [2026-07-24T19:36:35.288+0000] {dagbag.py:588} INFO - Filling up the DagBag from /opt/airflow/dags/raw_from_s3_to_pg.py
[2026-07-24T19:36:35.334+0000] {processor.py:925} INFO - DAG(s) 'raw_from_s3_to_pg' retrieved from /opt/airflow/dags/raw_from_s3_to_pg.py
[2026-07-24T19:36:35.341+0000] {logging_mixin.py:190} INFO - [2026-07-24T19:36:35.341+0000] {dag.py:3239} INFO - Sync 1 DAGs
[2026-07-24T19:36:35.355+0000] {logging_mixin.py:190} INFO - [2026-07-24T19:36:35.355+0000] {dag.py:4180} INFO - Setting next_dagrun for raw_from_s3_to_pg to 2026-07-10 02:00:00+00:00, run_after=2026-07-11 02:00:00+00:00
[2026-07-24T19:36:35.367+0000] {processor.py:208} INFO - Processing /opt/airflow/dags/raw_from_s3_to_pg.py took 0.085 seconds
[2026-07-24T19:37:05.545+0000] {processor.py:186} INFO - Started process (PID=26136) to work on /opt/airflow/dags/raw_from_s3_to_pg.py
[2026-07-24T19:37:05.546+0000] {processor.py:914} INFO - Processing file /opt/airflow/dags/raw_from_s3_to_pg.py for tasks to queue
[2026-07-24T19:37:05.547+0000] {logging_mixin.py:190} INFO - [2026-07-24T19:37:05.547+0000] {dagbag.py:588} INFO - Filling up the DagBag from /opt/airflow/dags/raw_from_s3_to_pg.py
[2026-07-24T19:37:05.587+0000] {processor.py:925} INFO - DAG(s) 'raw_from_s3_to_pg' retrieved from /opt/airflow/dags/raw_from_s3_to_pg.py
[2026-07-24T19:37:05.594+0000] {logging_mixin.py:190} INFO - [2026-07-24T19:37:05.594+0000] {dag.py:3239} INFO - Sync 1 DAGs
[2026-07-24T19:37:05.607+0000] {logging_mixin.py:190} INFO - [2026-07-24T19:37:05.606+0000] {dag.py:4180} INFO - Setting next_dagrun for raw_from_s3_to_pg to 2026-07-10 02:00:00+00:00, run_after=2026-07-11 02:00:00+00:00
[2026-07-24T19:37:05.617+0000] {processor.py:208} INFO - Processing /opt/airflow/dags/raw_from_s3_to_pg.py took 0.077 seconds
[2026-07-24T19:37:35.789+0000] {processor.py:186} INFO - Started process (PID=26174) to work on /opt/airflow/dags/raw_from_s3_to_pg.py
[2026-07-24T19:37:35.789+0000] {processor.py:914} INFO - Processing file /opt/airflow/dags/raw_from_s3_to_pg.py for tasks to queue
[2026-07-24T19:37:35.790+0000] {logging_mixin.py:190} INFO - [2026-07-24T19:37:35.790+0000] {dagbag.py:588} INFO - Filling up the DagBag from /opt/airflow/dags/raw_from_s3_to_pg.py
[2026-07-24T19:37:35.834+0000] {processor.py:925} INFO - DAG(s) 'raw_from_s3_to_pg' retrieved from /opt/airflow/dags/raw_from_s3_to_pg.py
[2026-07-24T19:37:35.840+0000] {logging_mixin.py:190} INFO - [2026-07-24T19:37:35.840+0000] {dag.py:3239} INFO - Sync 1 DAGs
[2026-07-24T19:37:35.852+0000] {logging_mixin.py:190} INFO - [2026-07-24T19:37:35.852+0000] {dag.py:4180} INFO - Setting next_dagrun for raw_from_s3_to_pg to 2026-07-10 02:00:00+00:00, run_after=2026-07-11 02:00:00+00:00
[2026-07-24T19:37:35.862+0000] {processor.py:208} INFO - Processing /opt/airflow/dags/raw_from_s3_to_pg.py took 0.078 seconds
[2026-07-24T19:38:06.040+0000] {processor.py:186} INFO - Started process (PID=26212) to work on /opt/airflow/dags/raw_from_s3_to_pg.py
[2026-07-24T19:38:06.044+0000] {processor.py:914} INFO - Processing file /opt/airflow/dags/raw_from_s3_to_pg.py for tasks to queue
[2026-07-24T19:38:06.045+0000] {logging_mixin.py:190} INFO - [2026-07-24T19:38:06.045+0000] {dagbag.py:588} INFO - Filling up the DagBag from /opt/airflow/dags/raw_from_s3_to_pg.py
[2026-07-24T19:38:06.082+0000] {processor.py:925} INFO - DAG(s) 'raw_from_s3_to_pg' retrieved from /opt/airflow/dags/raw_from_s3_to_pg.py
[2026-07-24T19:38:06.088+0000] {logging_mixin.py:190} INFO - [2026-07-24T19:38:06.088+0000] {dag.py:3239} INFO - Sync 1 DAGs
[2026-07-24T19:38:06.100+0000] {logging_mixin.py:190} INFO - [2026-07-24T19:38:06.100+0000] {dag.py:4180} INFO - Setting next_dagrun for raw_from_s3_to_pg to 2026-07-10 02:00:00+00:00, run_after=2026-07-11 02:00:00+00:00
[2026-07-24T19:38:06.111+0000] {processor.py:208} INFO - Processing /opt/airflow/dags/raw_from_s3_to_pg.py took 0.075 seconds
[2026-07-24T19:38:36.286+0000] {processor.py:186} INFO - Started process (PID=26250) to work on /opt/airflow/dags/raw_from_s3_to_pg.py
[2026-07-24T19:38:36.287+0000] {processor.py:914} INFO - Processing file /opt/airflow/dags/raw_from_s3_to_pg.py for tasks to queue
[2026-07-24T19:38:36.288+0000] {logging_mixin.py:190} INFO - [2026-07-24T19:38:36.288+0000] {dagbag.py:588} INFO - Filling up the DagBag from /opt/airflow/dags/raw_from_s3_to_pg.py
[2026-07-24T19:38:36.325+0000] {processor.py:925} INFO - DAG(s) 'raw_from_s3_to_pg' retrieved from /opt/airflow/dags/raw_from_s3_to_pg.py
[2026-07-24T19:38:36.331+0000] {logging_mixin.py:190} INFO - [2026-07-24T19:38:36.331+0000] {dag.py:3239} INFO - Sync 1 DAGs
[2026-07-24T19:38:36.347+0000] {logging_mixin.py:190} INFO - [2026-07-24T19:38:36.346+0000] {dag.py:4180} INFO - Setting next_dagrun for raw_from_s3_to_pg to 2026-07-10 02:00:00+00:00, run_after=2026-07-11 02:00:00+00:00
[2026-07-24T19:38:36.356+0000] {processor.py:208} INFO - Processing /opt/airflow/dags/raw_from_s3_to_pg.py took 0.074 seconds
[2026-07-24T19:39:06.530+0000] {processor.py:186} INFO - Started process (PID=26288) to work on /opt/airflow/dags/raw_from_s3_to_pg.py
[2026-07-24T19:39:06.532+0000] {processor.py:914} INFO - Processing file /opt/airflow/dags/raw_from_s3_to_pg.py for tasks to queue
[2026-07-24T19:39:06.534+0000] {logging_mixin.py:190} INFO - [2026-07-24T19:39:06.534+0000] {dagbag.py:588} INFO - Filling up the DagBag from /opt/airflow/dags/raw_from_s3_to_pg.py
[2026-07-24T19:39:06.576+0000] {processor.py:925} INFO - DAG(s) 'raw_from_s3_to_pg' retrieved from /opt/airflow/dags/raw_from_s3_to_pg.py
[2026-07-24T19:39:06.583+0000] {logging_mixin.py:190} INFO - [2026-07-24T19:39:06.583+0000] {dag.py:3239} INFO - Sync 1 DAGs
[2026-07-24T19:39:06.597+0000] {logging_mixin.py:190} INFO - [2026-07-24T19:39:06.597+0000] {dag.py:4180} INFO - Setting next_dagrun for raw_from_s3_to_pg to 2026-07-10 02:00:00+00:00, run_after=2026-07-11 02:00:00+00:00
[2026-07-24T19:39:06.607+0000] {processor.py:208} INFO - Processing /opt/airflow/dags/raw_from_s3_to_pg.py took 0.081 seconds
[2026-07-24T19:39:36.825+0000] {processor.py:186} INFO - Started process (PID=26326) to work on /opt/airflow/dags/raw_from_s3_to_pg.py
[2026-07-24T19:39:36.826+0000] {processor.py:914} INFO - Processing file /opt/airflow/dags/raw_from_s3_to_pg.py for tasks to queue
[2026-07-24T19:39:36.827+0000] {logging_mixin.py:190} INFO - [2026-07-24T19:39:36.827+0000] {dagbag.py:588} INFO - Filling up the DagBag from /opt/airflow/dags/raw_from_s3_to_pg.py
[2026-07-24T19:39:36.863+0000] {processor.py:925} INFO - DAG(s) 'raw_from_s3_to_pg' retrieved from /opt/airflow/dags/raw_from_s3_to_pg.py
[2026-07-24T19:39:36.869+0000] {logging_mixin.py:190} INFO - [2026-07-24T19:39:36.869+0000] {dag.py:3239} INFO - Sync 1 DAGs
[2026-07-24T19:39:36.880+0000] {logging_mixin.py:190} INFO - [2026-07-24T19:39:36.880+0000] {dag.py:4180} INFO - Setting next_dagrun for raw_from_s3_to_pg to 2026-07-10 02:00:00+00:00, run_after=2026-07-11 02:00:00+00:00
[2026-07-24T19:39:36.890+0000] {processor.py:208} INFO - Processing /opt/airflow/dags/raw_from_s3_to_pg.py took 0.069 seconds
[2026-07-24T19:40:07.174+0000] {processor.py:186} INFO - Started process (PID=26364) to work on /opt/airflow/dags/raw_from_s3_to_pg.py
[2026-07-24T19:40:07.177+0000] {processor.py:914} INFO - Processing file /opt/airflow/dags/raw_from_s3_to_pg.py for tasks to queue
[2026-07-24T19:40:07.179+0000] {logging_mixin.py:190} INFO - [2026-07-24T19:40:07.179+0000] {dagbag.py:588} INFO - Filling up the DagBag from /opt/airflow/dags/raw_from_s3_to_pg.py
[2026-07-24T19:40:07.219+0000] {processor.py:925} INFO - DAG(s) 'raw_from_s3_to_pg' retrieved from /opt/airflow/dags/raw_from_s3_to_pg.py
[2026-07-24T19:40:07.228+0000] {logging_mixin.py:190} INFO - [2026-07-24T19:40:07.227+0000] {dag.py:3239} INFO - Sync 1 DAGs
[2026-07-24T19:40:07.245+0000] {logging_mixin.py:190} INFO - [2026-07-24T19:40:07.245+0000] {dag.py:4180} INFO - Setting next_dagrun for raw_from_s3_to_pg to 2026-07-10 02:00:00+00:00, run_after=2026-07-11 02:00:00+00:00
[2026-07-24T19:40:07.256+0000] {processor.py:208} INFO - Processing /opt/airflow/dags/raw_from_s3_to_pg.py took 0.086 seconds
[2026-07-24T19:40:37.543+0000] {processor.py:186} INFO - Started process (PID=26402) to work on /opt/airflow/dags/raw_from_s3_to_pg.py
[2026-07-24T19:40:37.544+0000] {processor.py:914} INFO - Processing file /opt/airflow/dags/raw_from_s3_to_pg.py for tasks to queue
[2026-07-24T19:40:37.545+0000] {logging_mixin.py:190} INFO - [2026-07-24T19:40:37.545+0000] {dagbag.py:588} INFO - Filling up the DagBag from /opt/airflow/dags/raw_from_s3_to_pg.py
[2026-07-24T19:40:37.585+0000] {processor.py:925} INFO - DAG(s) 'raw_from_s3_to_pg' retrieved from /opt/airflow/dags/raw_from_s3_to_pg.py
[2026-07-24T19:40:37.591+0000] {logging_mixin.py:190} INFO - [2026-07-24T19:40:37.591+0000] {dag.py:3239} INFO - Sync 1 DAGs
[2026-07-24T19:40:37.604+0000] {logging_mixin.py:190} INFO - [2026-07-24T19:40:37.603+0000] {dag.py:4180} INFO - Setting next_dagrun for raw_from_s3_to_pg to 2026-07-10 02:00:00+00:00, run_after=2026-07-11 02:00:00+00:00
[2026-07-24T19:40:37.613+0000] {processor.py:208} INFO - Processing /opt/airflow/dags/raw_from_s3_to_pg.py took 0.073 seconds
[2026-07-24T19:41:07.956+0000] {processor.py:186} INFO - Started process (PID=26440) to work on /opt/airflow/dags/raw_from_s3_to_pg.py
[2026-07-24T19:41:07.956+0000] {processor.py:914} INFO - Processing file /opt/airflow/dags/raw_from_s3_to_pg.py for tasks to queue
[2026-07-24T19:41:07.958+0000] {logging_mixin.py:190} INFO - [2026-07-24T19:41:07.957+0000] {dagbag.py:588} INFO - Filling up the DagBag from /opt/airflow/dags/raw_from_s3_to_pg.py
[2026-07-24T19:41:07.997+0000] {processor.py:925} INFO - DAG(s) 'raw_from_s3_to_pg' retrieved from /opt/airflow/dags/raw_from_s3_to_pg.py
[2026-07-24T19:41:08.004+0000] {logging_mixin.py:190} INFO - [2026-07-24T19:41:08.004+0000] {dag.py:3239} INFO - Sync 1 DAGs
[2026-07-24T19:41:08.015+0000] {logging_mixin.py:190} INFO - [2026-07-24T19:41:08.015+0000] {dag.py:4180} INFO - Setting next_dagrun for raw_from_s3_to_pg to 2026-07-10 02:00:00+00:00, run_after=2026-07-11 02:00:00+00:00
[2026-07-24T19:41:08.026+0000] {processor.py:208} INFO - Processing /opt/airflow/dags/raw_from_s3_to_pg.py took 0.074 seconds
[2026-07-24T19:41:38.347+0000] {processor.py:186} INFO - Started process (PID=26478) to work on /opt/airflow/dags/raw_from_s3_to_pg.py
[2026-07-24T19:41:38.350+0000] {processor.py:914} INFO - Processing file /opt/airflow/dags/raw_from_s3_to_pg.py for tasks to queue
[2026-07-24T19:41:38.351+0000] {logging_mixin.py:190} INFO - [2026-07-24T19:41:38.351+0000] {dagbag.py:588} INFO - Filling up the DagBag from /opt/airflow/dags/raw_from_s3_to_pg.py
[2026-07-24T19:41:38.389+0000] {processor.py:925} INFO - DAG(s) 'raw_from_s3_to_pg' retrieved from /opt/airflow/dags/raw_from_s3_to_pg.py
[2026-07-24T19:41:38.395+0000] {logging_mixin.py:190} INFO - [2026-07-24T19:41:38.395+0000] {dag.py:3239} INFO - Sync 1 DAGs
[2026-07-24T19:41:38.406+0000] {logging_mixin.py:190} INFO - [2026-07-24T19:41:38.406+0000] {dag.py:4180} INFO - Setting next_dagrun for raw_from_s3_to_pg to 2026-07-10 02:00:00+00:00, run_after=2026-07-11 02:00:00+00:00
[2026-07-24T19:41:38.415+0000] {processor.py:208} INFO - Processing /opt/airflow/dags/raw_from_s3_to_pg.py took 0.072 seconds
[2026-07-24T19:42:08.764+0000] {processor.py:186} INFO - Started process (PID=26516) to work on /opt/airflow/dags/raw_from_s3_to_pg.py
[2026-07-24T19:42:08.764+0000] {processor.py:914} INFO - Processing file /opt/airflow/dags/raw_from_s3_to_pg.py for tasks to queue
[2026-07-24T19:42:08.765+0000] {logging_mixin.py:190} INFO - [2026-07-24T19:42:08.765+0000] {dagbag.py:588} INFO - Filling up the DagBag from /opt/airflow/dags/raw_from_s3_to_pg.py
[2026-07-24T19:42:08.807+0000] {processor.py:925} INFO - DAG(s) 'raw_from_s3_to_pg' retrieved from /opt/airflow/dags/raw_from_s3_to_pg.py
[2026-07-24T19:42:08.813+0000] {logging_mixin.py:190} INFO - [2026-07-24T19:42:08.813+0000] {dag.py:3239} INFO - Sync 1 DAGs
[2026-07-24T19:42:08.824+0000] {logging_mixin.py:190} INFO - [2026-07-24T19:42:08.824+0000] {dag.py:4180} INFO - Setting next_dagrun for raw_from_s3_to_pg to 2026-07-10 02:00:00+00:00, run_after=2026-07-11 02:00:00+00:00
[2026-07-24T19:42:08.834+0000] {processor.py:208} INFO - Processing /opt/airflow/dags/raw_from_s3_to_pg.py took 0.074 seconds
[2026-07-24T19:42:39.191+0000] {processor.py:186} INFO - Started process (PID=26554) to work on /opt/airflow/dags/raw_from_s3_to_pg.py
[2026-07-24T19:42:39.194+0000] {processor.py:914} INFO - Processing file /opt/airflow/dags/raw_from_s3_to_pg.py for tasks to queue
[2026-07-24T19:42:39.196+0000] {logging_mixin.py:190} INFO - [2026-07-24T19:42:39.196+0000] {dagbag.py:588} INFO - Filling up the DagBag from /opt/airflow/dags/raw_from_s3_to_pg.py
[2026-07-24T19:42:39.233+0000] {processor.py:925} INFO - DAG(s) 'raw_from_s3_to_pg' retrieved from /opt/airflow/dags/raw_from_s3_to_pg.py
[2026-07-24T19:42:39.239+0000] {logging_mixin.py:190} INFO - [2026-07-24T19:42:39.239+0000] {dag.py:3239} INFO - Sync 1 DAGs
[2026-07-24T19:42:39.251+0000] {logging_mixin.py:190} INFO - [2026-07-24T19:42:39.251+0000] {dag.py:4180} INFO - Setting next_dagrun for raw_from_s3_to_pg to 2026-07-10 02:00:00+00:00, run_after=2026-07-11 02:00:00+00:00
[2026-07-24T19:42:39.261+0000] {processor.py:208} INFO - Processing /opt/airflow/dags/raw_from_s3_to_pg.py took 0.073 seconds
[2026-07-24T19:43:09.610+0000] {processor.py:186} INFO - Started process (PID=26592) to work on /opt/airflow/dags/raw_from_s3_to_pg.py
[2026-07-24T19:43:09.611+0000] {processor.py:914} INFO - Processing file /opt/airflow/dags/raw_from_s3_to_pg.py for tasks to queue
[2026-07-24T19:43:09.612+0000] {logging_mixin.py:190} INFO - [2026-07-24T19:43:09.612+0000] {dagbag.py:588} INFO - Filling up the DagBag from /opt/airflow/dags/raw_from_s3_to_pg.py
[2026-07-24T19:43:09.648+0000] {processor.py:925} INFO - DAG(s) 'raw_from_s3_to_pg' retrieved from /opt/airflow/dags/raw_from_s3_to_pg.py
[2026-07-24T19:43:09.654+0000] {logging_mixin.py:190} INFO - [2026-07-24T19:43:09.654+0000] {dag.py:3239} INFO - Sync 1 DAGs
[2026-07-24T19:43:09.666+0000] {logging_mixin.py:190} INFO - [2026-07-24T19:43:09.666+0000] {dag.py:4180} INFO - Setting next_dagrun for raw_from_s3_to_pg to 2026-07-10 02:00:00+00:00, run_after=2026-07-11 02:00:00+00:00
[2026-07-24T19:43:09.676+0000] {processor.py:208} INFO - Processing /opt/airflow/dags/raw_from_s3_to_pg.py took 0.069 seconds
[2026-07-24T19:43:39.950+0000] {processor.py:186} INFO - Started process (PID=26630) to work on /opt/airflow/dags/raw_from_s3_to_pg.py
[2026-07-24T19:43:39.953+0000] {processor.py:914} INFO - Processing file /opt/airflow/dags/raw_from_s3_to_pg.py for tasks to queue
[2026-07-24T19:43:39.955+0000] {logging_mixin.py:190} INFO - [2026-07-24T19:43:39.954+0000] {dagbag.py:588} INFO - Filling up the DagBag from /opt/airflow/dags/raw_from_s3_to_pg.py
[2026-07-24T19:43:39.990+0000] {processor.py:925} INFO - DAG(s) 'raw_from_s3_to_pg' retrieved from /opt/airflow/dags/raw_from_s3_to_pg.py
[2026-07-24T19:43:39.995+0000] {logging_mixin.py:190} INFO - [2026-07-24T19:43:39.995+0000] {dag.py:3239} INFO - Sync 1 DAGs
[2026-07-24T19:43:40.006+0000] {logging_mixin.py:190} INFO - [2026-07-24T19:43:40.006+0000] {dag.py:4180} INFO - Setting next_dagrun for raw_from_s3_to_pg to 2026-07-10 02:00:00+00:00, run_after=2026-07-11 02:00:00+00:00
[2026-07-24T19:43:40.017+0000] {processor.py:208} INFO - Processing /opt/airflow/dags/raw_from_s3_to_pg.py took 0.073 seconds
[2026-07-24T19:44:10.340+0000] {processor.py:186} INFO - Started process (PID=26667) to work on /opt/airflow/dags/raw_from_s3_to_pg.py
[2026-07-24T19:44:10.340+0000] {processor.py:914} INFO - Processing file /opt/airflow/dags/raw_from_s3_to_pg.py for tasks to queue
[2026-07-24T19:44:10.341+0000] {logging_mixin.py:190} INFO - [2026-07-24T19:44:10.341+0000] {dagbag.py:588} INFO - Filling up the DagBag from /opt/airflow/dags/raw_from_s3_to_pg.py
[2026-07-24T19:44:10.382+0000] {processor.py:925} INFO - DAG(s) 'raw_from_s3_to_pg' retrieved from /opt/airflow/dags/raw_from_s3_to_pg.py
[2026-07-24T19:44:10.389+0000] {logging_mixin.py:190} INFO - [2026-07-24T19:44:10.389+0000] {dag.py:3239} INFO - Sync 1 DAGs
[2026-07-24T19:44:10.403+0000] {logging_mixin.py:190} INFO - [2026-07-24T19:44:10.403+0000] {dag.py:4180} INFO - Setting next_dagrun for raw_from_s3_to_pg to 2026-07-10 02:00:00+00:00, run_after=2026-07-11 02:00:00+00:00
[2026-07-24T19:44:10.418+0000] {processor.py:208} INFO - Processing /opt/airflow/dags/raw_from_s3_to_pg.py took 0.084 seconds
[2026-07-24T19:44:40.712+0000] {processor.py:186} INFO - Started process (PID=26705) to work on /opt/airflow/dags/raw_from_s3_to_pg.py
[2026-07-24T19:44:40.714+0000] {processor.py:914} INFO - Processing file /opt/airflow/dags/raw_from_s3_to_pg.py for tasks to queue
[2026-07-24T19:44:40.716+0000] {logging_mixin.py:190} INFO - [2026-07-24T19:44:40.716+0000] {dagbag.py:588} INFO - Filling up the DagBag from /opt/airflow/dags/raw_from_s3_to_pg.py
[2026-07-24T19:44:40.754+0000] {processor.py:925} INFO - DAG(s) 'raw_from_s3_to_pg' retrieved from /opt/airflow/dags/raw_from_s3_to_pg.py
[2026-07-24T19:44:40.760+0000] {logging_mixin.py:190} INFO - [2026-07-24T19:44:40.760+0000] {dag.py:3239} INFO - Sync 1 DAGs
[2026-07-24T19:44:40.772+0000] {logging_mixin.py:190} INFO - [2026-07-24T19:44:40.772+0000] {dag.py:4180} INFO - Setting next_dagrun for raw_from_s3_to_pg to 2026-07-10 02:00:00+00:00, run_after=2026-07-11 02:00:00+00:00
[2026-07-24T19:44:40.783+0000] {processor.py:208} INFO - Processing /opt/airflow/dags/raw_from_s3_to_pg.py took 0.076 seconds
[2026-07-24T19:45:11.127+0000] {processor.py:186} INFO - Started process (PID=26743) to work on /opt/airflow/dags/raw_from_s3_to_pg.py
[2026-07-24T19:45:11.127+0000] {processor.py:914} INFO - Processing file /opt/airflow/dags/raw_from_s3_to_pg.py for tasks to queue
[2026-07-24T19:45:11.129+0000] {logging_mixin.py:190} INFO - [2026-07-24T19:45:11.129+0000] {dagbag.py:588} INFO - Filling up the DagBag from /opt/airflow/dags/raw_from_s3_to_pg.py
[2026-07-24T19:45:11.171+0000] {processor.py:925} INFO - DAG(s) 'raw_from_s3_to_pg' retrieved from /opt/airflow/dags/raw_from_s3_to_pg.py
[2026-07-24T19:45:11.178+0000] {logging_mixin.py:190} INFO - [2026-07-24T19:45:11.178+0000] {dag.py:3239} INFO - Sync 1 DAGs
[2026-07-24T19:45:11.189+0000] {logging_mixin.py:190} INFO - [2026-07-24T19:45:11.189+0000] {dag.py:4180} INFO - Setting next_dagrun for raw_from_s3_to_pg to 2026-07-10 02:00:00+00:00, run_after=2026-07-11 02:00:00+00:00
[2026-07-24T19:45:11.199+0000] {processor.py:208} INFO - Processing /opt/airflow/dags/raw_from_s3_to_pg.py took 0.077 seconds
[2026-07-24T19:45:41.561+0000] {processor.py:186} INFO - Started process (PID=26781) to work on /opt/airflow/dags/raw_from_s3_to_pg.py
[2026-07-24T19:45:41.564+0000] {processor.py:914} INFO - Processing file /opt/airflow/dags/raw_from_s3_to_pg.py for tasks to queue
[2026-07-24T19:45:41.565+0000] {logging_mixin.py:190} INFO - [2026-07-24T19:45:41.565+0000] {dagbag.py:588} INFO - Filling up the DagBag from /opt/airflow/dags/raw_from_s3_to_pg.py
[2026-07-24T19:45:41.602+0000] {processor.py:925} INFO - DAG(s) 'raw_from_s3_to_pg' retrieved from /opt/airflow/dags/raw_from_s3_to_pg.py
[2026-07-24T19:45:41.608+0000] {logging_mixin.py:190} INFO - [2026-07-24T19:45:41.608+0000] {dag.py:3239} INFO - Sync 1 DAGs
[2026-07-24T19:45:41.619+0000] {logging_mixin.py:190} INFO - [2026-07-24T19:45:41.619+0000] {dag.py:4180} INFO - Setting next_dagrun for raw_from_s3_to_pg to 2026-07-10 02:00:00+00:00, run_after=2026-07-11 02:00:00+00:00
[2026-07-24T19:45:41.628+0000] {processor.py:208} INFO - Processing /opt/airflow/dags/raw_from_s3_to_pg.py took 0.070 seconds
[2026-07-24T19:46:11.973+0000] {processor.py:186} INFO - Started process (PID=26819) to work on /opt/airflow/dags/raw_from_s3_to_pg.py
[2026-07-24T19:46:11.973+0000] {processor.py:914} INFO - Processing file /opt/airflow/dags/raw_from_s3_to_pg.py for tasks to queue
[2026-07-24T19:46:11.974+0000] {logging_mixin.py:190} INFO - [2026-07-24T19:46:11.974+0000] {dagbag.py:588} INFO - Filling up the DagBag from /opt/airflow/dags/raw_from_s3_to_pg.py
[2026-07-24T19:46:12.010+0000] {processor.py:925} INFO - DAG(s) 'raw_from_s3_to_pg' retrieved from /opt/airflow/dags/raw_from_s3_to_pg.py
[2026-07-24T19:46:12.015+0000] {logging_mixin.py:190} INFO - [2026-07-24T19:46:12.015+0000] {dag.py:3239} INFO - Sync 1 DAGs
[2026-07-24T19:46:12.026+0000] {logging_mixin.py:190} INFO - [2026-07-24T19:46:12.026+0000] {dag.py:4180} INFO - Setting next_dagrun for raw_from_s3_to_pg to 2026-07-10 02:00:00+00:00, run_after=2026-07-11 02:00:00+00:00
[2026-07-24T19:46:12.234+0000] {processor.py:208} INFO - Processing /opt/airflow/dags/raw_from_s3_to_pg.py took 0.265 seconds
[2026-07-24T19:46:42.281+0000] {processor.py:186} INFO - Started process (PID=26857) to work on /opt/airflow/dags/raw_from_s3_to_pg.py
[2026-07-24T19:46:42.284+0000] {processor.py:914} INFO - Processing file /opt/airflow/dags/raw_from_s3_to_pg.py for tasks to queue
[2026-07-24T19:46:42.285+0000] {logging_mixin.py:190} INFO - [2026-07-24T19:46:42.285+0000] {dagbag.py:588} INFO - Filling up the DagBag from /opt/airflow/dags/raw_from_s3_to_pg.py
[2026-07-24T19:46:42.327+0000] {processor.py:925} INFO - DAG(s) 'raw_from_s3_to_pg' retrieved from /opt/airflow/dags/raw_from_s3_to_pg.py
[2026-07-24T19:46:42.334+0000] {logging_mixin.py:190} INFO - [2026-07-24T19:46:42.334+0000] {dag.py:3239} INFO - Sync 1 DAGs
[2026-07-24T19:46:42.347+0000] {logging_mixin.py:190} INFO - [2026-07-24T19:46:42.347+0000] {dag.py:4180} INFO - Setting next_dagrun for raw_from_s3_to_pg to 2026-07-10 02:00:00+00:00, run_after=2026-07-11 02:00:00+00:00
[2026-07-24T19:46:42.359+0000] {processor.py:208} INFO - Processing /opt/airflow/dags/raw_from_s3_to_pg.py took 0.081 seconds
[2026-07-24T19:47:12.532+0000] {processor.py:186} INFO - Started process (PID=26895) to work on /opt/airflow/dags/raw_from_s3_to_pg.py
[2026-07-24T19:47:12.532+0000] {processor.py:914} INFO - Processing file /opt/airflow/dags/raw_from_s3_to_pg.py for tasks to queue
[2026-07-24T19:47:12.533+0000] {logging_mixin.py:190} INFO - [2026-07-24T19:47:12.533+0000] {dagbag.py:588} INFO - Filling up the DagBag from /opt/airflow/dags/raw_from_s3_to_pg.py
[2026-07-24T19:47:12.571+0000] {processor.py:925} INFO - DAG(s) 'raw_from_s3_to_pg' retrieved from /opt/airflow/dags/raw_from_s3_to_pg.py
[2026-07-24T19:47:12.578+0000] {logging_mixin.py:190} INFO - [2026-07-24T19:47:12.578+0000] {dag.py:3239} INFO - Sync 1 DAGs
[2026-07-24T19:47:12.589+0000] {logging_mixin.py:190} INFO - [2026-07-24T19:47:12.589+0000] {dag.py:4180} INFO - Setting next_dagrun for raw_from_s3_to_pg to 2026-07-10 02:00:00+00:00, run_after=2026-07-11 02:00:00+00:00
[2026-07-24T19:47:12.600+0000] {processor.py:208} INFO - Processing /opt/airflow/dags/raw_from_s3_to_pg.py took 0.071 seconds
[2026-07-24T19:47:42.778+0000] {processor.py:186} INFO - Started process (PID=26933) to work on /opt/airflow/dags/raw_from_s3_to_pg.py
[2026-07-24T19:47:42.782+0000] {processor.py:914} INFO - Processing file /opt/airflow/dags/raw_from_s3_to_pg.py for tasks to queue
[2026-07-24T19:47:42.784+0000] {logging_mixin.py:190} INFO - [2026-07-24T19:47:42.783+0000] {dagbag.py:588} INFO - Filling up the DagBag from /opt/airflow/dags/raw_from_s3_to_pg.py
[2026-07-24T19:47:42.822+0000] {processor.py:925} INFO - DAG(s) 'raw_from_s3_to_pg' retrieved from /opt/airflow/dags/raw_from_s3_to_pg.py
[2026-07-24T19:47:42.828+0000] {logging_mixin.py:190} INFO - [2026-07-24T19:47:42.828+0000] {dag.py:3239} INFO - Sync 1 DAGs
[2026-07-24T19:47:42.840+0000] {logging_mixin.py:190} INFO - [2026-07-24T19:47:42.840+0000] {dag.py:4180} INFO - Setting next_dagrun for raw_from_s3_to_pg to 2026-07-10 02:00:00+00:00, run_after=2026-07-11 02:00:00+00:00
[2026-07-24T19:47:42.851+0000] {processor.py:208} INFO - Processing /opt/airflow/dags/raw_from_s3_to_pg.py took 0.078 seconds
[2026-07-24T19:48:12.946+0000] {processor.py:186} INFO - Started process (PID=26971) to work on /opt/airflow/dags/raw_from_s3_to_pg.py
[2026-07-24T19:48:12.947+0000] {processor.py:914} INFO - Processing file /opt/airflow/dags/raw_from_s3_to_pg.py for tasks to queue
[2026-07-24T19:48:12.948+0000] {logging_mixin.py:190} INFO - [2026-07-24T19:48:12.947+0000] {dagbag.py:588} INFO - Filling up the DagBag from /opt/airflow/dags/raw_from_s3_to_pg.py
[2026-07-24T19:48:12.988+0000] {processor.py:925} INFO - DAG(s) 'raw_from_s3_to_pg' retrieved from /opt/airflow/dags/raw_from_s3_to_pg.py
[2026-07-24T19:48:12.996+0000] {logging_mixin.py:190} INFO - [2026-07-24T19:48:12.996+0000] {dag.py:3239} INFO - Sync 1 DAGs
[2026-07-24T19:48:13.011+0000] {logging_mixin.py:190} INFO - [2026-07-24T19:48:13.011+0000] {dag.py:4180} INFO - Setting next_dagrun for raw_from_s3_to_pg to 2026-07-10 02:00:00+00:00, run_after=2026-07-11 02:00:00+00:00
[2026-07-24T19:48:13.023+0000] {processor.py:208} INFO - Processing /opt/airflow/dags/raw_from_s3_to_pg.py took 0.080 seconds
[2026-07-24T19:48:43.197+0000] {processor.py:186} INFO - Started process (PID=27009) to work on /opt/airflow/dags/raw_from_s3_to_pg.py
[2026-07-24T19:48:43.200+0000] {processor.py:914} INFO - Processing file /opt/airflow/dags/raw_from_s3_to_pg.py for tasks to queue
[2026-07-24T19:48:43.201+0000] {logging_mixin.py:190} INFO - [2026-07-24T19:48:43.201+0000] {dagbag.py:588} INFO - Filling up the DagBag from /opt/airflow/dags/raw_from_s3_to_pg.py
[2026-07-24T19:48:43.245+0000] {processor.py:925} INFO - DAG(s) 'raw_from_s3_to_pg' retrieved from /opt/airflow/dags/raw_from_s3_to_pg.py
[2026-07-24T19:48:43.252+0000] {logging_mixin.py:190} INFO - [2026-07-24T19:48:43.252+0000] {dag.py:3239} INFO - Sync 1 DAGs
[2026-07-24T19:48:43.266+0000] {logging_mixin.py:190} INFO - [2026-07-24T19:48:43.266+0000] {dag.py:4180} INFO - Setting next_dagrun for raw_from_s3_to_pg to 2026-07-10 02:00:00+00:00, run_after=2026-07-11 02:00:00+00:00
[2026-07-24T19:48:43.276+0000] {processor.py:208} INFO - Processing /opt/airflow/dags/raw_from_s3_to_pg.py took 0.083 seconds
[2026-07-24T19:49:13.463+0000] {processor.py:186} INFO - Started process (PID=27047) to work on /opt/airflow/dags/raw_from_s3_to_pg.py
[2026-07-24T19:49:13.463+0000] {processor.py:914} INFO - Processing file /opt/airflow/dags/raw_from_s3_to_pg.py for tasks to queue
[2026-07-24T19:49:13.465+0000] {logging_mixin.py:190} INFO - [2026-07-24T19:49:13.465+0000] {dagbag.py:588} INFO - Filling up the DagBag from /opt/airflow/dags/raw_from_s3_to_pg.py
[2026-07-24T19:49:13.504+0000] {processor.py:925} INFO - DAG(s) 'raw_from_s3_to_pg' retrieved from /opt/airflow/dags/raw_from_s3_to_pg.py
[2026-07-24T19:49:13.511+0000] {logging_mixin.py:190} INFO - [2026-07-24T19:49:13.511+0000] {dag.py:3239} INFO - Sync 1 DAGs
[2026-07-24T19:49:13.522+0000] {logging_mixin.py:190} INFO - [2026-07-24T19:49:13.522+0000] {dag.py:4180} INFO - Setting next_dagrun for raw_from_s3_to_pg to 2026-07-10 02:00:00+00:00, run_after=2026-07-11 02:00:00+00:00
[2026-07-24T19:49:13.534+0000] {processor.py:208} INFO - Processing /opt/airflow/dags/raw_from_s3_to_pg.py took 0.076 seconds
[2026-07-24T19:49:43.723+0000] {processor.py:186} INFO - Started process (PID=27085) to work on /opt/airflow/dags/raw_from_s3_to_pg.py
[2026-07-24T19:49:43.727+0000] {processor.py:914} INFO - Processing file /opt/airflow/dags/raw_from_s3_to_pg.py for tasks to queue
[2026-07-24T19:49:43.728+0000] {logging_mixin.py:190} INFO - [2026-07-24T19:49:43.728+0000] {dagbag.py:588} INFO - Filling up the DagBag from /opt/airflow/dags/raw_from_s3_to_pg.py
[2026-07-24T19:49:43.768+0000] {processor.py:925} INFO - DAG(s) 'raw_from_s3_to_pg' retrieved from /opt/airflow/dags/raw_from_s3_to_pg.py
[2026-07-24T19:49:43.774+0000] {logging_mixin.py:190} INFO - [2026-07-24T19:49:43.774+0000] {dag.py:3239} INFO - Sync 1 DAGs
[2026-07-24T19:49:43.786+0000] {logging_mixin.py:190} INFO - [2026-07-24T19:49:43.785+0000] {dag.py:4180} INFO - Setting next_dagrun for raw_from_s3_to_pg to 2026-07-10 02:00:00+00:00, run_after=2026-07-11 02:00:00+00:00
[2026-07-24T19:49:43.798+0000] {processor.py:208} INFO - Processing /opt/airflow/dags/raw_from_s3_to_pg.py took 0.079 seconds
[2026-07-24T19:50:13.993+0000] {processor.py:186} INFO - Started process (PID=27123) to work on /opt/airflow/dags/raw_from_s3_to_pg.py
[2026-07-24T19:50:13.994+0000] {processor.py:914} INFO - Processing file /opt/airflow/dags/raw_from_s3_to_pg.py for tasks to queue
[2026-07-24T19:50:13.995+0000] {logging_mixin.py:190} INFO - [2026-07-24T19:50:13.995+0000] {dagbag.py:588} INFO - Filling up the DagBag from /opt/airflow/dags/raw_from_s3_to_pg.py
[2026-07-24T19:50:14.037+0000] {processor.py:925} INFO - DAG(s) 'raw_from_s3_to_pg' retrieved from /opt/airflow/dags/raw_from_s3_to_pg.py
[2026-07-24T19:50:14.044+0000] {logging_mixin.py:190} INFO - [2026-07-24T19:50:14.044+0000] {dag.py:3239} INFO - Sync 1 DAGs
[2026-07-24T19:50:14.056+0000] {logging_mixin.py:190} INFO - [2026-07-24T19:50:14.056+0000] {dag.py:4180} INFO - Setting next_dagrun for raw_from_s3_to_pg to 2026-07-10 02:00:00+00:00, run_after=2026-07-11 02:00:00+00:00
[2026-07-24T19:50:14.066+0000] {processor.py:208} INFO - Processing /opt/airflow/dags/raw_from_s3_to_pg.py took 0.076 seconds
[2026-07-24T19:50:44.252+0000] {processor.py:186} INFO - Started process (PID=27161) to work on /opt/airflow/dags/raw_from_s3_to_pg.py
[2026-07-24T19:50:44.255+0000] {processor.py:914} INFO - Processing file /opt/airflow/dags/raw_from_s3_to_pg.py for tasks to queue
[2026-07-24T19:50:44.257+0000] {logging_mixin.py:190} INFO - [2026-07-24T19:50:44.257+0000] {dagbag.py:588} INFO - Filling up the DagBag from /opt/airflow/dags/raw_from_s3_to_pg.py
[2026-07-24T19:50:44.297+0000] {processor.py:925} INFO - DAG(s) 'raw_from_s3_to_pg' retrieved from /opt/airflow/dags/raw_from_s3_to_pg.py
[2026-07-24T19:50:44.303+0000] {logging_mixin.py:190} INFO - [2026-07-24T19:50:44.303+0000] {dag.py:3239} INFO - Sync 1 DAGs
[2026-07-24T19:50:44.315+0000] {logging_mixin.py:190} INFO - [2026-07-24T19:50:44.315+0000] {dag.py:4180} INFO - Setting next_dagrun for raw_from_s3_to_pg to 2026-07-10 02:00:00+00:00, run_after=2026-07-11 02:00:00+00:00
[2026-07-24T19:50:44.326+0000] {processor.py:208} INFO - Processing /opt/airflow/dags/raw_from_s3_to_pg.py took 0.079 seconds
[2026-07-24T19:51:14.505+0000] {processor.py:186} INFO - Started process (PID=27199) to work on /opt/airflow/dags/raw_from_s3_to_pg.py
[2026-07-24T19:51:14.506+0000] {processor.py:914} INFO - Processing file /opt/airflow/dags/raw_from_s3_to_pg.py for tasks to queue
[2026-07-24T19:51:14.507+0000] {logging_mixin.py:190} INFO - [2026-07-24T19:51:14.507+0000] {dagbag.py:588} INFO - Filling up the DagBag from /opt/airflow/dags/raw_from_s3_to_pg.py
[2026-07-24T19:51:14.542+0000] {processor.py:925} INFO - DAG(s) 'raw_from_s3_to_pg' retrieved from /opt/airflow/dags/raw_from_s3_to_pg.py
[2026-07-24T19:51:14.548+0000] {logging_mixin.py:190} INFO - [2026-07-24T19:51:14.548+0000] {dag.py:3239} INFO - Sync 1 DAGs
[2026-07-24T19:51:14.559+0000] {logging_mixin.py:190} INFO - [2026-07-24T19:51:14.559+0000] {dag.py:4180} INFO - Setting next_dagrun for raw_from_s3_to_pg to 2026-07-10 02:00:00+00:00, run_after=2026-07-11 02:00:00+00:00
[2026-07-24T19:51:14.569+0000] {processor.py:208} INFO - Processing /opt/airflow/dags/raw_from_s3_to_pg.py took 0.068 seconds
[2026-07-24T19:51:44.756+0000] {processor.py:186} INFO - Started process (PID=27237) to work on /opt/airflow/dags/raw_from_s3_to_pg.py
[2026-07-24T19:51:44.760+0000] {processor.py:914} INFO - Processing file /opt/airflow/dags/raw_from_s3_to_pg.py for tasks to queue
[2026-07-24T19:51:44.761+0000] {logging_mixin.py:190} INFO - [2026-07-24T19:51:44.761+0000] {dagbag.py:588} INFO - Filling up the DagBag from /opt/airflow/dags/raw_from_s3_to_pg.py
[2026-07-24T19:51:44.800+0000] {processor.py:925} INFO - DAG(s) 'raw_from_s3_to_pg' retrieved from /opt/airflow/dags/raw_from_s3_to_pg.py
[2026-07-24T19:51:44.807+0000] {logging_mixin.py:190} INFO - [2026-07-24T19:51:44.806+0000] {dag.py:3239} INFO - Sync 1 DAGs
[2026-07-24T19:51:44.819+0000] {logging_mixin.py:190} INFO - [2026-07-24T19:51:44.818+0000] {dag.py:4180} INFO - Setting next_dagrun for raw_from_s3_to_pg to 2026-07-10 02:00:00+00:00, run_after=2026-07-11 02:00:00+00:00
[2026-07-24T19:51:44.830+0000] {processor.py:208} INFO - Processing /opt/airflow/dags/raw_from_s3_to_pg.py took 0.079 seconds
[2026-07-24T19:52:15.017+0000] {processor.py:186} INFO - Started process (PID=27275) to work on /opt/airflow/dags/raw_from_s3_to_pg.py
[2026-07-24T19:52:15.017+0000] {processor.py:914} INFO - Processing file /opt/airflow/dags/raw_from_s3_to_pg.py for tasks to queue
[2026-07-24T19:52:15.018+0000] {logging_mixin.py:190} INFO - [2026-07-24T19:52:15.018+0000] {dagbag.py:588} INFO - Filling up the DagBag from /opt/airflow/dags/raw_from_s3_to_pg.py
[2026-07-24T19:52:15.061+0000] {processor.py:925} INFO - DAG(s) 'raw_from_s3_to_pg' retrieved from /opt/airflow/dags/raw_from_s3_to_pg.py
[2026-07-24T19:52:15.068+0000] {logging_mixin.py:190} INFO - [2026-07-24T19:52:15.068+0000] {dag.py:3239} INFO - Sync 1 DAGs
[2026-07-24T19:52:15.081+0000] {logging_mixin.py:190} INFO - [2026-07-24T19:52:15.081+0000] {dag.py:4180} INFO - Setting next_dagrun for raw_from_s3_to_pg to 2026-07-10 02:00:00+00:00, run_after=2026-07-11 02:00:00+00:00
[2026-07-24T19:52:15.092+0000] {processor.py:208} INFO - Processing /opt/airflow/dags/raw_from_s3_to_pg.py took 0.079 seconds
[2026-07-24T19:52:45.286+0000] {processor.py:186} INFO - Started process (PID=27313) to work on /opt/airflow/dags/raw_from_s3_to_pg.py
[2026-07-24T19:52:45.289+0000] {processor.py:914} INFO - Processing file /opt/airflow/dags/raw_from_s3_to_pg.py for tasks to queue
[2026-07-24T19:52:45.290+0000] {logging_mixin.py:190} INFO - [2026-07-24T19:52:45.290+0000] {dagbag.py:588} INFO - Filling up the DagBag from /opt/airflow/dags/raw_from_s3_to_pg.py
[2026-07-24T19:52:45.332+0000] {processor.py:925} INFO - DAG(s) 'raw_from_s3_to_pg' retrieved from /opt/airflow/dags/raw_from_s3_to_pg.py
[2026-07-24T19:52:45.339+0000] {logging_mixin.py:190} INFO - [2026-07-24T19:52:45.339+0000] {dag.py:3239} INFO - Sync 1 DAGs
[2026-07-24T19:52:45.351+0000] {logging_mixin.py:190} INFO - [2026-07-24T19:52:45.351+0000] {dag.py:4180} INFO - Setting next_dagrun for raw_from_s3_to_pg to 2026-07-10 02:00:00+00:00, run_after=2026-07-11 02:00:00+00:00
[2026-07-24T19:52:45.363+0000] {processor.py:208} INFO - Processing /opt/airflow/dags/raw_from_s3_to_pg.py took 0.081 seconds
[2026-07-24T19:53:15.561+0000] {processor.py:186} INFO - Started process (PID=27351) to work on /opt/airflow/dags/raw_from_s3_to_pg.py
[2026-07-24T19:53:15.561+0000] {processor.py:914} INFO - Processing file /opt/airflow/dags/raw_from_s3_to_pg.py for tasks to queue
[2026-07-24T19:53:15.563+0000] {logging_mixin.py:190} INFO - [2026-07-24T19:53:15.562+0000] {dagbag.py:588} INFO - Filling up the DagBag from /opt/airflow/dags/raw_from_s3_to_pg.py
[2026-07-24T19:53:15.603+0000] {processor.py:925} INFO - DAG(s) 'raw_from_s3_to_pg' retrieved from /opt/airflow/dags/raw_from_s3_to_pg.py
[2026-07-24T19:53:15.610+0000] {logging_mixin.py:190} INFO - [2026-07-24T19:53:15.610+0000] {dag.py:3239} INFO - Sync 1 DAGs
[2026-07-24T19:53:15.622+0000] {logging_mixin.py:190} INFO - [2026-07-24T19:53:15.622+0000] {dag.py:4180} INFO - Setting next_dagrun for raw_from_s3_to_pg to 2026-07-10 02:00:00+00:00, run_after=2026-07-11 02:00:00+00:00
[2026-07-24T19:53:15.632+0000] {processor.py:208} INFO - Processing /opt/airflow/dags/raw_from_s3_to_pg.py took 0.074 seconds
[2026-07-24T19:53:45.819+0000] {processor.py:186} INFO - Started process (PID=27389) to work on /opt/airflow/dags/raw_from_s3_to_pg.py
[2026-07-24T19:53:45.822+0000] {processor.py:914} INFO - Processing file /opt/airflow/dags/raw_from_s3_to_pg.py for tasks to queue
[2026-07-24T19:53:45.823+0000] {logging_mixin.py:190} INFO - [2026-07-24T19:53:45.823+0000] {dagbag.py:588} INFO - Filling up the DagBag from /opt/airflow/dags/raw_from_s3_to_pg.py
[2026-07-24T19:53:45.865+0000] {processor.py:925} INFO - DAG(s) 'raw_from_s3_to_pg' retrieved from /opt/airflow/dags/raw_from_s3_to_pg.py
[2026-07-24T19:53:45.872+0000] {logging_mixin.py:190} INFO - [2026-07-24T19:53:45.872+0000] {dag.py:3239} INFO - Sync 1 DAGs
[2026-07-24T19:53:45.883+0000] {logging_mixin.py:190} INFO - [2026-07-24T19:53:45.883+0000] {dag.py:4180} INFO - Setting next_dagrun for raw_from_s3_to_pg to 2026-07-10 02:00:00+00:00, run_after=2026-07-11 02:00:00+00:00
[2026-07-24T19:53:45.895+0000] {processor.py:208} INFO - Processing /opt/airflow/dags/raw_from_s3_to_pg.py took 0.080 seconds
[2026-07-24T19:54:16.073+0000] {processor.py:186} INFO - Started process (PID=27427) to work on /opt/airflow/dags/raw_from_s3_to_pg.py
[2026-07-24T19:54:16.073+0000] {processor.py:914} INFO - Processing file /opt/airflow/dags/raw_from_s3_to_pg.py for tasks to queue
[2026-07-24T19:54:16.074+0000] {logging_mixin.py:190} INFO - [2026-07-24T19:54:16.074+0000] {dagbag.py:588} INFO - Filling up the DagBag from /opt/airflow/dags/raw_from_s3_to_pg.py
[2026-07-24T19:54:16.110+0000] {processor.py:925} INFO - DAG(s) 'raw_from_s3_to_pg' retrieved from /opt/airflow/dags/raw_from_s3_to_pg.py
[2026-07-24T19:54:16.116+0000] {logging_mixin.py:190} INFO - [2026-07-24T19:54:16.116+0000] {dag.py:3239} INFO - Sync 1 DAGs
[2026-07-24T19:54:16.128+0000] {logging_mixin.py:190} INFO - [2026-07-24T19:54:16.128+0000] {dag.py:4180} INFO - Setting next_dagrun for raw_from_s3_to_pg to 2026-07-10 02:00:00+00:00, run_after=2026-07-11 02:00:00+00:00
[2026-07-24T19:54:16.138+0000] {processor.py:208} INFO - Processing /opt/airflow/dags/raw_from_s3_to_pg.py took 0.069 seconds
[2026-07-24T19:54:46.322+0000] {processor.py:186} INFO - Started process (PID=27465) to work on /opt/airflow/dags/raw_from_s3_to_pg.py
[2026-07-24T19:54:46.325+0000] {processor.py:914} INFO - Processing file /opt/airflow/dags/raw_from_s3_to_pg.py for tasks to queue
[2026-07-24T19:54:46.327+0000] {logging_mixin.py:190} INFO - [2026-07-24T19:54:46.326+0000] {dagbag.py:588} INFO - Filling up the DagBag from /opt/airflow/dags/raw_from_s3_to_pg.py
[2026-07-24T19:54:46.367+0000] {processor.py:925} INFO - DAG(s) 'raw_from_s3_to_pg' retrieved from /opt/airflow/dags/raw_from_s3_to_pg.py
[2026-07-24T19:54:46.373+0000] {logging_mixin.py:190} INFO - [2026-07-24T19:54:46.373+0000] {dag.py:3239} INFO - Sync 1 DAGs
[2026-07-24T19:54:46.385+0000] {logging_mixin.py:190} INFO - [2026-07-24T19:54:46.385+0000] {dag.py:4180} INFO - Setting next_dagrun for raw_from_s3_to_pg to 2026-07-10 02:00:00+00:00, run_after=2026-07-11 02:00:00+00:00
[2026-07-24T19:54:46.395+0000] {processor.py:208} INFO - Processing /opt/airflow/dags/raw_from_s3_to_pg.py took 0.077 seconds
[2026-07-24T19:55:16.581+0000] {processor.py:186} INFO - Started process (PID=27503) to work on /opt/airflow/dags/raw_from_s3_to_pg.py
[2026-07-24T19:55:16.581+0000] {processor.py:914} INFO - Processing file /opt/airflow/dags/raw_from_s3_to_pg.py for tasks to queue
[2026-07-24T19:55:16.583+0000] {logging_mixin.py:190} INFO - [2026-07-24T19:55:16.583+0000] {dagbag.py:588} INFO - Filling up the DagBag from /opt/airflow/dags/raw_from_s3_to_pg.py
[2026-07-24T19:55:16.622+0000] {processor.py:925} INFO - DAG(s) 'raw_from_s3_to_pg' retrieved from /opt/airflow/dags/raw_from_s3_to_pg.py
[2026-07-24T19:55:16.628+0000] {logging_mixin.py:190} INFO - [2026-07-24T19:55:16.628+0000] {dag.py:3239} INFO - Sync 1 DAGs
[2026-07-24T19:55:16.640+0000] {logging_mixin.py:190} INFO - [2026-07-24T19:55:16.639+0000] {dag.py:4180} INFO - Setting next_dagrun for raw_from_s3_to_pg to 2026-07-10 02:00:00+00:00, run_after=2026-07-11 02:00:00+00:00
[2026-07-24T19:55:16.650+0000] {processor.py:208} INFO - Processing /opt/airflow/dags/raw_from_s3_to_pg.py took 0.074 seconds
[2026-07-24T19:55:46.834+0000] {processor.py:186} INFO - Started process (PID=27547) to work on /opt/airflow/dags/raw_from_s3_to_pg.py
[2026-07-24T19:55:46.836+0000] {processor.py:914} INFO - Processing file /opt/airflow/dags/raw_from_s3_to_pg.py for tasks to queue
[2026-07-24T19:55:46.838+0000] {logging_mixin.py:190} INFO - [2026-07-24T19:55:46.837+0000] {dagbag.py:588} INFO - Filling up the DagBag from /opt/airflow/dags/raw_from_s3_to_pg.py
[2026-07-24T19:55:46.876+0000] {processor.py:925} INFO - DAG(s) 'raw_from_s3_to_pg' retrieved from /opt/airflow/dags/raw_from_s3_to_pg.py
[2026-07-24T19:55:46.882+0000] {logging_mixin.py:190} INFO - [2026-07-24T19:55:46.882+0000] {dag.py:3239} INFO - Sync 1 DAGs
[2026-07-24T19:55:46.894+0000] {logging_mixin.py:190} INFO - [2026-07-24T19:55:46.894+0000] {dag.py:4180} INFO - Setting next_dagrun for raw_from_s3_to_pg to 2026-07-10 02:00:00+00:00, run_after=2026-07-11 02:00:00+00:00
[2026-07-24T19:55:46.906+0000] {processor.py:208} INFO - Processing /opt/airflow/dags/raw_from_s3_to_pg.py took 0.076 seconds
[2026-07-24T19:56:17.077+0000] {processor.py:186} INFO - Started process (PID=27585) to work on /opt/airflow/dags/raw_from_s3_to_pg.py
[2026-07-24T19:56:17.077+0000] {processor.py:914} INFO - Processing file /opt/airflow/dags/raw_from_s3_to_pg.py for tasks to queue
[2026-07-24T19:56:17.078+0000] {logging_mixin.py:190} INFO - [2026-07-24T19:56:17.078+0000] {dagbag.py:588} INFO - Filling up the DagBag from /opt/airflow/dags/raw_from_s3_to_pg.py
[2026-07-24T19:56:17.118+0000] {processor.py:925} INFO - DAG(s) 'raw_from_s3_to_pg' retrieved from /opt/airflow/dags/raw_from_s3_to_pg.py
[2026-07-24T19:56:17.124+0000] {logging_mixin.py:190} INFO - [2026-07-24T19:56:17.124+0000] {dag.py:3239} INFO - Sync 1 DAGs
[2026-07-24T19:56:17.136+0000] {logging_mixin.py:190} INFO - [2026-07-24T19:56:17.136+0000] {dag.py:4180} INFO - Setting next_dagrun for raw_from_s3_to_pg to 2026-07-10 02:00:00+00:00, run_after=2026-07-11 02:00:00+00:00
[2026-07-24T19:56:17.146+0000] {processor.py:208} INFO - Processing /opt/airflow/dags/raw_from_s3_to_pg.py took 0.073 seconds
[2026-07-24T19:56:47.341+0000] {processor.py:186} INFO - Started process (PID=27623) to work on /opt/airflow/dags/raw_from_s3_to_pg.py
[2026-07-24T19:56:47.344+0000] {processor.py:914} INFO - Processing file /opt/airflow/dags/raw_from_s3_to_pg.py for tasks to queue
[2026-07-24T19:56:47.346+0000] {logging_mixin.py:190} INFO - [2026-07-24T19:56:47.345+0000] {dagbag.py:588} INFO - Filling up the DagBag from /opt/airflow/dags/raw_from_s3_to_pg.py
[2026-07-24T19:56:47.385+0000] {processor.py:925} INFO - DAG(s) 'raw_from_s3_to_pg' retrieved from /opt/airflow/dags/raw_from_s3_to_pg.py
[2026-07-24T19:56:47.390+0000] {logging_mixin.py:190} INFO - [2026-07-24T19:56:47.390+0000] {dag.py:3239} INFO - Sync 1 DAGs
[2026-07-24T19:56:47.402+0000] {logging_mixin.py:190} INFO - [2026-07-24T19:56:47.402+0000] {dag.py:4180} INFO - Setting next_dagrun for raw_from_s3_to_pg to 2026-07-10 02:00:00+00:00, run_after=2026-07-11 02:00:00+00:00
[2026-07-24T19:56:47.414+0000] {processor.py:208} INFO - Processing /opt/airflow/dags/raw_from_s3_to_pg.py took 0.078 seconds
[2026-07-24T19:57:17.598+0000] {processor.py:186} INFO - Started process (PID=27661) to work on /opt/airflow/dags/raw_from_s3_to_pg.py
[2026-07-24T19:57:17.598+0000] {processor.py:914} INFO - Processing file /opt/airflow/dags/raw_from_s3_to_pg.py for tasks to queue
[2026-07-24T19:57:17.599+0000] {logging_mixin.py:190} INFO - [2026-07-24T19:57:17.599+0000] {dagbag.py:588} INFO - Filling up the DagBag from /opt/airflow/dags/raw_from_s3_to_pg.py
[2026-07-24T19:57:17.638+0000] {processor.py:925} INFO - DAG(s) 'raw_from_s3_to_pg' retrieved from /opt/airflow/dags/raw_from_s3_to_pg.py
[2026-07-24T19:57:17.644+0000] {logging_mixin.py:190} INFO - [2026-07-24T19:57:17.644+0000] {dag.py:3239} INFO - Sync 1 DAGs
[2026-07-24T19:57:17.656+0000] {logging_mixin.py:190} INFO - [2026-07-24T19:57:17.656+0000] {dag.py:4180} INFO - Setting next_dagrun for raw_from_s3_to_pg to 2026-07-10 02:00:00+00:00, run_after=2026-07-11 02:00:00+00:00
[2026-07-24T19:57:17.667+0000] {processor.py:208} INFO - Processing /opt/airflow/dags/raw_from_s3_to_pg.py took 0.073 seconds
[2026-07-24T19:57:47.837+0000] {processor.py:186} INFO - Started process (PID=27698) to work on /opt/airflow/dags/raw_from_s3_to_pg.py
[2026-07-24T19:57:47.840+0000] {processor.py:914} INFO - Processing file /opt/airflow/dags/raw_from_s3_to_pg.py for tasks to queue
[2026-07-24T19:57:47.841+0000] {logging_mixin.py:190} INFO - [2026-07-24T19:57:47.841+0000] {dagbag.py:588} INFO - Filling up the DagBag from /opt/airflow/dags/raw_from_s3_to_pg.py
[2026-07-24T19:57:47.883+0000] {processor.py:925} INFO - DAG(s) 'raw_from_s3_to_pg' retrieved from /opt/airflow/dags/raw_from_s3_to_pg.py
[2026-07-24T19:57:47.890+0000] {logging_mixin.py:190} INFO - [2026-07-24T19:57:47.889+0000] {dag.py:3239} INFO - Sync 1 DAGs
[2026-07-24T19:57:47.901+0000] {logging_mixin.py:190} INFO - [2026-07-24T19:57:47.901+0000] {dag.py:4180} INFO - Setting next_dagrun for raw_from_s3_to_pg to 2026-07-10 02:00:00+00:00, run_after=2026-07-11 02:00:00+00:00
[2026-07-24T19:57:47.912+0000] {processor.py:208} INFO - Processing /opt/airflow/dags/raw_from_s3_to_pg.py took 0.082 seconds
[2026-07-24T19:58:18.088+0000] {processor.py:186} INFO - Started process (PID=27736) to work on /opt/airflow/dags/raw_from_s3_to_pg.py
[2026-07-24T19:58:18.088+0000] {processor.py:914} INFO - Processing file /opt/airflow/dags/raw_from_s3_to_pg.py for tasks to queue
[2026-07-24T19:58:18.090+0000] {logging_mixin.py:190} INFO - [2026-07-24T19:58:18.089+0000] {dagbag.py:588} INFO - Filling up the DagBag from /opt/airflow/dags/raw_from_s3_to_pg.py
[2026-07-24T19:58:18.130+0000] {processor.py:925} INFO - DAG(s) 'raw_from_s3_to_pg' retrieved from /opt/airflow/dags/raw_from_s3_to_pg.py
[2026-07-24T19:58:18.135+0000] {logging_mixin.py:190} INFO - [2026-07-24T19:58:18.135+0000] {dag.py:3239} INFO - Sync 1 DAGs
[2026-07-24T19:58:18.147+0000] {logging_mixin.py:190} INFO - [2026-07-24T19:58:18.147+0000] {dag.py:4180} INFO - Setting next_dagrun for raw_from_s3_to_pg to 2026-07-10 02:00:00+00:00, run_after=2026-07-11 02:00:00+00:00
[2026-07-24T19:58:18.158+0000] {processor.py:208} INFO - Processing /opt/airflow/dags/raw_from_s3_to_pg.py took 0.075 seconds
[2026-07-24T19:58:48.346+0000] {processor.py:186} INFO - Started process (PID=27774) to work on /opt/airflow/dags/raw_from_s3_to_pg.py
[2026-07-24T19:58:48.349+0000] {processor.py:914} INFO - Processing file /opt/airflow/dags/raw_from_s3_to_pg.py for tasks to queue
[2026-07-24T19:58:48.350+0000] {logging_mixin.py:190} INFO - [2026-07-24T19:58:48.350+0000] {dagbag.py:588} INFO - Filling up the DagBag from /opt/airflow/dags/raw_from_s3_to_pg.py
[2026-07-24T19:58:48.390+0000] {processor.py:925} INFO - DAG(s) 'raw_from_s3_to_pg' retrieved from /opt/airflow/dags/raw_from_s3_to_pg.py
[2026-07-24T19:58:48.396+0000] {logging_mixin.py:190} INFO - [2026-07-24T19:58:48.396+0000] {dag.py:3239} INFO - Sync 1 DAGs
[2026-07-24T19:58:48.409+0000] {logging_mixin.py:190} INFO - [2026-07-24T19:58:48.409+0000] {dag.py:4180} INFO - Setting next_dagrun for raw_from_s3_to_pg to 2026-07-10 02:00:00+00:00, run_after=2026-07-11 02:00:00+00:00
[2026-07-24T19:58:48.419+0000] {processor.py:208} INFO - Processing /opt/airflow/dags/raw_from_s3_to_pg.py took 0.077 seconds
[2026-07-24T19:59:18.611+0000] {processor.py:186} INFO - Started process (PID=27812) to work on /opt/airflow/dags/raw_from_s3_to_pg.py
[2026-07-24T19:59:18.612+0000] {processor.py:914} INFO - Processing file /opt/airflow/dags/raw_from_s3_to_pg.py for tasks to queue
[2026-07-24T19:59:18.613+0000] {logging_mixin.py:190} INFO - [2026-07-24T19:59:18.613+0000] {dagbag.py:588} INFO - Filling up the DagBag from /opt/airflow/dags/raw_from_s3_to_pg.py
[2026-07-24T19:59:18.650+0000] {processor.py:925} INFO - DAG(s) 'raw_from_s3_to_pg' retrieved from /opt/airflow/dags/raw_from_s3_to_pg.py
[2026-07-24T19:59:18.656+0000] {logging_mixin.py:190} INFO - [2026-07-24T19:59:18.656+0000] {dag.py:3239} INFO - Sync 1 DAGs
[2026-07-24T19:59:18.668+0000] {logging_mixin.py:190} INFO - [2026-07-24T19:59:18.668+0000] {dag.py:4180} INFO - Setting next_dagrun for raw_from_s3_to_pg to 2026-07-10 02:00:00+00:00, run_after=2026-07-11 02:00:00+00:00
[2026-07-24T19:59:18.678+0000] {processor.py:208} INFO - Processing /opt/airflow/dags/raw_from_s3_to_pg.py took 0.072 seconds
[2026-07-24T19:59:48.858+0000] {processor.py:186} INFO - Started process (PID=27850) to work on /opt/airflow/dags/raw_from_s3_to_pg.py
[2026-07-24T19:59:48.861+0000] {processor.py:914} INFO - Processing file /opt/airflow/dags/raw_from_s3_to_pg.py for tasks to queue
[2026-07-24T19:59:48.863+0000] {logging_mixin.py:190} INFO - [2026-07-24T19:59:48.862+0000] {dagbag.py:588} INFO - Filling up the DagBag from /opt/airflow/dags/raw_from_s3_to_pg.py
[2026-07-24T19:59:48.901+0000] {processor.py:925} INFO - DAG(s) 'raw_from_s3_to_pg' retrieved from /opt/airflow/dags/raw_from_s3_to_pg.py
[2026-07-24T19:59:48.907+0000] {logging_mixin.py:190} INFO - [2026-07-24T19:59:48.907+0000] {dag.py:3239} INFO - Sync 1 DAGs
[2026-07-24T19:59:48.920+0000] {logging_mixin.py:190} INFO - [2026-07-24T19:59:48.919+0000] {dag.py:4180} INFO - Setting next_dagrun for raw_from_s3_to_pg to 2026-07-10 02:00:00+00:00, run_after=2026-07-11 02:00:00+00:00
[2026-07-24T19:59:48.931+0000] {processor.py:208} INFO - Processing /opt/airflow/dags/raw_from_s3_to_pg.py took 0.077 seconds
[2026-07-24T20:00:19.143+0000] {processor.py:186} INFO - Started process (PID=27888) to work on /opt/airflow/dags/raw_from_s3_to_pg.py
[2026-07-24T20:00:19.144+0000] {processor.py:914} INFO - Processing file /opt/airflow/dags/raw_from_s3_to_pg.py for tasks to queue
[2026-07-24T20:00:19.145+0000] {logging_mixin.py:190} INFO - [2026-07-24T20:00:19.145+0000] {dagbag.py:588} INFO - Filling up the DagBag from /opt/airflow/dags/raw_from_s3_to_pg.py
[2026-07-24T20:00:19.184+0000] {processor.py:925} INFO - DAG(s) 'raw_from_s3_to_pg' retrieved from /opt/airflow/dags/raw_from_s3_to_pg.py
[2026-07-24T20:00:19.191+0000] {logging_mixin.py:190} INFO - [2026-07-24T20:00:19.191+0000] {dag.py:3239} INFO - Sync 1 DAGs
[2026-07-24T20:00:19.204+0000] {logging_mixin.py:190} INFO - [2026-07-24T20:00:19.204+0000] {dag.py:4180} INFO - Setting next_dagrun for raw_from_s3_to_pg to 2026-07-10 02:00:00+00:00, run_after=2026-07-11 02:00:00+00:00
[2026-07-24T20:00:19.215+0000] {processor.py:208} INFO - Processing /opt/airflow/dags/raw_from_s3_to_pg.py took 0.075 seconds
[2026-07-24T20:00:49.400+0000] {processor.py:186} INFO - Started process (PID=27926) to work on /opt/airflow/dags/raw_from_s3_to_pg.py
[2026-07-24T20:00:49.401+0000] {processor.py:914} INFO - Processing file /opt/airflow/dags/raw_from_s3_to_pg.py for tasks to queue
[2026-07-24T20:00:49.402+0000] {logging_mixin.py:190} INFO - [2026-07-24T20:00:49.402+0000] {dagbag.py:588} INFO - Filling up the DagBag from /opt/airflow/dags/raw_from_s3_to_pg.py
[2026-07-24T20:00:49.439+0000] {processor.py:925} INFO - DAG(s) 'raw_from_s3_to_pg' retrieved from /opt/airflow/dags/raw_from_s3_to_pg.py
[2026-07-24T20:00:49.445+0000] {logging_mixin.py:190} INFO - [2026-07-24T20:00:49.445+0000] {dag.py:3239} INFO - Sync 1 DAGs
[2026-07-24T20:00:49.457+0000] {logging_mixin.py:190} INFO - [2026-07-24T20:00:49.457+0000] {dag.py:4180} INFO - Setting next_dagrun for raw_from_s3_to_pg to 2026-07-10 02:00:00+00:00, run_after=2026-07-11 02:00:00+00:00
[2026-07-24T20:00:49.468+0000] {processor.py:208} INFO - Processing /opt/airflow/dags/raw_from_s3_to_pg.py took 0.072 seconds
[2026-07-24T20:01:19.654+0000] {processor.py:186} INFO - Started process (PID=27964) to work on /opt/airflow/dags/raw_from_s3_to_pg.py
[2026-07-24T20:01:19.655+0000] {processor.py:914} INFO - Processing file /opt/airflow/dags/raw_from_s3_to_pg.py for tasks to queue
[2026-07-24T20:01:19.656+0000] {logging_mixin.py:190} INFO - [2026-07-24T20:01:19.656+0000] {dagbag.py:588} INFO - Filling up the DagBag from /opt/airflow/dags/raw_from_s3_to_pg.py
[2026-07-24T20:01:19.696+0000] {processor.py:925} INFO - DAG(s) 'raw_from_s3_to_pg' retrieved from /opt/airflow/dags/raw_from_s3_to_pg.py
[2026-07-24T20:01:19.702+0000] {logging_mixin.py:190} INFO - [2026-07-24T20:01:19.702+0000] {dag.py:3239} INFO - Sync 1 DAGs
[2026-07-24T20:01:19.713+0000] {logging_mixin.py:190} INFO - [2026-07-24T20:01:19.713+0000] {dag.py:4180} INFO - Setting next_dagrun for raw_from_s3_to_pg to 2026-07-10 02:00:00+00:00, run_after=2026-07-11 02:00:00+00:00
[2026-07-24T20:01:19.725+0000] {processor.py:208} INFO - Processing /opt/airflow/dags/raw_from_s3_to_pg.py took 0.075 seconds
[2026-07-24T20:01:49.915+0000] {processor.py:186} INFO - Started process (PID=28002) to work on /opt/airflow/dags/raw_from_s3_to_pg.py
[2026-07-24T20:01:49.918+0000] {processor.py:914} INFO - Processing file /opt/airflow/dags/raw_from_s3_to_pg.py for tasks to queue
[2026-07-24T20:01:49.919+0000] {logging_mixin.py:190} INFO - [2026-07-24T20:01:49.919+0000] {dagbag.py:588} INFO - Filling up the DagBag from /opt/airflow/dags/raw_from_s3_to_pg.py
[2026-07-24T20:01:49.958+0000] {processor.py:925} INFO - DAG(s) 'raw_from_s3_to_pg' retrieved from /opt/airflow/dags/raw_from_s3_to_pg.py
[2026-07-24T20:01:49.964+0000] {logging_mixin.py:190} INFO - [2026-07-24T20:01:49.964+0000] {dag.py:3239} INFO - Sync 1 DAGs
[2026-07-24T20:01:49.975+0000] {logging_mixin.py:190} INFO - [2026-07-24T20:01:49.975+0000] {dag.py:4180} INFO - Setting next_dagrun for raw_from_s3_to_pg to 2026-07-10 02:00:00+00:00, run_after=2026-07-11 02:00:00+00:00
[2026-07-24T20:01:49.986+0000] {processor.py:208} INFO - Processing /opt/airflow/dags/raw_from_s3_to_pg.py took 0.076 seconds
[2026-07-24T20:02:20.185+0000] {processor.py:186} INFO - Started process (PID=28040) to work on /opt/airflow/dags/raw_from_s3_to_pg.py
[2026-07-24T20:02:20.185+0000] {processor.py:914} INFO - Processing file /opt/airflow/dags/raw_from_s3_to_pg.py for tasks to queue
[2026-07-24T20:02:20.186+0000] {logging_mixin.py:190} INFO - [2026-07-24T20:02:20.186+0000] {dagbag.py:588} INFO - Filling up the DagBag from /opt/airflow/dags/raw_from_s3_to_pg.py
[2026-07-24T20:02:20.226+0000] {processor.py:925} INFO - DAG(s) 'raw_from_s3_to_pg' retrieved from /opt/airflow/dags/raw_from_s3_to_pg.py
[2026-07-24T20:02:20.234+0000] {logging_mixin.py:190} INFO - [2026-07-24T20:02:20.234+0000] {dag.py:3239} INFO - Sync 1 DAGs
[2026-07-24T20:02:20.247+0000] {logging_mixin.py:190} INFO - [2026-07-24T20:02:20.247+0000] {dag.py:4180} INFO - Setting next_dagrun for raw_from_s3_to_pg to 2026-07-10 02:00:00+00:00, run_after=2026-07-11 02:00:00+00:00
[2026-07-24T20:02:20.258+0000] {processor.py:208} INFO - Processing /opt/airflow/dags/raw_from_s3_to_pg.py took 0.078 seconds
[2026-07-24T20:02:50.554+0000] {processor.py:186} INFO - Started process (PID=28078) to work on /opt/airflow/dags/raw_from_s3_to_pg.py
[2026-07-24T20:02:50.557+0000] {processor.py:914} INFO - Processing file /opt/airflow/dags/raw_from_s3_to_pg.py for tasks to queue
[2026-07-24T20:02:50.559+0000] {logging_mixin.py:190} INFO - [2026-07-24T20:02:50.558+0000] {dagbag.py:588} INFO - Filling up the DagBag from /opt/airflow/dags/raw_from_s3_to_pg.py
[2026-07-24T20:02:50.596+0000] {processor.py:925} INFO - DAG(s) 'raw_from_s3_to_pg' retrieved from /opt/airflow/dags/raw_from_s3_to_pg.py
[2026-07-24T20:02:50.602+0000] {logging_mixin.py:190} INFO - [2026-07-24T20:02:50.602+0000] {dag.py:3239} INFO - Sync 1 DAGs
[2026-07-24T20:02:50.614+0000] {logging_mixin.py:190} INFO - [2026-07-24T20:02:50.614+0000] {dag.py:4180} INFO - Setting next_dagrun for raw_from_s3_to_pg to 2026-07-10 02:00:00+00:00, run_after=2026-07-11 02:00:00+00:00
[2026-07-24T20:02:50.624+0000] {processor.py:208} INFO - Processing /opt/airflow/dags/raw_from_s3_to_pg.py took 0.073 seconds
[2026-07-24T20:03:20.914+0000] {processor.py:186} INFO - Started process (PID=28116) to work on /opt/airflow/dags/raw_from_s3_to_pg.py
[2026-07-24T20:03:20.915+0000] {processor.py:914} INFO - Processing file /opt/airflow/dags/raw_from_s3_to_pg.py for tasks to queue
[2026-07-24T20:03:20.916+0000] {logging_mixin.py:190} INFO - [2026-07-24T20:03:20.916+0000] {dagbag.py:588} INFO - Filling up the DagBag from /opt/airflow/dags/raw_from_s3_to_pg.py
[2026-07-24T20:03:20.956+0000] {processor.py:925} INFO - DAG(s) 'raw_from_s3_to_pg' retrieved from /opt/airflow/dags/raw_from_s3_to_pg.py
[2026-07-24T20:03:20.962+0000] {logging_mixin.py:190} INFO - [2026-07-24T20:03:20.962+0000] {dag.py:3239} INFO - Sync 1 DAGs
[2026-07-24T20:03:20.974+0000] {logging_mixin.py:190} INFO - [2026-07-24T20:03:20.974+0000] {dag.py:4180} INFO - Setting next_dagrun for raw_from_s3_to_pg to 2026-07-10 02:00:00+00:00, run_after=2026-07-11 02:00:00+00:00
[2026-07-24T20:03:20.985+0000] {processor.py:208} INFO - Processing /opt/airflow/dags/raw_from_s3_to_pg.py took 0.073 seconds
[2026-07-24T20:03:51.251+0000] {processor.py:186} INFO - Started process (PID=28154) to work on /opt/airflow/dags/raw_from_s3_to_pg.py
[2026-07-24T20:03:51.254+0000] {processor.py:914} INFO - Processing file /opt/airflow/dags/raw_from_s3_to_pg.py for tasks to queue
[2026-07-24T20:03:51.256+0000] {logging_mixin.py:190} INFO - [2026-07-24T20:03:51.256+0000] {dagbag.py:588} INFO - Filling up the DagBag from /opt/airflow/dags/raw_from_s3_to_pg.py
[2026-07-24T20:03:51.293+0000] {processor.py:925} INFO - DAG(s) 'raw_from_s3_to_pg' retrieved from /opt/airflow/dags/raw_from_s3_to_pg.py
[2026-07-24T20:03:51.298+0000] {logging_mixin.py:190} INFO - [2026-07-24T20:03:51.298+0000] {dag.py:3239} INFO - Sync 1 DAGs
[2026-07-24T20:03:51.310+0000] {logging_mixin.py:190} INFO - [2026-07-24T20:03:51.310+0000] {dag.py:4180} INFO - Setting next_dagrun for raw_from_s3_to_pg to 2026-07-10 02:00:00+00:00, run_after=2026-07-11 02:00:00+00:00
[2026-07-24T20:03:51.321+0000] {processor.py:208} INFO - Processing /opt/airflow/dags/raw_from_s3_to_pg.py took 0.075 seconds
[2026-07-24T20:04:21.649+0000] {processor.py:186} INFO - Started process (PID=28192) to work on /opt/airflow/dags/raw_from_s3_to_pg.py
[2026-07-24T20:04:21.649+0000] {processor.py:914} INFO - Processing file /opt/airflow/dags/raw_from_s3_to_pg.py for tasks to queue
[2026-07-24T20:04:21.650+0000] {logging_mixin.py:190} INFO - [2026-07-24T20:04:21.650+0000] {dagbag.py:588} INFO - Filling up the DagBag from /opt/airflow/dags/raw_from_s3_to_pg.py
[2026-07-24T20:04:21.690+0000] {processor.py:925} INFO - DAG(s) 'raw_from_s3_to_pg' retrieved from /opt/airflow/dags/raw_from_s3_to_pg.py
[2026-07-24T20:04:21.696+0000] {logging_mixin.py:190} INFO - [2026-07-24T20:04:21.696+0000] {dag.py:3239} INFO - Sync 1 DAGs
[2026-07-24T20:04:21.708+0000] {logging_mixin.py:190} INFO - [2026-07-24T20:04:21.708+0000] {dag.py:4180} INFO - Setting next_dagrun for raw_from_s3_to_pg to 2026-07-10 02:00:00+00:00, run_after=2026-07-11 02:00:00+00:00
[2026-07-24T20:04:21.718+0000] {processor.py:208} INFO - Processing /opt/airflow/dags/raw_from_s3_to_pg.py took 0.073 seconds
[2026-07-24T20:04:51.979+0000] {processor.py:186} INFO - Started process (PID=28230) to work on /opt/airflow/dags/raw_from_s3_to_pg.py
[2026-07-24T20:04:51.982+0000] {processor.py:914} INFO - Processing file /opt/airflow/dags/raw_from_s3_to_pg.py for tasks to queue
[2026-07-24T20:04:51.983+0000] {logging_mixin.py:190} INFO - [2026-07-24T20:04:51.983+0000] {dagbag.py:588} INFO - Filling up the DagBag from /opt/airflow/dags/raw_from_s3_to_pg.py
[2026-07-24T20:04:52.021+0000] {processor.py:925} INFO - DAG(s) 'raw_from_s3_to_pg' retrieved from /opt/airflow/dags/raw_from_s3_to_pg.py
[2026-07-24T20:04:52.027+0000] {logging_mixin.py:190} INFO - [2026-07-24T20:04:52.027+0000] {dag.py:3239} INFO - Sync 1 DAGs
[2026-07-24T20:04:52.039+0000] {logging_mixin.py:190} INFO - [2026-07-24T20:04:52.039+0000] {dag.py:4180} INFO - Setting next_dagrun for raw_from_s3_to_pg to 2026-07-10 02:00:00+00:00, run_after=2026-07-11 02:00:00+00:00
[2026-07-24T20:04:52.049+0000] {processor.py:208} INFO - Processing /opt/airflow/dags/raw_from_s3_to_pg.py took 0.074 seconds
[2026-07-24T20:05:22.356+0000] {processor.py:186} INFO - Started process (PID=28268) to work on /opt/airflow/dags/raw_from_s3_to_pg.py
[2026-07-24T20:05:22.357+0000] {processor.py:914} INFO - Processing file /opt/airflow/dags/raw_from_s3_to_pg.py for tasks to queue
[2026-07-24T20:05:22.359+0000] {logging_mixin.py:190} INFO - [2026-07-24T20:05:22.358+0000] {dagbag.py:588} INFO - Filling up the DagBag from /opt/airflow/dags/raw_from_s3_to_pg.py
[2026-07-24T20:05:22.402+0000] {processor.py:925} INFO - DAG(s) 'raw_from_s3_to_pg' retrieved from /opt/airflow/dags/raw_from_s3_to_pg.py
[2026-07-24T20:05:22.411+0000] {logging_mixin.py:190} INFO - [2026-07-24T20:05:22.411+0000] {dag.py:3239} INFO - Sync 1 DAGs
[2026-07-24T20:05:22.427+0000] {logging_mixin.py:190} INFO - [2026-07-24T20:05:22.426+0000] {dag.py:4180} INFO - Setting next_dagrun for raw_from_s3_to_pg to 2026-07-10 02:00:00+00:00, run_after=2026-07-11 02:00:00+00:00
[2026-07-24T20:05:22.438+0000] {processor.py:208} INFO - Processing /opt/airflow/dags/raw_from_s3_to_pg.py took 0.087 seconds
[2026-07-24T20:05:52.768+0000] {processor.py:186} INFO - Started process (PID=28306) to work on /opt/airflow/dags/raw_from_s3_to_pg.py
[2026-07-24T20:05:52.771+0000] {processor.py:914} INFO - Processing file /opt/airflow/dags/raw_from_s3_to_pg.py for tasks to queue
[2026-07-24T20:05:52.772+0000] {logging_mixin.py:190} INFO - [2026-07-24T20:05:52.772+0000] {dagbag.py:588} INFO - Filling up the DagBag from /opt/airflow/dags/raw_from_s3_to_pg.py
[2026-07-24T20:05:52.810+0000] {processor.py:925} INFO - DAG(s) 'raw_from_s3_to_pg' retrieved from /opt/airflow/dags/raw_from_s3_to_pg.py
[2026-07-24T20:05:52.816+0000] {logging_mixin.py:190} INFO - [2026-07-24T20:05:52.816+0000] {dag.py:3239} INFO - Sync 1 DAGs
[2026-07-24T20:05:52.828+0000] {logging_mixin.py:190} INFO - [2026-07-24T20:05:52.828+0000] {dag.py:4180} INFO - Setting next_dagrun for raw_from_s3_to_pg to 2026-07-10 02:00:00+00:00, run_after=2026-07-11 02:00:00+00:00
[2026-07-24T20:05:52.839+0000] {processor.py:208} INFO - Processing /opt/airflow/dags/raw_from_s3_to_pg.py took 0.074 seconds
[2026-07-24T20:06:23.179+0000] {processor.py:186} INFO - Started process (PID=28344) to work on /opt/airflow/dags/raw_from_s3_to_pg.py
[2026-07-24T20:06:23.180+0000] {processor.py:914} INFO - Processing file /opt/airflow/dags/raw_from_s3_to_pg.py for tasks to queue
[2026-07-24T20:06:23.182+0000] {logging_mixin.py:190} INFO - [2026-07-24T20:06:23.181+0000] {dagbag.py:588} INFO - Filling up the DagBag from /opt/airflow/dags/raw_from_s3_to_pg.py
[2026-07-24T20:06:23.221+0000] {processor.py:925} INFO - DAG(s) 'raw_from_s3_to_pg' retrieved from /opt/airflow/dags/raw_from_s3_to_pg.py
[2026-07-24T20:06:23.228+0000] {logging_mixin.py:190} INFO - [2026-07-24T20:06:23.228+0000] {dag.py:3239} INFO - Sync 1 DAGs
[2026-07-24T20:06:23.239+0000] {logging_mixin.py:190} INFO - [2026-07-24T20:06:23.239+0000] {dag.py:4180} INFO - Setting next_dagrun for raw_from_s3_to_pg to 2026-07-10 02:00:00+00:00, run_after=2026-07-11 02:00:00+00:00
[2026-07-24T20:06:23.250+0000] {processor.py:208} INFO - Processing /opt/airflow/dags/raw_from_s3_to_pg.py took 0.074 seconds
[2026-07-24T20:06:53.550+0000] {processor.py:186} INFO - Started process (PID=28382) to work on /opt/airflow/dags/raw_from_s3_to_pg.py
[2026-07-24T20:06:53.553+0000] {processor.py:914} INFO - Processing file /opt/airflow/dags/raw_from_s3_to_pg.py for tasks to queue
[2026-07-24T20:06:53.554+0000] {logging_mixin.py:190} INFO - [2026-07-24T20:06:53.554+0000] {dagbag.py:588} INFO - Filling up the DagBag from /opt/airflow/dags/raw_from_s3_to_pg.py
[2026-07-24T20:06:53.591+0000] {processor.py:925} INFO - DAG(s) 'raw_from_s3_to_pg' retrieved from /opt/airflow/dags/raw_from_s3_to_pg.py
[2026-07-24T20:06:53.597+0000] {logging_mixin.py:190} INFO - [2026-07-24T20:06:53.597+0000] {dag.py:3239} INFO - Sync 1 DAGs
[2026-07-24T20:06:53.609+0000] {logging_mixin.py:190} INFO - [2026-07-24T20:06:53.609+0000] {dag.py:4180} INFO - Setting next_dagrun for raw_from_s3_to_pg to 2026-07-10 02:00:00+00:00, run_after=2026-07-11 02:00:00+00:00
[2026-07-24T20:06:53.620+0000] {processor.py:208} INFO - Processing /opt/airflow/dags/raw_from_s3_to_pg.py took 0.074 seconds
[2026-07-24T20:07:23.862+0000] {processor.py:186} INFO - Started process (PID=28420) to work on /opt/airflow/dags/raw_from_s3_to_pg.py
[2026-07-24T20:07:23.862+0000] {processor.py:914} INFO - Processing file /opt/airflow/dags/raw_from_s3_to_pg.py for tasks to queue
[2026-07-24T20:07:23.863+0000] {logging_mixin.py:190} INFO - [2026-07-24T20:07:23.863+0000] {dagbag.py:588} INFO - Filling up the DagBag from /opt/airflow/dags/raw_from_s3_to_pg.py
[2026-07-24T20:07:23.903+0000] {processor.py:925} INFO - DAG(s) 'raw_from_s3_to_pg' retrieved from /opt/airflow/dags/raw_from_s3_to_pg.py
[2026-07-24T20:07:23.909+0000] {logging_mixin.py:190} INFO - [2026-07-24T20:07:23.909+0000] {dag.py:3239} INFO - Sync 1 DAGs
[2026-07-24T20:07:23.921+0000] {logging_mixin.py:190} INFO - [2026-07-24T20:07:23.921+0000] {dag.py:4180} INFO - Setting next_dagrun for raw_from_s3_to_pg to 2026-07-10 02:00:00+00:00, run_after=2026-07-11 02:00:00+00:00
[2026-07-24T20:07:23.932+0000] {processor.py:208} INFO - Processing /opt/airflow/dags/raw_from_s3_to_pg.py took 0.074 seconds
[2026-07-24T20:07:54.240+0000] {processor.py:186} INFO - Started process (PID=28458) to work on /opt/airflow/dags/raw_from_s3_to_pg.py
[2026-07-24T20:07:54.242+0000] {processor.py:914} INFO - Processing file /opt/airflow/dags/raw_from_s3_to_pg.py for tasks to queue
[2026-07-24T20:07:54.244+0000] {logging_mixin.py:190} INFO - [2026-07-24T20:07:54.244+0000] {dagbag.py:588} INFO - Filling up the DagBag from /opt/airflow/dags/raw_from_s3_to_pg.py
[2026-07-24T20:07:54.281+0000] {processor.py:925} INFO - DAG(s) 'raw_from_s3_to_pg' retrieved from /opt/airflow/dags/raw_from_s3_to_pg.py
[2026-07-24T20:07:54.287+0000] {logging_mixin.py:190} INFO - [2026-07-24T20:07:54.287+0000] {dag.py:3239} INFO - Sync 1 DAGs
[2026-07-24T20:07:54.298+0000] {logging_mixin.py:190} INFO - [2026-07-24T20:07:54.298+0000] {dag.py:4180} INFO - Setting next_dagrun for raw_from_s3_to_pg to 2026-07-10 02:00:00+00:00, run_after=2026-07-11 02:00:00+00:00
[2026-07-24T20:07:54.309+0000] {processor.py:208} INFO - Processing /opt/airflow/dags/raw_from_s3_to_pg.py took 0.073 seconds
[2026-07-24T20:08:24.626+0000] {processor.py:186} INFO - Started process (PID=28496) to work on /opt/airflow/dags/raw_from_s3_to_pg.py
[2026-07-24T20:08:24.626+0000] {processor.py:914} INFO - Processing file /opt/airflow/dags/raw_from_s3_to_pg.py for tasks to queue
[2026-07-24T20:08:24.627+0000] {logging_mixin.py:190} INFO - [2026-07-24T20:08:24.627+0000] {dagbag.py:588} INFO - Filling up the DagBag from /opt/airflow/dags/raw_from_s3_to_pg.py
[2026-07-24T20:08:24.670+0000] {processor.py:925} INFO - DAG(s) 'raw_from_s3_to_pg' retrieved from /opt/airflow/dags/raw_from_s3_to_pg.py
[2026-07-24T20:08:24.676+0000] {logging_mixin.py:190} INFO - [2026-07-24T20:08:24.676+0000] {dag.py:3239} INFO - Sync 1 DAGs
[2026-07-24T20:08:24.688+0000] {logging_mixin.py:190} INFO - [2026-07-24T20:08:24.688+0000] {dag.py:4180} INFO - Setting next_dagrun for raw_from_s3_to_pg to 2026-07-10 02:00:00+00:00, run_after=2026-07-11 02:00:00+00:00
[2026-07-24T20:08:24.699+0000] {processor.py:208} INFO - Processing /opt/airflow/dags/raw_from_s3_to_pg.py took 0.076 seconds
[2026-07-24T20:08:54.894+0000] {processor.py:186} INFO - Started process (PID=28534) to work on /opt/airflow/dags/raw_from_s3_to_pg.py
[2026-07-24T20:08:54.897+0000] {processor.py:914} INFO - Processing file /opt/airflow/dags/raw_from_s3_to_pg.py for tasks to queue
[2026-07-24T20:08:54.899+0000] {logging_mixin.py:190} INFO - [2026-07-24T20:08:54.899+0000] {dagbag.py:588} INFO - Filling up the DagBag from /opt/airflow/dags/raw_from_s3_to_pg.py
[2026-07-24T20:08:54.952+0000] {processor.py:925} INFO - DAG(s) 'raw_from_s3_to_pg' retrieved from /opt/airflow/dags/raw_from_s3_to_pg.py
[2026-07-24T20:08:54.960+0000] {logging_mixin.py:190} INFO - [2026-07-24T20:08:54.960+0000] {dag.py:3239} INFO - Sync 1 DAGs
[2026-07-24T20:08:54.976+0000] {logging_mixin.py:190} INFO - [2026-07-24T20:08:54.976+0000] {dag.py:4180} INFO - Setting next_dagrun for raw_from_s3_to_pg to 2026-07-10 02:00:00+00:00, run_after=2026-07-11 02:00:00+00:00
[2026-07-24T20:08:54.988+0000] {processor.py:208} INFO - Processing /opt/airflow/dags/raw_from_s3_to_pg.py took 0.098 seconds
[2026-07-24T20:09:25.253+0000] {processor.py:186} INFO - Started process (PID=28572) to work on /opt/airflow/dags/raw_from_s3_to_pg.py
[2026-07-24T20:09:25.253+0000] {processor.py:914} INFO - Processing file /opt/airflow/dags/raw_from_s3_to_pg.py for tasks to queue
[2026-07-24T20:09:25.255+0000] {logging_mixin.py:190} INFO - [2026-07-24T20:09:25.255+0000] {dagbag.py:588} INFO - Filling up the DagBag from /opt/airflow/dags/raw_from_s3_to_pg.py
[2026-07-24T20:09:25.296+0000] {processor.py:925} INFO - DAG(s) 'raw_from_s3_to_pg' retrieved from /opt/airflow/dags/raw_from_s3_to_pg.py
[2026-07-24T20:09:25.303+0000] {logging_mixin.py:190} INFO - [2026-07-24T20:09:25.303+0000] {dag.py:3239} INFO - Sync 1 DAGs
[2026-07-24T20:09:25.315+0000] {logging_mixin.py:190} INFO - [2026-07-24T20:09:25.315+0000] {dag.py:4180} INFO - Setting next_dagrun for raw_from_s3_to_pg to 2026-07-10 02:00:00+00:00, run_after=2026-07-11 02:00:00+00:00
[2026-07-24T20:09:25.325+0000] {processor.py:208} INFO - Processing /opt/airflow/dags/raw_from_s3_to_pg.py took 0.077 seconds
[2026-07-24T20:09:55.570+0000] {processor.py:186} INFO - Started process (PID=28610) to work on /opt/airflow/dags/raw_from_s3_to_pg.py
[2026-07-24T20:09:55.573+0000] {processor.py:914} INFO - Processing file /opt/airflow/dags/raw_from_s3_to_pg.py for tasks to queue
[2026-07-24T20:09:55.574+0000] {logging_mixin.py:190} INFO - [2026-07-24T20:09:55.574+0000] {dagbag.py:588} INFO - Filling up the DagBag from /opt/airflow/dags/raw_from_s3_to_pg.py
[2026-07-24T20:09:55.616+0000] {processor.py:925} INFO - DAG(s) 'raw_from_s3_to_pg' retrieved from /opt/airflow/dags/raw_from_s3_to_pg.py
[2026-07-24T20:09:55.622+0000] {logging_mixin.py:190} INFO - [2026-07-24T20:09:55.622+0000] {dag.py:3239} INFO - Sync 1 DAGs
[2026-07-24T20:09:55.635+0000] {logging_mixin.py:190} INFO - [2026-07-24T20:09:55.635+0000] {dag.py:4180} INFO - Setting next_dagrun for raw_from_s3_to_pg to 2026-07-10 02:00:00+00:00, run_after=2026-07-11 02:00:00+00:00
[2026-07-24T20:09:55.646+0000] {processor.py:208} INFO - Processing /opt/airflow/dags/raw_from_s3_to_pg.py took 0.082 seconds
[2026-07-24T20:10:25.900+0000] {processor.py:186} INFO - Started process (PID=28648) to work on /opt/airflow/dags/raw_from_s3_to_pg.py
[2026-07-24T20:10:25.900+0000] {processor.py:914} INFO - Processing file /opt/airflow/dags/raw_from_s3_to_pg.py for tasks to queue
[2026-07-24T20:10:25.901+0000] {logging_mixin.py:190} INFO - [2026-07-24T20:10:25.901+0000] {dagbag.py:588} INFO - Filling up the DagBag from /opt/airflow/dags/raw_from_s3_to_pg.py
[2026-07-24T20:10:25.946+0000] {processor.py:925} INFO - DAG(s) 'raw_from_s3_to_pg' retrieved from /opt/airflow/dags/raw_from_s3_to_pg.py
[2026-07-24T20:10:25.953+0000] {logging_mixin.py:190} INFO - [2026-07-24T20:10:25.953+0000] {dag.py:3239} INFO - Sync 1 DAGs
[2026-07-24T20:10:25.967+0000] {logging_mixin.py:190} INFO - [2026-07-24T20:10:25.967+0000] {dag.py:4180} INFO - Setting next_dagrun for raw_from_s3_to_pg to 2026-07-10 02:00:00+00:00, run_after=2026-07-11 02:00:00+00:00
[2026-07-24T20:10:25.978+0000] {processor.py:208} INFO - Processing /opt/airflow/dags/raw_from_s3_to_pg.py took 0.082 seconds
[2026-07-24T20:10:56.210+0000] {processor.py:186} INFO - Started process (PID=28686) to work on /opt/airflow/dags/raw_from_s3_to_pg.py
[2026-07-24T20:10:56.212+0000] {processor.py:914} INFO - Processing file /opt/airflow/dags/raw_from_s3_to_pg.py for tasks to queue
[2026-07-24T20:10:56.213+0000] {logging_mixin.py:190} INFO - [2026-07-24T20:10:56.213+0000] {dagbag.py:588} INFO - Filling up the DagBag from /opt/airflow/dags/raw_from_s3_to_pg.py
[2026-07-24T20:10:56.251+0000] {processor.py:925} INFO - DAG(s) 'raw_from_s3_to_pg' retrieved from /opt/airflow/dags/raw_from_s3_to_pg.py
[2026-07-24T20:10:56.258+0000] {logging_mixin.py:190} INFO - [2026-07-24T20:10:56.258+0000] {dag.py:3239} INFO - Sync 1 DAGs
[2026-07-24T20:10:56.273+0000] {logging_mixin.py:190} INFO - [2026-07-24T20:10:56.272+0000] {dag.py:4180} INFO - Setting next_dagrun for raw_from_s3_to_pg to 2026-07-10 02:00:00+00:00, run_after=2026-07-11 02:00:00+00:00
[2026-07-24T20:10:56.284+0000] {processor.py:208} INFO - Processing /opt/airflow/dags/raw_from_s3_to_pg.py took 0.077 seconds
[2026-07-24T20:11:26.447+0000] {processor.py:186} INFO - Started process (PID=28724) to work on /opt/airflow/dags/raw_from_s3_to_pg.py
[2026-07-24T20:11:26.447+0000] {processor.py:914} INFO - Processing file /opt/airflow/dags/raw_from_s3_to_pg.py for tasks to queue
[2026-07-24T20:11:26.448+0000] {logging_mixin.py:190} INFO - [2026-07-24T20:11:26.448+0000] {dagbag.py:588} INFO - Filling up the DagBag from /opt/airflow/dags/raw_from_s3_to_pg.py
[2026-07-24T20:11:26.491+0000] {processor.py:925} INFO - DAG(s) 'raw_from_s3_to_pg' retrieved from /opt/airflow/dags/raw_from_s3_to_pg.py
[2026-07-24T20:11:26.498+0000] {logging_mixin.py:190} INFO - [2026-07-24T20:11:26.498+0000] {dag.py:3239} INFO - Sync 1 DAGs
[2026-07-24T20:11:26.521+0000] {processor.py:208} INFO - Processing /opt/airflow/dags/raw_from_s3_to_pg.py took 0.078 seconds
[2026-07-24T20:11:56.712+0000] {processor.py:186} INFO - Started process (PID=28762) to work on /opt/airflow/dags/raw_from_s3_to_pg.py
[2026-07-24T20:11:56.714+0000] {processor.py:914} INFO - Processing file /opt/airflow/dags/raw_from_s3_to_pg.py for tasks to queue
[2026-07-24T20:11:56.715+0000] {logging_mixin.py:190} INFO - [2026-07-24T20:11:56.715+0000] {dagbag.py:588} INFO - Filling up the DagBag from /opt/airflow/dags/raw_from_s3_to_pg.py
[2026-07-24T20:11:56.761+0000] {processor.py:925} INFO - DAG(s) 'raw_from_s3_to_pg' retrieved from /opt/airflow/dags/raw_from_s3_to_pg.py
[2026-07-24T20:11:56.768+0000] {logging_mixin.py:190} INFO - [2026-07-24T20:11:56.768+0000] {dag.py:3239} INFO - Sync 1 DAGs
[2026-07-24T20:11:56.792+0000] {processor.py:208} INFO - Processing /opt/airflow/dags/raw_from_s3_to_pg.py took 0.084 seconds
[2026-07-24T20:12:27.003+0000] {processor.py:186} INFO - Started process (PID=28800) to work on /opt/airflow/dags/raw_from_s3_to_pg.py
[2026-07-24T20:12:27.003+0000] {processor.py:914} INFO - Processing file /opt/airflow/dags/raw_from_s3_to_pg.py for tasks to queue
[2026-07-24T20:12:27.004+0000] {logging_mixin.py:190} INFO - [2026-07-24T20:12:27.004+0000] {dagbag.py:588} INFO - Filling up the DagBag from /opt/airflow/dags/raw_from_s3_to_pg.py
[2026-07-24T20:12:27.051+0000] {processor.py:925} INFO - DAG(s) 'raw_from_s3_to_pg' retrieved from /opt/airflow/dags/raw_from_s3_to_pg.py
[2026-07-24T20:12:27.059+0000] {logging_mixin.py:190} INFO - [2026-07-24T20:12:27.059+0000] {dag.py:3239} INFO - Sync 1 DAGs
[2026-07-24T20:12:27.084+0000] {processor.py:208} INFO - Processing /opt/airflow/dags/raw_from_s3_to_pg.py took 0.086 seconds
[2026-07-24T20:12:57.301+0000] {processor.py:186} INFO - Started process (PID=28838) to work on /opt/airflow/dags/raw_from_s3_to_pg.py
[2026-07-24T20:12:57.304+0000] {processor.py:914} INFO - Processing file /opt/airflow/dags/raw_from_s3_to_pg.py for tasks to queue
[2026-07-24T20:12:57.305+0000] {logging_mixin.py:190} INFO - [2026-07-24T20:12:57.305+0000] {dagbag.py:588} INFO - Filling up the DagBag from /opt/airflow/dags/raw_from_s3_to_pg.py
[2026-07-24T20:12:57.352+0000] {processor.py:925} INFO - DAG(s) 'raw_from_s3_to_pg' retrieved from /opt/airflow/dags/raw_from_s3_to_pg.py
[2026-07-24T20:12:57.360+0000] {logging_mixin.py:190} INFO - [2026-07-24T20:12:57.359+0000] {dag.py:3239} INFO - Sync 1 DAGs
[2026-07-24T20:12:57.383+0000] {processor.py:208} INFO - Processing /opt/airflow/dags/raw_from_s3_to_pg.py took 0.087 seconds
[2026-07-24T20:13:27.593+0000] {processor.py:186} INFO - Started process (PID=28876) to work on /opt/airflow/dags/raw_from_s3_to_pg.py
[2026-07-24T20:13:27.593+0000] {processor.py:914} INFO - Processing file /opt/airflow/dags/raw_from_s3_to_pg.py for tasks to queue
[2026-07-24T20:13:27.595+0000] {logging_mixin.py:190} INFO - [2026-07-24T20:13:27.594+0000] {dagbag.py:588} INFO - Filling up the DagBag from /opt/airflow/dags/raw_from_s3_to_pg.py
[2026-07-24T20:13:27.637+0000] {processor.py:925} INFO - DAG(s) 'raw_from_s3_to_pg' retrieved from /opt/airflow/dags/raw_from_s3_to_pg.py
[2026-07-24T20:13:27.645+0000] {logging_mixin.py:190} INFO - [2026-07-24T20:13:27.645+0000] {dag.py:3239} INFO - Sync 1 DAGs
[2026-07-24T20:13:27.672+0000] {processor.py:208} INFO - Processing /opt/airflow/dags/raw_from_s3_to_pg.py took 0.084 seconds
[2026-07-24T20:13:57.870+0000] {processor.py:186} INFO - Started process (PID=28914) to work on /opt/airflow/dags/raw_from_s3_to_pg.py
[2026-07-24T20:13:57.871+0000] {processor.py:914} INFO - Processing file /opt/airflow/dags/raw_from_s3_to_pg.py for tasks to queue
[2026-07-24T20:13:57.873+0000] {logging_mixin.py:190} INFO - [2026-07-24T20:13:57.873+0000] {dagbag.py:588} INFO - Filling up the DagBag from /opt/airflow/dags/raw_from_s3_to_pg.py
[2026-07-24T20:13:57.914+0000] {processor.py:925} INFO - DAG(s) 'raw_from_s3_to_pg' retrieved from /opt/airflow/dags/raw_from_s3_to_pg.py
[2026-07-24T20:13:57.921+0000] {logging_mixin.py:190} INFO - [2026-07-24T20:13:57.921+0000] {dag.py:3239} INFO - Sync 1 DAGs
[2026-07-24T20:13:57.945+0000] {processor.py:208} INFO - Processing /opt/airflow/dags/raw_from_s3_to_pg.py took 0.079 seconds
[2026-07-24T20:14:28.132+0000] {processor.py:186} INFO - Started process (PID=28952) to work on /opt/airflow/dags/raw_from_s3_to_pg.py
[2026-07-24T20:14:28.132+0000] {processor.py:914} INFO - Processing file /opt/airflow/dags/raw_from_s3_to_pg.py for tasks to queue
[2026-07-24T20:14:28.134+0000] {logging_mixin.py:190} INFO - [2026-07-24T20:14:28.134+0000] {dagbag.py:588} INFO - Filling up the DagBag from /opt/airflow/dags/raw_from_s3_to_pg.py
[2026-07-24T20:14:28.175+0000] {processor.py:925} INFO - DAG(s) 'raw_from_s3_to_pg' retrieved from /opt/airflow/dags/raw_from_s3_to_pg.py
[2026-07-24T20:14:28.183+0000] {logging_mixin.py:190} INFO - [2026-07-24T20:14:28.183+0000] {dag.py:3239} INFO - Sync 1 DAGs
[2026-07-24T20:14:28.207+0000] {processor.py:208} INFO - Processing /opt/airflow/dags/raw_from_s3_to_pg.py took 0.079 seconds
[2026-07-24T20:14:58.379+0000] {processor.py:186} INFO - Started process (PID=28990) to work on /opt/airflow/dags/raw_from_s3_to_pg.py
[2026-07-24T20:14:58.383+0000] {processor.py:914} INFO - Processing file /opt/airflow/dags/raw_from_s3_to_pg.py for tasks to queue
[2026-07-24T20:14:58.384+0000] {logging_mixin.py:190} INFO - [2026-07-24T20:14:58.384+0000] {dagbag.py:588} INFO - Filling up the DagBag from /opt/airflow/dags/raw_from_s3_to_pg.py
[2026-07-24T20:14:58.424+0000] {processor.py:925} INFO - DAG(s) 'raw_from_s3_to_pg' retrieved from /opt/airflow/dags/raw_from_s3_to_pg.py
[2026-07-24T20:14:58.431+0000] {logging_mixin.py:190} INFO - [2026-07-24T20:14:58.431+0000] {dag.py:3239} INFO - Sync 1 DAGs
[2026-07-24T20:14:58.455+0000] {processor.py:208} INFO - Processing /opt/airflow/dags/raw_from_s3_to_pg.py took 0.080 seconds
[2026-07-24T20:15:28.700+0000] {processor.py:186} INFO - Started process (PID=29028) to work on /opt/airflow/dags/raw_from_s3_to_pg.py
[2026-07-24T20:15:28.701+0000] {processor.py:914} INFO - Processing file /opt/airflow/dags/raw_from_s3_to_pg.py for tasks to queue
[2026-07-24T20:15:28.702+0000] {logging_mixin.py:190} INFO - [2026-07-24T20:15:28.702+0000] {dagbag.py:588} INFO - Filling up the DagBag from /opt/airflow/dags/raw_from_s3_to_pg.py
[2026-07-24T20:15:28.742+0000] {processor.py:925} INFO - DAG(s) 'raw_from_s3_to_pg' retrieved from /opt/airflow/dags/raw_from_s3_to_pg.py
[2026-07-24T20:15:28.749+0000] {logging_mixin.py:190} INFO - [2026-07-24T20:15:28.749+0000] {dag.py:3239} INFO - Sync 1 DAGs
[2026-07-24T20:15:28.773+0000] {processor.py:208} INFO - Processing /opt/airflow/dags/raw_from_s3_to_pg.py took 0.076 seconds
[2026-07-24T20:15:58.966+0000] {processor.py:186} INFO - Started process (PID=29066) to work on /opt/airflow/dags/raw_from_s3_to_pg.py
[2026-07-24T20:15:58.969+0000] {processor.py:914} INFO - Processing file /opt/airflow/dags/raw_from_s3_to_pg.py for tasks to queue
[2026-07-24T20:15:58.971+0000] {logging_mixin.py:190} INFO - [2026-07-24T20:15:58.970+0000] {dagbag.py:588} INFO - Filling up the DagBag from /opt/airflow/dags/raw_from_s3_to_pg.py
[2026-07-24T20:15:59.014+0000] {processor.py:925} INFO - DAG(s) 'raw_from_s3_to_pg' retrieved from /opt/airflow/dags/raw_from_s3_to_pg.py
[2026-07-24T20:15:59.021+0000] {logging_mixin.py:190} INFO - [2026-07-24T20:15:59.021+0000] {dag.py:3239} INFO - Sync 1 DAGs
[2026-07-24T20:15:59.045+0000] {processor.py:208} INFO - Processing /opt/airflow/dags/raw_from_s3_to_pg.py took 0.082 seconds
[2026-07-24T20:16:29.245+0000] {processor.py:186} INFO - Started process (PID=29104) to work on /opt/airflow/dags/raw_from_s3_to_pg.py
[2026-07-24T20:16:29.245+0000] {processor.py:914} INFO - Processing file /opt/airflow/dags/raw_from_s3_to_pg.py for tasks to queue
[2026-07-24T20:16:29.247+0000] {logging_mixin.py:190} INFO - [2026-07-24T20:16:29.246+0000] {dagbag.py:588} INFO - Filling up the DagBag from /opt/airflow/dags/raw_from_s3_to_pg.py
[2026-07-24T20:16:29.290+0000] {processor.py:925} INFO - DAG(s) 'raw_from_s3_to_pg' retrieved from /opt/airflow/dags/raw_from_s3_to_pg.py
[2026-07-24T20:16:29.296+0000] {logging_mixin.py:190} INFO - [2026-07-24T20:16:29.296+0000] {dag.py:3239} INFO - Sync 1 DAGs
[2026-07-24T20:16:29.320+0000] {processor.py:208} INFO - Processing /opt/airflow/dags/raw_from_s3_to_pg.py took 0.079 seconds
[2026-07-24T20:16:59.545+0000] {processor.py:186} INFO - Started process (PID=29142) to work on /opt/airflow/dags/raw_from_s3_to_pg.py
[2026-07-24T20:16:59.547+0000] {processor.py:914} INFO - Processing file /opt/airflow/dags/raw_from_s3_to_pg.py for tasks to queue
[2026-07-24T20:16:59.549+0000] {logging_mixin.py:190} INFO - [2026-07-24T20:16:59.548+0000] {dagbag.py:588} INFO - Filling up the DagBag from /opt/airflow/dags/raw_from_s3_to_pg.py
[2026-07-24T20:16:59.590+0000] {processor.py:925} INFO - DAG(s) 'raw_from_s3_to_pg' retrieved from /opt/airflow/dags/raw_from_s3_to_pg.py
[2026-07-24T20:16:59.597+0000] {logging_mixin.py:190} INFO - [2026-07-24T20:16:59.597+0000] {dag.py:3239} INFO - Sync 1 DAGs
[2026-07-24T20:16:59.621+0000] {processor.py:208} INFO - Processing /opt/airflow/dags/raw_from_s3_to_pg.py took 0.080 seconds
[2026-07-24T20:17:29.876+0000] {processor.py:186} INFO - Started process (PID=29180) to work on /opt/airflow/dags/raw_from_s3_to_pg.py
[2026-07-24T20:17:29.877+0000] {processor.py:914} INFO - Processing file /opt/airflow/dags/raw_from_s3_to_pg.py for tasks to queue
[2026-07-24T20:17:29.878+0000] {logging_mixin.py:190} INFO - [2026-07-24T20:17:29.878+0000] {dagbag.py:588} INFO - Filling up the DagBag from /opt/airflow/dags/raw_from_s3_to_pg.py
[2026-07-24T20:17:29.919+0000] {processor.py:925} INFO - DAG(s) 'raw_from_s3_to_pg' retrieved from /opt/airflow/dags/raw_from_s3_to_pg.py
[2026-07-24T20:17:29.927+0000] {logging_mixin.py:190} INFO - [2026-07-24T20:17:29.926+0000] {dag.py:3239} INFO - Sync 1 DAGs
[2026-07-24T20:17:29.956+0000] {processor.py:208} INFO - Processing /opt/airflow/dags/raw_from_s3_to_pg.py took 0.085 seconds
[2026-07-24T20:18:00.143+0000] {processor.py:186} INFO - Started process (PID=29218) to work on /opt/airflow/dags/raw_from_s3_to_pg.py
[2026-07-24T20:18:00.143+0000] {processor.py:914} INFO - Processing file /opt/airflow/dags/raw_from_s3_to_pg.py for tasks to queue
[2026-07-24T20:18:00.145+0000] {logging_mixin.py:190} INFO - [2026-07-24T20:18:00.144+0000] {dagbag.py:588} INFO - Filling up the DagBag from /opt/airflow/dags/raw_from_s3_to_pg.py
[2026-07-24T20:18:00.186+0000] {processor.py:925} INFO - DAG(s) 'raw_from_s3_to_pg' retrieved from /opt/airflow/dags/raw_from_s3_to_pg.py
[2026-07-24T20:18:00.193+0000] {logging_mixin.py:190} INFO - [2026-07-24T20:18:00.193+0000] {dag.py:3239} INFO - Sync 1 DAGs
[2026-07-24T20:18:00.217+0000] {processor.py:208} INFO - Processing /opt/airflow/dags/raw_from_s3_to_pg.py took 0.078 seconds
[2026-07-24T20:18:30.492+0000] {processor.py:186} INFO - Started process (PID=29256) to work on /opt/airflow/dags/raw_from_s3_to_pg.py
[2026-07-24T20:18:30.492+0000] {processor.py:914} INFO - Processing file /opt/airflow/dags/raw_from_s3_to_pg.py for tasks to queue
[2026-07-24T20:18:30.493+0000] {logging_mixin.py:190} INFO - [2026-07-24T20:18:30.493+0000] {dagbag.py:588} INFO - Filling up the DagBag from /opt/airflow/dags/raw_from_s3_to_pg.py
[2026-07-24T20:18:30.533+0000] {processor.py:925} INFO - DAG(s) 'raw_from_s3_to_pg' retrieved from /opt/airflow/dags/raw_from_s3_to_pg.py
[2026-07-24T20:18:30.539+0000] {logging_mixin.py:190} INFO - [2026-07-24T20:18:30.539+0000] {dag.py:3239} INFO - Sync 1 DAGs
[2026-07-24T20:18:30.551+0000] {logging_mixin.py:190} INFO - [2026-07-24T20:18:30.551+0000] {dag.py:4180} INFO - Setting next_dagrun for raw_from_s3_to_pg to 2026-07-24 02:00:00+00:00, run_after=2026-07-25 02:00:00+00:00
[2026-07-24T20:18:30.562+0000] {processor.py:208} INFO - Processing /opt/airflow/dags/raw_from_s3_to_pg.py took 0.073 seconds
[2026-07-24T20:19:00.867+0000] {processor.py:186} INFO - Started process (PID=29294) to work on /opt/airflow/dags/raw_from_s3_to_pg.py
[2026-07-24T20:19:00.870+0000] {processor.py:914} INFO - Processing file /opt/airflow/dags/raw_from_s3_to_pg.py for tasks to queue
[2026-07-24T20:19:00.872+0000] {logging_mixin.py:190} INFO - [2026-07-24T20:19:00.871+0000] {dagbag.py:588} INFO - Filling up the DagBag from /opt/airflow/dags/raw_from_s3_to_pg.py
[2026-07-24T20:19:00.915+0000] {processor.py:925} INFO - DAG(s) 'raw_from_s3_to_pg' retrieved from /opt/airflow/dags/raw_from_s3_to_pg.py
[2026-07-24T20:19:00.922+0000] {logging_mixin.py:190} INFO - [2026-07-24T20:19:00.922+0000] {dag.py:3239} INFO - Sync 1 DAGs
[2026-07-24T20:19:00.936+0000] {logging_mixin.py:190} INFO - [2026-07-24T20:19:00.936+0000] {dag.py:4180} INFO - Setting next_dagrun for raw_from_s3_to_pg to 2026-07-24 02:00:00+00:00, run_after=2026-07-25 02:00:00+00:00
[2026-07-24T20:19:00.949+0000] {processor.py:208} INFO - Processing /opt/airflow/dags/raw_from_s3_to_pg.py took 0.085 seconds
[2026-07-24T20:19:31.156+0000] {processor.py:186} INFO - Started process (PID=29332) to work on /opt/airflow/dags/raw_from_s3_to_pg.py
[2026-07-24T20:19:31.157+0000] {processor.py:914} INFO - Processing file /opt/airflow/dags/raw_from_s3_to_pg.py for tasks to queue
[2026-07-24T20:19:31.158+0000] {logging_mixin.py:190} INFO - [2026-07-24T20:19:31.158+0000] {dagbag.py:588} INFO - Filling up the DagBag from /opt/airflow/dags/raw_from_s3_to_pg.py
[2026-07-24T20:19:31.200+0000] {processor.py:925} INFO - DAG(s) 'raw_from_s3_to_pg' retrieved from /opt/airflow/dags/raw_from_s3_to_pg.py
[2026-07-24T20:19:31.207+0000] {logging_mixin.py:190} INFO - [2026-07-24T20:19:31.207+0000] {dag.py:3239} INFO - Sync 1 DAGs
[2026-07-24T20:19:31.219+0000] {logging_mixin.py:190} INFO - [2026-07-24T20:19:31.219+0000] {dag.py:4180} INFO - Setting next_dagrun for raw_from_s3_to_pg to 2026-07-24 02:00:00+00:00, run_after=2026-07-25 02:00:00+00:00
[2026-07-24T20:19:31.230+0000] {processor.py:208} INFO - Processing /opt/airflow/dags/raw_from_s3_to_pg.py took 0.077 seconds
[2026-07-24T20:20:01.516+0000] {processor.py:186} INFO - Started process (PID=29370) to work on /opt/airflow/dags/raw_from_s3_to_pg.py
[2026-07-24T20:20:01.519+0000] {processor.py:914} INFO - Processing file /opt/airflow/dags/raw_from_s3_to_pg.py for tasks to queue
[2026-07-24T20:20:01.521+0000] {logging_mixin.py:190} INFO - [2026-07-24T20:20:01.520+0000] {dagbag.py:588} INFO - Filling up the DagBag from /opt/airflow/dags/raw_from_s3_to_pg.py
[2026-07-24T20:20:01.562+0000] {processor.py:925} INFO - DAG(s) 'raw_from_s3_to_pg' retrieved from /opt/airflow/dags/raw_from_s3_to_pg.py
[2026-07-24T20:20:01.568+0000] {logging_mixin.py:190} INFO - [2026-07-24T20:20:01.568+0000] {dag.py:3239} INFO - Sync 1 DAGs
[2026-07-24T20:20:01.580+0000] {logging_mixin.py:190} INFO - [2026-07-24T20:20:01.580+0000] {dag.py:4180} INFO - Setting next_dagrun for raw_from_s3_to_pg to 2026-07-24 02:00:00+00:00, run_after=2026-07-25 02:00:00+00:00
[2026-07-24T20:20:01.591+0000] {processor.py:208} INFO - Processing /opt/airflow/dags/raw_from_s3_to_pg.py took 0.078 seconds
