[2026-07-25T15:34:55.527+0000] {processor.py:186} INFO - Started process (PID=32072) to work on /opt/airflow/dags/fct_count_day_eqrthquake.py
[2026-07-25T15:34:55.527+0000] {processor.py:914} INFO - Processing file /opt/airflow/dags/fct_count_day_eqrthquake.py for tasks to queue
[2026-07-25T15:34:55.528+0000] {logging_mixin.py:190} INFO - [2026-07-25T15:34:55.528+0000] {dagbag.py:588} INFO - Filling up the DagBag from /opt/airflow/dags/fct_count_day_eqrthquake.py
[2026-07-25T15:34:55.535+0000] {processor.py:925} INFO - DAG(s) 'fct_count_day_earthquake' retrieved from /opt/airflow/dags/fct_count_day_eqrthquake.py
[2026-07-25T15:34:55.593+0000] {logging_mixin.py:190} INFO - [2026-07-25T15:34:55.593+0000] {override.py:1912} INFO - Created Permission View: can delete on DAG:fct_count_day_earthquake
[2026-07-25T15:34:55.598+0000] {logging_mixin.py:190} INFO - [2026-07-25T15:34:55.598+0000] {override.py:1912} INFO - Created Permission View: can edit on DAG:fct_count_day_earthquake
[2026-07-25T15:34:55.601+0000] {logging_mixin.py:190} INFO - [2026-07-25T15:34:55.601+0000] {override.py:1912} INFO - Created Permission View: can read on DAG:fct_count_day_earthquake
[2026-07-25T15:34:55.604+0000] {logging_mixin.py:190} INFO - [2026-07-25T15:34:55.604+0000] {override.py:1912} INFO - Created Permission View: can delete on DAG Run:fct_count_day_earthquake
[2026-07-25T15:34:55.607+0000] {logging_mixin.py:190} INFO - [2026-07-25T15:34:55.606+0000] {override.py:1912} INFO - Created Permission View: can create on DAG Run:fct_count_day_earthquake
[2026-07-25T15:34:55.609+0000] {logging_mixin.py:190} INFO - [2026-07-25T15:34:55.609+0000] {override.py:1912} INFO - Created Permission View: can read on DAG Run:fct_count_day_earthquake
[2026-07-25T15:34:55.612+0000] {logging_mixin.py:190} INFO - [2026-07-25T15:34:55.612+0000] {override.py:1912} INFO - Created Permission View: menu access on DAG Run:fct_count_day_earthquake
[2026-07-25T15:34:55.613+0000] {logging_mixin.py:190} INFO - [2026-07-25T15:34:55.613+0000] {dag.py:3239} INFO - Sync 1 DAGs
[2026-07-25T15:34:55.620+0000] {logging_mixin.py:190} INFO - [2026-07-25T15:34:55.620+0000] {dag.py:3262} INFO - Creating ORM DAG for fct_count_day_earthquake
[2026-07-25T15:34:55.625+0000] {logging_mixin.py:190} INFO - [2026-07-25T15:34:55.625+0000] {dag.py:4180} INFO - Setting next_dagrun for fct_count_day_earthquake to 2025-05-01 02:00:00+00:00, run_after=2025-05-02 02:00:00+00:00
[2026-07-25T15:34:55.634+0000] {processor.py:208} INFO - Processing /opt/airflow/dags/fct_count_day_eqrthquake.py took 0.110 seconds
[2026-07-25T15:35:25.868+0000] {processor.py:186} INFO - Started process (PID=32111) to work on /opt/airflow/dags/fct_count_day_eqrthquake.py
[2026-07-25T15:35:25.868+0000] {processor.py:914} INFO - Processing file /opt/airflow/dags/fct_count_day_eqrthquake.py for tasks to queue
[2026-07-25T15:35:25.870+0000] {logging_mixin.py:190} INFO - [2026-07-25T15:35:25.869+0000] {dagbag.py:588} INFO - Filling up the DagBag from /opt/airflow/dags/fct_count_day_eqrthquake.py
[2026-07-25T15:35:25.876+0000] {processor.py:925} INFO - DAG(s) 'fct_count_day_earthquake' retrieved from /opt/airflow/dags/fct_count_day_eqrthquake.py
[2026-07-25T15:35:25.891+0000] {logging_mixin.py:190} INFO - [2026-07-25T15:35:25.891+0000] {dag.py:3239} INFO - Sync 1 DAGs
[2026-07-25T15:35:25.904+0000] {logging_mixin.py:190} INFO - [2026-07-25T15:35:25.904+0000] {dag.py:4180} INFO - Setting next_dagrun for fct_count_day_earthquake to 2025-05-01 02:00:00+00:00, run_after=2025-05-02 02:00:00+00:00
[2026-07-25T15:35:26.014+0000] {processor.py:208} INFO - Processing /opt/airflow/dags/fct_count_day_eqrthquake.py took 0.151 seconds
[2026-07-25T15:35:56.289+0000] {processor.py:186} INFO - Started process (PID=32150) to work on /opt/airflow/dags/fct_count_day_eqrthquake.py
[2026-07-25T15:35:56.292+0000] {processor.py:914} INFO - Processing file /opt/airflow/dags/fct_count_day_eqrthquake.py for tasks to queue
[2026-07-25T15:35:56.293+0000] {logging_mixin.py:190} INFO - [2026-07-25T15:35:56.293+0000] {dagbag.py:588} INFO - Filling up the DagBag from /opt/airflow/dags/fct_count_day_eqrthquake.py
[2026-07-25T15:35:56.299+0000] {processor.py:925} INFO - DAG(s) 'fct_count_day_earthquake' retrieved from /opt/airflow/dags/fct_count_day_eqrthquake.py
[2026-07-25T15:35:56.312+0000] {logging_mixin.py:190} INFO - [2026-07-25T15:35:56.312+0000] {dag.py:3239} INFO - Sync 1 DAGs
[2026-07-25T15:35:56.324+0000] {logging_mixin.py:190} INFO - [2026-07-25T15:35:56.324+0000] {dag.py:4180} INFO - Setting next_dagrun for fct_count_day_earthquake to 2025-05-01 02:00:00+00:00, run_after=2025-05-02 02:00:00+00:00
[2026-07-25T15:35:56.336+0000] {processor.py:208} INFO - Processing /opt/airflow/dags/fct_count_day_eqrthquake.py took 0.051 seconds
[2026-07-25T15:36:26.764+0000] {processor.py:186} INFO - Started process (PID=32189) to work on /opt/airflow/dags/fct_count_day_eqrthquake.py
[2026-07-25T15:36:26.764+0000] {processor.py:914} INFO - Processing file /opt/airflow/dags/fct_count_day_eqrthquake.py for tasks to queue
[2026-07-25T15:36:26.766+0000] {logging_mixin.py:190} INFO - [2026-07-25T15:36:26.765+0000] {dagbag.py:588} INFO - Filling up the DagBag from /opt/airflow/dags/fct_count_day_eqrthquake.py
[2026-07-25T15:36:26.771+0000] {processor.py:925} INFO - DAG(s) 'fct_count_day_earthquake' retrieved from /opt/airflow/dags/fct_count_day_eqrthquake.py
[2026-07-25T15:36:26.785+0000] {logging_mixin.py:190} INFO - [2026-07-25T15:36:26.785+0000] {dag.py:3239} INFO - Sync 1 DAGs
[2026-07-25T15:36:26.799+0000] {logging_mixin.py:190} INFO - [2026-07-25T15:36:26.799+0000] {dag.py:4180} INFO - Setting next_dagrun for fct_count_day_earthquake to 2025-05-01 02:00:00+00:00, run_after=2025-05-02 02:00:00+00:00
[2026-07-25T15:36:26.810+0000] {processor.py:208} INFO - Processing /opt/airflow/dags/fct_count_day_eqrthquake.py took 0.049 seconds
[2026-07-25T15:36:57.121+0000] {processor.py:186} INFO - Started process (PID=32228) to work on /opt/airflow/dags/fct_count_day_eqrthquake.py
[2026-07-25T15:36:57.122+0000] {processor.py:914} INFO - Processing file /opt/airflow/dags/fct_count_day_eqrthquake.py for tasks to queue
[2026-07-25T15:36:57.123+0000] {logging_mixin.py:190} INFO - [2026-07-25T15:36:57.123+0000] {dagbag.py:588} INFO - Filling up the DagBag from /opt/airflow/dags/fct_count_day_eqrthquake.py
[2026-07-25T15:36:57.129+0000] {processor.py:925} INFO - DAG(s) 'fct_count_day_earthquake' retrieved from /opt/airflow/dags/fct_count_day_eqrthquake.py
[2026-07-25T15:36:57.142+0000] {logging_mixin.py:190} INFO - [2026-07-25T15:36:57.142+0000] {dag.py:3239} INFO - Sync 1 DAGs
[2026-07-25T15:36:57.154+0000] {logging_mixin.py:190} INFO - [2026-07-25T15:36:57.154+0000] {dag.py:4180} INFO - Setting next_dagrun for fct_count_day_earthquake to 2025-05-01 02:00:00+00:00, run_after=2025-05-02 02:00:00+00:00
[2026-07-25T15:36:57.167+0000] {processor.py:208} INFO - Processing /opt/airflow/dags/fct_count_day_eqrthquake.py took 0.050 seconds
[2026-07-25T15:37:27.586+0000] {processor.py:186} INFO - Started process (PID=32267) to work on /opt/airflow/dags/fct_count_day_eqrthquake.py
[2026-07-25T15:37:27.587+0000] {processor.py:914} INFO - Processing file /opt/airflow/dags/fct_count_day_eqrthquake.py for tasks to queue
[2026-07-25T15:37:27.588+0000] {logging_mixin.py:190} INFO - [2026-07-25T15:37:27.588+0000] {dagbag.py:588} INFO - Filling up the DagBag from /opt/airflow/dags/fct_count_day_eqrthquake.py
[2026-07-25T15:37:27.594+0000] {processor.py:925} INFO - DAG(s) 'fct_count_day_earthquake' retrieved from /opt/airflow/dags/fct_count_day_eqrthquake.py
[2026-07-25T15:37:27.607+0000] {logging_mixin.py:190} INFO - [2026-07-25T15:37:27.607+0000] {dag.py:3239} INFO - Sync 1 DAGs
[2026-07-25T15:37:27.620+0000] {logging_mixin.py:190} INFO - [2026-07-25T15:37:27.620+0000] {dag.py:4180} INFO - Setting next_dagrun for fct_count_day_earthquake to 2025-05-01 02:00:00+00:00, run_after=2025-05-02 02:00:00+00:00
[2026-07-25T15:37:27.631+0000] {processor.py:208} INFO - Processing /opt/airflow/dags/fct_count_day_eqrthquake.py took 0.048 seconds
[2026-07-25T15:37:57.998+0000] {processor.py:186} INFO - Started process (PID=32306) to work on /opt/airflow/dags/fct_count_day_eqrthquake.py
[2026-07-25T15:37:58.001+0000] {processor.py:914} INFO - Processing file /opt/airflow/dags/fct_count_day_eqrthquake.py for tasks to queue
[2026-07-25T15:37:58.004+0000] {logging_mixin.py:190} INFO - [2026-07-25T15:37:58.003+0000] {dagbag.py:588} INFO - Filling up the DagBag from /opt/airflow/dags/fct_count_day_eqrthquake.py
[2026-07-25T15:37:58.013+0000] {processor.py:925} INFO - DAG(s) 'fct_count_day_earthquake' retrieved from /opt/airflow/dags/fct_count_day_eqrthquake.py
[2026-07-25T15:37:58.029+0000] {logging_mixin.py:190} INFO - [2026-07-25T15:37:58.029+0000] {dag.py:3239} INFO - Sync 1 DAGs
[2026-07-25T15:37:58.041+0000] {logging_mixin.py:190} INFO - [2026-07-25T15:37:58.041+0000] {dag.py:4180} INFO - Setting next_dagrun for fct_count_day_earthquake to 2025-05-01 02:00:00+00:00, run_after=2025-05-02 02:00:00+00:00
[2026-07-25T15:37:58.053+0000] {processor.py:208} INFO - Processing /opt/airflow/dags/fct_count_day_eqrthquake.py took 0.060 seconds
[2026-07-25T15:38:28.548+0000] {processor.py:186} INFO - Started process (PID=32345) to work on /opt/airflow/dags/fct_count_day_eqrthquake.py
[2026-07-25T15:38:28.548+0000] {processor.py:914} INFO - Processing file /opt/airflow/dags/fct_count_day_eqrthquake.py for tasks to queue
[2026-07-25T15:38:28.550+0000] {logging_mixin.py:190} INFO - [2026-07-25T15:38:28.549+0000] {dagbag.py:588} INFO - Filling up the DagBag from /opt/airflow/dags/fct_count_day_eqrthquake.py
[2026-07-25T15:38:28.558+0000] {processor.py:925} INFO - DAG(s) 'fct_count_day_earthquake' retrieved from /opt/airflow/dags/fct_count_day_eqrthquake.py
[2026-07-25T15:38:28.578+0000] {logging_mixin.py:190} INFO - [2026-07-25T15:38:28.577+0000] {dag.py:3239} INFO - Sync 1 DAGs
[2026-07-25T15:38:28.590+0000] {logging_mixin.py:190} INFO - [2026-07-25T15:38:28.590+0000] {dag.py:4180} INFO - Setting next_dagrun for fct_count_day_earthquake to 2025-05-01 02:00:00+00:00, run_after=2025-05-02 02:00:00+00:00
[2026-07-25T15:38:28.601+0000] {processor.py:208} INFO - Processing /opt/airflow/dags/fct_count_day_eqrthquake.py took 0.057 seconds
[2026-07-25T15:38:59.008+0000] {processor.py:186} INFO - Started process (PID=32384) to work on /opt/airflow/dags/fct_count_day_eqrthquake.py
[2026-07-25T15:38:59.011+0000] {processor.py:914} INFO - Processing file /opt/airflow/dags/fct_count_day_eqrthquake.py for tasks to queue
[2026-07-25T15:38:59.013+0000] {logging_mixin.py:190} INFO - [2026-07-25T15:38:59.013+0000] {dagbag.py:588} INFO - Filling up the DagBag from /opt/airflow/dags/fct_count_day_eqrthquake.py
[2026-07-25T15:38:59.020+0000] {processor.py:925} INFO - DAG(s) 'fct_count_day_earthquake' retrieved from /opt/airflow/dags/fct_count_day_eqrthquake.py
[2026-07-25T15:38:59.033+0000] {logging_mixin.py:190} INFO - [2026-07-25T15:38:59.033+0000] {dag.py:3239} INFO - Sync 1 DAGs
[2026-07-25T15:38:59.046+0000] {logging_mixin.py:190} INFO - [2026-07-25T15:38:59.045+0000] {dag.py:4180} INFO - Setting next_dagrun for fct_count_day_earthquake to 2025-05-01 02:00:00+00:00, run_after=2025-05-02 02:00:00+00:00
[2026-07-25T15:38:59.056+0000] {processor.py:208} INFO - Processing /opt/airflow/dags/fct_count_day_eqrthquake.py took 0.051 seconds
[2026-07-25T15:39:29.424+0000] {processor.py:186} INFO - Started process (PID=32423) to work on /opt/airflow/dags/fct_count_day_eqrthquake.py
[2026-07-25T15:39:29.425+0000] {processor.py:914} INFO - Processing file /opt/airflow/dags/fct_count_day_eqrthquake.py for tasks to queue
[2026-07-25T15:39:29.426+0000] {logging_mixin.py:190} INFO - [2026-07-25T15:39:29.426+0000] {dagbag.py:588} INFO - Filling up the DagBag from /opt/airflow/dags/fct_count_day_eqrthquake.py
[2026-07-25T15:39:29.433+0000] {processor.py:925} INFO - DAG(s) 'fct_count_day_earthquake' retrieved from /opt/airflow/dags/fct_count_day_eqrthquake.py
[2026-07-25T15:39:29.450+0000] {logging_mixin.py:190} INFO - [2026-07-25T15:39:29.449+0000] {dag.py:3239} INFO - Sync 1 DAGs
[2026-07-25T15:39:29.463+0000] {logging_mixin.py:190} INFO - [2026-07-25T15:39:29.463+0000] {dag.py:4180} INFO - Setting next_dagrun for fct_count_day_earthquake to 2025-05-01 02:00:00+00:00, run_after=2025-05-02 02:00:00+00:00
[2026-07-25T15:39:29.473+0000] {processor.py:208} INFO - Processing /opt/airflow/dags/fct_count_day_eqrthquake.py took 0.054 seconds
[2026-07-25T15:39:59.894+0000] {processor.py:186} INFO - Started process (PID=32462) to work on /opt/airflow/dags/fct_count_day_eqrthquake.py
[2026-07-25T15:39:59.897+0000] {processor.py:914} INFO - Processing file /opt/airflow/dags/fct_count_day_eqrthquake.py for tasks to queue
[2026-07-25T15:39:59.899+0000] {logging_mixin.py:190} INFO - [2026-07-25T15:39:59.898+0000] {dagbag.py:588} INFO - Filling up the DagBag from /opt/airflow/dags/fct_count_day_eqrthquake.py
[2026-07-25T15:39:59.906+0000] {processor.py:925} INFO - DAG(s) 'fct_count_day_earthquake' retrieved from /opt/airflow/dags/fct_count_day_eqrthquake.py
[2026-07-25T15:39:59.919+0000] {logging_mixin.py:190} INFO - [2026-07-25T15:39:59.919+0000] {dag.py:3239} INFO - Sync 1 DAGs
[2026-07-25T15:39:59.932+0000] {logging_mixin.py:190} INFO - [2026-07-25T15:39:59.932+0000] {dag.py:4180} INFO - Setting next_dagrun for fct_count_day_earthquake to 2025-05-01 02:00:00+00:00, run_after=2025-05-02 02:00:00+00:00
[2026-07-25T15:39:59.941+0000] {processor.py:208} INFO - Processing /opt/airflow/dags/fct_count_day_eqrthquake.py took 0.051 seconds
[2026-07-25T15:40:30.295+0000] {processor.py:186} INFO - Started process (PID=32501) to work on /opt/airflow/dags/fct_count_day_eqrthquake.py
[2026-07-25T15:40:30.295+0000] {processor.py:914} INFO - Processing file /opt/airflow/dags/fct_count_day_eqrthquake.py for tasks to queue
[2026-07-25T15:40:30.296+0000] {logging_mixin.py:190} INFO - [2026-07-25T15:40:30.296+0000] {dagbag.py:588} INFO - Filling up the DagBag from /opt/airflow/dags/fct_count_day_eqrthquake.py
[2026-07-25T15:40:30.303+0000] {processor.py:925} INFO - DAG(s) 'fct_count_day_earthquake' retrieved from /opt/airflow/dags/fct_count_day_eqrthquake.py
[2026-07-25T15:40:30.316+0000] {logging_mixin.py:190} INFO - [2026-07-25T15:40:30.316+0000] {dag.py:3239} INFO - Sync 1 DAGs
[2026-07-25T15:40:30.330+0000] {logging_mixin.py:190} INFO - [2026-07-25T15:40:30.330+0000] {dag.py:4180} INFO - Setting next_dagrun for fct_count_day_earthquake to 2025-05-01 02:00:00+00:00, run_after=2025-05-02 02:00:00+00:00
[2026-07-25T15:40:30.341+0000] {processor.py:208} INFO - Processing /opt/airflow/dags/fct_count_day_eqrthquake.py took 0.051 seconds
[2026-07-25T15:41:00.603+0000] {processor.py:186} INFO - Started process (PID=32540) to work on /opt/airflow/dags/fct_count_day_eqrthquake.py
[2026-07-25T15:41:00.606+0000] {processor.py:914} INFO - Processing file /opt/airflow/dags/fct_count_day_eqrthquake.py for tasks to queue
[2026-07-25T15:41:00.607+0000] {logging_mixin.py:190} INFO - [2026-07-25T15:41:00.607+0000] {dagbag.py:588} INFO - Filling up the DagBag from /opt/airflow/dags/fct_count_day_eqrthquake.py
[2026-07-25T15:41:00.617+0000] {processor.py:925} INFO - DAG(s) 'fct_count_day_earthquake' retrieved from /opt/airflow/dags/fct_count_day_eqrthquake.py
[2026-07-25T15:41:00.636+0000] {logging_mixin.py:190} INFO - [2026-07-25T15:41:00.636+0000] {dag.py:3239} INFO - Sync 1 DAGs
[2026-07-25T15:41:00.652+0000] {logging_mixin.py:190} INFO - [2026-07-25T15:41:00.652+0000] {dag.py:4180} INFO - Setting next_dagrun for fct_count_day_earthquake to 2025-05-01 02:00:00+00:00, run_after=2025-05-02 02:00:00+00:00
[2026-07-25T15:41:00.664+0000] {processor.py:208} INFO - Processing /opt/airflow/dags/fct_count_day_eqrthquake.py took 0.066 seconds
[2026-07-25T15:41:30.953+0000] {processor.py:186} INFO - Started process (PID=32579) to work on /opt/airflow/dags/fct_count_day_eqrthquake.py
[2026-07-25T15:41:30.954+0000] {processor.py:914} INFO - Processing file /opt/airflow/dags/fct_count_day_eqrthquake.py for tasks to queue
[2026-07-25T15:41:30.955+0000] {logging_mixin.py:190} INFO - [2026-07-25T15:41:30.955+0000] {dagbag.py:588} INFO - Filling up the DagBag from /opt/airflow/dags/fct_count_day_eqrthquake.py
[2026-07-25T15:41:30.961+0000] {processor.py:925} INFO - DAG(s) 'fct_count_day_earthquake' retrieved from /opt/airflow/dags/fct_count_day_eqrthquake.py
[2026-07-25T15:41:30.976+0000] {logging_mixin.py:190} INFO - [2026-07-25T15:41:30.976+0000] {dag.py:3239} INFO - Sync 1 DAGs
[2026-07-25T15:41:30.991+0000] {logging_mixin.py:190} INFO - [2026-07-25T15:41:30.990+0000] {dag.py:4180} INFO - Setting next_dagrun for fct_count_day_earthquake to 2025-05-01 02:00:00+00:00, run_after=2025-05-02 02:00:00+00:00
[2026-07-25T15:41:31.002+0000] {processor.py:208} INFO - Processing /opt/airflow/dags/fct_count_day_eqrthquake.py took 0.053 seconds
[2026-07-25T15:42:01.374+0000] {processor.py:186} INFO - Started process (PID=32618) to work on /opt/airflow/dags/fct_count_day_eqrthquake.py
[2026-07-25T15:42:01.376+0000] {processor.py:914} INFO - Processing file /opt/airflow/dags/fct_count_day_eqrthquake.py for tasks to queue
[2026-07-25T15:42:01.378+0000] {logging_mixin.py:190} INFO - [2026-07-25T15:42:01.377+0000] {dagbag.py:588} INFO - Filling up the DagBag from /opt/airflow/dags/fct_count_day_eqrthquake.py
[2026-07-25T15:42:01.384+0000] {processor.py:925} INFO - DAG(s) 'fct_count_day_earthquake' retrieved from /opt/airflow/dags/fct_count_day_eqrthquake.py
[2026-07-25T15:42:01.398+0000] {logging_mixin.py:190} INFO - [2026-07-25T15:42:01.398+0000] {dag.py:3239} INFO - Sync 1 DAGs
[2026-07-25T15:42:01.411+0000] {logging_mixin.py:190} INFO - [2026-07-25T15:42:01.411+0000] {dag.py:4180} INFO - Setting next_dagrun for fct_count_day_earthquake to 2025-05-01 02:00:00+00:00, run_after=2025-05-02 02:00:00+00:00
[2026-07-25T15:42:01.422+0000] {processor.py:208} INFO - Processing /opt/airflow/dags/fct_count_day_eqrthquake.py took 0.052 seconds
[2026-07-25T15:42:31.816+0000] {processor.py:186} INFO - Started process (PID=32657) to work on /opt/airflow/dags/fct_count_day_eqrthquake.py
[2026-07-25T15:42:31.816+0000] {processor.py:914} INFO - Processing file /opt/airflow/dags/fct_count_day_eqrthquake.py for tasks to queue
[2026-07-25T15:42:31.818+0000] {logging_mixin.py:190} INFO - [2026-07-25T15:42:31.817+0000] {dagbag.py:588} INFO - Filling up the DagBag from /opt/airflow/dags/fct_count_day_eqrthquake.py
[2026-07-25T15:42:31.825+0000] {processor.py:925} INFO - DAG(s) 'fct_count_day_earthquake' retrieved from /opt/airflow/dags/fct_count_day_eqrthquake.py
[2026-07-25T15:42:31.840+0000] {logging_mixin.py:190} INFO - [2026-07-25T15:42:31.839+0000] {dag.py:3239} INFO - Sync 1 DAGs
[2026-07-25T15:42:31.855+0000] {logging_mixin.py:190} INFO - [2026-07-25T15:42:31.855+0000] {dag.py:4180} INFO - Setting next_dagrun for fct_count_day_earthquake to 2025-05-01 02:00:00+00:00, run_after=2025-05-02 02:00:00+00:00
[2026-07-25T15:42:31.869+0000] {processor.py:208} INFO - Processing /opt/airflow/dags/fct_count_day_eqrthquake.py took 0.056 seconds
[2026-07-25T15:42:53.069+0000] {processor.py:186} INFO - Started process (PID=32664) to work on /opt/airflow/dags/fct_count_day_eqrthquake.py
[2026-07-25T15:42:53.073+0000] {processor.py:914} INFO - Processing file /opt/airflow/dags/fct_count_day_eqrthquake.py for tasks to queue
[2026-07-25T15:42:53.074+0000] {logging_mixin.py:190} INFO - [2026-07-25T15:42:53.074+0000] {dagbag.py:588} INFO - Filling up the DagBag from /opt/airflow/dags/fct_count_day_eqrthquake.py
[2026-07-25T15:42:53.082+0000] {processor.py:925} INFO - DAG(s) 'fct_count_day_earthquake' retrieved from /opt/airflow/dags/fct_count_day_eqrthquake.py
[2026-07-25T15:42:53.147+0000] {logging_mixin.py:190} INFO - [2026-07-25T15:42:53.147+0000] {dag.py:3239} INFO - Sync 1 DAGs
[2026-07-25T15:42:53.158+0000] {logging_mixin.py:190} INFO - [2026-07-25T15:42:53.158+0000] {dag.py:4180} INFO - Setting next_dagrun for fct_count_day_earthquake to 2025-05-01 02:00:00+00:00, run_after=2025-05-02 02:00:00+00:00
[2026-07-25T15:42:53.171+0000] {processor.py:208} INFO - Processing /opt/airflow/dags/fct_count_day_eqrthquake.py took 0.105 seconds
[2026-07-25T15:43:23.436+0000] {processor.py:186} INFO - Started process (PID=32703) to work on /opt/airflow/dags/fct_count_day_eqrthquake.py
[2026-07-25T15:43:23.437+0000] {processor.py:914} INFO - Processing file /opt/airflow/dags/fct_count_day_eqrthquake.py for tasks to queue
[2026-07-25T15:43:23.438+0000] {logging_mixin.py:190} INFO - [2026-07-25T15:43:23.438+0000] {dagbag.py:588} INFO - Filling up the DagBag from /opt/airflow/dags/fct_count_day_eqrthquake.py
[2026-07-25T15:43:23.444+0000] {processor.py:925} INFO - DAG(s) 'fct_count_day_earthquake' retrieved from /opt/airflow/dags/fct_count_day_eqrthquake.py
[2026-07-25T15:43:23.459+0000] {logging_mixin.py:190} INFO - [2026-07-25T15:43:23.458+0000] {dag.py:3239} INFO - Sync 1 DAGs
[2026-07-25T15:43:23.471+0000] {logging_mixin.py:190} INFO - [2026-07-25T15:43:23.471+0000] {dag.py:4180} INFO - Setting next_dagrun for fct_count_day_earthquake to 2025-05-01 02:00:00+00:00, run_after=2025-05-02 02:00:00+00:00
[2026-07-25T15:43:23.482+0000] {processor.py:208} INFO - Processing /opt/airflow/dags/fct_count_day_eqrthquake.py took 0.050 seconds
[2026-07-25T15:43:53.858+0000] {processor.py:186} INFO - Started process (PID=32742) to work on /opt/airflow/dags/fct_count_day_eqrthquake.py
[2026-07-25T15:43:53.861+0000] {processor.py:914} INFO - Processing file /opt/airflow/dags/fct_count_day_eqrthquake.py for tasks to queue
[2026-07-25T15:43:53.862+0000] {logging_mixin.py:190} INFO - [2026-07-25T15:43:53.862+0000] {dagbag.py:588} INFO - Filling up the DagBag from /opt/airflow/dags/fct_count_day_eqrthquake.py
[2026-07-25T15:43:53.870+0000] {processor.py:925} INFO - DAG(s) 'fct_count_day_earthquake' retrieved from /opt/airflow/dags/fct_count_day_eqrthquake.py
[2026-07-25T15:43:53.884+0000] {logging_mixin.py:190} INFO - [2026-07-25T15:43:53.884+0000] {dag.py:3239} INFO - Sync 1 DAGs
[2026-07-25T15:43:53.896+0000] {logging_mixin.py:190} INFO - [2026-07-25T15:43:53.896+0000] {dag.py:4180} INFO - Setting next_dagrun for fct_count_day_earthquake to 2025-05-01 02:00:00+00:00, run_after=2025-05-02 02:00:00+00:00
[2026-07-25T15:43:53.908+0000] {processor.py:208} INFO - Processing /opt/airflow/dags/fct_count_day_eqrthquake.py took 0.055 seconds
[2026-07-25T15:44:24.248+0000] {processor.py:186} INFO - Started process (PID=32781) to work on /opt/airflow/dags/fct_count_day_eqrthquake.py
[2026-07-25T15:44:24.248+0000] {processor.py:914} INFO - Processing file /opt/airflow/dags/fct_count_day_eqrthquake.py for tasks to queue
[2026-07-25T15:44:24.250+0000] {logging_mixin.py:190} INFO - [2026-07-25T15:44:24.249+0000] {dagbag.py:588} INFO - Filling up the DagBag from /opt/airflow/dags/fct_count_day_eqrthquake.py
[2026-07-25T15:44:24.256+0000] {processor.py:925} INFO - DAG(s) 'fct_count_day_earthquake' retrieved from /opt/airflow/dags/fct_count_day_eqrthquake.py
[2026-07-25T15:44:24.268+0000] {logging_mixin.py:190} INFO - [2026-07-25T15:44:24.268+0000] {dag.py:3239} INFO - Sync 1 DAGs
[2026-07-25T15:44:24.281+0000] {logging_mixin.py:190} INFO - [2026-07-25T15:44:24.281+0000] {dag.py:4180} INFO - Setting next_dagrun for fct_count_day_earthquake to 2025-05-01 02:00:00+00:00, run_after=2025-05-02 02:00:00+00:00
[2026-07-25T15:44:24.293+0000] {processor.py:208} INFO - Processing /opt/airflow/dags/fct_count_day_eqrthquake.py took 0.048 seconds
[2026-07-25T15:44:54.616+0000] {processor.py:186} INFO - Started process (PID=32820) to work on /opt/airflow/dags/fct_count_day_eqrthquake.py
[2026-07-25T15:44:54.620+0000] {processor.py:914} INFO - Processing file /opt/airflow/dags/fct_count_day_eqrthquake.py for tasks to queue
[2026-07-25T15:44:54.621+0000] {logging_mixin.py:190} INFO - [2026-07-25T15:44:54.621+0000] {dagbag.py:588} INFO - Filling up the DagBag from /opt/airflow/dags/fct_count_day_eqrthquake.py
[2026-07-25T15:44:54.627+0000] {processor.py:925} INFO - DAG(s) 'fct_count_day_earthquake' retrieved from /opt/airflow/dags/fct_count_day_eqrthquake.py
[2026-07-25T15:44:54.640+0000] {logging_mixin.py:190} INFO - [2026-07-25T15:44:54.639+0000] {dag.py:3239} INFO - Sync 1 DAGs
[2026-07-25T15:44:54.652+0000] {logging_mixin.py:190} INFO - [2026-07-25T15:44:54.652+0000] {dag.py:4180} INFO - Setting next_dagrun for fct_count_day_earthquake to 2025-05-01 02:00:00+00:00, run_after=2025-05-02 02:00:00+00:00
[2026-07-25T15:44:54.663+0000] {processor.py:208} INFO - Processing /opt/airflow/dags/fct_count_day_eqrthquake.py took 0.051 seconds
[2026-07-25T15:45:25.195+0000] {processor.py:186} INFO - Started process (PID=32861) to work on /opt/airflow/dags/fct_count_day_eqrthquake.py
[2026-07-25T15:45:25.195+0000] {processor.py:914} INFO - Processing file /opt/airflow/dags/fct_count_day_eqrthquake.py for tasks to queue
[2026-07-25T15:45:25.197+0000] {logging_mixin.py:190} INFO - [2026-07-25T15:45:25.196+0000] {dagbag.py:588} INFO - Filling up the DagBag from /opt/airflow/dags/fct_count_day_eqrthquake.py
[2026-07-25T15:45:25.204+0000] {processor.py:925} INFO - DAG(s) 'fct_count_day_earthquake' retrieved from /opt/airflow/dags/fct_count_day_eqrthquake.py
[2026-07-25T15:45:25.218+0000] {logging_mixin.py:190} INFO - [2026-07-25T15:45:25.218+0000] {dag.py:3239} INFO - Sync 1 DAGs
[2026-07-25T15:45:25.231+0000] {logging_mixin.py:190} INFO - [2026-07-25T15:45:25.231+0000] {dag.py:4180} INFO - Setting next_dagrun for fct_count_day_earthquake to 2025-05-01 02:00:00+00:00, run_after=2025-05-02 02:00:00+00:00
[2026-07-25T15:45:25.243+0000] {processor.py:208} INFO - Processing /opt/airflow/dags/fct_count_day_eqrthquake.py took 0.051 seconds
[2026-07-25T15:45:55.626+0000] {processor.py:186} INFO - Started process (PID=32901) to work on /opt/airflow/dags/fct_count_day_eqrthquake.py
[2026-07-25T15:45:55.630+0000] {processor.py:914} INFO - Processing file /opt/airflow/dags/fct_count_day_eqrthquake.py for tasks to queue
[2026-07-25T15:45:55.633+0000] {logging_mixin.py:190} INFO - [2026-07-25T15:45:55.632+0000] {dagbag.py:588} INFO - Filling up the DagBag from /opt/airflow/dags/fct_count_day_eqrthquake.py
[2026-07-25T15:45:55.642+0000] {processor.py:925} INFO - DAG(s) 'fct_count_day_earthquake' retrieved from /opt/airflow/dags/fct_count_day_eqrthquake.py
[2026-07-25T15:45:55.655+0000] {logging_mixin.py:190} INFO - [2026-07-25T15:45:55.655+0000] {dag.py:3239} INFO - Sync 1 DAGs
[2026-07-25T15:45:55.668+0000] {logging_mixin.py:190} INFO - [2026-07-25T15:45:55.668+0000] {dag.py:4180} INFO - Setting next_dagrun for fct_count_day_earthquake to 2025-05-01 02:00:00+00:00, run_after=2025-05-02 02:00:00+00:00
[2026-07-25T15:45:55.679+0000] {processor.py:208} INFO - Processing /opt/airflow/dags/fct_count_day_eqrthquake.py took 0.059 seconds
[2026-07-25T15:46:26.181+0000] {processor.py:186} INFO - Started process (PID=32941) to work on /opt/airflow/dags/fct_count_day_eqrthquake.py
[2026-07-25T15:46:26.182+0000] {processor.py:914} INFO - Processing file /opt/airflow/dags/fct_count_day_eqrthquake.py for tasks to queue
[2026-07-25T15:46:26.183+0000] {logging_mixin.py:190} INFO - [2026-07-25T15:46:26.183+0000] {dagbag.py:588} INFO - Filling up the DagBag from /opt/airflow/dags/fct_count_day_eqrthquake.py
[2026-07-25T15:46:26.189+0000] {processor.py:925} INFO - DAG(s) 'fct_count_day_earthquake' retrieved from /opt/airflow/dags/fct_count_day_eqrthquake.py
[2026-07-25T15:46:26.201+0000] {logging_mixin.py:190} INFO - [2026-07-25T15:46:26.201+0000] {dag.py:3239} INFO - Sync 1 DAGs
[2026-07-25T15:46:26.213+0000] {logging_mixin.py:190} INFO - [2026-07-25T15:46:26.213+0000] {dag.py:4180} INFO - Setting next_dagrun for fct_count_day_earthquake to 2025-05-01 02:00:00+00:00, run_after=2025-05-02 02:00:00+00:00
[2026-07-25T15:46:26.224+0000] {processor.py:208} INFO - Processing /opt/airflow/dags/fct_count_day_eqrthquake.py took 0.048 seconds
[2026-07-25T15:46:56.705+0000] {processor.py:186} INFO - Started process (PID=32981) to work on /opt/airflow/dags/fct_count_day_eqrthquake.py
[2026-07-25T15:46:56.708+0000] {processor.py:914} INFO - Processing file /opt/airflow/dags/fct_count_day_eqrthquake.py for tasks to queue
[2026-07-25T15:46:56.710+0000] {logging_mixin.py:190} INFO - [2026-07-25T15:46:56.710+0000] {dagbag.py:588} INFO - Filling up the DagBag from /opt/airflow/dags/fct_count_day_eqrthquake.py
[2026-07-25T15:46:56.716+0000] {processor.py:925} INFO - DAG(s) 'fct_count_day_earthquake' retrieved from /opt/airflow/dags/fct_count_day_eqrthquake.py
[2026-07-25T15:46:56.729+0000] {logging_mixin.py:190} INFO - [2026-07-25T15:46:56.729+0000] {dag.py:3239} INFO - Sync 1 DAGs
[2026-07-25T15:46:56.741+0000] {logging_mixin.py:190} INFO - [2026-07-25T15:46:56.741+0000] {dag.py:4180} INFO - Setting next_dagrun for fct_count_day_earthquake to 2025-05-01 02:00:00+00:00, run_after=2025-05-02 02:00:00+00:00
[2026-07-25T15:46:56.753+0000] {processor.py:208} INFO - Processing /opt/airflow/dags/fct_count_day_eqrthquake.py took 0.050 seconds
[2026-07-25T15:47:27.186+0000] {processor.py:186} INFO - Started process (PID=33021) to work on /opt/airflow/dags/fct_count_day_eqrthquake.py
[2026-07-25T15:47:27.186+0000] {processor.py:914} INFO - Processing file /opt/airflow/dags/fct_count_day_eqrthquake.py for tasks to queue
[2026-07-25T15:47:27.188+0000] {logging_mixin.py:190} INFO - [2026-07-25T15:47:27.187+0000] {dagbag.py:588} INFO - Filling up the DagBag from /opt/airflow/dags/fct_count_day_eqrthquake.py
[2026-07-25T15:47:27.197+0000] {processor.py:925} INFO - DAG(s) 'fct_count_day_earthquake' retrieved from /opt/airflow/dags/fct_count_day_eqrthquake.py
[2026-07-25T15:47:27.210+0000] {logging_mixin.py:190} INFO - [2026-07-25T15:47:27.210+0000] {dag.py:3239} INFO - Sync 1 DAGs
[2026-07-25T15:47:27.223+0000] {logging_mixin.py:190} INFO - [2026-07-25T15:47:27.223+0000] {dag.py:4180} INFO - Setting next_dagrun for fct_count_day_earthquake to 2025-05-01 02:00:00+00:00, run_after=2025-05-02 02:00:00+00:00
[2026-07-25T15:47:27.242+0000] {processor.py:208} INFO - Processing /opt/airflow/dags/fct_count_day_eqrthquake.py took 0.062 seconds
[2026-07-25T15:47:57.721+0000] {processor.py:186} INFO - Started process (PID=33061) to work on /opt/airflow/dags/fct_count_day_eqrthquake.py
[2026-07-25T15:47:57.722+0000] {processor.py:914} INFO - Processing file /opt/airflow/dags/fct_count_day_eqrthquake.py for tasks to queue
[2026-07-25T15:47:57.723+0000] {logging_mixin.py:190} INFO - [2026-07-25T15:47:57.723+0000] {dagbag.py:588} INFO - Filling up the DagBag from /opt/airflow/dags/fct_count_day_eqrthquake.py
[2026-07-25T15:47:57.730+0000] {processor.py:925} INFO - DAG(s) 'fct_count_day_earthquake' retrieved from /opt/airflow/dags/fct_count_day_eqrthquake.py
[2026-07-25T15:47:57.741+0000] {logging_mixin.py:190} INFO - [2026-07-25T15:47:57.741+0000] {dag.py:3239} INFO - Sync 1 DAGs
[2026-07-25T15:47:57.754+0000] {logging_mixin.py:190} INFO - [2026-07-25T15:47:57.754+0000] {dag.py:4180} INFO - Setting next_dagrun for fct_count_day_earthquake to 2025-05-01 02:00:00+00:00, run_after=2025-05-02 02:00:00+00:00
[2026-07-25T15:47:57.765+0000] {processor.py:208} INFO - Processing /opt/airflow/dags/fct_count_day_eqrthquake.py took 0.049 seconds
[2026-07-25T15:48:28.315+0000] {processor.py:186} INFO - Started process (PID=33101) to work on /opt/airflow/dags/fct_count_day_eqrthquake.py
[2026-07-25T15:48:28.315+0000] {processor.py:914} INFO - Processing file /opt/airflow/dags/fct_count_day_eqrthquake.py for tasks to queue
[2026-07-25T15:48:28.316+0000] {logging_mixin.py:190} INFO - [2026-07-25T15:48:28.316+0000] {dagbag.py:588} INFO - Filling up the DagBag from /opt/airflow/dags/fct_count_day_eqrthquake.py
[2026-07-25T15:48:28.322+0000] {processor.py:925} INFO - DAG(s) 'fct_count_day_earthquake' retrieved from /opt/airflow/dags/fct_count_day_eqrthquake.py
[2026-07-25T15:48:28.335+0000] {logging_mixin.py:190} INFO - [2026-07-25T15:48:28.335+0000] {dag.py:3239} INFO - Sync 1 DAGs
[2026-07-25T15:48:28.347+0000] {logging_mixin.py:190} INFO - [2026-07-25T15:48:28.347+0000] {dag.py:4180} INFO - Setting next_dagrun for fct_count_day_earthquake to 2025-05-01 02:00:00+00:00, run_after=2025-05-02 02:00:00+00:00
[2026-07-25T15:48:28.358+0000] {processor.py:208} INFO - Processing /opt/airflow/dags/fct_count_day_eqrthquake.py took 0.047 seconds
[2026-07-25T15:48:58.739+0000] {processor.py:186} INFO - Started process (PID=33141) to work on /opt/airflow/dags/fct_count_day_eqrthquake.py
[2026-07-25T15:48:58.740+0000] {processor.py:914} INFO - Processing file /opt/airflow/dags/fct_count_day_eqrthquake.py for tasks to queue
[2026-07-25T15:48:58.742+0000] {logging_mixin.py:190} INFO - [2026-07-25T15:48:58.741+0000] {dagbag.py:588} INFO - Filling up the DagBag from /opt/airflow/dags/fct_count_day_eqrthquake.py
[2026-07-25T15:48:58.748+0000] {processor.py:925} INFO - DAG(s) 'fct_count_day_earthquake' retrieved from /opt/airflow/dags/fct_count_day_eqrthquake.py
[2026-07-25T15:48:58.765+0000] {logging_mixin.py:190} INFO - [2026-07-25T15:48:58.765+0000] {dag.py:3239} INFO - Sync 1 DAGs
[2026-07-25T15:48:58.777+0000] {logging_mixin.py:190} INFO - [2026-07-25T15:48:58.777+0000] {dag.py:4180} INFO - Setting next_dagrun for fct_count_day_earthquake to 2025-05-01 02:00:00+00:00, run_after=2025-05-02 02:00:00+00:00
[2026-07-25T15:48:58.787+0000] {processor.py:208} INFO - Processing /opt/airflow/dags/fct_count_day_eqrthquake.py took 0.053 seconds
[2026-07-25T15:49:29.213+0000] {processor.py:186} INFO - Started process (PID=33181) to work on /opt/airflow/dags/fct_count_day_eqrthquake.py
[2026-07-25T15:49:29.214+0000] {processor.py:914} INFO - Processing file /opt/airflow/dags/fct_count_day_eqrthquake.py for tasks to queue
[2026-07-25T15:49:29.215+0000] {logging_mixin.py:190} INFO - [2026-07-25T15:49:29.215+0000] {dagbag.py:588} INFO - Filling up the DagBag from /opt/airflow/dags/fct_count_day_eqrthquake.py
[2026-07-25T15:49:29.220+0000] {processor.py:925} INFO - DAG(s) 'fct_count_day_earthquake' retrieved from /opt/airflow/dags/fct_count_day_eqrthquake.py
[2026-07-25T15:49:29.233+0000] {logging_mixin.py:190} INFO - [2026-07-25T15:49:29.233+0000] {dag.py:3239} INFO - Sync 1 DAGs
[2026-07-25T15:49:29.246+0000] {logging_mixin.py:190} INFO - [2026-07-25T15:49:29.246+0000] {dag.py:4180} INFO - Setting next_dagrun for fct_count_day_earthquake to 2025-05-01 02:00:00+00:00, run_after=2025-05-02 02:00:00+00:00
[2026-07-25T15:49:29.256+0000] {processor.py:208} INFO - Processing /opt/airflow/dags/fct_count_day_eqrthquake.py took 0.047 seconds
[2026-07-25T15:49:59.717+0000] {processor.py:186} INFO - Started process (PID=33221) to work on /opt/airflow/dags/fct_count_day_eqrthquake.py
[2026-07-25T15:49:59.720+0000] {processor.py:914} INFO - Processing file /opt/airflow/dags/fct_count_day_eqrthquake.py for tasks to queue
[2026-07-25T15:49:59.722+0000] {logging_mixin.py:190} INFO - [2026-07-25T15:49:59.721+0000] {dagbag.py:588} INFO - Filling up the DagBag from /opt/airflow/dags/fct_count_day_eqrthquake.py
[2026-07-25T15:49:59.728+0000] {processor.py:925} INFO - DAG(s) 'fct_count_day_earthquake' retrieved from /opt/airflow/dags/fct_count_day_eqrthquake.py
[2026-07-25T15:49:59.742+0000] {logging_mixin.py:190} INFO - [2026-07-25T15:49:59.742+0000] {dag.py:3239} INFO - Sync 1 DAGs
[2026-07-25T15:49:59.755+0000] {logging_mixin.py:190} INFO - [2026-07-25T15:49:59.755+0000] {dag.py:4180} INFO - Setting next_dagrun for fct_count_day_earthquake to 2025-05-01 02:00:00+00:00, run_after=2025-05-02 02:00:00+00:00
[2026-07-25T15:49:59.766+0000] {processor.py:208} INFO - Processing /opt/airflow/dags/fct_count_day_eqrthquake.py took 0.054 seconds
[2026-07-25T15:50:30.247+0000] {processor.py:186} INFO - Started process (PID=33261) to work on /opt/airflow/dags/fct_count_day_eqrthquake.py
[2026-07-25T15:50:30.248+0000] {processor.py:914} INFO - Processing file /opt/airflow/dags/fct_count_day_eqrthquake.py for tasks to queue
[2026-07-25T15:50:30.249+0000] {logging_mixin.py:190} INFO - [2026-07-25T15:50:30.249+0000] {dagbag.py:588} INFO - Filling up the DagBag from /opt/airflow/dags/fct_count_day_eqrthquake.py
[2026-07-25T15:50:30.256+0000] {processor.py:925} INFO - DAG(s) 'fct_count_day_earthquake' retrieved from /opt/airflow/dags/fct_count_day_eqrthquake.py
[2026-07-25T15:50:30.271+0000] {logging_mixin.py:190} INFO - [2026-07-25T15:50:30.271+0000] {dag.py:3239} INFO - Sync 1 DAGs
[2026-07-25T15:50:30.284+0000] {logging_mixin.py:190} INFO - [2026-07-25T15:50:30.283+0000] {dag.py:4180} INFO - Setting next_dagrun for fct_count_day_earthquake to 2025-05-01 02:00:00+00:00, run_after=2025-05-02 02:00:00+00:00
[2026-07-25T15:50:30.295+0000] {processor.py:208} INFO - Processing /opt/airflow/dags/fct_count_day_eqrthquake.py took 0.051 seconds
[2026-07-25T15:51:00.703+0000] {processor.py:186} INFO - Started process (PID=33301) to work on /opt/airflow/dags/fct_count_day_eqrthquake.py
[2026-07-25T15:51:00.703+0000] {processor.py:914} INFO - Processing file /opt/airflow/dags/fct_count_day_eqrthquake.py for tasks to queue
[2026-07-25T15:51:00.704+0000] {logging_mixin.py:190} INFO - [2026-07-25T15:51:00.704+0000] {dagbag.py:588} INFO - Filling up the DagBag from /opt/airflow/dags/fct_count_day_eqrthquake.py
[2026-07-25T15:51:00.710+0000] {processor.py:925} INFO - DAG(s) 'fct_count_day_earthquake' retrieved from /opt/airflow/dags/fct_count_day_eqrthquake.py
[2026-07-25T15:51:00.727+0000] {logging_mixin.py:190} INFO - [2026-07-25T15:51:00.727+0000] {dag.py:3239} INFO - Sync 1 DAGs
[2026-07-25T15:51:00.740+0000] {logging_mixin.py:190} INFO - [2026-07-25T15:51:00.740+0000] {dag.py:4180} INFO - Setting next_dagrun for fct_count_day_earthquake to 2025-05-01 02:00:00+00:00, run_after=2025-05-02 02:00:00+00:00
[2026-07-25T15:51:00.753+0000] {processor.py:208} INFO - Processing /opt/airflow/dags/fct_count_day_eqrthquake.py took 0.054 seconds
[2026-07-25T15:51:31.284+0000] {processor.py:186} INFO - Started process (PID=33341) to work on /opt/airflow/dags/fct_count_day_eqrthquake.py
[2026-07-25T15:51:31.284+0000] {processor.py:914} INFO - Processing file /opt/airflow/dags/fct_count_day_eqrthquake.py for tasks to queue
[2026-07-25T15:51:31.286+0000] {logging_mixin.py:190} INFO - [2026-07-25T15:51:31.285+0000] {dagbag.py:588} INFO - Filling up the DagBag from /opt/airflow/dags/fct_count_day_eqrthquake.py
[2026-07-25T15:51:31.292+0000] {processor.py:925} INFO - DAG(s) 'fct_count_day_earthquake' retrieved from /opt/airflow/dags/fct_count_day_eqrthquake.py
[2026-07-25T15:51:31.307+0000] {logging_mixin.py:190} INFO - [2026-07-25T15:51:31.307+0000] {dag.py:3239} INFO - Sync 1 DAGs
[2026-07-25T15:51:31.321+0000] {logging_mixin.py:190} INFO - [2026-07-25T15:51:31.321+0000] {dag.py:4180} INFO - Setting next_dagrun for fct_count_day_earthquake to 2025-05-01 02:00:00+00:00, run_after=2025-05-02 02:00:00+00:00
[2026-07-25T15:51:31.332+0000] {processor.py:208} INFO - Processing /opt/airflow/dags/fct_count_day_eqrthquake.py took 0.053 seconds
[2026-07-25T15:52:01.703+0000] {processor.py:186} INFO - Started process (PID=33381) to work on /opt/airflow/dags/fct_count_day_eqrthquake.py
[2026-07-25T15:52:01.706+0000] {processor.py:914} INFO - Processing file /opt/airflow/dags/fct_count_day_eqrthquake.py for tasks to queue
[2026-07-25T15:52:01.707+0000] {logging_mixin.py:190} INFO - [2026-07-25T15:52:01.707+0000] {dagbag.py:588} INFO - Filling up the DagBag from /opt/airflow/dags/fct_count_day_eqrthquake.py
[2026-07-25T15:52:01.713+0000] {processor.py:925} INFO - DAG(s) 'fct_count_day_earthquake' retrieved from /opt/airflow/dags/fct_count_day_eqrthquake.py
[2026-07-25T15:52:01.724+0000] {logging_mixin.py:190} INFO - [2026-07-25T15:52:01.724+0000] {dag.py:3239} INFO - Sync 1 DAGs
[2026-07-25T15:52:01.737+0000] {logging_mixin.py:190} INFO - [2026-07-25T15:52:01.737+0000] {dag.py:4180} INFO - Setting next_dagrun for fct_count_day_earthquake to 2025-05-01 02:00:00+00:00, run_after=2025-05-02 02:00:00+00:00
[2026-07-25T15:52:01.748+0000] {processor.py:208} INFO - Processing /opt/airflow/dags/fct_count_day_eqrthquake.py took 0.048 seconds
[2026-07-25T15:52:32.232+0000] {processor.py:186} INFO - Started process (PID=33421) to work on /opt/airflow/dags/fct_count_day_eqrthquake.py
[2026-07-25T15:52:32.232+0000] {processor.py:914} INFO - Processing file /opt/airflow/dags/fct_count_day_eqrthquake.py for tasks to queue
[2026-07-25T15:52:32.233+0000] {logging_mixin.py:190} INFO - [2026-07-25T15:52:32.233+0000] {dagbag.py:588} INFO - Filling up the DagBag from /opt/airflow/dags/fct_count_day_eqrthquake.py
[2026-07-25T15:52:32.240+0000] {processor.py:925} INFO - DAG(s) 'fct_count_day_earthquake' retrieved from /opt/airflow/dags/fct_count_day_eqrthquake.py
[2026-07-25T15:52:32.252+0000] {logging_mixin.py:190} INFO - [2026-07-25T15:52:32.252+0000] {dag.py:3239} INFO - Sync 1 DAGs
[2026-07-25T15:52:32.264+0000] {logging_mixin.py:190} INFO - [2026-07-25T15:52:32.264+0000] {dag.py:4180} INFO - Setting next_dagrun for fct_count_day_earthquake to 2025-05-01 02:00:00+00:00, run_after=2025-05-02 02:00:00+00:00
[2026-07-25T15:52:32.274+0000] {processor.py:208} INFO - Processing /opt/airflow/dags/fct_count_day_eqrthquake.py took 0.046 seconds
[2026-07-25T15:53:02.746+0000] {processor.py:186} INFO - Started process (PID=33461) to work on /opt/airflow/dags/fct_count_day_eqrthquake.py
[2026-07-25T15:53:02.747+0000] {processor.py:914} INFO - Processing file /opt/airflow/dags/fct_count_day_eqrthquake.py for tasks to queue
[2026-07-25T15:53:02.748+0000] {logging_mixin.py:190} INFO - [2026-07-25T15:53:02.748+0000] {dagbag.py:588} INFO - Filling up the DagBag from /opt/airflow/dags/fct_count_day_eqrthquake.py
[2026-07-25T15:53:02.754+0000] {processor.py:925} INFO - DAG(s) 'fct_count_day_earthquake' retrieved from /opt/airflow/dags/fct_count_day_eqrthquake.py
[2026-07-25T15:53:02.768+0000] {logging_mixin.py:190} INFO - [2026-07-25T15:53:02.768+0000] {dag.py:3239} INFO - Sync 1 DAGs
[2026-07-25T15:53:02.780+0000] {logging_mixin.py:190} INFO - [2026-07-25T15:53:02.780+0000] {dag.py:4180} INFO - Setting next_dagrun for fct_count_day_earthquake to 2025-05-01 02:00:00+00:00, run_after=2025-05-02 02:00:00+00:00
[2026-07-25T15:53:02.792+0000] {processor.py:208} INFO - Processing /opt/airflow/dags/fct_count_day_eqrthquake.py took 0.050 seconds
[2026-07-25T15:53:33.279+0000] {processor.py:186} INFO - Started process (PID=33501) to work on /opt/airflow/dags/fct_count_day_eqrthquake.py
[2026-07-25T15:53:33.280+0000] {processor.py:914} INFO - Processing file /opt/airflow/dags/fct_count_day_eqrthquake.py for tasks to queue
[2026-07-25T15:53:33.281+0000] {logging_mixin.py:190} INFO - [2026-07-25T15:53:33.281+0000] {dagbag.py:588} INFO - Filling up the DagBag from /opt/airflow/dags/fct_count_day_eqrthquake.py
[2026-07-25T15:53:33.287+0000] {processor.py:925} INFO - DAG(s) 'fct_count_day_earthquake' retrieved from /opt/airflow/dags/fct_count_day_eqrthquake.py
[2026-07-25T15:53:33.299+0000] {logging_mixin.py:190} INFO - [2026-07-25T15:53:33.298+0000] {dag.py:3239} INFO - Sync 1 DAGs
[2026-07-25T15:53:33.311+0000] {logging_mixin.py:190} INFO - [2026-07-25T15:53:33.311+0000] {dag.py:4180} INFO - Setting next_dagrun for fct_count_day_earthquake to 2025-05-01 02:00:00+00:00, run_after=2025-05-02 02:00:00+00:00
[2026-07-25T15:53:33.322+0000] {processor.py:208} INFO - Processing /opt/airflow/dags/fct_count_day_eqrthquake.py took 0.046 seconds
[2026-07-25T15:54:03.818+0000] {processor.py:186} INFO - Started process (PID=33541) to work on /opt/airflow/dags/fct_count_day_eqrthquake.py
[2026-07-25T15:54:03.821+0000] {processor.py:914} INFO - Processing file /opt/airflow/dags/fct_count_day_eqrthquake.py for tasks to queue
[2026-07-25T15:54:03.823+0000] {logging_mixin.py:190} INFO - [2026-07-25T15:54:03.822+0000] {dagbag.py:588} INFO - Filling up the DagBag from /opt/airflow/dags/fct_count_day_eqrthquake.py
[2026-07-25T15:54:03.830+0000] {processor.py:925} INFO - DAG(s) 'fct_count_day_earthquake' retrieved from /opt/airflow/dags/fct_count_day_eqrthquake.py
[2026-07-25T15:54:03.847+0000] {logging_mixin.py:190} INFO - [2026-07-25T15:54:03.847+0000] {dag.py:3239} INFO - Sync 1 DAGs
[2026-07-25T15:54:03.860+0000] {logging_mixin.py:190} INFO - [2026-07-25T15:54:03.860+0000] {dag.py:4180} INFO - Setting next_dagrun for fct_count_day_earthquake to 2025-05-01 02:00:00+00:00, run_after=2025-05-02 02:00:00+00:00
[2026-07-25T15:54:03.870+0000] {processor.py:208} INFO - Processing /opt/airflow/dags/fct_count_day_eqrthquake.py took 0.056 seconds
[2026-07-25T15:54:34.348+0000] {processor.py:186} INFO - Started process (PID=33581) to work on /opt/airflow/dags/fct_count_day_eqrthquake.py
[2026-07-25T15:54:34.349+0000] {processor.py:914} INFO - Processing file /opt/airflow/dags/fct_count_day_eqrthquake.py for tasks to queue
[2026-07-25T15:54:34.350+0000] {logging_mixin.py:190} INFO - [2026-07-25T15:54:34.350+0000] {dagbag.py:588} INFO - Filling up the DagBag from /opt/airflow/dags/fct_count_day_eqrthquake.py
[2026-07-25T15:54:34.357+0000] {processor.py:925} INFO - DAG(s) 'fct_count_day_earthquake' retrieved from /opt/airflow/dags/fct_count_day_eqrthquake.py
[2026-07-25T15:54:34.370+0000] {logging_mixin.py:190} INFO - [2026-07-25T15:54:34.370+0000] {dag.py:3239} INFO - Sync 1 DAGs
[2026-07-25T15:54:34.384+0000] {logging_mixin.py:190} INFO - [2026-07-25T15:54:34.384+0000] {dag.py:4180} INFO - Setting next_dagrun for fct_count_day_earthquake to 2025-05-01 02:00:00+00:00, run_after=2025-05-02 02:00:00+00:00
[2026-07-25T15:54:34.395+0000] {processor.py:208} INFO - Processing /opt/airflow/dags/fct_count_day_eqrthquake.py took 0.052 seconds
[2026-07-25T15:55:04.715+0000] {processor.py:186} INFO - Started process (PID=33621) to work on /opt/airflow/dags/fct_count_day_eqrthquake.py
[2026-07-25T15:55:04.716+0000] {processor.py:914} INFO - Processing file /opt/airflow/dags/fct_count_day_eqrthquake.py for tasks to queue
[2026-07-25T15:55:04.718+0000] {logging_mixin.py:190} INFO - [2026-07-25T15:55:04.718+0000] {dagbag.py:588} INFO - Filling up the DagBag from /opt/airflow/dags/fct_count_day_eqrthquake.py
[2026-07-25T15:55:04.726+0000] {processor.py:925} INFO - DAG(s) 'fct_count_day_earthquake' retrieved from /opt/airflow/dags/fct_count_day_eqrthquake.py
[2026-07-25T15:55:04.740+0000] {logging_mixin.py:190} INFO - [2026-07-25T15:55:04.740+0000] {dag.py:3239} INFO - Sync 1 DAGs
[2026-07-25T15:55:04.752+0000] {logging_mixin.py:190} INFO - [2026-07-25T15:55:04.752+0000] {dag.py:4180} INFO - Setting next_dagrun for fct_count_day_earthquake to 2025-05-01 02:00:00+00:00, run_after=2025-05-02 02:00:00+00:00
[2026-07-25T15:55:04.762+0000] {processor.py:208} INFO - Processing /opt/airflow/dags/fct_count_day_eqrthquake.py took 0.052 seconds
[2026-07-25T15:55:35.133+0000] {processor.py:186} INFO - Started process (PID=33661) to work on /opt/airflow/dags/fct_count_day_eqrthquake.py
[2026-07-25T15:55:35.134+0000] {processor.py:914} INFO - Processing file /opt/airflow/dags/fct_count_day_eqrthquake.py for tasks to queue
[2026-07-25T15:55:35.135+0000] {logging_mixin.py:190} INFO - [2026-07-25T15:55:35.135+0000] {dagbag.py:588} INFO - Filling up the DagBag from /opt/airflow/dags/fct_count_day_eqrthquake.py
[2026-07-25T15:55:35.141+0000] {processor.py:925} INFO - DAG(s) 'fct_count_day_earthquake' retrieved from /opt/airflow/dags/fct_count_day_eqrthquake.py
[2026-07-25T15:55:35.153+0000] {logging_mixin.py:190} INFO - [2026-07-25T15:55:35.153+0000] {dag.py:3239} INFO - Sync 1 DAGs
[2026-07-25T15:55:35.166+0000] {logging_mixin.py:190} INFO - [2026-07-25T15:55:35.166+0000] {dag.py:4180} INFO - Setting next_dagrun for fct_count_day_earthquake to 2025-05-01 02:00:00+00:00, run_after=2025-05-02 02:00:00+00:00
[2026-07-25T15:55:35.176+0000] {processor.py:208} INFO - Processing /opt/airflow/dags/fct_count_day_eqrthquake.py took 0.050 seconds
[2026-07-25T15:56:05.816+0000] {processor.py:186} INFO - Started process (PID=33701) to work on /opt/airflow/dags/fct_count_day_eqrthquake.py
[2026-07-25T15:56:05.819+0000] {processor.py:914} INFO - Processing file /opt/airflow/dags/fct_count_day_eqrthquake.py for tasks to queue
[2026-07-25T15:56:05.821+0000] {logging_mixin.py:190} INFO - [2026-07-25T15:56:05.820+0000] {dagbag.py:588} INFO - Filling up the DagBag from /opt/airflow/dags/fct_count_day_eqrthquake.py
[2026-07-25T15:56:05.828+0000] {processor.py:925} INFO - DAG(s) 'fct_count_day_earthquake' retrieved from /opt/airflow/dags/fct_count_day_eqrthquake.py
[2026-07-25T15:56:05.841+0000] {logging_mixin.py:190} INFO - [2026-07-25T15:56:05.841+0000] {dag.py:3239} INFO - Sync 1 DAGs
[2026-07-25T15:56:05.853+0000] {logging_mixin.py:190} INFO - [2026-07-25T15:56:05.853+0000] {dag.py:4180} INFO - Setting next_dagrun for fct_count_day_earthquake to 2025-05-01 02:00:00+00:00, run_after=2025-05-02 02:00:00+00:00
[2026-07-25T15:56:05.864+0000] {processor.py:208} INFO - Processing /opt/airflow/dags/fct_count_day_eqrthquake.py took 0.052 seconds
[2026-07-25T15:56:36.371+0000] {processor.py:186} INFO - Started process (PID=33741) to work on /opt/airflow/dags/fct_count_day_eqrthquake.py
[2026-07-25T15:56:36.371+0000] {processor.py:914} INFO - Processing file /opt/airflow/dags/fct_count_day_eqrthquake.py for tasks to queue
[2026-07-25T15:56:36.372+0000] {logging_mixin.py:190} INFO - [2026-07-25T15:56:36.372+0000] {dagbag.py:588} INFO - Filling up the DagBag from /opt/airflow/dags/fct_count_day_eqrthquake.py
[2026-07-25T15:56:36.378+0000] {processor.py:925} INFO - DAG(s) 'fct_count_day_earthquake' retrieved from /opt/airflow/dags/fct_count_day_eqrthquake.py
[2026-07-25T15:56:36.392+0000] {logging_mixin.py:190} INFO - [2026-07-25T15:56:36.392+0000] {dag.py:3239} INFO - Sync 1 DAGs
[2026-07-25T15:56:36.405+0000] {logging_mixin.py:190} INFO - [2026-07-25T15:56:36.404+0000] {dag.py:4180} INFO - Setting next_dagrun for fct_count_day_earthquake to 2025-05-01 02:00:00+00:00, run_after=2025-05-02 02:00:00+00:00
[2026-07-25T15:56:36.415+0000] {processor.py:208} INFO - Processing /opt/airflow/dags/fct_count_day_eqrthquake.py took 0.048 seconds
[2026-07-25T15:57:06.891+0000] {processor.py:186} INFO - Started process (PID=33782) to work on /opt/airflow/dags/fct_count_day_eqrthquake.py
[2026-07-25T15:57:06.894+0000] {processor.py:914} INFO - Processing file /opt/airflow/dags/fct_count_day_eqrthquake.py for tasks to queue
[2026-07-25T15:57:06.896+0000] {logging_mixin.py:190} INFO - [2026-07-25T15:57:06.895+0000] {dagbag.py:588} INFO - Filling up the DagBag from /opt/airflow/dags/fct_count_day_eqrthquake.py
[2026-07-25T15:57:06.902+0000] {processor.py:925} INFO - DAG(s) 'fct_count_day_earthquake' retrieved from /opt/airflow/dags/fct_count_day_eqrthquake.py
[2026-07-25T15:57:06.915+0000] {logging_mixin.py:190} INFO - [2026-07-25T15:57:06.914+0000] {dag.py:3239} INFO - Sync 1 DAGs
[2026-07-25T15:57:06.928+0000] {logging_mixin.py:190} INFO - [2026-07-25T15:57:06.928+0000] {dag.py:4180} INFO - Setting next_dagrun for fct_count_day_earthquake to 2025-05-01 02:00:00+00:00, run_after=2025-05-02 02:00:00+00:00
[2026-07-25T15:57:06.941+0000] {processor.py:208} INFO - Processing /opt/airflow/dags/fct_count_day_eqrthquake.py took 0.053 seconds
[2026-07-25T15:57:37.436+0000] {processor.py:186} INFO - Started process (PID=33822) to work on /opt/airflow/dags/fct_count_day_eqrthquake.py
[2026-07-25T15:57:37.437+0000] {processor.py:914} INFO - Processing file /opt/airflow/dags/fct_count_day_eqrthquake.py for tasks to queue
[2026-07-25T15:57:37.438+0000] {logging_mixin.py:190} INFO - [2026-07-25T15:57:37.438+0000] {dagbag.py:588} INFO - Filling up the DagBag from /opt/airflow/dags/fct_count_day_eqrthquake.py
[2026-07-25T15:57:37.444+0000] {processor.py:925} INFO - DAG(s) 'fct_count_day_earthquake' retrieved from /opt/airflow/dags/fct_count_day_eqrthquake.py
[2026-07-25T15:57:37.458+0000] {logging_mixin.py:190} INFO - [2026-07-25T15:57:37.458+0000] {dag.py:3239} INFO - Sync 1 DAGs
[2026-07-25T15:57:37.470+0000] {logging_mixin.py:190} INFO - [2026-07-25T15:57:37.470+0000] {dag.py:4180} INFO - Setting next_dagrun for fct_count_day_earthquake to 2025-05-01 02:00:00+00:00, run_after=2025-05-02 02:00:00+00:00
[2026-07-25T15:57:37.480+0000] {processor.py:208} INFO - Processing /opt/airflow/dags/fct_count_day_eqrthquake.py took 0.048 seconds
[2026-07-25T15:58:07.863+0000] {processor.py:186} INFO - Started process (PID=33862) to work on /opt/airflow/dags/fct_count_day_eqrthquake.py
[2026-07-25T15:58:07.865+0000] {processor.py:914} INFO - Processing file /opt/airflow/dags/fct_count_day_eqrthquake.py for tasks to queue
[2026-07-25T15:58:07.867+0000] {logging_mixin.py:190} INFO - [2026-07-25T15:58:07.866+0000] {dagbag.py:588} INFO - Filling up the DagBag from /opt/airflow/dags/fct_count_day_eqrthquake.py
[2026-07-25T15:58:07.875+0000] {processor.py:925} INFO - DAG(s) 'fct_count_day_earthquake' retrieved from /opt/airflow/dags/fct_count_day_eqrthquake.py
[2026-07-25T15:58:07.895+0000] {logging_mixin.py:190} INFO - [2026-07-25T15:58:07.894+0000] {dag.py:3239} INFO - Sync 1 DAGs
[2026-07-25T15:58:07.907+0000] {logging_mixin.py:190} INFO - [2026-07-25T15:58:07.907+0000] {dag.py:4180} INFO - Setting next_dagrun for fct_count_day_earthquake to 2025-05-01 02:00:00+00:00, run_after=2025-05-02 02:00:00+00:00
[2026-07-25T15:58:07.918+0000] {processor.py:208} INFO - Processing /opt/airflow/dags/fct_count_day_eqrthquake.py took 0.062 seconds
[2026-07-25T15:58:38.309+0000] {processor.py:186} INFO - Started process (PID=33902) to work on /opt/airflow/dags/fct_count_day_eqrthquake.py
[2026-07-25T15:58:38.309+0000] {processor.py:914} INFO - Processing file /opt/airflow/dags/fct_count_day_eqrthquake.py for tasks to queue
[2026-07-25T15:58:38.310+0000] {logging_mixin.py:190} INFO - [2026-07-25T15:58:38.310+0000] {dagbag.py:588} INFO - Filling up the DagBag from /opt/airflow/dags/fct_count_day_eqrthquake.py
[2026-07-25T15:58:38.317+0000] {processor.py:925} INFO - DAG(s) 'fct_count_day_earthquake' retrieved from /opt/airflow/dags/fct_count_day_eqrthquake.py
[2026-07-25T15:58:38.332+0000] {logging_mixin.py:190} INFO - [2026-07-25T15:58:38.332+0000] {dag.py:3239} INFO - Sync 1 DAGs
[2026-07-25T15:58:38.345+0000] {logging_mixin.py:190} INFO - [2026-07-25T15:58:38.344+0000] {dag.py:4180} INFO - Setting next_dagrun for fct_count_day_earthquake to 2025-05-01 02:00:00+00:00, run_after=2025-05-02 02:00:00+00:00
[2026-07-25T15:58:38.355+0000] {processor.py:208} INFO - Processing /opt/airflow/dags/fct_count_day_eqrthquake.py took 0.052 seconds
[2026-07-25T15:59:08.665+0000] {processor.py:186} INFO - Started process (PID=33942) to work on /opt/airflow/dags/fct_count_day_eqrthquake.py
[2026-07-25T15:59:08.668+0000] {processor.py:914} INFO - Processing file /opt/airflow/dags/fct_count_day_eqrthquake.py for tasks to queue
[2026-07-25T15:59:08.671+0000] {logging_mixin.py:190} INFO - [2026-07-25T15:59:08.671+0000] {dagbag.py:588} INFO - Filling up the DagBag from /opt/airflow/dags/fct_count_day_eqrthquake.py
[2026-07-25T15:59:08.678+0000] {processor.py:925} INFO - DAG(s) 'fct_count_day_earthquake' retrieved from /opt/airflow/dags/fct_count_day_eqrthquake.py
[2026-07-25T15:59:08.691+0000] {logging_mixin.py:190} INFO - [2026-07-25T15:59:08.691+0000] {dag.py:3239} INFO - Sync 1 DAGs
[2026-07-25T15:59:08.703+0000] {logging_mixin.py:190} INFO - [2026-07-25T15:59:08.703+0000] {dag.py:4180} INFO - Setting next_dagrun for fct_count_day_earthquake to 2025-05-01 02:00:00+00:00, run_after=2025-05-02 02:00:00+00:00
[2026-07-25T15:59:08.715+0000] {processor.py:208} INFO - Processing /opt/airflow/dags/fct_count_day_eqrthquake.py took 0.057 seconds
[2026-07-25T15:59:09.732+0000] {processor.py:186} INFO - Started process (PID=33943) to work on /opt/airflow/dags/fct_count_day_eqrthquake.py
[2026-07-25T15:59:09.732+0000] {processor.py:914} INFO - Processing file /opt/airflow/dags/fct_count_day_eqrthquake.py for tasks to queue
[2026-07-25T15:59:09.734+0000] {logging_mixin.py:190} INFO - [2026-07-25T15:59:09.733+0000] {dagbag.py:588} INFO - Filling up the DagBag from /opt/airflow/dags/fct_count_day_eqrthquake.py
[2026-07-25T15:59:09.740+0000] {processor.py:925} INFO - DAG(s) 'fct_count_day_earthquake' retrieved from /opt/airflow/dags/fct_count_day_eqrthquake.py
[2026-07-25T15:59:09.803+0000] {logging_mixin.py:190} INFO - [2026-07-25T15:59:09.803+0000] {dag.py:3239} INFO - Sync 1 DAGs
[2026-07-25T15:59:09.816+0000] {logging_mixin.py:190} INFO - [2026-07-25T15:59:09.815+0000] {dag.py:4180} INFO - Setting next_dagrun for fct_count_day_earthquake to 2026-07-10 02:00:00+00:00, run_after=2026-07-11 02:00:00+00:00
[2026-07-25T15:59:09.829+0000] {processor.py:208} INFO - Processing /opt/airflow/dags/fct_count_day_eqrthquake.py took 0.100 seconds
[2026-07-25T15:59:40.228+0000] {processor.py:186} INFO - Started process (PID=33984) to work on /opt/airflow/dags/fct_count_day_eqrthquake.py
[2026-07-25T15:59:40.231+0000] {processor.py:914} INFO - Processing file /opt/airflow/dags/fct_count_day_eqrthquake.py for tasks to queue
[2026-07-25T15:59:40.233+0000] {logging_mixin.py:190} INFO - [2026-07-25T15:59:40.233+0000] {dagbag.py:588} INFO - Filling up the DagBag from /opt/airflow/dags/fct_count_day_eqrthquake.py
[2026-07-25T15:59:40.241+0000] {processor.py:925} INFO - DAG(s) 'fct_count_day_earthquake' retrieved from /opt/airflow/dags/fct_count_day_eqrthquake.py
[2026-07-25T15:59:40.254+0000] {logging_mixin.py:190} INFO - [2026-07-25T15:59:40.254+0000] {dag.py:3239} INFO - Sync 1 DAGs
[2026-07-25T15:59:40.268+0000] {logging_mixin.py:190} INFO - [2026-07-25T15:59:40.268+0000] {dag.py:4180} INFO - Setting next_dagrun for fct_count_day_earthquake to 2026-07-10 02:00:00+00:00, run_after=2026-07-11 02:00:00+00:00
[2026-07-25T15:59:40.279+0000] {processor.py:208} INFO - Processing /opt/airflow/dags/fct_count_day_eqrthquake.py took 0.055 seconds
[2026-07-25T16:00:10.718+0000] {processor.py:186} INFO - Started process (PID=34024) to work on /opt/airflow/dags/fct_count_day_eqrthquake.py
[2026-07-25T16:00:10.719+0000] {processor.py:914} INFO - Processing file /opt/airflow/dags/fct_count_day_eqrthquake.py for tasks to queue
[2026-07-25T16:00:10.720+0000] {logging_mixin.py:190} INFO - [2026-07-25T16:00:10.720+0000] {dagbag.py:588} INFO - Filling up the DagBag from /opt/airflow/dags/fct_count_day_eqrthquake.py
[2026-07-25T16:00:10.726+0000] {processor.py:925} INFO - DAG(s) 'fct_count_day_earthquake' retrieved from /opt/airflow/dags/fct_count_day_eqrthquake.py
[2026-07-25T16:00:10.740+0000] {logging_mixin.py:190} INFO - [2026-07-25T16:00:10.740+0000] {dag.py:3239} INFO - Sync 1 DAGs
[2026-07-25T16:00:10.754+0000] {logging_mixin.py:190} INFO - [2026-07-25T16:00:10.754+0000] {dag.py:4180} INFO - Setting next_dagrun for fct_count_day_earthquake to 2026-07-10 02:00:00+00:00, run_after=2026-07-11 02:00:00+00:00
[2026-07-25T16:00:10.764+0000] {processor.py:208} INFO - Processing /opt/airflow/dags/fct_count_day_eqrthquake.py took 0.048 seconds
[2026-07-25T16:00:41.091+0000] {processor.py:186} INFO - Started process (PID=34064) to work on /opt/airflow/dags/fct_count_day_eqrthquake.py
[2026-07-25T16:00:41.094+0000] {processor.py:914} INFO - Processing file /opt/airflow/dags/fct_count_day_eqrthquake.py for tasks to queue
[2026-07-25T16:00:41.095+0000] {logging_mixin.py:190} INFO - [2026-07-25T16:00:41.095+0000] {dagbag.py:588} INFO - Filling up the DagBag from /opt/airflow/dags/fct_count_day_eqrthquake.py
[2026-07-25T16:00:41.104+0000] {processor.py:925} INFO - DAG(s) 'fct_count_day_earthquake' retrieved from /opt/airflow/dags/fct_count_day_eqrthquake.py
[2026-07-25T16:00:41.117+0000] {logging_mixin.py:190} INFO - [2026-07-25T16:00:41.117+0000] {dag.py:3239} INFO - Sync 1 DAGs
[2026-07-25T16:00:41.130+0000] {logging_mixin.py:190} INFO - [2026-07-25T16:00:41.130+0000] {dag.py:4180} INFO - Setting next_dagrun for fct_count_day_earthquake to 2026-07-10 02:00:00+00:00, run_after=2026-07-11 02:00:00+00:00
[2026-07-25T16:00:41.140+0000] {processor.py:208} INFO - Processing /opt/airflow/dags/fct_count_day_eqrthquake.py took 0.053 seconds
[2026-07-25T16:01:11.579+0000] {processor.py:186} INFO - Started process (PID=34104) to work on /opt/airflow/dags/fct_count_day_eqrthquake.py
[2026-07-25T16:01:11.582+0000] {processor.py:914} INFO - Processing file /opt/airflow/dags/fct_count_day_eqrthquake.py for tasks to queue
[2026-07-25T16:01:11.583+0000] {logging_mixin.py:190} INFO - [2026-07-25T16:01:11.582+0000] {dagbag.py:588} INFO - Filling up the DagBag from /opt/airflow/dags/fct_count_day_eqrthquake.py
[2026-07-25T16:01:11.588+0000] {processor.py:925} INFO - DAG(s) 'fct_count_day_earthquake' retrieved from /opt/airflow/dags/fct_count_day_eqrthquake.py
[2026-07-25T16:01:11.601+0000] {logging_mixin.py:190} INFO - [2026-07-25T16:01:11.601+0000] {dag.py:3239} INFO - Sync 1 DAGs
[2026-07-25T16:01:11.613+0000] {logging_mixin.py:190} INFO - [2026-07-25T16:01:11.613+0000] {dag.py:4180} INFO - Setting next_dagrun for fct_count_day_earthquake to 2026-07-10 02:00:00+00:00, run_after=2026-07-11 02:00:00+00:00
[2026-07-25T16:01:11.625+0000] {processor.py:208} INFO - Processing /opt/airflow/dags/fct_count_day_eqrthquake.py took 0.049 seconds
[2026-07-25T16:01:42.051+0000] {processor.py:186} INFO - Started process (PID=34144) to work on /opt/airflow/dags/fct_count_day_eqrthquake.py
[2026-07-25T16:01:42.051+0000] {processor.py:914} INFO - Processing file /opt/airflow/dags/fct_count_day_eqrthquake.py for tasks to queue
[2026-07-25T16:01:42.052+0000] {logging_mixin.py:190} INFO - [2026-07-25T16:01:42.052+0000] {dagbag.py:588} INFO - Filling up the DagBag from /opt/airflow/dags/fct_count_day_eqrthquake.py
[2026-07-25T16:01:42.059+0000] {processor.py:925} INFO - DAG(s) 'fct_count_day_earthquake' retrieved from /opt/airflow/dags/fct_count_day_eqrthquake.py
[2026-07-25T16:01:42.074+0000] {logging_mixin.py:190} INFO - [2026-07-25T16:01:42.074+0000] {dag.py:3239} INFO - Sync 1 DAGs
[2026-07-25T16:01:42.087+0000] {logging_mixin.py:190} INFO - [2026-07-25T16:01:42.087+0000] {dag.py:4180} INFO - Setting next_dagrun for fct_count_day_earthquake to 2026-07-10 02:00:00+00:00, run_after=2026-07-11 02:00:00+00:00
[2026-07-25T16:01:42.097+0000] {processor.py:208} INFO - Processing /opt/airflow/dags/fct_count_day_eqrthquake.py took 0.050 seconds
[2026-07-25T16:02:12.517+0000] {processor.py:186} INFO - Started process (PID=34184) to work on /opt/airflow/dags/fct_count_day_eqrthquake.py
[2026-07-25T16:02:12.518+0000] {processor.py:914} INFO - Processing file /opt/airflow/dags/fct_count_day_eqrthquake.py for tasks to queue
[2026-07-25T16:02:12.518+0000] {logging_mixin.py:190} INFO - [2026-07-25T16:02:12.518+0000] {dagbag.py:588} INFO - Filling up the DagBag from /opt/airflow/dags/fct_count_day_eqrthquake.py
[2026-07-25T16:02:12.524+0000] {processor.py:925} INFO - DAG(s) 'fct_count_day_earthquake' retrieved from /opt/airflow/dags/fct_count_day_eqrthquake.py
[2026-07-25T16:02:12.538+0000] {logging_mixin.py:190} INFO - [2026-07-25T16:02:12.538+0000] {dag.py:3239} INFO - Sync 1 DAGs
[2026-07-25T16:02:12.550+0000] {logging_mixin.py:190} INFO - [2026-07-25T16:02:12.550+0000] {dag.py:4180} INFO - Setting next_dagrun for fct_count_day_earthquake to 2026-07-10 02:00:00+00:00, run_after=2026-07-11 02:00:00+00:00
[2026-07-25T16:02:12.561+0000] {processor.py:208} INFO - Processing /opt/airflow/dags/fct_count_day_eqrthquake.py took 0.046 seconds
[2026-07-25T16:02:42.985+0000] {processor.py:186} INFO - Started process (PID=34224) to work on /opt/airflow/dags/fct_count_day_eqrthquake.py
[2026-07-25T16:02:42.988+0000] {processor.py:914} INFO - Processing file /opt/airflow/dags/fct_count_day_eqrthquake.py for tasks to queue
[2026-07-25T16:02:42.988+0000] {logging_mixin.py:190} INFO - [2026-07-25T16:02:42.988+0000] {dagbag.py:588} INFO - Filling up the DagBag from /opt/airflow/dags/fct_count_day_eqrthquake.py
[2026-07-25T16:02:42.996+0000] {processor.py:925} INFO - DAG(s) 'fct_count_day_earthquake' retrieved from /opt/airflow/dags/fct_count_day_eqrthquake.py
[2026-07-25T16:02:43.008+0000] {logging_mixin.py:190} INFO - [2026-07-25T16:02:43.007+0000] {dag.py:3239} INFO - Sync 1 DAGs
[2026-07-25T16:02:43.020+0000] {logging_mixin.py:190} INFO - [2026-07-25T16:02:43.020+0000] {dag.py:4180} INFO - Setting next_dagrun for fct_count_day_earthquake to 2026-07-10 02:00:00+00:00, run_after=2026-07-11 02:00:00+00:00
[2026-07-25T16:02:43.032+0000] {processor.py:208} INFO - Processing /opt/airflow/dags/fct_count_day_eqrthquake.py took 0.050 seconds
[2026-07-25T16:03:13.413+0000] {processor.py:186} INFO - Started process (PID=34264) to work on /opt/airflow/dags/fct_count_day_eqrthquake.py
[2026-07-25T16:03:13.413+0000] {processor.py:914} INFO - Processing file /opt/airflow/dags/fct_count_day_eqrthquake.py for tasks to queue
[2026-07-25T16:03:13.414+0000] {logging_mixin.py:190} INFO - [2026-07-25T16:03:13.414+0000] {dagbag.py:588} INFO - Filling up the DagBag from /opt/airflow/dags/fct_count_day_eqrthquake.py
[2026-07-25T16:03:13.420+0000] {processor.py:925} INFO - DAG(s) 'fct_count_day_earthquake' retrieved from /opt/airflow/dags/fct_count_day_eqrthquake.py
[2026-07-25T16:03:13.433+0000] {logging_mixin.py:190} INFO - [2026-07-25T16:03:13.433+0000] {dag.py:3239} INFO - Sync 1 DAGs
[2026-07-25T16:03:13.446+0000] {logging_mixin.py:190} INFO - [2026-07-25T16:03:13.446+0000] {dag.py:4180} INFO - Setting next_dagrun for fct_count_day_earthquake to 2026-07-10 02:00:00+00:00, run_after=2026-07-11 02:00:00+00:00
[2026-07-25T16:03:13.456+0000] {processor.py:208} INFO - Processing /opt/airflow/dags/fct_count_day_eqrthquake.py took 0.047 seconds
[2026-07-25T16:03:43.924+0000] {processor.py:186} INFO - Started process (PID=34304) to work on /opt/airflow/dags/fct_count_day_eqrthquake.py
[2026-07-25T16:03:43.927+0000] {processor.py:914} INFO - Processing file /opt/airflow/dags/fct_count_day_eqrthquake.py for tasks to queue
[2026-07-25T16:03:43.928+0000] {logging_mixin.py:190} INFO - [2026-07-25T16:03:43.927+0000] {dagbag.py:588} INFO - Filling up the DagBag from /opt/airflow/dags/fct_count_day_eqrthquake.py
[2026-07-25T16:03:43.934+0000] {processor.py:925} INFO - DAG(s) 'fct_count_day_earthquake' retrieved from /opt/airflow/dags/fct_count_day_eqrthquake.py
[2026-07-25T16:03:43.946+0000] {logging_mixin.py:190} INFO - [2026-07-25T16:03:43.946+0000] {dag.py:3239} INFO - Sync 1 DAGs
[2026-07-25T16:03:43.958+0000] {logging_mixin.py:190} INFO - [2026-07-25T16:03:43.958+0000] {dag.py:4180} INFO - Setting next_dagrun for fct_count_day_earthquake to 2026-07-10 02:00:00+00:00, run_after=2026-07-11 02:00:00+00:00
[2026-07-25T16:03:43.970+0000] {processor.py:208} INFO - Processing /opt/airflow/dags/fct_count_day_eqrthquake.py took 0.051 seconds
[2026-07-25T16:04:14.431+0000] {processor.py:186} INFO - Started process (PID=34344) to work on /opt/airflow/dags/fct_count_day_eqrthquake.py
[2026-07-25T16:04:14.431+0000] {processor.py:914} INFO - Processing file /opt/airflow/dags/fct_count_day_eqrthquake.py for tasks to queue
[2026-07-25T16:04:14.432+0000] {logging_mixin.py:190} INFO - [2026-07-25T16:04:14.431+0000] {dagbag.py:588} INFO - Filling up the DagBag from /opt/airflow/dags/fct_count_day_eqrthquake.py
[2026-07-25T16:04:14.438+0000] {processor.py:925} INFO - DAG(s) 'fct_count_day_earthquake' retrieved from /opt/airflow/dags/fct_count_day_eqrthquake.py
[2026-07-25T16:04:14.451+0000] {logging_mixin.py:190} INFO - [2026-07-25T16:04:14.451+0000] {dag.py:3239} INFO - Sync 1 DAGs
[2026-07-25T16:04:14.465+0000] {logging_mixin.py:190} INFO - [2026-07-25T16:04:14.465+0000] {dag.py:4180} INFO - Setting next_dagrun for fct_count_day_earthquake to 2026-07-10 02:00:00+00:00, run_after=2026-07-11 02:00:00+00:00
[2026-07-25T16:04:14.476+0000] {processor.py:208} INFO - Processing /opt/airflow/dags/fct_count_day_eqrthquake.py took 0.049 seconds
[2026-07-25T16:04:44.929+0000] {processor.py:186} INFO - Started process (PID=34384) to work on /opt/airflow/dags/fct_count_day_eqrthquake.py
[2026-07-25T16:04:44.932+0000] {processor.py:914} INFO - Processing file /opt/airflow/dags/fct_count_day_eqrthquake.py for tasks to queue
[2026-07-25T16:04:44.933+0000] {logging_mixin.py:190} INFO - [2026-07-25T16:04:44.932+0000] {dagbag.py:588} INFO - Filling up the DagBag from /opt/airflow/dags/fct_count_day_eqrthquake.py
[2026-07-25T16:04:44.938+0000] {processor.py:925} INFO - DAG(s) 'fct_count_day_earthquake' retrieved from /opt/airflow/dags/fct_count_day_eqrthquake.py
[2026-07-25T16:04:44.951+0000] {logging_mixin.py:190} INFO - [2026-07-25T16:04:44.951+0000] {dag.py:3239} INFO - Sync 1 DAGs
[2026-07-25T16:04:44.963+0000] {logging_mixin.py:190} INFO - [2026-07-25T16:04:44.963+0000] {dag.py:4180} INFO - Setting next_dagrun for fct_count_day_earthquake to 2026-07-10 02:00:00+00:00, run_after=2026-07-11 02:00:00+00:00
[2026-07-25T16:04:44.974+0000] {processor.py:208} INFO - Processing /opt/airflow/dags/fct_count_day_eqrthquake.py took 0.049 seconds
[2026-07-25T16:05:15.414+0000] {processor.py:186} INFO - Started process (PID=34424) to work on /opt/airflow/dags/fct_count_day_eqrthquake.py
[2026-07-25T16:05:15.414+0000] {processor.py:914} INFO - Processing file /opt/airflow/dags/fct_count_day_eqrthquake.py for tasks to queue
[2026-07-25T16:05:15.415+0000] {logging_mixin.py:190} INFO - [2026-07-25T16:05:15.414+0000] {dagbag.py:588} INFO - Filling up the DagBag from /opt/airflow/dags/fct_count_day_eqrthquake.py
[2026-07-25T16:05:15.421+0000] {processor.py:925} INFO - DAG(s) 'fct_count_day_earthquake' retrieved from /opt/airflow/dags/fct_count_day_eqrthquake.py
[2026-07-25T16:05:15.433+0000] {logging_mixin.py:190} INFO - [2026-07-25T16:05:15.433+0000] {dag.py:3239} INFO - Sync 1 DAGs
[2026-07-25T16:05:15.447+0000] {logging_mixin.py:190} INFO - [2026-07-25T16:05:15.447+0000] {dag.py:4180} INFO - Setting next_dagrun for fct_count_day_earthquake to 2026-07-10 02:00:00+00:00, run_after=2026-07-11 02:00:00+00:00
[2026-07-25T16:05:15.457+0000] {processor.py:208} INFO - Processing /opt/airflow/dags/fct_count_day_eqrthquake.py took 0.047 seconds
[2026-07-25T16:05:45.895+0000] {processor.py:186} INFO - Started process (PID=34464) to work on /opt/airflow/dags/fct_count_day_eqrthquake.py
[2026-07-25T16:05:45.898+0000] {processor.py:914} INFO - Processing file /opt/airflow/dags/fct_count_day_eqrthquake.py for tasks to queue
[2026-07-25T16:05:45.899+0000] {logging_mixin.py:190} INFO - [2026-07-25T16:05:45.898+0000] {dagbag.py:588} INFO - Filling up the DagBag from /opt/airflow/dags/fct_count_day_eqrthquake.py
[2026-07-25T16:05:45.905+0000] {processor.py:925} INFO - DAG(s) 'fct_count_day_earthquake' retrieved from /opt/airflow/dags/fct_count_day_eqrthquake.py
[2026-07-25T16:05:45.918+0000] {logging_mixin.py:190} INFO - [2026-07-25T16:05:45.918+0000] {dag.py:3239} INFO - Sync 1 DAGs
[2026-07-25T16:05:45.931+0000] {logging_mixin.py:190} INFO - [2026-07-25T16:05:45.931+0000] {dag.py:4180} INFO - Setting next_dagrun for fct_count_day_earthquake to 2026-07-10 02:00:00+00:00, run_after=2026-07-11 02:00:00+00:00
[2026-07-25T16:05:45.941+0000] {processor.py:208} INFO - Processing /opt/airflow/dags/fct_count_day_eqrthquake.py took 0.049 seconds
[2026-07-25T16:06:16.374+0000] {processor.py:186} INFO - Started process (PID=34504) to work on /opt/airflow/dags/fct_count_day_eqrthquake.py
[2026-07-25T16:06:16.374+0000] {processor.py:914} INFO - Processing file /opt/airflow/dags/fct_count_day_eqrthquake.py for tasks to queue
[2026-07-25T16:06:16.375+0000] {logging_mixin.py:190} INFO - [2026-07-25T16:06:16.375+0000] {dagbag.py:588} INFO - Filling up the DagBag from /opt/airflow/dags/fct_count_day_eqrthquake.py
[2026-07-25T16:06:16.381+0000] {processor.py:925} INFO - DAG(s) 'fct_count_day_earthquake' retrieved from /opt/airflow/dags/fct_count_day_eqrthquake.py
[2026-07-25T16:06:16.396+0000] {logging_mixin.py:190} INFO - [2026-07-25T16:06:16.396+0000] {dag.py:3239} INFO - Sync 1 DAGs
[2026-07-25T16:06:16.410+0000] {logging_mixin.py:190} INFO - [2026-07-25T16:06:16.410+0000] {dag.py:4180} INFO - Setting next_dagrun for fct_count_day_earthquake to 2026-07-10 02:00:00+00:00, run_after=2026-07-11 02:00:00+00:00
[2026-07-25T16:06:16.423+0000] {processor.py:208} INFO - Processing /opt/airflow/dags/fct_count_day_eqrthquake.py took 0.053 seconds
[2026-07-25T16:06:46.848+0000] {processor.py:186} INFO - Started process (PID=34544) to work on /opt/airflow/dags/fct_count_day_eqrthquake.py
[2026-07-25T16:06:46.852+0000] {processor.py:914} INFO - Processing file /opt/airflow/dags/fct_count_day_eqrthquake.py for tasks to queue
[2026-07-25T16:06:46.852+0000] {logging_mixin.py:190} INFO - [2026-07-25T16:06:46.852+0000] {dagbag.py:588} INFO - Filling up the DagBag from /opt/airflow/dags/fct_count_day_eqrthquake.py
[2026-07-25T16:06:46.859+0000] {processor.py:925} INFO - DAG(s) 'fct_count_day_earthquake' retrieved from /opt/airflow/dags/fct_count_day_eqrthquake.py
[2026-07-25T16:06:46.870+0000] {logging_mixin.py:190} INFO - [2026-07-25T16:06:46.870+0000] {dag.py:3239} INFO - Sync 1 DAGs
[2026-07-25T16:06:46.883+0000] {logging_mixin.py:190} INFO - [2026-07-25T16:06:46.883+0000] {dag.py:4180} INFO - Setting next_dagrun for fct_count_day_earthquake to 2026-07-10 02:00:00+00:00, run_after=2026-07-11 02:00:00+00:00
[2026-07-25T16:06:46.894+0000] {processor.py:208} INFO - Processing /opt/airflow/dags/fct_count_day_eqrthquake.py took 0.049 seconds
[2026-07-25T16:07:17.372+0000] {processor.py:186} INFO - Started process (PID=34584) to work on /opt/airflow/dags/fct_count_day_eqrthquake.py
[2026-07-25T16:07:17.372+0000] {processor.py:914} INFO - Processing file /opt/airflow/dags/fct_count_day_eqrthquake.py for tasks to queue
[2026-07-25T16:07:17.373+0000] {logging_mixin.py:190} INFO - [2026-07-25T16:07:17.373+0000] {dagbag.py:588} INFO - Filling up the DagBag from /opt/airflow/dags/fct_count_day_eqrthquake.py
[2026-07-25T16:07:17.380+0000] {processor.py:925} INFO - DAG(s) 'fct_count_day_earthquake' retrieved from /opt/airflow/dags/fct_count_day_eqrthquake.py
[2026-07-25T16:07:17.396+0000] {logging_mixin.py:190} INFO - [2026-07-25T16:07:17.396+0000] {dag.py:3239} INFO - Sync 1 DAGs
[2026-07-25T16:07:17.409+0000] {logging_mixin.py:190} INFO - [2026-07-25T16:07:17.409+0000] {dag.py:4180} INFO - Setting next_dagrun for fct_count_day_earthquake to 2026-07-10 02:00:00+00:00, run_after=2026-07-11 02:00:00+00:00
[2026-07-25T16:07:17.422+0000] {processor.py:208} INFO - Processing /opt/airflow/dags/fct_count_day_eqrthquake.py took 0.055 seconds
[2026-07-25T16:07:47.790+0000] {processor.py:186} INFO - Started process (PID=34624) to work on /opt/airflow/dags/fct_count_day_eqrthquake.py
[2026-07-25T16:07:47.793+0000] {processor.py:914} INFO - Processing file /opt/airflow/dags/fct_count_day_eqrthquake.py for tasks to queue
[2026-07-25T16:07:47.794+0000] {logging_mixin.py:190} INFO - [2026-07-25T16:07:47.794+0000] {dagbag.py:588} INFO - Filling up the DagBag from /opt/airflow/dags/fct_count_day_eqrthquake.py
[2026-07-25T16:07:47.801+0000] {processor.py:925} INFO - DAG(s) 'fct_count_day_earthquake' retrieved from /opt/airflow/dags/fct_count_day_eqrthquake.py
[2026-07-25T16:07:47.815+0000] {logging_mixin.py:190} INFO - [2026-07-25T16:07:47.815+0000] {dag.py:3239} INFO - Sync 1 DAGs
[2026-07-25T16:07:47.829+0000] {logging_mixin.py:190} INFO - [2026-07-25T16:07:47.829+0000] {dag.py:4180} INFO - Setting next_dagrun for fct_count_day_earthquake to 2026-07-10 02:00:00+00:00, run_after=2026-07-11 02:00:00+00:00
[2026-07-25T16:07:47.840+0000] {processor.py:208} INFO - Processing /opt/airflow/dags/fct_count_day_eqrthquake.py took 0.054 seconds
[2026-07-25T16:08:18.307+0000] {processor.py:186} INFO - Started process (PID=34664) to work on /opt/airflow/dags/fct_count_day_eqrthquake.py
[2026-07-25T16:08:18.308+0000] {processor.py:914} INFO - Processing file /opt/airflow/dags/fct_count_day_eqrthquake.py for tasks to queue
[2026-07-25T16:08:18.308+0000] {logging_mixin.py:190} INFO - [2026-07-25T16:08:18.308+0000] {dagbag.py:588} INFO - Filling up the DagBag from /opt/airflow/dags/fct_count_day_eqrthquake.py
[2026-07-25T16:08:18.314+0000] {processor.py:925} INFO - DAG(s) 'fct_count_day_earthquake' retrieved from /opt/airflow/dags/fct_count_day_eqrthquake.py
[2026-07-25T16:08:18.332+0000] {logging_mixin.py:190} INFO - [2026-07-25T16:08:18.332+0000] {dag.py:3239} INFO - Sync 1 DAGs
[2026-07-25T16:08:18.351+0000] {logging_mixin.py:190} INFO - [2026-07-25T16:08:18.351+0000] {dag.py:4180} INFO - Setting next_dagrun for fct_count_day_earthquake to 2026-07-10 02:00:00+00:00, run_after=2026-07-11 02:00:00+00:00
[2026-07-25T16:08:18.363+0000] {processor.py:208} INFO - Processing /opt/airflow/dags/fct_count_day_eqrthquake.py took 0.059 seconds
[2026-07-25T16:08:48.838+0000] {processor.py:186} INFO - Started process (PID=34704) to work on /opt/airflow/dags/fct_count_day_eqrthquake.py
[2026-07-25T16:08:48.840+0000] {processor.py:914} INFO - Processing file /opt/airflow/dags/fct_count_day_eqrthquake.py for tasks to queue
[2026-07-25T16:08:48.841+0000] {logging_mixin.py:190} INFO - [2026-07-25T16:08:48.841+0000] {dagbag.py:588} INFO - Filling up the DagBag from /opt/airflow/dags/fct_count_day_eqrthquake.py
[2026-07-25T16:08:48.852+0000] {processor.py:925} INFO - DAG(s) 'fct_count_day_earthquake' retrieved from /opt/airflow/dags/fct_count_day_eqrthquake.py
[2026-07-25T16:08:48.865+0000] {logging_mixin.py:190} INFO - [2026-07-25T16:08:48.865+0000] {dag.py:3239} INFO - Sync 1 DAGs
[2026-07-25T16:08:48.878+0000] {logging_mixin.py:190} INFO - [2026-07-25T16:08:48.878+0000] {dag.py:4180} INFO - Setting next_dagrun for fct_count_day_earthquake to 2026-07-10 02:00:00+00:00, run_after=2026-07-11 02:00:00+00:00
[2026-07-25T16:08:48.889+0000] {processor.py:208} INFO - Processing /opt/airflow/dags/fct_count_day_eqrthquake.py took 0.055 seconds
[2026-07-25T16:09:19.301+0000] {processor.py:186} INFO - Started process (PID=34744) to work on /opt/airflow/dags/fct_count_day_eqrthquake.py
[2026-07-25T16:09:19.302+0000] {processor.py:914} INFO - Processing file /opt/airflow/dags/fct_count_day_eqrthquake.py for tasks to queue
[2026-07-25T16:09:19.302+0000] {logging_mixin.py:190} INFO - [2026-07-25T16:09:19.302+0000] {dagbag.py:588} INFO - Filling up the DagBag from /opt/airflow/dags/fct_count_day_eqrthquake.py
[2026-07-25T16:09:19.308+0000] {processor.py:925} INFO - DAG(s) 'fct_count_day_earthquake' retrieved from /opt/airflow/dags/fct_count_day_eqrthquake.py
[2026-07-25T16:09:19.323+0000] {logging_mixin.py:190} INFO - [2026-07-25T16:09:19.322+0000] {dag.py:3239} INFO - Sync 1 DAGs
[2026-07-25T16:09:19.336+0000] {logging_mixin.py:190} INFO - [2026-07-25T16:09:19.335+0000] {dag.py:4180} INFO - Setting next_dagrun for fct_count_day_earthquake to 2026-07-10 02:00:00+00:00, run_after=2026-07-11 02:00:00+00:00
[2026-07-25T16:09:19.347+0000] {processor.py:208} INFO - Processing /opt/airflow/dags/fct_count_day_eqrthquake.py took 0.049 seconds
[2026-07-25T16:09:49.818+0000] {processor.py:186} INFO - Started process (PID=34784) to work on /opt/airflow/dags/fct_count_day_eqrthquake.py
[2026-07-25T16:09:49.821+0000] {processor.py:914} INFO - Processing file /opt/airflow/dags/fct_count_day_eqrthquake.py for tasks to queue
[2026-07-25T16:09:49.822+0000] {logging_mixin.py:190} INFO - [2026-07-25T16:09:49.821+0000] {dagbag.py:588} INFO - Filling up the DagBag from /opt/airflow/dags/fct_count_day_eqrthquake.py
[2026-07-25T16:09:49.828+0000] {processor.py:925} INFO - DAG(s) 'fct_count_day_earthquake' retrieved from /opt/airflow/dags/fct_count_day_eqrthquake.py
[2026-07-25T16:09:49.841+0000] {logging_mixin.py:190} INFO - [2026-07-25T16:09:49.841+0000] {dag.py:3239} INFO - Sync 1 DAGs
[2026-07-25T16:09:49.854+0000] {logging_mixin.py:190} INFO - [2026-07-25T16:09:49.854+0000] {dag.py:4180} INFO - Setting next_dagrun for fct_count_day_earthquake to 2026-07-10 02:00:00+00:00, run_after=2026-07-11 02:00:00+00:00
[2026-07-25T16:09:49.865+0000] {processor.py:208} INFO - Processing /opt/airflow/dags/fct_count_day_eqrthquake.py took 0.051 seconds
[2026-07-25T16:10:20.326+0000] {processor.py:186} INFO - Started process (PID=34824) to work on /opt/airflow/dags/fct_count_day_eqrthquake.py
[2026-07-25T16:10:20.327+0000] {processor.py:914} INFO - Processing file /opt/airflow/dags/fct_count_day_eqrthquake.py for tasks to queue
[2026-07-25T16:10:20.327+0000] {logging_mixin.py:190} INFO - [2026-07-25T16:10:20.327+0000] {dagbag.py:588} INFO - Filling up the DagBag from /opt/airflow/dags/fct_count_day_eqrthquake.py
[2026-07-25T16:10:20.334+0000] {processor.py:925} INFO - DAG(s) 'fct_count_day_earthquake' retrieved from /opt/airflow/dags/fct_count_day_eqrthquake.py
[2026-07-25T16:10:20.347+0000] {logging_mixin.py:190} INFO - [2026-07-25T16:10:20.347+0000] {dag.py:3239} INFO - Sync 1 DAGs
[2026-07-25T16:10:20.360+0000] {logging_mixin.py:190} INFO - [2026-07-25T16:10:20.360+0000] {dag.py:4180} INFO - Setting next_dagrun for fct_count_day_earthquake to 2026-07-10 02:00:00+00:00, run_after=2026-07-11 02:00:00+00:00
[2026-07-25T16:10:20.371+0000] {processor.py:208} INFO - Processing /opt/airflow/dags/fct_count_day_eqrthquake.py took 0.047 seconds
[2026-07-25T16:10:50.872+0000] {processor.py:186} INFO - Started process (PID=34864) to work on /opt/airflow/dags/fct_count_day_eqrthquake.py
[2026-07-25T16:10:50.875+0000] {processor.py:914} INFO - Processing file /opt/airflow/dags/fct_count_day_eqrthquake.py for tasks to queue
[2026-07-25T16:10:50.876+0000] {logging_mixin.py:190} INFO - [2026-07-25T16:10:50.876+0000] {dagbag.py:588} INFO - Filling up the DagBag from /opt/airflow/dags/fct_count_day_eqrthquake.py
[2026-07-25T16:10:50.883+0000] {processor.py:925} INFO - DAG(s) 'fct_count_day_earthquake' retrieved from /opt/airflow/dags/fct_count_day_eqrthquake.py
[2026-07-25T16:10:50.894+0000] {logging_mixin.py:190} INFO - [2026-07-25T16:10:50.894+0000] {dag.py:3239} INFO - Sync 1 DAGs
[2026-07-25T16:10:50.907+0000] {logging_mixin.py:190} INFO - [2026-07-25T16:10:50.907+0000] {dag.py:4180} INFO - Setting next_dagrun for fct_count_day_earthquake to 2026-07-10 02:00:00+00:00, run_after=2026-07-11 02:00:00+00:00
[2026-07-25T16:10:50.918+0000] {processor.py:208} INFO - Processing /opt/airflow/dags/fct_count_day_eqrthquake.py took 0.051 seconds
[2026-07-25T16:11:21.380+0000] {processor.py:186} INFO - Started process (PID=34904) to work on /opt/airflow/dags/fct_count_day_eqrthquake.py
[2026-07-25T16:11:21.383+0000] {processor.py:914} INFO - Processing file /opt/airflow/dags/fct_count_day_eqrthquake.py for tasks to queue
[2026-07-25T16:11:21.384+0000] {logging_mixin.py:190} INFO - [2026-07-25T16:11:21.383+0000] {dagbag.py:588} INFO - Filling up the DagBag from /opt/airflow/dags/fct_count_day_eqrthquake.py
[2026-07-25T16:11:21.390+0000] {processor.py:925} INFO - DAG(s) 'fct_count_day_earthquake' retrieved from /opt/airflow/dags/fct_count_day_eqrthquake.py
[2026-07-25T16:11:21.402+0000] {logging_mixin.py:190} INFO - [2026-07-25T16:11:21.402+0000] {dag.py:3239} INFO - Sync 1 DAGs
[2026-07-25T16:11:21.415+0000] {logging_mixin.py:190} INFO - [2026-07-25T16:11:21.415+0000] {dag.py:4180} INFO - Setting next_dagrun for fct_count_day_earthquake to 2026-07-10 02:00:00+00:00, run_after=2026-07-11 02:00:00+00:00
[2026-07-25T16:11:21.427+0000] {processor.py:208} INFO - Processing /opt/airflow/dags/fct_count_day_eqrthquake.py took 0.050 seconds
[2026-07-25T16:11:51.875+0000] {processor.py:186} INFO - Started process (PID=34944) to work on /opt/airflow/dags/fct_count_day_eqrthquake.py
[2026-07-25T16:11:51.876+0000] {processor.py:914} INFO - Processing file /opt/airflow/dags/fct_count_day_eqrthquake.py for tasks to queue
[2026-07-25T16:11:51.876+0000] {logging_mixin.py:190} INFO - [2026-07-25T16:11:51.876+0000] {dagbag.py:588} INFO - Filling up the DagBag from /opt/airflow/dags/fct_count_day_eqrthquake.py
[2026-07-25T16:11:51.884+0000] {processor.py:925} INFO - DAG(s) 'fct_count_day_earthquake' retrieved from /opt/airflow/dags/fct_count_day_eqrthquake.py
[2026-07-25T16:11:51.897+0000] {logging_mixin.py:190} INFO - [2026-07-25T16:11:51.897+0000] {dag.py:3239} INFO - Sync 1 DAGs
[2026-07-25T16:11:51.910+0000] {logging_mixin.py:190} INFO - [2026-07-25T16:11:51.910+0000] {dag.py:4180} INFO - Setting next_dagrun for fct_count_day_earthquake to 2026-07-10 02:00:00+00:00, run_after=2026-07-11 02:00:00+00:00
[2026-07-25T16:11:51.921+0000] {processor.py:208} INFO - Processing /opt/airflow/dags/fct_count_day_eqrthquake.py took 0.049 seconds
[2026-07-25T16:12:22.347+0000] {processor.py:186} INFO - Started process (PID=34984) to work on /opt/airflow/dags/fct_count_day_eqrthquake.py
[2026-07-25T16:12:22.348+0000] {processor.py:914} INFO - Processing file /opt/airflow/dags/fct_count_day_eqrthquake.py for tasks to queue
[2026-07-25T16:12:22.349+0000] {logging_mixin.py:190} INFO - [2026-07-25T16:12:22.348+0000] {dagbag.py:588} INFO - Filling up the DagBag from /opt/airflow/dags/fct_count_day_eqrthquake.py
[2026-07-25T16:12:22.358+0000] {processor.py:925} INFO - DAG(s) 'fct_count_day_earthquake' retrieved from /opt/airflow/dags/fct_count_day_eqrthquake.py
[2026-07-25T16:12:22.372+0000] {logging_mixin.py:190} INFO - [2026-07-25T16:12:22.372+0000] {dag.py:3239} INFO - Sync 1 DAGs
[2026-07-25T16:12:22.386+0000] {logging_mixin.py:190} INFO - [2026-07-25T16:12:22.386+0000] {dag.py:4180} INFO - Setting next_dagrun for fct_count_day_earthquake to 2026-07-10 02:00:00+00:00, run_after=2026-07-11 02:00:00+00:00
[2026-07-25T16:12:22.397+0000] {processor.py:208} INFO - Processing /opt/airflow/dags/fct_count_day_eqrthquake.py took 0.054 seconds
[2026-07-25T16:12:52.855+0000] {processor.py:186} INFO - Started process (PID=35024) to work on /opt/airflow/dags/fct_count_day_eqrthquake.py
[2026-07-25T16:12:52.859+0000] {processor.py:914} INFO - Processing file /opt/airflow/dags/fct_count_day_eqrthquake.py for tasks to queue
[2026-07-25T16:12:52.860+0000] {logging_mixin.py:190} INFO - [2026-07-25T16:12:52.860+0000] {dagbag.py:588} INFO - Filling up the DagBag from /opt/airflow/dags/fct_count_day_eqrthquake.py
[2026-07-25T16:12:52.867+0000] {processor.py:925} INFO - DAG(s) 'fct_count_day_earthquake' retrieved from /opt/airflow/dags/fct_count_day_eqrthquake.py
[2026-07-25T16:12:52.885+0000] {logging_mixin.py:190} INFO - [2026-07-25T16:12:52.885+0000] {dag.py:3239} INFO - Sync 1 DAGs
[2026-07-25T16:12:52.898+0000] {logging_mixin.py:190} INFO - [2026-07-25T16:12:52.898+0000] {dag.py:4180} INFO - Setting next_dagrun for fct_count_day_earthquake to 2026-07-10 02:00:00+00:00, run_after=2026-07-11 02:00:00+00:00
[2026-07-25T16:12:52.910+0000] {processor.py:208} INFO - Processing /opt/airflow/dags/fct_count_day_eqrthquake.py took 0.059 seconds
[2026-07-25T16:13:23.375+0000] {processor.py:186} INFO - Started process (PID=35064) to work on /opt/airflow/dags/fct_count_day_eqrthquake.py
[2026-07-25T16:13:23.376+0000] {processor.py:914} INFO - Processing file /opt/airflow/dags/fct_count_day_eqrthquake.py for tasks to queue
[2026-07-25T16:13:23.376+0000] {logging_mixin.py:190} INFO - [2026-07-25T16:13:23.376+0000] {dagbag.py:588} INFO - Filling up the DagBag from /opt/airflow/dags/fct_count_day_eqrthquake.py
[2026-07-25T16:13:23.382+0000] {processor.py:925} INFO - DAG(s) 'fct_count_day_earthquake' retrieved from /opt/airflow/dags/fct_count_day_eqrthquake.py
[2026-07-25T16:13:23.393+0000] {logging_mixin.py:190} INFO - [2026-07-25T16:13:23.393+0000] {dag.py:3239} INFO - Sync 1 DAGs
[2026-07-25T16:13:23.405+0000] {logging_mixin.py:190} INFO - [2026-07-25T16:13:23.405+0000] {dag.py:4180} INFO - Setting next_dagrun for fct_count_day_earthquake to 2026-07-10 02:00:00+00:00, run_after=2026-07-11 02:00:00+00:00
[2026-07-25T16:13:23.417+0000] {processor.py:208} INFO - Processing /opt/airflow/dags/fct_count_day_eqrthquake.py took 0.044 seconds
[2026-07-25T16:13:53.884+0000] {processor.py:186} INFO - Started process (PID=35110) to work on /opt/airflow/dags/fct_count_day_eqrthquake.py
[2026-07-25T16:13:53.887+0000] {processor.py:914} INFO - Processing file /opt/airflow/dags/fct_count_day_eqrthquake.py for tasks to queue
[2026-07-25T16:13:53.888+0000] {logging_mixin.py:190} INFO - [2026-07-25T16:13:53.888+0000] {dagbag.py:588} INFO - Filling up the DagBag from /opt/airflow/dags/fct_count_day_eqrthquake.py
[2026-07-25T16:13:53.896+0000] {processor.py:925} INFO - DAG(s) 'fct_count_day_earthquake' retrieved from /opt/airflow/dags/fct_count_day_eqrthquake.py
[2026-07-25T16:13:53.907+0000] {logging_mixin.py:190} INFO - [2026-07-25T16:13:53.907+0000] {dag.py:3239} INFO - Sync 1 DAGs
[2026-07-25T16:13:53.920+0000] {logging_mixin.py:190} INFO - [2026-07-25T16:13:53.920+0000] {dag.py:4180} INFO - Setting next_dagrun for fct_count_day_earthquake to 2026-07-10 02:00:00+00:00, run_after=2026-07-11 02:00:00+00:00
[2026-07-25T16:13:53.932+0000] {processor.py:208} INFO - Processing /opt/airflow/dags/fct_count_day_eqrthquake.py took 0.052 seconds
[2026-07-25T16:14:24.425+0000] {processor.py:186} INFO - Started process (PID=35150) to work on /opt/airflow/dags/fct_count_day_eqrthquake.py
[2026-07-25T16:14:24.425+0000] {processor.py:914} INFO - Processing file /opt/airflow/dags/fct_count_day_eqrthquake.py for tasks to queue
[2026-07-25T16:14:24.426+0000] {logging_mixin.py:190} INFO - [2026-07-25T16:14:24.426+0000] {dagbag.py:588} INFO - Filling up the DagBag from /opt/airflow/dags/fct_count_day_eqrthquake.py
[2026-07-25T16:14:24.432+0000] {processor.py:925} INFO - DAG(s) 'fct_count_day_earthquake' retrieved from /opt/airflow/dags/fct_count_day_eqrthquake.py
[2026-07-25T16:14:24.449+0000] {logging_mixin.py:190} INFO - [2026-07-25T16:14:24.449+0000] {dag.py:3239} INFO - Sync 1 DAGs
[2026-07-25T16:14:24.462+0000] {logging_mixin.py:190} INFO - [2026-07-25T16:14:24.462+0000] {dag.py:4180} INFO - Setting next_dagrun for fct_count_day_earthquake to 2026-07-10 02:00:00+00:00, run_after=2026-07-11 02:00:00+00:00
[2026-07-25T16:14:24.473+0000] {processor.py:208} INFO - Processing /opt/airflow/dags/fct_count_day_eqrthquake.py took 0.052 seconds
[2026-07-25T16:14:54.829+0000] {processor.py:186} INFO - Started process (PID=35190) to work on /opt/airflow/dags/fct_count_day_eqrthquake.py
[2026-07-25T16:14:54.830+0000] {processor.py:914} INFO - Processing file /opt/airflow/dags/fct_count_day_eqrthquake.py for tasks to queue
[2026-07-25T16:14:54.830+0000] {logging_mixin.py:190} INFO - [2026-07-25T16:14:54.830+0000] {dagbag.py:588} INFO - Filling up the DagBag from /opt/airflow/dags/fct_count_day_eqrthquake.py
[2026-07-25T16:14:54.837+0000] {processor.py:925} INFO - DAG(s) 'fct_count_day_earthquake' retrieved from /opt/airflow/dags/fct_count_day_eqrthquake.py
[2026-07-25T16:14:54.850+0000] {logging_mixin.py:190} INFO - [2026-07-25T16:14:54.850+0000] {dag.py:3239} INFO - Sync 1 DAGs
[2026-07-25T16:14:54.863+0000] {logging_mixin.py:190} INFO - [2026-07-25T16:14:54.863+0000] {dag.py:4180} INFO - Setting next_dagrun for fct_count_day_earthquake to 2026-07-10 02:00:00+00:00, run_after=2026-07-11 02:00:00+00:00
[2026-07-25T16:14:54.875+0000] {processor.py:208} INFO - Processing /opt/airflow/dags/fct_count_day_eqrthquake.py took 0.049 seconds
[2026-07-25T16:15:25.286+0000] {processor.py:186} INFO - Started process (PID=35230) to work on /opt/airflow/dags/fct_count_day_eqrthquake.py
[2026-07-25T16:15:25.286+0000] {processor.py:914} INFO - Processing file /opt/airflow/dags/fct_count_day_eqrthquake.py for tasks to queue
[2026-07-25T16:15:25.287+0000] {logging_mixin.py:190} INFO - [2026-07-25T16:15:25.287+0000] {dagbag.py:588} INFO - Filling up the DagBag from /opt/airflow/dags/fct_count_day_eqrthquake.py
[2026-07-25T16:15:25.293+0000] {processor.py:925} INFO - DAG(s) 'fct_count_day_earthquake' retrieved from /opt/airflow/dags/fct_count_day_eqrthquake.py
[2026-07-25T16:15:25.309+0000] {logging_mixin.py:190} INFO - [2026-07-25T16:15:25.309+0000] {dag.py:3239} INFO - Sync 1 DAGs
[2026-07-25T16:15:25.324+0000] {logging_mixin.py:190} INFO - [2026-07-25T16:15:25.324+0000] {dag.py:4180} INFO - Setting next_dagrun for fct_count_day_earthquake to 2026-07-10 02:00:00+00:00, run_after=2026-07-11 02:00:00+00:00
[2026-07-25T16:15:25.336+0000] {processor.py:208} INFO - Processing /opt/airflow/dags/fct_count_day_eqrthquake.py took 0.053 seconds
[2026-07-25T16:15:55.809+0000] {processor.py:186} INFO - Started process (PID=35270) to work on /opt/airflow/dags/fct_count_day_eqrthquake.py
[2026-07-25T16:15:55.812+0000] {processor.py:914} INFO - Processing file /opt/airflow/dags/fct_count_day_eqrthquake.py for tasks to queue
[2026-07-25T16:15:55.813+0000] {logging_mixin.py:190} INFO - [2026-07-25T16:15:55.813+0000] {dagbag.py:588} INFO - Filling up the DagBag from /opt/airflow/dags/fct_count_day_eqrthquake.py
[2026-07-25T16:15:55.820+0000] {processor.py:925} INFO - DAG(s) 'fct_count_day_earthquake' retrieved from /opt/airflow/dags/fct_count_day_eqrthquake.py
[2026-07-25T16:15:55.833+0000] {logging_mixin.py:190} INFO - [2026-07-25T16:15:55.833+0000] {dag.py:3239} INFO - Sync 1 DAGs
[2026-07-25T16:15:55.846+0000] {logging_mixin.py:190} INFO - [2026-07-25T16:15:55.846+0000] {dag.py:4180} INFO - Setting next_dagrun for fct_count_day_earthquake to 2026-07-10 02:00:00+00:00, run_after=2026-07-11 02:00:00+00:00
[2026-07-25T16:15:55.856+0000] {processor.py:208} INFO - Processing /opt/airflow/dags/fct_count_day_eqrthquake.py took 0.050 seconds
[2026-07-25T16:16:26.323+0000] {processor.py:186} INFO - Started process (PID=35310) to work on /opt/airflow/dags/fct_count_day_eqrthquake.py
[2026-07-25T16:16:26.324+0000] {processor.py:914} INFO - Processing file /opt/airflow/dags/fct_count_day_eqrthquake.py for tasks to queue
[2026-07-25T16:16:26.324+0000] {logging_mixin.py:190} INFO - [2026-07-25T16:16:26.324+0000] {dagbag.py:588} INFO - Filling up the DagBag from /opt/airflow/dags/fct_count_day_eqrthquake.py
[2026-07-25T16:16:26.330+0000] {processor.py:925} INFO - DAG(s) 'fct_count_day_earthquake' retrieved from /opt/airflow/dags/fct_count_day_eqrthquake.py
[2026-07-25T16:16:26.344+0000] {logging_mixin.py:190} INFO - [2026-07-25T16:16:26.344+0000] {dag.py:3239} INFO - Sync 1 DAGs
[2026-07-25T16:16:26.357+0000] {logging_mixin.py:190} INFO - [2026-07-25T16:16:26.357+0000] {dag.py:4180} INFO - Setting next_dagrun for fct_count_day_earthquake to 2026-07-10 02:00:00+00:00, run_after=2026-07-11 02:00:00+00:00
[2026-07-25T16:16:26.368+0000] {processor.py:208} INFO - Processing /opt/airflow/dags/fct_count_day_eqrthquake.py took 0.048 seconds
[2026-07-25T16:16:56.812+0000] {processor.py:186} INFO - Started process (PID=35350) to work on /opt/airflow/dags/fct_count_day_eqrthquake.py
[2026-07-25T16:16:56.815+0000] {processor.py:914} INFO - Processing file /opt/airflow/dags/fct_count_day_eqrthquake.py for tasks to queue
[2026-07-25T16:16:56.816+0000] {logging_mixin.py:190} INFO - [2026-07-25T16:16:56.816+0000] {dagbag.py:588} INFO - Filling up the DagBag from /opt/airflow/dags/fct_count_day_eqrthquake.py
[2026-07-25T16:16:56.822+0000] {processor.py:925} INFO - DAG(s) 'fct_count_day_earthquake' retrieved from /opt/airflow/dags/fct_count_day_eqrthquake.py
[2026-07-25T16:16:56.841+0000] {logging_mixin.py:190} INFO - [2026-07-25T16:16:56.841+0000] {dag.py:3239} INFO - Sync 1 DAGs
[2026-07-25T16:16:56.854+0000] {logging_mixin.py:190} INFO - [2026-07-25T16:16:56.854+0000] {dag.py:4180} INFO - Setting next_dagrun for fct_count_day_earthquake to 2026-07-10 02:00:00+00:00, run_after=2026-07-11 02:00:00+00:00
[2026-07-25T16:16:56.865+0000] {processor.py:208} INFO - Processing /opt/airflow/dags/fct_count_day_eqrthquake.py took 0.056 seconds
[2026-07-25T16:17:27.275+0000] {processor.py:186} INFO - Started process (PID=35390) to work on /opt/airflow/dags/fct_count_day_eqrthquake.py
[2026-07-25T16:17:27.276+0000] {processor.py:914} INFO - Processing file /opt/airflow/dags/fct_count_day_eqrthquake.py for tasks to queue
[2026-07-25T16:17:27.276+0000] {logging_mixin.py:190} INFO - [2026-07-25T16:17:27.276+0000] {dagbag.py:588} INFO - Filling up the DagBag from /opt/airflow/dags/fct_count_day_eqrthquake.py
[2026-07-25T16:17:27.282+0000] {processor.py:925} INFO - DAG(s) 'fct_count_day_earthquake' retrieved from /opt/airflow/dags/fct_count_day_eqrthquake.py
[2026-07-25T16:17:27.295+0000] {logging_mixin.py:190} INFO - [2026-07-25T16:17:27.295+0000] {dag.py:3239} INFO - Sync 1 DAGs
[2026-07-25T16:17:27.308+0000] {logging_mixin.py:190} INFO - [2026-07-25T16:17:27.308+0000] {dag.py:4180} INFO - Setting next_dagrun for fct_count_day_earthquake to 2026-07-10 02:00:00+00:00, run_after=2026-07-11 02:00:00+00:00
[2026-07-25T16:17:27.320+0000] {processor.py:208} INFO - Processing /opt/airflow/dags/fct_count_day_eqrthquake.py took 0.047 seconds
[2026-07-25T16:17:57.827+0000] {processor.py:186} INFO - Started process (PID=35430) to work on /opt/airflow/dags/fct_count_day_eqrthquake.py
[2026-07-25T16:17:57.831+0000] {processor.py:914} INFO - Processing file /opt/airflow/dags/fct_count_day_eqrthquake.py for tasks to queue
[2026-07-25T16:17:57.832+0000] {logging_mixin.py:190} INFO - [2026-07-25T16:17:57.832+0000] {dagbag.py:588} INFO - Filling up the DagBag from /opt/airflow/dags/fct_count_day_eqrthquake.py
[2026-07-25T16:17:57.840+0000] {processor.py:925} INFO - DAG(s) 'fct_count_day_earthquake' retrieved from /opt/airflow/dags/fct_count_day_eqrthquake.py
[2026-07-25T16:17:57.859+0000] {logging_mixin.py:190} INFO - [2026-07-25T16:17:57.859+0000] {dag.py:3239} INFO - Sync 1 DAGs
[2026-07-25T16:17:57.872+0000] {logging_mixin.py:190} INFO - [2026-07-25T16:17:57.872+0000] {dag.py:4180} INFO - Setting next_dagrun for fct_count_day_earthquake to 2026-07-10 02:00:00+00:00, run_after=2026-07-11 02:00:00+00:00
[2026-07-25T16:17:57.884+0000] {processor.py:208} INFO - Processing /opt/airflow/dags/fct_count_day_eqrthquake.py took 0.060 seconds
[2026-07-25T16:18:28.279+0000] {processor.py:186} INFO - Started process (PID=35470) to work on /opt/airflow/dags/fct_count_day_eqrthquake.py
[2026-07-25T16:18:28.280+0000] {processor.py:914} INFO - Processing file /opt/airflow/dags/fct_count_day_eqrthquake.py for tasks to queue
[2026-07-25T16:18:28.280+0000] {logging_mixin.py:190} INFO - [2026-07-25T16:18:28.280+0000] {dagbag.py:588} INFO - Filling up the DagBag from /opt/airflow/dags/fct_count_day_eqrthquake.py
[2026-07-25T16:18:28.287+0000] {processor.py:925} INFO - DAG(s) 'fct_count_day_earthquake' retrieved from /opt/airflow/dags/fct_count_day_eqrthquake.py
[2026-07-25T16:18:28.300+0000] {logging_mixin.py:190} INFO - [2026-07-25T16:18:28.300+0000] {dag.py:3239} INFO - Sync 1 DAGs
[2026-07-25T16:18:28.313+0000] {logging_mixin.py:190} INFO - [2026-07-25T16:18:28.313+0000] {dag.py:4180} INFO - Setting next_dagrun for fct_count_day_earthquake to 2026-07-10 02:00:00+00:00, run_after=2026-07-11 02:00:00+00:00
[2026-07-25T16:18:28.323+0000] {processor.py:208} INFO - Processing /opt/airflow/dags/fct_count_day_eqrthquake.py took 0.047 seconds
[2026-07-25T16:18:58.724+0000] {processor.py:186} INFO - Started process (PID=35510) to work on /opt/airflow/dags/fct_count_day_eqrthquake.py
[2026-07-25T16:18:58.726+0000] {processor.py:914} INFO - Processing file /opt/airflow/dags/fct_count_day_eqrthquake.py for tasks to queue
[2026-07-25T16:18:58.726+0000] {logging_mixin.py:190} INFO - [2026-07-25T16:18:58.726+0000] {dagbag.py:588} INFO - Filling up the DagBag from /opt/airflow/dags/fct_count_day_eqrthquake.py
[2026-07-25T16:18:58.732+0000] {processor.py:925} INFO - DAG(s) 'fct_count_day_earthquake' retrieved from /opt/airflow/dags/fct_count_day_eqrthquake.py
[2026-07-25T16:18:58.745+0000] {logging_mixin.py:190} INFO - [2026-07-25T16:18:58.745+0000] {dag.py:3239} INFO - Sync 1 DAGs
[2026-07-25T16:18:58.758+0000] {logging_mixin.py:190} INFO - [2026-07-25T16:18:58.758+0000] {dag.py:4180} INFO - Setting next_dagrun for fct_count_day_earthquake to 2026-07-10 02:00:00+00:00, run_after=2026-07-11 02:00:00+00:00
[2026-07-25T16:18:58.769+0000] {processor.py:208} INFO - Processing /opt/airflow/dags/fct_count_day_eqrthquake.py took 0.048 seconds
[2026-07-25T16:19:29.222+0000] {processor.py:186} INFO - Started process (PID=35550) to work on /opt/airflow/dags/fct_count_day_eqrthquake.py
[2026-07-25T16:19:29.223+0000] {processor.py:914} INFO - Processing file /opt/airflow/dags/fct_count_day_eqrthquake.py for tasks to queue
[2026-07-25T16:19:29.223+0000] {logging_mixin.py:190} INFO - [2026-07-25T16:19:29.223+0000] {dagbag.py:588} INFO - Filling up the DagBag from /opt/airflow/dags/fct_count_day_eqrthquake.py
[2026-07-25T16:19:29.229+0000] {processor.py:925} INFO - DAG(s) 'fct_count_day_earthquake' retrieved from /opt/airflow/dags/fct_count_day_eqrthquake.py
[2026-07-25T16:19:29.241+0000] {logging_mixin.py:190} INFO - [2026-07-25T16:19:29.241+0000] {dag.py:3239} INFO - Sync 1 DAGs
[2026-07-25T16:19:29.254+0000] {logging_mixin.py:190} INFO - [2026-07-25T16:19:29.254+0000] {dag.py:4180} INFO - Setting next_dagrun for fct_count_day_earthquake to 2026-07-10 02:00:00+00:00, run_after=2026-07-11 02:00:00+00:00
[2026-07-25T16:19:29.265+0000] {processor.py:208} INFO - Processing /opt/airflow/dags/fct_count_day_eqrthquake.py took 0.046 seconds
[2026-07-25T16:19:59.661+0000] {processor.py:186} INFO - Started process (PID=35590) to work on /opt/airflow/dags/fct_count_day_eqrthquake.py
[2026-07-25T16:19:59.664+0000] {processor.py:914} INFO - Processing file /opt/airflow/dags/fct_count_day_eqrthquake.py for tasks to queue
[2026-07-25T16:19:59.665+0000] {logging_mixin.py:190} INFO - [2026-07-25T16:19:59.665+0000] {dagbag.py:588} INFO - Filling up the DagBag from /opt/airflow/dags/fct_count_day_eqrthquake.py
[2026-07-25T16:19:59.672+0000] {processor.py:925} INFO - DAG(s) 'fct_count_day_earthquake' retrieved from /opt/airflow/dags/fct_count_day_eqrthquake.py
[2026-07-25T16:19:59.686+0000] {logging_mixin.py:190} INFO - [2026-07-25T16:19:59.686+0000] {dag.py:3239} INFO - Sync 1 DAGs
[2026-07-25T16:19:59.699+0000] {logging_mixin.py:190} INFO - [2026-07-25T16:19:59.699+0000] {dag.py:4180} INFO - Setting next_dagrun for fct_count_day_earthquake to 2026-07-10 02:00:00+00:00, run_after=2026-07-11 02:00:00+00:00
[2026-07-25T16:19:59.710+0000] {processor.py:208} INFO - Processing /opt/airflow/dags/fct_count_day_eqrthquake.py took 0.053 seconds
[2026-07-25T16:20:30.051+0000] {processor.py:186} INFO - Started process (PID=35630) to work on /opt/airflow/dags/fct_count_day_eqrthquake.py
[2026-07-25T16:20:30.051+0000] {processor.py:914} INFO - Processing file /opt/airflow/dags/fct_count_day_eqrthquake.py for tasks to queue
[2026-07-25T16:20:30.052+0000] {logging_mixin.py:190} INFO - [2026-07-25T16:20:30.052+0000] {dagbag.py:588} INFO - Filling up the DagBag from /opt/airflow/dags/fct_count_day_eqrthquake.py
[2026-07-25T16:20:30.059+0000] {processor.py:925} INFO - DAG(s) 'fct_count_day_earthquake' retrieved from /opt/airflow/dags/fct_count_day_eqrthquake.py
[2026-07-25T16:20:30.071+0000] {logging_mixin.py:190} INFO - [2026-07-25T16:20:30.071+0000] {dag.py:3239} INFO - Sync 1 DAGs
[2026-07-25T16:20:30.085+0000] {logging_mixin.py:190} INFO - [2026-07-25T16:20:30.084+0000] {dag.py:4180} INFO - Setting next_dagrun for fct_count_day_earthquake to 2026-07-10 02:00:00+00:00, run_after=2026-07-11 02:00:00+00:00
[2026-07-25T16:20:30.095+0000] {processor.py:208} INFO - Processing /opt/airflow/dags/fct_count_day_eqrthquake.py took 0.047 seconds
[2026-07-25T16:21:00.547+0000] {processor.py:186} INFO - Started process (PID=35670) to work on /opt/airflow/dags/fct_count_day_eqrthquake.py
[2026-07-25T16:21:00.550+0000] {processor.py:914} INFO - Processing file /opt/airflow/dags/fct_count_day_eqrthquake.py for tasks to queue
[2026-07-25T16:21:00.551+0000] {logging_mixin.py:190} INFO - [2026-07-25T16:21:00.551+0000] {dagbag.py:588} INFO - Filling up the DagBag from /opt/airflow/dags/fct_count_day_eqrthquake.py
[2026-07-25T16:21:00.560+0000] {processor.py:925} INFO - DAG(s) 'fct_count_day_earthquake' retrieved from /opt/airflow/dags/fct_count_day_eqrthquake.py
[2026-07-25T16:21:00.575+0000] {logging_mixin.py:190} INFO - [2026-07-25T16:21:00.575+0000] {dag.py:3239} INFO - Sync 1 DAGs
[2026-07-25T16:21:00.588+0000] {logging_mixin.py:190} INFO - [2026-07-25T16:21:00.588+0000] {dag.py:4180} INFO - Setting next_dagrun for fct_count_day_earthquake to 2026-07-10 02:00:00+00:00, run_after=2026-07-11 02:00:00+00:00
[2026-07-25T16:21:00.599+0000] {processor.py:208} INFO - Processing /opt/airflow/dags/fct_count_day_eqrthquake.py took 0.057 seconds
[2026-07-25T16:21:31.032+0000] {processor.py:186} INFO - Started process (PID=35710) to work on /opt/airflow/dags/fct_count_day_eqrthquake.py
[2026-07-25T16:21:31.032+0000] {processor.py:914} INFO - Processing file /opt/airflow/dags/fct_count_day_eqrthquake.py for tasks to queue
[2026-07-25T16:21:31.033+0000] {logging_mixin.py:190} INFO - [2026-07-25T16:21:31.033+0000] {dagbag.py:588} INFO - Filling up the DagBag from /opt/airflow/dags/fct_count_day_eqrthquake.py
[2026-07-25T16:21:31.039+0000] {processor.py:925} INFO - DAG(s) 'fct_count_day_earthquake' retrieved from /opt/airflow/dags/fct_count_day_eqrthquake.py
[2026-07-25T16:21:31.051+0000] {logging_mixin.py:190} INFO - [2026-07-25T16:21:31.051+0000] {dag.py:3239} INFO - Sync 1 DAGs
[2026-07-25T16:21:31.064+0000] {logging_mixin.py:190} INFO - [2026-07-25T16:21:31.064+0000] {dag.py:4180} INFO - Setting next_dagrun for fct_count_day_earthquake to 2026-07-10 02:00:00+00:00, run_after=2026-07-11 02:00:00+00:00
[2026-07-25T16:21:31.075+0000] {processor.py:208} INFO - Processing /opt/airflow/dags/fct_count_day_eqrthquake.py took 0.047 seconds
[2026-07-25T16:22:01.515+0000] {processor.py:186} INFO - Started process (PID=35750) to work on /opt/airflow/dags/fct_count_day_eqrthquake.py
[2026-07-25T16:22:01.518+0000] {processor.py:914} INFO - Processing file /opt/airflow/dags/fct_count_day_eqrthquake.py for tasks to queue
[2026-07-25T16:22:01.519+0000] {logging_mixin.py:190} INFO - [2026-07-25T16:22:01.518+0000] {dagbag.py:588} INFO - Filling up the DagBag from /opt/airflow/dags/fct_count_day_eqrthquake.py
[2026-07-25T16:22:01.525+0000] {processor.py:925} INFO - DAG(s) 'fct_count_day_earthquake' retrieved from /opt/airflow/dags/fct_count_day_eqrthquake.py
[2026-07-25T16:22:01.541+0000] {logging_mixin.py:190} INFO - [2026-07-25T16:22:01.541+0000] {dag.py:3239} INFO - Sync 1 DAGs
[2026-07-25T16:22:01.559+0000] {logging_mixin.py:190} INFO - [2026-07-25T16:22:01.558+0000] {dag.py:4180} INFO - Setting next_dagrun for fct_count_day_earthquake to 2026-07-10 02:00:00+00:00, run_after=2026-07-11 02:00:00+00:00
[2026-07-25T16:22:01.570+0000] {processor.py:208} INFO - Processing /opt/airflow/dags/fct_count_day_eqrthquake.py took 0.058 seconds
[2026-07-25T16:22:31.996+0000] {processor.py:186} INFO - Started process (PID=35790) to work on /opt/airflow/dags/fct_count_day_eqrthquake.py
[2026-07-25T16:22:31.999+0000] {processor.py:914} INFO - Processing file /opt/airflow/dags/fct_count_day_eqrthquake.py for tasks to queue
[2026-07-25T16:22:31.999+0000] {logging_mixin.py:190} INFO - [2026-07-25T16:22:31.999+0000] {dagbag.py:588} INFO - Filling up the DagBag from /opt/airflow/dags/fct_count_day_eqrthquake.py
[2026-07-25T16:22:32.008+0000] {processor.py:925} INFO - DAG(s) 'fct_count_day_earthquake' retrieved from /opt/airflow/dags/fct_count_day_eqrthquake.py
[2026-07-25T16:22:32.025+0000] {logging_mixin.py:190} INFO - [2026-07-25T16:22:32.025+0000] {dag.py:3239} INFO - Sync 1 DAGs
[2026-07-25T16:22:32.039+0000] {logging_mixin.py:190} INFO - [2026-07-25T16:22:32.039+0000] {dag.py:4180} INFO - Setting next_dagrun for fct_count_day_earthquake to 2026-07-10 02:00:00+00:00, run_after=2026-07-11 02:00:00+00:00
[2026-07-25T16:22:32.050+0000] {processor.py:208} INFO - Processing /opt/airflow/dags/fct_count_day_eqrthquake.py took 0.058 seconds
[2026-07-25T16:23:02.492+0000] {processor.py:186} INFO - Started process (PID=35830) to work on /opt/airflow/dags/fct_count_day_eqrthquake.py
[2026-07-25T16:23:02.492+0000] {processor.py:914} INFO - Processing file /opt/airflow/dags/fct_count_day_eqrthquake.py for tasks to queue
[2026-07-25T16:23:02.493+0000] {logging_mixin.py:190} INFO - [2026-07-25T16:23:02.493+0000] {dagbag.py:588} INFO - Filling up the DagBag from /opt/airflow/dags/fct_count_day_eqrthquake.py
[2026-07-25T16:23:02.500+0000] {processor.py:925} INFO - DAG(s) 'fct_count_day_earthquake' retrieved from /opt/airflow/dags/fct_count_day_eqrthquake.py
[2026-07-25T16:23:02.520+0000] {logging_mixin.py:190} INFO - [2026-07-25T16:23:02.519+0000] {dag.py:3239} INFO - Sync 1 DAGs
[2026-07-25T16:23:02.533+0000] {logging_mixin.py:190} INFO - [2026-07-25T16:23:02.532+0000] {dag.py:4180} INFO - Setting next_dagrun for fct_count_day_earthquake to 2026-07-10 02:00:00+00:00, run_after=2026-07-11 02:00:00+00:00
[2026-07-25T16:23:02.543+0000] {processor.py:208} INFO - Processing /opt/airflow/dags/fct_count_day_eqrthquake.py took 0.056 seconds
[2026-07-25T16:23:32.910+0000] {processor.py:186} INFO - Started process (PID=35870) to work on /opt/airflow/dags/fct_count_day_eqrthquake.py
[2026-07-25T16:23:32.911+0000] {processor.py:914} INFO - Processing file /opt/airflow/dags/fct_count_day_eqrthquake.py for tasks to queue
[2026-07-25T16:23:32.912+0000] {logging_mixin.py:190} INFO - [2026-07-25T16:23:32.912+0000] {dagbag.py:588} INFO - Filling up the DagBag from /opt/airflow/dags/fct_count_day_eqrthquake.py
[2026-07-25T16:23:32.918+0000] {processor.py:925} INFO - DAG(s) 'fct_count_day_earthquake' retrieved from /opt/airflow/dags/fct_count_day_eqrthquake.py
[2026-07-25T16:23:32.937+0000] {logging_mixin.py:190} INFO - [2026-07-25T16:23:32.936+0000] {dag.py:3239} INFO - Sync 1 DAGs
[2026-07-25T16:23:32.950+0000] {logging_mixin.py:190} INFO - [2026-07-25T16:23:32.950+0000] {dag.py:4180} INFO - Setting next_dagrun for fct_count_day_earthquake to 2026-07-10 02:00:00+00:00, run_after=2026-07-11 02:00:00+00:00
[2026-07-25T16:23:32.961+0000] {processor.py:208} INFO - Processing /opt/airflow/dags/fct_count_day_eqrthquake.py took 0.055 seconds
[2026-07-25T16:24:03.425+0000] {processor.py:186} INFO - Started process (PID=35910) to work on /opt/airflow/dags/fct_count_day_eqrthquake.py
[2026-07-25T16:24:03.425+0000] {processor.py:914} INFO - Processing file /opt/airflow/dags/fct_count_day_eqrthquake.py for tasks to queue
[2026-07-25T16:24:03.426+0000] {logging_mixin.py:190} INFO - [2026-07-25T16:24:03.426+0000] {dagbag.py:588} INFO - Filling up the DagBag from /opt/airflow/dags/fct_count_day_eqrthquake.py
[2026-07-25T16:24:03.432+0000] {processor.py:925} INFO - DAG(s) 'fct_count_day_earthquake' retrieved from /opt/airflow/dags/fct_count_day_eqrthquake.py
[2026-07-25T16:24:03.446+0000] {logging_mixin.py:190} INFO - [2026-07-25T16:24:03.446+0000] {dag.py:3239} INFO - Sync 1 DAGs
[2026-07-25T16:24:03.460+0000] {logging_mixin.py:190} INFO - [2026-07-25T16:24:03.460+0000] {dag.py:4180} INFO - Setting next_dagrun for fct_count_day_earthquake to 2026-07-10 02:00:00+00:00, run_after=2026-07-11 02:00:00+00:00
[2026-07-25T16:24:03.470+0000] {processor.py:208} INFO - Processing /opt/airflow/dags/fct_count_day_eqrthquake.py took 0.049 seconds
[2026-07-25T16:24:33.909+0000] {processor.py:186} INFO - Started process (PID=35950) to work on /opt/airflow/dags/fct_count_day_eqrthquake.py
[2026-07-25T16:24:33.910+0000] {processor.py:914} INFO - Processing file /opt/airflow/dags/fct_count_day_eqrthquake.py for tasks to queue
[2026-07-25T16:24:33.911+0000] {logging_mixin.py:190} INFO - [2026-07-25T16:24:33.911+0000] {dagbag.py:588} INFO - Filling up the DagBag from /opt/airflow/dags/fct_count_day_eqrthquake.py
[2026-07-25T16:24:33.918+0000] {processor.py:925} INFO - DAG(s) 'fct_count_day_earthquake' retrieved from /opt/airflow/dags/fct_count_day_eqrthquake.py
[2026-07-25T16:24:33.932+0000] {logging_mixin.py:190} INFO - [2026-07-25T16:24:33.932+0000] {dag.py:3239} INFO - Sync 1 DAGs
[2026-07-25T16:24:33.945+0000] {logging_mixin.py:190} INFO - [2026-07-25T16:24:33.945+0000] {dag.py:4180} INFO - Setting next_dagrun for fct_count_day_earthquake to 2026-07-10 02:00:00+00:00, run_after=2026-07-11 02:00:00+00:00
[2026-07-25T16:24:33.957+0000] {processor.py:208} INFO - Processing /opt/airflow/dags/fct_count_day_eqrthquake.py took 0.053 seconds
[2026-07-25T16:25:04.405+0000] {processor.py:186} INFO - Started process (PID=35990) to work on /opt/airflow/dags/fct_count_day_eqrthquake.py
[2026-07-25T16:25:04.406+0000] {processor.py:914} INFO - Processing file /opt/airflow/dags/fct_count_day_eqrthquake.py for tasks to queue
[2026-07-25T16:25:04.406+0000] {logging_mixin.py:190} INFO - [2026-07-25T16:25:04.406+0000] {dagbag.py:588} INFO - Filling up the DagBag from /opt/airflow/dags/fct_count_day_eqrthquake.py
[2026-07-25T16:25:04.412+0000] {processor.py:925} INFO - DAG(s) 'fct_count_day_earthquake' retrieved from /opt/airflow/dags/fct_count_day_eqrthquake.py
[2026-07-25T16:25:04.426+0000] {logging_mixin.py:190} INFO - [2026-07-25T16:25:04.426+0000] {dag.py:3239} INFO - Sync 1 DAGs
[2026-07-25T16:25:04.439+0000] {logging_mixin.py:190} INFO - [2026-07-25T16:25:04.439+0000] {dag.py:4180} INFO - Setting next_dagrun for fct_count_day_earthquake to 2026-07-10 02:00:00+00:00, run_after=2026-07-11 02:00:00+00:00
[2026-07-25T16:25:04.449+0000] {processor.py:208} INFO - Processing /opt/airflow/dags/fct_count_day_eqrthquake.py took 0.046 seconds
[2026-07-25T16:25:34.838+0000] {processor.py:186} INFO - Started process (PID=36030) to work on /opt/airflow/dags/fct_count_day_eqrthquake.py
[2026-07-25T16:25:34.841+0000] {processor.py:914} INFO - Processing file /opt/airflow/dags/fct_count_day_eqrthquake.py for tasks to queue
[2026-07-25T16:25:34.842+0000] {logging_mixin.py:190} INFO - [2026-07-25T16:25:34.842+0000] {dagbag.py:588} INFO - Filling up the DagBag from /opt/airflow/dags/fct_count_day_eqrthquake.py
[2026-07-25T16:25:34.848+0000] {processor.py:925} INFO - DAG(s) 'fct_count_day_earthquake' retrieved from /opt/airflow/dags/fct_count_day_eqrthquake.py
[2026-07-25T16:25:34.860+0000] {logging_mixin.py:190} INFO - [2026-07-25T16:25:34.860+0000] {dag.py:3239} INFO - Sync 1 DAGs
[2026-07-25T16:25:34.873+0000] {logging_mixin.py:190} INFO - [2026-07-25T16:25:34.872+0000] {dag.py:4180} INFO - Setting next_dagrun for fct_count_day_earthquake to 2026-07-10 02:00:00+00:00, run_after=2026-07-11 02:00:00+00:00
[2026-07-25T16:25:34.884+0000] {processor.py:208} INFO - Processing /opt/airflow/dags/fct_count_day_eqrthquake.py took 0.050 seconds
[2026-07-25T16:26:05.361+0000] {processor.py:186} INFO - Started process (PID=36070) to work on /opt/airflow/dags/fct_count_day_eqrthquake.py
[2026-07-25T16:26:05.362+0000] {processor.py:914} INFO - Processing file /opt/airflow/dags/fct_count_day_eqrthquake.py for tasks to queue
[2026-07-25T16:26:05.362+0000] {logging_mixin.py:190} INFO - [2026-07-25T16:26:05.362+0000] {dagbag.py:588} INFO - Filling up the DagBag from /opt/airflow/dags/fct_count_day_eqrthquake.py
[2026-07-25T16:26:05.369+0000] {processor.py:925} INFO - DAG(s) 'fct_count_day_earthquake' retrieved from /opt/airflow/dags/fct_count_day_eqrthquake.py
[2026-07-25T16:26:05.386+0000] {logging_mixin.py:190} INFO - [2026-07-25T16:26:05.385+0000] {dag.py:3239} INFO - Sync 1 DAGs
[2026-07-25T16:26:05.401+0000] {logging_mixin.py:190} INFO - [2026-07-25T16:26:05.401+0000] {dag.py:4180} INFO - Setting next_dagrun for fct_count_day_earthquake to 2026-07-10 02:00:00+00:00, run_after=2026-07-11 02:00:00+00:00
[2026-07-25T16:26:05.413+0000] {processor.py:208} INFO - Processing /opt/airflow/dags/fct_count_day_eqrthquake.py took 0.055 seconds
[2026-07-25T16:26:35.844+0000] {processor.py:186} INFO - Started process (PID=36110) to work on /opt/airflow/dags/fct_count_day_eqrthquake.py
[2026-07-25T16:26:35.847+0000] {processor.py:914} INFO - Processing file /opt/airflow/dags/fct_count_day_eqrthquake.py for tasks to queue
[2026-07-25T16:26:35.848+0000] {logging_mixin.py:190} INFO - [2026-07-25T16:26:35.848+0000] {dagbag.py:588} INFO - Filling up the DagBag from /opt/airflow/dags/fct_count_day_eqrthquake.py
[2026-07-25T16:26:35.856+0000] {processor.py:925} INFO - DAG(s) 'fct_count_day_earthquake' retrieved from /opt/airflow/dags/fct_count_day_eqrthquake.py
[2026-07-25T16:26:35.868+0000] {logging_mixin.py:190} INFO - [2026-07-25T16:26:35.868+0000] {dag.py:3239} INFO - Sync 1 DAGs
[2026-07-25T16:26:35.881+0000] {logging_mixin.py:190} INFO - [2026-07-25T16:26:35.880+0000] {dag.py:4180} INFO - Setting next_dagrun for fct_count_day_earthquake to 2026-07-10 02:00:00+00:00, run_after=2026-07-11 02:00:00+00:00
[2026-07-25T16:26:35.892+0000] {processor.py:208} INFO - Processing /opt/airflow/dags/fct_count_day_eqrthquake.py took 0.051 seconds
[2026-07-25T16:27:06.328+0000] {processor.py:186} INFO - Started process (PID=36150) to work on /opt/airflow/dags/fct_count_day_eqrthquake.py
[2026-07-25T16:27:06.328+0000] {processor.py:914} INFO - Processing file /opt/airflow/dags/fct_count_day_eqrthquake.py for tasks to queue
[2026-07-25T16:27:06.329+0000] {logging_mixin.py:190} INFO - [2026-07-25T16:27:06.329+0000] {dagbag.py:588} INFO - Filling up the DagBag from /opt/airflow/dags/fct_count_day_eqrthquake.py
[2026-07-25T16:27:06.335+0000] {processor.py:925} INFO - DAG(s) 'fct_count_day_earthquake' retrieved from /opt/airflow/dags/fct_count_day_eqrthquake.py
[2026-07-25T16:27:06.349+0000] {logging_mixin.py:190} INFO - [2026-07-25T16:27:06.349+0000] {dag.py:3239} INFO - Sync 1 DAGs
[2026-07-25T16:27:06.361+0000] {logging_mixin.py:190} INFO - [2026-07-25T16:27:06.361+0000] {dag.py:4180} INFO - Setting next_dagrun for fct_count_day_earthquake to 2026-07-10 02:00:00+00:00, run_after=2026-07-11 02:00:00+00:00
[2026-07-25T16:27:06.373+0000] {processor.py:208} INFO - Processing /opt/airflow/dags/fct_count_day_eqrthquake.py took 0.048 seconds
[2026-07-25T16:27:36.843+0000] {processor.py:186} INFO - Started process (PID=36190) to work on /opt/airflow/dags/fct_count_day_eqrthquake.py
[2026-07-25T16:27:36.846+0000] {processor.py:914} INFO - Processing file /opt/airflow/dags/fct_count_day_eqrthquake.py for tasks to queue
[2026-07-25T16:27:36.847+0000] {logging_mixin.py:190} INFO - [2026-07-25T16:27:36.847+0000] {dagbag.py:588} INFO - Filling up the DagBag from /opt/airflow/dags/fct_count_day_eqrthquake.py
[2026-07-25T16:27:36.854+0000] {processor.py:925} INFO - DAG(s) 'fct_count_day_earthquake' retrieved from /opt/airflow/dags/fct_count_day_eqrthquake.py
[2026-07-25T16:27:36.872+0000] {logging_mixin.py:190} INFO - [2026-07-25T16:27:36.872+0000] {dag.py:3239} INFO - Sync 1 DAGs
[2026-07-25T16:27:36.885+0000] {logging_mixin.py:190} INFO - [2026-07-25T16:27:36.885+0000] {dag.py:4180} INFO - Setting next_dagrun for fct_count_day_earthquake to 2026-07-10 02:00:00+00:00, run_after=2026-07-11 02:00:00+00:00
[2026-07-25T16:27:36.896+0000] {processor.py:208} INFO - Processing /opt/airflow/dags/fct_count_day_eqrthquake.py took 0.056 seconds
[2026-07-25T16:28:07.363+0000] {processor.py:186} INFO - Started process (PID=36230) to work on /opt/airflow/dags/fct_count_day_eqrthquake.py
[2026-07-25T16:28:07.363+0000] {processor.py:914} INFO - Processing file /opt/airflow/dags/fct_count_day_eqrthquake.py for tasks to queue
[2026-07-25T16:28:07.364+0000] {logging_mixin.py:190} INFO - [2026-07-25T16:28:07.364+0000] {dagbag.py:588} INFO - Filling up the DagBag from /opt/airflow/dags/fct_count_day_eqrthquake.py
[2026-07-25T16:28:07.370+0000] {processor.py:925} INFO - DAG(s) 'fct_count_day_earthquake' retrieved from /opt/airflow/dags/fct_count_day_eqrthquake.py
[2026-07-25T16:28:07.384+0000] {logging_mixin.py:190} INFO - [2026-07-25T16:28:07.384+0000] {dag.py:3239} INFO - Sync 1 DAGs
[2026-07-25T16:28:07.397+0000] {logging_mixin.py:190} INFO - [2026-07-25T16:28:07.397+0000] {dag.py:4180} INFO - Setting next_dagrun for fct_count_day_earthquake to 2026-07-10 02:00:00+00:00, run_after=2026-07-11 02:00:00+00:00
[2026-07-25T16:28:07.408+0000] {processor.py:208} INFO - Processing /opt/airflow/dags/fct_count_day_eqrthquake.py took 0.049 seconds
[2026-07-25T16:28:37.809+0000] {processor.py:186} INFO - Started process (PID=36270) to work on /opt/airflow/dags/fct_count_day_eqrthquake.py
[2026-07-25T16:28:37.813+0000] {processor.py:914} INFO - Processing file /opt/airflow/dags/fct_count_day_eqrthquake.py for tasks to queue
[2026-07-25T16:28:37.814+0000] {logging_mixin.py:190} INFO - [2026-07-25T16:28:37.814+0000] {dagbag.py:588} INFO - Filling up the DagBag from /opt/airflow/dags/fct_count_day_eqrthquake.py
[2026-07-25T16:28:37.824+0000] {processor.py:925} INFO - DAG(s) 'fct_count_day_earthquake' retrieved from /opt/airflow/dags/fct_count_day_eqrthquake.py
[2026-07-25T16:28:37.841+0000] {logging_mixin.py:190} INFO - [2026-07-25T16:28:37.841+0000] {dag.py:3239} INFO - Sync 1 DAGs
[2026-07-25T16:28:37.854+0000] {logging_mixin.py:190} INFO - [2026-07-25T16:28:37.854+0000] {dag.py:4180} INFO - Setting next_dagrun for fct_count_day_earthquake to 2026-07-10 02:00:00+00:00, run_after=2026-07-11 02:00:00+00:00
[2026-07-25T16:28:37.866+0000] {processor.py:208} INFO - Processing /opt/airflow/dags/fct_count_day_eqrthquake.py took 0.061 seconds
[2026-07-25T16:29:08.306+0000] {processor.py:186} INFO - Started process (PID=36310) to work on /opt/airflow/dags/fct_count_day_eqrthquake.py
[2026-07-25T16:29:08.306+0000] {processor.py:914} INFO - Processing file /opt/airflow/dags/fct_count_day_eqrthquake.py for tasks to queue
[2026-07-25T16:29:08.307+0000] {logging_mixin.py:190} INFO - [2026-07-25T16:29:08.307+0000] {dagbag.py:588} INFO - Filling up the DagBag from /opt/airflow/dags/fct_count_day_eqrthquake.py
[2026-07-25T16:29:08.313+0000] {processor.py:925} INFO - DAG(s) 'fct_count_day_earthquake' retrieved from /opt/airflow/dags/fct_count_day_eqrthquake.py
[2026-07-25T16:29:08.325+0000] {logging_mixin.py:190} INFO - [2026-07-25T16:29:08.325+0000] {dag.py:3239} INFO - Sync 1 DAGs
[2026-07-25T16:29:08.337+0000] {logging_mixin.py:190} INFO - [2026-07-25T16:29:08.337+0000] {dag.py:4180} INFO - Setting next_dagrun for fct_count_day_earthquake to 2026-07-10 02:00:00+00:00, run_after=2026-07-11 02:00:00+00:00
[2026-07-25T16:29:08.348+0000] {processor.py:208} INFO - Processing /opt/airflow/dags/fct_count_day_eqrthquake.py took 0.046 seconds
[2026-07-25T16:29:38.774+0000] {processor.py:186} INFO - Started process (PID=36350) to work on /opt/airflow/dags/fct_count_day_eqrthquake.py
[2026-07-25T16:29:38.777+0000] {processor.py:914} INFO - Processing file /opt/airflow/dags/fct_count_day_eqrthquake.py for tasks to queue
[2026-07-25T16:29:38.778+0000] {logging_mixin.py:190} INFO - [2026-07-25T16:29:38.777+0000] {dagbag.py:588} INFO - Filling up the DagBag from /opt/airflow/dags/fct_count_day_eqrthquake.py
[2026-07-25T16:29:38.784+0000] {processor.py:925} INFO - DAG(s) 'fct_count_day_earthquake' retrieved from /opt/airflow/dags/fct_count_day_eqrthquake.py
[2026-07-25T16:29:38.796+0000] {logging_mixin.py:190} INFO - [2026-07-25T16:29:38.796+0000] {dag.py:3239} INFO - Sync 1 DAGs
[2026-07-25T16:29:38.809+0000] {logging_mixin.py:190} INFO - [2026-07-25T16:29:38.809+0000] {dag.py:4180} INFO - Setting next_dagrun for fct_count_day_earthquake to 2026-07-10 02:00:00+00:00, run_after=2026-07-11 02:00:00+00:00
[2026-07-25T16:29:38.820+0000] {processor.py:208} INFO - Processing /opt/airflow/dags/fct_count_day_eqrthquake.py took 0.049 seconds
[2026-07-25T16:30:09.300+0000] {processor.py:186} INFO - Started process (PID=36390) to work on /opt/airflow/dags/fct_count_day_eqrthquake.py
[2026-07-25T16:30:09.300+0000] {processor.py:914} INFO - Processing file /opt/airflow/dags/fct_count_day_eqrthquake.py for tasks to queue
[2026-07-25T16:30:09.301+0000] {logging_mixin.py:190} INFO - [2026-07-25T16:30:09.301+0000] {dagbag.py:588} INFO - Filling up the DagBag from /opt/airflow/dags/fct_count_day_eqrthquake.py
[2026-07-25T16:30:09.307+0000] {processor.py:925} INFO - DAG(s) 'fct_count_day_earthquake' retrieved from /opt/airflow/dags/fct_count_day_eqrthquake.py
[2026-07-25T16:30:09.322+0000] {logging_mixin.py:190} INFO - [2026-07-25T16:30:09.321+0000] {dag.py:3239} INFO - Sync 1 DAGs
[2026-07-25T16:30:09.335+0000] {logging_mixin.py:190} INFO - [2026-07-25T16:30:09.335+0000] {dag.py:4180} INFO - Setting next_dagrun for fct_count_day_earthquake to 2026-07-10 02:00:00+00:00, run_after=2026-07-11 02:00:00+00:00
[2026-07-25T16:30:09.345+0000] {processor.py:208} INFO - Processing /opt/airflow/dags/fct_count_day_eqrthquake.py took 0.049 seconds
[2026-07-25T16:30:39.791+0000] {processor.py:186} INFO - Started process (PID=36430) to work on /opt/airflow/dags/fct_count_day_eqrthquake.py
[2026-07-25T16:30:39.795+0000] {processor.py:914} INFO - Processing file /opt/airflow/dags/fct_count_day_eqrthquake.py for tasks to queue
[2026-07-25T16:30:39.796+0000] {logging_mixin.py:190} INFO - [2026-07-25T16:30:39.796+0000] {dagbag.py:588} INFO - Filling up the DagBag from /opt/airflow/dags/fct_count_day_eqrthquake.py
[2026-07-25T16:30:39.803+0000] {processor.py:925} INFO - DAG(s) 'fct_count_day_earthquake' retrieved from /opt/airflow/dags/fct_count_day_eqrthquake.py
[2026-07-25T16:30:39.816+0000] {logging_mixin.py:190} INFO - [2026-07-25T16:30:39.816+0000] {dag.py:3239} INFO - Sync 1 DAGs
[2026-07-25T16:30:39.829+0000] {logging_mixin.py:190} INFO - [2026-07-25T16:30:39.828+0000] {dag.py:4180} INFO - Setting next_dagrun for fct_count_day_earthquake to 2026-07-10 02:00:00+00:00, run_after=2026-07-11 02:00:00+00:00
[2026-07-25T16:30:39.839+0000] {processor.py:208} INFO - Processing /opt/airflow/dags/fct_count_day_eqrthquake.py took 0.055 seconds
[2026-07-25T16:31:10.332+0000] {processor.py:186} INFO - Started process (PID=36470) to work on /opt/airflow/dags/fct_count_day_eqrthquake.py
[2026-07-25T16:31:10.332+0000] {processor.py:914} INFO - Processing file /opt/airflow/dags/fct_count_day_eqrthquake.py for tasks to queue
[2026-07-25T16:31:10.333+0000] {logging_mixin.py:190} INFO - [2026-07-25T16:31:10.333+0000] {dagbag.py:588} INFO - Filling up the DagBag from /opt/airflow/dags/fct_count_day_eqrthquake.py
[2026-07-25T16:31:10.339+0000] {processor.py:925} INFO - DAG(s) 'fct_count_day_earthquake' retrieved from /opt/airflow/dags/fct_count_day_eqrthquake.py
[2026-07-25T16:31:10.353+0000] {logging_mixin.py:190} INFO - [2026-07-25T16:31:10.353+0000] {dag.py:3239} INFO - Sync 1 DAGs
[2026-07-25T16:31:10.366+0000] {logging_mixin.py:190} INFO - [2026-07-25T16:31:10.366+0000] {dag.py:4180} INFO - Setting next_dagrun for fct_count_day_earthquake to 2026-07-10 02:00:00+00:00, run_after=2026-07-11 02:00:00+00:00
[2026-07-25T16:31:10.376+0000] {processor.py:208} INFO - Processing /opt/airflow/dags/fct_count_day_eqrthquake.py took 0.048 seconds
[2026-07-25T16:31:40.724+0000] {processor.py:186} INFO - Started process (PID=36510) to work on /opt/airflow/dags/fct_count_day_eqrthquake.py
[2026-07-25T16:31:40.728+0000] {processor.py:914} INFO - Processing file /opt/airflow/dags/fct_count_day_eqrthquake.py for tasks to queue
[2026-07-25T16:31:40.729+0000] {logging_mixin.py:190} INFO - [2026-07-25T16:31:40.729+0000] {dagbag.py:588} INFO - Filling up the DagBag from /opt/airflow/dags/fct_count_day_eqrthquake.py
[2026-07-25T16:31:40.735+0000] {processor.py:925} INFO - DAG(s) 'fct_count_day_earthquake' retrieved from /opt/airflow/dags/fct_count_day_eqrthquake.py
[2026-07-25T16:31:40.751+0000] {logging_mixin.py:190} INFO - [2026-07-25T16:31:40.751+0000] {dag.py:3239} INFO - Sync 1 DAGs
[2026-07-25T16:31:40.766+0000] {logging_mixin.py:190} INFO - [2026-07-25T16:31:40.766+0000] {dag.py:4180} INFO - Setting next_dagrun for fct_count_day_earthquake to 2026-07-10 02:00:00+00:00, run_after=2026-07-11 02:00:00+00:00
[2026-07-25T16:31:40.777+0000] {processor.py:208} INFO - Processing /opt/airflow/dags/fct_count_day_eqrthquake.py took 0.056 seconds
[2026-07-25T16:32:11.184+0000] {processor.py:186} INFO - Started process (PID=36550) to work on /opt/airflow/dags/fct_count_day_eqrthquake.py
[2026-07-25T16:32:11.184+0000] {processor.py:914} INFO - Processing file /opt/airflow/dags/fct_count_day_eqrthquake.py for tasks to queue
[2026-07-25T16:32:11.185+0000] {logging_mixin.py:190} INFO - [2026-07-25T16:32:11.185+0000] {dagbag.py:588} INFO - Filling up the DagBag from /opt/airflow/dags/fct_count_day_eqrthquake.py
[2026-07-25T16:32:11.191+0000] {processor.py:925} INFO - DAG(s) 'fct_count_day_earthquake' retrieved from /opt/airflow/dags/fct_count_day_eqrthquake.py
[2026-07-25T16:32:11.204+0000] {logging_mixin.py:190} INFO - [2026-07-25T16:32:11.204+0000] {dag.py:3239} INFO - Sync 1 DAGs
[2026-07-25T16:32:11.217+0000] {logging_mixin.py:190} INFO - [2026-07-25T16:32:11.217+0000] {dag.py:4180} INFO - Setting next_dagrun for fct_count_day_earthquake to 2026-07-10 02:00:00+00:00, run_after=2026-07-11 02:00:00+00:00
[2026-07-25T16:32:11.227+0000] {processor.py:208} INFO - Processing /opt/airflow/dags/fct_count_day_eqrthquake.py took 0.046 seconds
[2026-07-25T16:32:41.604+0000] {processor.py:186} INFO - Started process (PID=36590) to work on /opt/airflow/dags/fct_count_day_eqrthquake.py
[2026-07-25T16:32:41.608+0000] {processor.py:914} INFO - Processing file /opt/airflow/dags/fct_count_day_eqrthquake.py for tasks to queue
[2026-07-25T16:32:41.609+0000] {logging_mixin.py:190} INFO - [2026-07-25T16:32:41.608+0000] {dagbag.py:588} INFO - Filling up the DagBag from /opt/airflow/dags/fct_count_day_eqrthquake.py
[2026-07-25T16:32:41.615+0000] {processor.py:925} INFO - DAG(s) 'fct_count_day_earthquake' retrieved from /opt/airflow/dags/fct_count_day_eqrthquake.py
[2026-07-25T16:32:41.629+0000] {logging_mixin.py:190} INFO - [2026-07-25T16:32:41.629+0000] {dag.py:3239} INFO - Sync 1 DAGs
[2026-07-25T16:32:41.642+0000] {logging_mixin.py:190} INFO - [2026-07-25T16:32:41.642+0000] {dag.py:4180} INFO - Setting next_dagrun for fct_count_day_earthquake to 2026-07-10 02:00:00+00:00, run_after=2026-07-11 02:00:00+00:00
[2026-07-25T16:32:41.652+0000] {processor.py:208} INFO - Processing /opt/airflow/dags/fct_count_day_eqrthquake.py took 0.052 seconds
[2026-07-25T16:33:12.001+0000] {processor.py:186} INFO - Started process (PID=36630) to work on /opt/airflow/dags/fct_count_day_eqrthquake.py
[2026-07-25T16:33:12.001+0000] {processor.py:914} INFO - Processing file /opt/airflow/dags/fct_count_day_eqrthquake.py for tasks to queue
[2026-07-25T16:33:12.002+0000] {logging_mixin.py:190} INFO - [2026-07-25T16:33:12.002+0000] {dagbag.py:588} INFO - Filling up the DagBag from /opt/airflow/dags/fct_count_day_eqrthquake.py
[2026-07-25T16:33:12.008+0000] {processor.py:925} INFO - DAG(s) 'fct_count_day_earthquake' retrieved from /opt/airflow/dags/fct_count_day_eqrthquake.py
[2026-07-25T16:33:12.023+0000] {logging_mixin.py:190} INFO - [2026-07-25T16:33:12.023+0000] {dag.py:3239} INFO - Sync 1 DAGs
[2026-07-25T16:33:12.038+0000] {logging_mixin.py:190} INFO - [2026-07-25T16:33:12.038+0000] {dag.py:4180} INFO - Setting next_dagrun for fct_count_day_earthquake to 2026-07-10 02:00:00+00:00, run_after=2026-07-11 02:00:00+00:00
[2026-07-25T16:33:12.051+0000] {processor.py:208} INFO - Processing /opt/airflow/dags/fct_count_day_eqrthquake.py took 0.054 seconds
[2026-07-25T16:33:42.320+0000] {processor.py:186} INFO - Started process (PID=36670) to work on /opt/airflow/dags/fct_count_day_eqrthquake.py
[2026-07-25T16:33:42.321+0000] {processor.py:914} INFO - Processing file /opt/airflow/dags/fct_count_day_eqrthquake.py for tasks to queue
[2026-07-25T16:33:42.322+0000] {logging_mixin.py:190} INFO - [2026-07-25T16:33:42.321+0000] {dagbag.py:588} INFO - Filling up the DagBag from /opt/airflow/dags/fct_count_day_eqrthquake.py
[2026-07-25T16:33:42.328+0000] {processor.py:925} INFO - DAG(s) 'fct_count_day_earthquake' retrieved from /opt/airflow/dags/fct_count_day_eqrthquake.py
[2026-07-25T16:33:42.342+0000] {logging_mixin.py:190} INFO - [2026-07-25T16:33:42.342+0000] {dag.py:3239} INFO - Sync 1 DAGs
[2026-07-25T16:33:42.356+0000] {logging_mixin.py:190} INFO - [2026-07-25T16:33:42.356+0000] {dag.py:4180} INFO - Setting next_dagrun for fct_count_day_earthquake to 2026-07-10 02:00:00+00:00, run_after=2026-07-11 02:00:00+00:00
[2026-07-25T16:33:42.367+0000] {processor.py:208} INFO - Processing /opt/airflow/dags/fct_count_day_eqrthquake.py took 0.050 seconds
[2026-07-25T16:34:12.657+0000] {processor.py:186} INFO - Started process (PID=36710) to work on /opt/airflow/dags/fct_count_day_eqrthquake.py
[2026-07-25T16:34:12.657+0000] {processor.py:914} INFO - Processing file /opt/airflow/dags/fct_count_day_eqrthquake.py for tasks to queue
[2026-07-25T16:34:12.658+0000] {logging_mixin.py:190} INFO - [2026-07-25T16:34:12.658+0000] {dagbag.py:588} INFO - Filling up the DagBag from /opt/airflow/dags/fct_count_day_eqrthquake.py
[2026-07-25T16:34:12.665+0000] {processor.py:925} INFO - DAG(s) 'fct_count_day_earthquake' retrieved from /opt/airflow/dags/fct_count_day_eqrthquake.py
[2026-07-25T16:34:12.679+0000] {logging_mixin.py:190} INFO - [2026-07-25T16:34:12.679+0000] {dag.py:3239} INFO - Sync 1 DAGs
[2026-07-25T16:34:12.694+0000] {logging_mixin.py:190} INFO - [2026-07-25T16:34:12.694+0000] {dag.py:4180} INFO - Setting next_dagrun for fct_count_day_earthquake to 2026-07-10 02:00:00+00:00, run_after=2026-07-11 02:00:00+00:00
[2026-07-25T16:34:12.706+0000] {processor.py:208} INFO - Processing /opt/airflow/dags/fct_count_day_eqrthquake.py took 0.053 seconds
[2026-07-25T16:34:43.004+0000] {processor.py:186} INFO - Started process (PID=36750) to work on /opt/airflow/dags/fct_count_day_eqrthquake.py
[2026-07-25T16:34:43.004+0000] {processor.py:914} INFO - Processing file /opt/airflow/dags/fct_count_day_eqrthquake.py for tasks to queue
[2026-07-25T16:34:43.005+0000] {logging_mixin.py:190} INFO - [2026-07-25T16:34:43.005+0000] {dagbag.py:588} INFO - Filling up the DagBag from /opt/airflow/dags/fct_count_day_eqrthquake.py
[2026-07-25T16:34:43.012+0000] {processor.py:925} INFO - DAG(s) 'fct_count_day_earthquake' retrieved from /opt/airflow/dags/fct_count_day_eqrthquake.py
[2026-07-25T16:34:43.027+0000] {logging_mixin.py:190} INFO - [2026-07-25T16:34:43.027+0000] {dag.py:3239} INFO - Sync 1 DAGs
[2026-07-25T16:34:43.041+0000] {logging_mixin.py:190} INFO - [2026-07-25T16:34:43.040+0000] {dag.py:4180} INFO - Setting next_dagrun for fct_count_day_earthquake to 2026-07-10 02:00:00+00:00, run_after=2026-07-11 02:00:00+00:00
[2026-07-25T16:34:43.052+0000] {processor.py:208} INFO - Processing /opt/airflow/dags/fct_count_day_eqrthquake.py took 0.052 seconds
[2026-07-25T16:35:13.338+0000] {processor.py:186} INFO - Started process (PID=36790) to work on /opt/airflow/dags/fct_count_day_eqrthquake.py
[2026-07-25T16:35:13.338+0000] {processor.py:914} INFO - Processing file /opt/airflow/dags/fct_count_day_eqrthquake.py for tasks to queue
[2026-07-25T16:35:13.340+0000] {logging_mixin.py:190} INFO - [2026-07-25T16:35:13.339+0000] {dagbag.py:588} INFO - Filling up the DagBag from /opt/airflow/dags/fct_count_day_eqrthquake.py
[2026-07-25T16:35:13.350+0000] {processor.py:925} INFO - DAG(s) 'fct_count_day_earthquake' retrieved from /opt/airflow/dags/fct_count_day_eqrthquake.py
[2026-07-25T16:35:13.364+0000] {logging_mixin.py:190} INFO - [2026-07-25T16:35:13.364+0000] {dag.py:3239} INFO - Sync 1 DAGs
[2026-07-25T16:35:13.380+0000] {logging_mixin.py:190} INFO - [2026-07-25T16:35:13.380+0000] {dag.py:4180} INFO - Setting next_dagrun for fct_count_day_earthquake to 2026-07-10 02:00:00+00:00, run_after=2026-07-11 02:00:00+00:00
[2026-07-25T16:35:13.392+0000] {processor.py:208} INFO - Processing /opt/airflow/dags/fct_count_day_eqrthquake.py took 0.058 seconds
[2026-07-25T16:35:43.662+0000] {processor.py:186} INFO - Started process (PID=36830) to work on /opt/airflow/dags/fct_count_day_eqrthquake.py
[2026-07-25T16:35:43.664+0000] {processor.py:914} INFO - Processing file /opt/airflow/dags/fct_count_day_eqrthquake.py for tasks to queue
[2026-07-25T16:35:43.664+0000] {logging_mixin.py:190} INFO - [2026-07-25T16:35:43.664+0000] {dagbag.py:588} INFO - Filling up the DagBag from /opt/airflow/dags/fct_count_day_eqrthquake.py
[2026-07-25T16:35:43.672+0000] {processor.py:925} INFO - DAG(s) 'fct_count_day_earthquake' retrieved from /opt/airflow/dags/fct_count_day_eqrthquake.py
[2026-07-25T16:35:43.688+0000] {logging_mixin.py:190} INFO - [2026-07-25T16:35:43.688+0000] {dag.py:3239} INFO - Sync 1 DAGs
[2026-07-25T16:35:43.703+0000] {logging_mixin.py:190} INFO - [2026-07-25T16:35:43.703+0000] {dag.py:4180} INFO - Setting next_dagrun for fct_count_day_earthquake to 2026-07-10 02:00:00+00:00, run_after=2026-07-11 02:00:00+00:00
[2026-07-25T16:35:43.714+0000] {processor.py:208} INFO - Processing /opt/airflow/dags/fct_count_day_eqrthquake.py took 0.056 seconds
[2026-07-25T16:36:13.990+0000] {processor.py:186} INFO - Started process (PID=36870) to work on /opt/airflow/dags/fct_count_day_eqrthquake.py
[2026-07-25T16:36:13.992+0000] {processor.py:914} INFO - Processing file /opt/airflow/dags/fct_count_day_eqrthquake.py for tasks to queue
[2026-07-25T16:36:13.993+0000] {logging_mixin.py:190} INFO - [2026-07-25T16:36:13.993+0000] {dagbag.py:588} INFO - Filling up the DagBag from /opt/airflow/dags/fct_count_day_eqrthquake.py
[2026-07-25T16:36:14.000+0000] {processor.py:925} INFO - DAG(s) 'fct_count_day_earthquake' retrieved from /opt/airflow/dags/fct_count_day_eqrthquake.py
[2026-07-25T16:36:14.016+0000] {logging_mixin.py:190} INFO - [2026-07-25T16:36:14.016+0000] {dag.py:3239} INFO - Sync 1 DAGs
[2026-07-25T16:36:14.033+0000] {logging_mixin.py:190} INFO - [2026-07-25T16:36:14.033+0000] {dag.py:4180} INFO - Setting next_dagrun for fct_count_day_earthquake to 2026-07-10 02:00:00+00:00, run_after=2026-07-11 02:00:00+00:00
[2026-07-25T16:36:14.046+0000] {processor.py:208} INFO - Processing /opt/airflow/dags/fct_count_day_eqrthquake.py took 0.060 seconds
[2026-07-25T16:36:44.291+0000] {processor.py:186} INFO - Started process (PID=36910) to work on /opt/airflow/dags/fct_count_day_eqrthquake.py
[2026-07-25T16:36:44.294+0000] {processor.py:914} INFO - Processing file /opt/airflow/dags/fct_count_day_eqrthquake.py for tasks to queue
[2026-07-25T16:36:44.295+0000] {logging_mixin.py:190} INFO - [2026-07-25T16:36:44.295+0000] {dagbag.py:588} INFO - Filling up the DagBag from /opt/airflow/dags/fct_count_day_eqrthquake.py
[2026-07-25T16:36:44.303+0000] {processor.py:925} INFO - DAG(s) 'fct_count_day_earthquake' retrieved from /opt/airflow/dags/fct_count_day_eqrthquake.py
[2026-07-25T16:36:44.319+0000] {logging_mixin.py:190} INFO - [2026-07-25T16:36:44.318+0000] {dag.py:3239} INFO - Sync 1 DAGs
[2026-07-25T16:36:44.333+0000] {logging_mixin.py:190} INFO - [2026-07-25T16:36:44.333+0000] {dag.py:4180} INFO - Setting next_dagrun for fct_count_day_earthquake to 2026-07-10 02:00:00+00:00, run_after=2026-07-11 02:00:00+00:00
[2026-07-25T16:36:44.344+0000] {processor.py:208} INFO - Processing /opt/airflow/dags/fct_count_day_eqrthquake.py took 0.058 seconds
[2026-07-25T16:37:14.642+0000] {processor.py:186} INFO - Started process (PID=36950) to work on /opt/airflow/dags/fct_count_day_eqrthquake.py
[2026-07-25T16:37:14.643+0000] {processor.py:914} INFO - Processing file /opt/airflow/dags/fct_count_day_eqrthquake.py for tasks to queue
[2026-07-25T16:37:14.643+0000] {logging_mixin.py:190} INFO - [2026-07-25T16:37:14.643+0000] {dagbag.py:588} INFO - Filling up the DagBag from /opt/airflow/dags/fct_count_day_eqrthquake.py
[2026-07-25T16:37:14.649+0000] {processor.py:925} INFO - DAG(s) 'fct_count_day_earthquake' retrieved from /opt/airflow/dags/fct_count_day_eqrthquake.py
[2026-07-25T16:37:14.663+0000] {logging_mixin.py:190} INFO - [2026-07-25T16:37:14.663+0000] {dag.py:3239} INFO - Sync 1 DAGs
[2026-07-25T16:37:14.677+0000] {logging_mixin.py:190} INFO - [2026-07-25T16:37:14.676+0000] {dag.py:4180} INFO - Setting next_dagrun for fct_count_day_earthquake to 2026-07-10 02:00:00+00:00, run_after=2026-07-11 02:00:00+00:00
[2026-07-25T16:37:14.688+0000] {processor.py:208} INFO - Processing /opt/airflow/dags/fct_count_day_eqrthquake.py took 0.049 seconds
[2026-07-25T16:37:44.944+0000] {processor.py:186} INFO - Started process (PID=36990) to work on /opt/airflow/dags/fct_count_day_eqrthquake.py
[2026-07-25T16:37:44.946+0000] {processor.py:914} INFO - Processing file /opt/airflow/dags/fct_count_day_eqrthquake.py for tasks to queue
[2026-07-25T16:37:44.946+0000] {logging_mixin.py:190} INFO - [2026-07-25T16:37:44.946+0000] {dagbag.py:588} INFO - Filling up the DagBag from /opt/airflow/dags/fct_count_day_eqrthquake.py
[2026-07-25T16:37:44.954+0000] {processor.py:925} INFO - DAG(s) 'fct_count_day_earthquake' retrieved from /opt/airflow/dags/fct_count_day_eqrthquake.py
[2026-07-25T16:37:44.971+0000] {logging_mixin.py:190} INFO - [2026-07-25T16:37:44.971+0000] {dag.py:3239} INFO - Sync 1 DAGs
[2026-07-25T16:37:44.997+0000] {processor.py:208} INFO - Processing /opt/airflow/dags/fct_count_day_eqrthquake.py took 0.058 seconds
[2026-07-25T16:38:15.216+0000] {processor.py:186} INFO - Started process (PID=37030) to work on /opt/airflow/dags/fct_count_day_eqrthquake.py
[2026-07-25T16:38:15.216+0000] {processor.py:914} INFO - Processing file /opt/airflow/dags/fct_count_day_eqrthquake.py for tasks to queue
[2026-07-25T16:38:15.217+0000] {logging_mixin.py:190} INFO - [2026-07-25T16:38:15.217+0000] {dagbag.py:588} INFO - Filling up the DagBag from /opt/airflow/dags/fct_count_day_eqrthquake.py
[2026-07-25T16:38:15.225+0000] {processor.py:925} INFO - DAG(s) 'fct_count_day_earthquake' retrieved from /opt/airflow/dags/fct_count_day_eqrthquake.py
[2026-07-25T16:38:15.241+0000] {logging_mixin.py:190} INFO - [2026-07-25T16:38:15.241+0000] {dag.py:3239} INFO - Sync 1 DAGs
[2026-07-25T16:38:15.268+0000] {processor.py:208} INFO - Processing /opt/airflow/dags/fct_count_day_eqrthquake.py took 0.057 seconds
[2026-07-25T16:38:45.661+0000] {processor.py:186} INFO - Started process (PID=37070) to work on /opt/airflow/dags/fct_count_day_eqrthquake.py
[2026-07-25T16:38:45.664+0000] {processor.py:914} INFO - Processing file /opt/airflow/dags/fct_count_day_eqrthquake.py for tasks to queue
[2026-07-25T16:38:45.665+0000] {logging_mixin.py:190} INFO - [2026-07-25T16:38:45.665+0000] {dagbag.py:588} INFO - Filling up the DagBag from /opt/airflow/dags/fct_count_day_eqrthquake.py
[2026-07-25T16:38:45.672+0000] {processor.py:925} INFO - DAG(s) 'fct_count_day_earthquake' retrieved from /opt/airflow/dags/fct_count_day_eqrthquake.py
[2026-07-25T16:38:45.689+0000] {logging_mixin.py:190} INFO - [2026-07-25T16:38:45.689+0000] {dag.py:3239} INFO - Sync 1 DAGs
[2026-07-25T16:38:45.715+0000] {processor.py:208} INFO - Processing /opt/airflow/dags/fct_count_day_eqrthquake.py took 0.058 seconds
[2026-07-25T16:39:16.002+0000] {processor.py:186} INFO - Started process (PID=37110) to work on /opt/airflow/dags/fct_count_day_eqrthquake.py
[2026-07-25T16:39:16.003+0000] {processor.py:914} INFO - Processing file /opt/airflow/dags/fct_count_day_eqrthquake.py for tasks to queue
[2026-07-25T16:39:16.003+0000] {logging_mixin.py:190} INFO - [2026-07-25T16:39:16.003+0000] {dagbag.py:588} INFO - Filling up the DagBag from /opt/airflow/dags/fct_count_day_eqrthquake.py
[2026-07-25T16:39:16.010+0000] {processor.py:925} INFO - DAG(s) 'fct_count_day_earthquake' retrieved from /opt/airflow/dags/fct_count_day_eqrthquake.py
[2026-07-25T16:39:16.023+0000] {logging_mixin.py:190} INFO - [2026-07-25T16:39:16.023+0000] {dag.py:3239} INFO - Sync 1 DAGs
[2026-07-25T16:39:16.051+0000] {processor.py:208} INFO - Processing /opt/airflow/dags/fct_count_day_eqrthquake.py took 0.052 seconds
[2026-07-25T16:39:46.326+0000] {processor.py:186} INFO - Started process (PID=37150) to work on /opt/airflow/dags/fct_count_day_eqrthquake.py
[2026-07-25T16:39:46.329+0000] {processor.py:914} INFO - Processing file /opt/airflow/dags/fct_count_day_eqrthquake.py for tasks to queue
[2026-07-25T16:39:46.330+0000] {logging_mixin.py:190} INFO - [2026-07-25T16:39:46.330+0000] {dagbag.py:588} INFO - Filling up the DagBag from /opt/airflow/dags/fct_count_day_eqrthquake.py
[2026-07-25T16:39:46.338+0000] {processor.py:925} INFO - DAG(s) 'fct_count_day_earthquake' retrieved from /opt/airflow/dags/fct_count_day_eqrthquake.py
[2026-07-25T16:39:46.356+0000] {logging_mixin.py:190} INFO - [2026-07-25T16:39:46.356+0000] {dag.py:3239} INFO - Sync 1 DAGs
[2026-07-25T16:39:46.384+0000] {processor.py:208} INFO - Processing /opt/airflow/dags/fct_count_day_eqrthquake.py took 0.062 seconds
[2026-07-25T16:40:16.701+0000] {processor.py:186} INFO - Started process (PID=37190) to work on /opt/airflow/dags/fct_count_day_eqrthquake.py
[2026-07-25T16:40:16.701+0000] {processor.py:914} INFO - Processing file /opt/airflow/dags/fct_count_day_eqrthquake.py for tasks to queue
[2026-07-25T16:40:16.702+0000] {logging_mixin.py:190} INFO - [2026-07-25T16:40:16.702+0000] {dagbag.py:588} INFO - Filling up the DagBag from /opt/airflow/dags/fct_count_day_eqrthquake.py
[2026-07-25T16:40:16.709+0000] {processor.py:925} INFO - DAG(s) 'fct_count_day_earthquake' retrieved from /opt/airflow/dags/fct_count_day_eqrthquake.py
[2026-07-25T16:40:16.724+0000] {logging_mixin.py:190} INFO - [2026-07-25T16:40:16.724+0000] {dag.py:3239} INFO - Sync 1 DAGs
[2026-07-25T16:40:16.749+0000] {processor.py:208} INFO - Processing /opt/airflow/dags/fct_count_day_eqrthquake.py took 0.052 seconds
[2026-07-25T16:40:47.068+0000] {processor.py:186} INFO - Started process (PID=37230) to work on /opt/airflow/dags/fct_count_day_eqrthquake.py
[2026-07-25T16:40:47.071+0000] {processor.py:914} INFO - Processing file /opt/airflow/dags/fct_count_day_eqrthquake.py for tasks to queue
[2026-07-25T16:40:47.072+0000] {logging_mixin.py:190} INFO - [2026-07-25T16:40:47.071+0000] {dagbag.py:588} INFO - Filling up the DagBag from /opt/airflow/dags/fct_count_day_eqrthquake.py
[2026-07-25T16:40:47.078+0000] {processor.py:925} INFO - DAG(s) 'fct_count_day_earthquake' retrieved from /opt/airflow/dags/fct_count_day_eqrthquake.py
[2026-07-25T16:40:47.089+0000] {logging_mixin.py:190} INFO - [2026-07-25T16:40:47.089+0000] {dag.py:3239} INFO - Sync 1 DAGs
[2026-07-25T16:40:47.113+0000] {processor.py:208} INFO - Processing /opt/airflow/dags/fct_count_day_eqrthquake.py took 0.048 seconds
[2026-07-25T16:41:17.491+0000] {processor.py:186} INFO - Started process (PID=37270) to work on /opt/airflow/dags/fct_count_day_eqrthquake.py
[2026-07-25T16:41:17.491+0000] {processor.py:914} INFO - Processing file /opt/airflow/dags/fct_count_day_eqrthquake.py for tasks to queue
[2026-07-25T16:41:17.492+0000] {logging_mixin.py:190} INFO - [2026-07-25T16:41:17.492+0000] {dagbag.py:588} INFO - Filling up the DagBag from /opt/airflow/dags/fct_count_day_eqrthquake.py
[2026-07-25T16:41:17.499+0000] {processor.py:925} INFO - DAG(s) 'fct_count_day_earthquake' retrieved from /opt/airflow/dags/fct_count_day_eqrthquake.py
[2026-07-25T16:41:17.512+0000] {logging_mixin.py:190} INFO - [2026-07-25T16:41:17.512+0000] {dag.py:3239} INFO - Sync 1 DAGs
[2026-07-25T16:41:17.536+0000] {processor.py:208} INFO - Processing /opt/airflow/dags/fct_count_day_eqrthquake.py took 0.049 seconds
[2026-07-25T16:41:47.852+0000] {processor.py:186} INFO - Started process (PID=37310) to work on /opt/airflow/dags/fct_count_day_eqrthquake.py
[2026-07-25T16:41:47.854+0000] {processor.py:914} INFO - Processing file /opt/airflow/dags/fct_count_day_eqrthquake.py for tasks to queue
[2026-07-25T16:41:47.855+0000] {logging_mixin.py:190} INFO - [2026-07-25T16:41:47.854+0000] {dagbag.py:588} INFO - Filling up the DagBag from /opt/airflow/dags/fct_count_day_eqrthquake.py
[2026-07-25T16:41:47.863+0000] {processor.py:925} INFO - DAG(s) 'fct_count_day_earthquake' retrieved from /opt/airflow/dags/fct_count_day_eqrthquake.py
[2026-07-25T16:41:47.883+0000] {logging_mixin.py:190} INFO - [2026-07-25T16:41:47.882+0000] {dag.py:3239} INFO - Sync 1 DAGs
[2026-07-25T16:41:47.913+0000] {processor.py:208} INFO - Processing /opt/airflow/dags/fct_count_day_eqrthquake.py took 0.065 seconds
[2026-07-25T16:42:18.231+0000] {processor.py:186} INFO - Started process (PID=37350) to work on /opt/airflow/dags/fct_count_day_eqrthquake.py
[2026-07-25T16:42:18.231+0000] {processor.py:914} INFO - Processing file /opt/airflow/dags/fct_count_day_eqrthquake.py for tasks to queue
[2026-07-25T16:42:18.232+0000] {logging_mixin.py:190} INFO - [2026-07-25T16:42:18.232+0000] {dagbag.py:588} INFO - Filling up the DagBag from /opt/airflow/dags/fct_count_day_eqrthquake.py
[2026-07-25T16:42:18.238+0000] {processor.py:925} INFO - DAG(s) 'fct_count_day_earthquake' retrieved from /opt/airflow/dags/fct_count_day_eqrthquake.py
[2026-07-25T16:42:18.252+0000] {logging_mixin.py:190} INFO - [2026-07-25T16:42:18.251+0000] {dag.py:3239} INFO - Sync 1 DAGs
[2026-07-25T16:42:18.276+0000] {processor.py:208} INFO - Processing /opt/airflow/dags/fct_count_day_eqrthquake.py took 0.049 seconds
[2026-07-25T16:42:48.487+0000] {processor.py:186} INFO - Started process (PID=37390) to work on /opt/airflow/dags/fct_count_day_eqrthquake.py
[2026-07-25T16:42:48.490+0000] {processor.py:914} INFO - Processing file /opt/airflow/dags/fct_count_day_eqrthquake.py for tasks to queue
[2026-07-25T16:42:48.490+0000] {logging_mixin.py:190} INFO - [2026-07-25T16:42:48.490+0000] {dagbag.py:588} INFO - Filling up the DagBag from /opt/airflow/dags/fct_count_day_eqrthquake.py
[2026-07-25T16:42:48.498+0000] {processor.py:925} INFO - DAG(s) 'fct_count_day_earthquake' retrieved from /opt/airflow/dags/fct_count_day_eqrthquake.py
[2026-07-25T16:42:48.515+0000] {logging_mixin.py:190} INFO - [2026-07-25T16:42:48.515+0000] {dag.py:3239} INFO - Sync 1 DAGs
[2026-07-25T16:42:48.543+0000] {processor.py:208} INFO - Processing /opt/airflow/dags/fct_count_day_eqrthquake.py took 0.061 seconds
[2026-07-25T16:43:18.834+0000] {processor.py:186} INFO - Started process (PID=37430) to work on /opt/airflow/dags/fct_count_day_eqrthquake.py
[2026-07-25T16:43:18.834+0000] {processor.py:914} INFO - Processing file /opt/airflow/dags/fct_count_day_eqrthquake.py for tasks to queue
[2026-07-25T16:43:18.835+0000] {logging_mixin.py:190} INFO - [2026-07-25T16:43:18.835+0000] {dagbag.py:588} INFO - Filling up the DagBag from /opt/airflow/dags/fct_count_day_eqrthquake.py
[2026-07-25T16:43:18.842+0000] {processor.py:925} INFO - DAG(s) 'fct_count_day_earthquake' retrieved from /opt/airflow/dags/fct_count_day_eqrthquake.py
[2026-07-25T16:43:18.854+0000] {logging_mixin.py:190} INFO - [2026-07-25T16:43:18.854+0000] {dag.py:3239} INFO - Sync 1 DAGs
[2026-07-25T16:43:18.881+0000] {processor.py:208} INFO - Processing /opt/airflow/dags/fct_count_day_eqrthquake.py took 0.051 seconds
[2026-07-25T16:43:49.091+0000] {processor.py:186} INFO - Started process (PID=37470) to work on /opt/airflow/dags/fct_count_day_eqrthquake.py
[2026-07-25T16:43:49.093+0000] {processor.py:914} INFO - Processing file /opt/airflow/dags/fct_count_day_eqrthquake.py for tasks to queue
[2026-07-25T16:43:49.094+0000] {logging_mixin.py:190} INFO - [2026-07-25T16:43:49.094+0000] {dagbag.py:588} INFO - Filling up the DagBag from /opt/airflow/dags/fct_count_day_eqrthquake.py
[2026-07-25T16:43:49.107+0000] {processor.py:925} INFO - DAG(s) 'fct_count_day_earthquake' retrieved from /opt/airflow/dags/fct_count_day_eqrthquake.py
[2026-07-25T16:43:49.126+0000] {logging_mixin.py:190} INFO - [2026-07-25T16:43:49.125+0000] {dag.py:3239} INFO - Sync 1 DAGs
[2026-07-25T16:43:49.164+0000] {processor.py:208} INFO - Processing /opt/airflow/dags/fct_count_day_eqrthquake.py took 0.079 seconds
[2026-07-25T16:44:19.402+0000] {processor.py:186} INFO - Started process (PID=37510) to work on /opt/airflow/dags/fct_count_day_eqrthquake.py
[2026-07-25T16:44:19.402+0000] {processor.py:914} INFO - Processing file /opt/airflow/dags/fct_count_day_eqrthquake.py for tasks to queue
[2026-07-25T16:44:19.403+0000] {logging_mixin.py:190} INFO - [2026-07-25T16:44:19.403+0000] {dagbag.py:588} INFO - Filling up the DagBag from /opt/airflow/dags/fct_count_day_eqrthquake.py
[2026-07-25T16:44:19.409+0000] {processor.py:925} INFO - DAG(s) 'fct_count_day_earthquake' retrieved from /opt/airflow/dags/fct_count_day_eqrthquake.py
[2026-07-25T16:44:19.422+0000] {logging_mixin.py:190} INFO - [2026-07-25T16:44:19.422+0000] {dag.py:3239} INFO - Sync 1 DAGs
[2026-07-25T16:44:19.447+0000] {processor.py:208} INFO - Processing /opt/airflow/dags/fct_count_day_eqrthquake.py took 0.049 seconds
[2026-07-25T16:44:49.703+0000] {processor.py:186} INFO - Started process (PID=37550) to work on /opt/airflow/dags/fct_count_day_eqrthquake.py
[2026-07-25T16:44:49.706+0000] {processor.py:914} INFO - Processing file /opt/airflow/dags/fct_count_day_eqrthquake.py for tasks to queue
[2026-07-25T16:44:49.707+0000] {logging_mixin.py:190} INFO - [2026-07-25T16:44:49.706+0000] {dagbag.py:588} INFO - Filling up the DagBag from /opt/airflow/dags/fct_count_day_eqrthquake.py
[2026-07-25T16:44:49.713+0000] {processor.py:925} INFO - DAG(s) 'fct_count_day_earthquake' retrieved from /opt/airflow/dags/fct_count_day_eqrthquake.py
[2026-07-25T16:44:49.725+0000] {logging_mixin.py:190} INFO - [2026-07-25T16:44:49.725+0000] {dag.py:3239} INFO - Sync 1 DAGs
[2026-07-25T16:44:49.749+0000] {processor.py:208} INFO - Processing /opt/airflow/dags/fct_count_day_eqrthquake.py took 0.049 seconds
[2026-07-25T16:45:20.056+0000] {processor.py:186} INFO - Started process (PID=37590) to work on /opt/airflow/dags/fct_count_day_eqrthquake.py
[2026-07-25T16:45:20.057+0000] {processor.py:914} INFO - Processing file /opt/airflow/dags/fct_count_day_eqrthquake.py for tasks to queue
[2026-07-25T16:45:20.057+0000] {logging_mixin.py:190} INFO - [2026-07-25T16:45:20.057+0000] {dagbag.py:588} INFO - Filling up the DagBag from /opt/airflow/dags/fct_count_day_eqrthquake.py
[2026-07-25T16:45:20.064+0000] {processor.py:925} INFO - DAG(s) 'fct_count_day_earthquake' retrieved from /opt/airflow/dags/fct_count_day_eqrthquake.py
[2026-07-25T16:45:20.077+0000] {logging_mixin.py:190} INFO - [2026-07-25T16:45:20.077+0000] {dag.py:3239} INFO - Sync 1 DAGs
[2026-07-25T16:45:20.101+0000] {processor.py:208} INFO - Processing /opt/airflow/dags/fct_count_day_eqrthquake.py took 0.047 seconds
[2026-07-25T16:45:50.381+0000] {processor.py:186} INFO - Started process (PID=37630) to work on /opt/airflow/dags/fct_count_day_eqrthquake.py
[2026-07-25T16:45:50.384+0000] {processor.py:914} INFO - Processing file /opt/airflow/dags/fct_count_day_eqrthquake.py for tasks to queue
[2026-07-25T16:45:50.385+0000] {logging_mixin.py:190} INFO - [2026-07-25T16:45:50.384+0000] {dagbag.py:588} INFO - Filling up the DagBag from /opt/airflow/dags/fct_count_day_eqrthquake.py
[2026-07-25T16:45:50.391+0000] {processor.py:925} INFO - DAG(s) 'fct_count_day_earthquake' retrieved from /opt/airflow/dags/fct_count_day_eqrthquake.py
[2026-07-25T16:45:50.404+0000] {logging_mixin.py:190} INFO - [2026-07-25T16:45:50.404+0000] {dag.py:3239} INFO - Sync 1 DAGs
[2026-07-25T16:45:50.429+0000] {processor.py:208} INFO - Processing /opt/airflow/dags/fct_count_day_eqrthquake.py took 0.051 seconds
[2026-07-25T16:46:20.750+0000] {processor.py:186} INFO - Started process (PID=37670) to work on /opt/airflow/dags/fct_count_day_eqrthquake.py
[2026-07-25T16:46:20.750+0000] {processor.py:914} INFO - Processing file /opt/airflow/dags/fct_count_day_eqrthquake.py for tasks to queue
[2026-07-25T16:46:20.751+0000] {logging_mixin.py:190} INFO - [2026-07-25T16:46:20.751+0000] {dagbag.py:588} INFO - Filling up the DagBag from /opt/airflow/dags/fct_count_day_eqrthquake.py
[2026-07-25T16:46:20.757+0000] {processor.py:925} INFO - DAG(s) 'fct_count_day_earthquake' retrieved from /opt/airflow/dags/fct_count_day_eqrthquake.py
[2026-07-25T16:46:20.771+0000] {logging_mixin.py:190} INFO - [2026-07-25T16:46:20.770+0000] {dag.py:3239} INFO - Sync 1 DAGs
[2026-07-25T16:46:20.794+0000] {processor.py:208} INFO - Processing /opt/airflow/dags/fct_count_day_eqrthquake.py took 0.047 seconds
[2026-07-25T16:46:51.153+0000] {processor.py:186} INFO - Started process (PID=37710) to work on /opt/airflow/dags/fct_count_day_eqrthquake.py
[2026-07-25T16:46:51.154+0000] {processor.py:914} INFO - Processing file /opt/airflow/dags/fct_count_day_eqrthquake.py for tasks to queue
[2026-07-25T16:46:51.155+0000] {logging_mixin.py:190} INFO - [2026-07-25T16:46:51.155+0000] {dagbag.py:588} INFO - Filling up the DagBag from /opt/airflow/dags/fct_count_day_eqrthquake.py
[2026-07-25T16:46:51.163+0000] {processor.py:925} INFO - DAG(s) 'fct_count_day_earthquake' retrieved from /opt/airflow/dags/fct_count_day_eqrthquake.py
[2026-07-25T16:46:51.179+0000] {logging_mixin.py:190} INFO - [2026-07-25T16:46:51.179+0000] {dag.py:3239} INFO - Sync 1 DAGs
[2026-07-25T16:46:51.202+0000] {processor.py:208} INFO - Processing /opt/airflow/dags/fct_count_day_eqrthquake.py took 0.054 seconds
[2026-07-25T16:47:21.488+0000] {processor.py:186} INFO - Started process (PID=37750) to work on /opt/airflow/dags/fct_count_day_eqrthquake.py
[2026-07-25T16:47:21.489+0000] {processor.py:914} INFO - Processing file /opt/airflow/dags/fct_count_day_eqrthquake.py for tasks to queue
[2026-07-25T16:47:21.489+0000] {logging_mixin.py:190} INFO - [2026-07-25T16:47:21.489+0000] {dagbag.py:588} INFO - Filling up the DagBag from /opt/airflow/dags/fct_count_day_eqrthquake.py
[2026-07-25T16:47:21.497+0000] {processor.py:925} INFO - DAG(s) 'fct_count_day_earthquake' retrieved from /opt/airflow/dags/fct_count_day_eqrthquake.py
[2026-07-25T16:47:21.513+0000] {logging_mixin.py:190} INFO - [2026-07-25T16:47:21.513+0000] {dag.py:3239} INFO - Sync 1 DAGs
[2026-07-25T16:47:21.538+0000] {processor.py:208} INFO - Processing /opt/airflow/dags/fct_count_day_eqrthquake.py took 0.054 seconds
[2026-07-25T16:47:51.817+0000] {processor.py:186} INFO - Started process (PID=37790) to work on /opt/airflow/dags/fct_count_day_eqrthquake.py
[2026-07-25T16:47:51.817+0000] {processor.py:914} INFO - Processing file /opt/airflow/dags/fct_count_day_eqrthquake.py for tasks to queue
[2026-07-25T16:47:51.818+0000] {logging_mixin.py:190} INFO - [2026-07-25T16:47:51.818+0000] {dagbag.py:588} INFO - Filling up the DagBag from /opt/airflow/dags/fct_count_day_eqrthquake.py
[2026-07-25T16:47:51.824+0000] {processor.py:925} INFO - DAG(s) 'fct_count_day_earthquake' retrieved from /opt/airflow/dags/fct_count_day_eqrthquake.py
[2026-07-25T16:47:51.837+0000] {logging_mixin.py:190} INFO - [2026-07-25T16:47:51.837+0000] {dag.py:3239} INFO - Sync 1 DAGs
[2026-07-25T16:47:51.864+0000] {processor.py:208} INFO - Processing /opt/airflow/dags/fct_count_day_eqrthquake.py took 0.051 seconds
[2026-07-25T16:48:22.167+0000] {processor.py:186} INFO - Started process (PID=37830) to work on /opt/airflow/dags/fct_count_day_eqrthquake.py
[2026-07-25T16:48:22.168+0000] {processor.py:914} INFO - Processing file /opt/airflow/dags/fct_count_day_eqrthquake.py for tasks to queue
[2026-07-25T16:48:22.169+0000] {logging_mixin.py:190} INFO - [2026-07-25T16:48:22.169+0000] {dagbag.py:588} INFO - Filling up the DagBag from /opt/airflow/dags/fct_count_day_eqrthquake.py
[2026-07-25T16:48:22.176+0000] {processor.py:925} INFO - DAG(s) 'fct_count_day_earthquake' retrieved from /opt/airflow/dags/fct_count_day_eqrthquake.py
[2026-07-25T16:48:22.191+0000] {logging_mixin.py:190} INFO - [2026-07-25T16:48:22.190+0000] {dag.py:3239} INFO - Sync 1 DAGs
[2026-07-25T16:48:22.216+0000] {processor.py:208} INFO - Processing /opt/airflow/dags/fct_count_day_eqrthquake.py took 0.052 seconds
[2026-07-25T16:48:52.485+0000] {processor.py:186} INFO - Started process (PID=37870) to work on /opt/airflow/dags/fct_count_day_eqrthquake.py
[2026-07-25T16:48:52.485+0000] {processor.py:914} INFO - Processing file /opt/airflow/dags/fct_count_day_eqrthquake.py for tasks to queue
[2026-07-25T16:48:52.486+0000] {logging_mixin.py:190} INFO - [2026-07-25T16:48:52.486+0000] {dagbag.py:588} INFO - Filling up the DagBag from /opt/airflow/dags/fct_count_day_eqrthquake.py
[2026-07-25T16:48:52.493+0000] {processor.py:925} INFO - DAG(s) 'fct_count_day_earthquake' retrieved from /opt/airflow/dags/fct_count_day_eqrthquake.py
[2026-07-25T16:48:52.506+0000] {logging_mixin.py:190} INFO - [2026-07-25T16:48:52.506+0000] {dag.py:3239} INFO - Sync 1 DAGs
[2026-07-25T16:48:52.531+0000] {processor.py:208} INFO - Processing /opt/airflow/dags/fct_count_day_eqrthquake.py took 0.050 seconds
[2026-07-25T16:49:22.867+0000] {processor.py:186} INFO - Started process (PID=37911) to work on /opt/airflow/dags/fct_count_day_eqrthquake.py
[2026-07-25T16:49:22.870+0000] {processor.py:914} INFO - Processing file /opt/airflow/dags/fct_count_day_eqrthquake.py for tasks to queue
[2026-07-25T16:49:22.870+0000] {logging_mixin.py:190} INFO - [2026-07-25T16:49:22.870+0000] {dagbag.py:588} INFO - Filling up the DagBag from /opt/airflow/dags/fct_count_day_eqrthquake.py
[2026-07-25T16:49:22.878+0000] {processor.py:925} INFO - DAG(s) 'fct_count_day_earthquake' retrieved from /opt/airflow/dags/fct_count_day_eqrthquake.py
[2026-07-25T16:49:22.892+0000] {logging_mixin.py:190} INFO - [2026-07-25T16:49:22.892+0000] {dag.py:3239} INFO - Sync 1 DAGs
[2026-07-25T16:49:22.919+0000] {processor.py:208} INFO - Processing /opt/airflow/dags/fct_count_day_eqrthquake.py took 0.058 seconds
[2026-07-25T16:49:53.198+0000] {processor.py:186} INFO - Started process (PID=37963) to work on /opt/airflow/dags/fct_count_day_eqrthquake.py
[2026-07-25T16:49:53.198+0000] {processor.py:914} INFO - Processing file /opt/airflow/dags/fct_count_day_eqrthquake.py for tasks to queue
[2026-07-25T16:49:53.199+0000] {logging_mixin.py:190} INFO - [2026-07-25T16:49:53.199+0000] {dagbag.py:588} INFO - Filling up the DagBag from /opt/airflow/dags/fct_count_day_eqrthquake.py
[2026-07-25T16:49:53.208+0000] {processor.py:925} INFO - DAG(s) 'fct_count_day_earthquake' retrieved from /opt/airflow/dags/fct_count_day_eqrthquake.py
[2026-07-25T16:49:53.222+0000] {logging_mixin.py:190} INFO - [2026-07-25T16:49:53.222+0000] {dag.py:3239} INFO - Sync 1 DAGs
[2026-07-25T16:49:53.236+0000] {logging_mixin.py:190} INFO - [2026-07-25T16:49:53.236+0000] {dag.py:4180} INFO - Setting next_dagrun for fct_count_day_earthquake to 2026-07-25 02:00:00+00:00, run_after=2026-07-26 02:00:00+00:00
[2026-07-25T16:49:53.248+0000] {processor.py:208} INFO - Processing /opt/airflow/dags/fct_count_day_eqrthquake.py took 0.054 seconds
[2026-07-25T16:50:23.543+0000] {processor.py:186} INFO - Started process (PID=38003) to work on /opt/airflow/dags/fct_count_day_eqrthquake.py
[2026-07-25T16:50:23.546+0000] {processor.py:914} INFO - Processing file /opt/airflow/dags/fct_count_day_eqrthquake.py for tasks to queue
[2026-07-25T16:50:23.547+0000] {logging_mixin.py:190} INFO - [2026-07-25T16:50:23.547+0000] {dagbag.py:588} INFO - Filling up the DagBag from /opt/airflow/dags/fct_count_day_eqrthquake.py
[2026-07-25T16:50:23.553+0000] {processor.py:925} INFO - DAG(s) 'fct_count_day_earthquake' retrieved from /opt/airflow/dags/fct_count_day_eqrthquake.py
[2026-07-25T16:50:23.567+0000] {logging_mixin.py:190} INFO - [2026-07-25T16:50:23.567+0000] {dag.py:3239} INFO - Sync 1 DAGs
[2026-07-25T16:50:23.581+0000] {logging_mixin.py:190} INFO - [2026-07-25T16:50:23.580+0000] {dag.py:4180} INFO - Setting next_dagrun for fct_count_day_earthquake to 2026-07-25 02:00:00+00:00, run_after=2026-07-26 02:00:00+00:00
[2026-07-25T16:50:23.591+0000] {processor.py:208} INFO - Processing /opt/airflow/dags/fct_count_day_eqrthquake.py took 0.051 seconds
[2026-07-25T16:50:53.931+0000] {processor.py:186} INFO - Started process (PID=38043) to work on /opt/airflow/dags/fct_count_day_eqrthquake.py
[2026-07-25T16:50:53.932+0000] {processor.py:914} INFO - Processing file /opt/airflow/dags/fct_count_day_eqrthquake.py for tasks to queue
[2026-07-25T16:50:53.932+0000] {logging_mixin.py:190} INFO - [2026-07-25T16:50:53.932+0000] {dagbag.py:588} INFO - Filling up the DagBag from /opt/airflow/dags/fct_count_day_eqrthquake.py
[2026-07-25T16:50:53.938+0000] {processor.py:925} INFO - DAG(s) 'fct_count_day_earthquake' retrieved from /opt/airflow/dags/fct_count_day_eqrthquake.py
[2026-07-25T16:50:53.952+0000] {logging_mixin.py:190} INFO - [2026-07-25T16:50:53.952+0000] {dag.py:3239} INFO - Sync 1 DAGs
[2026-07-25T16:50:53.968+0000] {logging_mixin.py:190} INFO - [2026-07-25T16:50:53.968+0000] {dag.py:4180} INFO - Setting next_dagrun for fct_count_day_earthquake to 2026-07-25 02:00:00+00:00, run_after=2026-07-26 02:00:00+00:00
[2026-07-25T16:50:53.980+0000] {processor.py:208} INFO - Processing /opt/airflow/dags/fct_count_day_eqrthquake.py took 0.052 seconds
[2026-07-25T16:51:24.313+0000] {processor.py:186} INFO - Started process (PID=38083) to work on /opt/airflow/dags/fct_count_day_eqrthquake.py
[2026-07-25T16:51:24.316+0000] {processor.py:914} INFO - Processing file /opt/airflow/dags/fct_count_day_eqrthquake.py for tasks to queue
[2026-07-25T16:51:24.317+0000] {logging_mixin.py:190} INFO - [2026-07-25T16:51:24.316+0000] {dagbag.py:588} INFO - Filling up the DagBag from /opt/airflow/dags/fct_count_day_eqrthquake.py
[2026-07-25T16:51:24.323+0000] {processor.py:925} INFO - DAG(s) 'fct_count_day_earthquake' retrieved from /opt/airflow/dags/fct_count_day_eqrthquake.py
[2026-07-25T16:51:24.339+0000] {logging_mixin.py:190} INFO - [2026-07-25T16:51:24.339+0000] {dag.py:3239} INFO - Sync 1 DAGs
[2026-07-25T16:51:24.359+0000] {logging_mixin.py:190} INFO - [2026-07-25T16:51:24.359+0000] {dag.py:4180} INFO - Setting next_dagrun for fct_count_day_earthquake to 2026-07-25 02:00:00+00:00, run_after=2026-07-26 02:00:00+00:00
[2026-07-25T16:51:24.371+0000] {processor.py:208} INFO - Processing /opt/airflow/dags/fct_count_day_eqrthquake.py took 0.062 seconds
[2026-07-25T16:51:54.644+0000] {processor.py:186} INFO - Started process (PID=38123) to work on /opt/airflow/dags/fct_count_day_eqrthquake.py
[2026-07-25T16:51:54.644+0000] {processor.py:914} INFO - Processing file /opt/airflow/dags/fct_count_day_eqrthquake.py for tasks to queue
[2026-07-25T16:51:54.646+0000] {logging_mixin.py:190} INFO - [2026-07-25T16:51:54.645+0000] {dagbag.py:588} INFO - Filling up the DagBag from /opt/airflow/dags/fct_count_day_eqrthquake.py
[2026-07-25T16:51:54.655+0000] {processor.py:925} INFO - DAG(s) 'fct_count_day_earthquake' retrieved from /opt/airflow/dags/fct_count_day_eqrthquake.py
[2026-07-25T16:51:54.670+0000] {logging_mixin.py:190} INFO - [2026-07-25T16:51:54.670+0000] {dag.py:3239} INFO - Sync 1 DAGs
[2026-07-25T16:51:54.685+0000] {logging_mixin.py:190} INFO - [2026-07-25T16:51:54.685+0000] {dag.py:4180} INFO - Setting next_dagrun for fct_count_day_earthquake to 2026-07-25 02:00:00+00:00, run_after=2026-07-26 02:00:00+00:00
[2026-07-25T16:51:54.695+0000] {processor.py:208} INFO - Processing /opt/airflow/dags/fct_count_day_eqrthquake.py took 0.056 seconds
[2026-07-25T16:52:24.979+0000] {processor.py:186} INFO - Started process (PID=38163) to work on /opt/airflow/dags/fct_count_day_eqrthquake.py
[2026-07-25T16:52:24.980+0000] {processor.py:914} INFO - Processing file /opt/airflow/dags/fct_count_day_eqrthquake.py for tasks to queue
[2026-07-25T16:52:24.981+0000] {logging_mixin.py:190} INFO - [2026-07-25T16:52:24.981+0000] {dagbag.py:588} INFO - Filling up the DagBag from /opt/airflow/dags/fct_count_day_eqrthquake.py
[2026-07-25T16:52:24.987+0000] {processor.py:925} INFO - DAG(s) 'fct_count_day_earthquake' retrieved from /opt/airflow/dags/fct_count_day_eqrthquake.py
[2026-07-25T16:52:25.001+0000] {logging_mixin.py:190} INFO - [2026-07-25T16:52:25.001+0000] {dag.py:3239} INFO - Sync 1 DAGs
[2026-07-25T16:52:25.015+0000] {logging_mixin.py:190} INFO - [2026-07-25T16:52:25.015+0000] {dag.py:4180} INFO - Setting next_dagrun for fct_count_day_earthquake to 2026-07-25 02:00:00+00:00, run_after=2026-07-26 02:00:00+00:00
[2026-07-25T16:52:25.027+0000] {processor.py:208} INFO - Processing /opt/airflow/dags/fct_count_day_eqrthquake.py took 0.052 seconds
[2026-07-25T16:52:55.281+0000] {processor.py:186} INFO - Started process (PID=38203) to work on /opt/airflow/dags/fct_count_day_eqrthquake.py
[2026-07-25T16:52:55.281+0000] {processor.py:914} INFO - Processing file /opt/airflow/dags/fct_count_day_eqrthquake.py for tasks to queue
[2026-07-25T16:52:55.282+0000] {logging_mixin.py:190} INFO - [2026-07-25T16:52:55.281+0000] {dagbag.py:588} INFO - Filling up the DagBag from /opt/airflow/dags/fct_count_day_eqrthquake.py
[2026-07-25T16:52:55.288+0000] {processor.py:925} INFO - DAG(s) 'fct_count_day_earthquake' retrieved from /opt/airflow/dags/fct_count_day_eqrthquake.py
[2026-07-25T16:52:55.302+0000] {logging_mixin.py:190} INFO - [2026-07-25T16:52:55.301+0000] {dag.py:3239} INFO - Sync 1 DAGs
[2026-07-25T16:52:55.317+0000] {logging_mixin.py:190} INFO - [2026-07-25T16:52:55.317+0000] {dag.py:4180} INFO - Setting next_dagrun for fct_count_day_earthquake to 2026-07-25 02:00:00+00:00, run_after=2026-07-26 02:00:00+00:00
[2026-07-25T16:52:55.329+0000] {processor.py:208} INFO - Processing /opt/airflow/dags/fct_count_day_eqrthquake.py took 0.052 seconds
[2026-07-25T16:53:25.543+0000] {processor.py:186} INFO - Started process (PID=38243) to work on /opt/airflow/dags/fct_count_day_eqrthquake.py
[2026-07-25T16:53:25.544+0000] {processor.py:914} INFO - Processing file /opt/airflow/dags/fct_count_day_eqrthquake.py for tasks to queue
[2026-07-25T16:53:25.545+0000] {logging_mixin.py:190} INFO - [2026-07-25T16:53:25.545+0000] {dagbag.py:588} INFO - Filling up the DagBag from /opt/airflow/dags/fct_count_day_eqrthquake.py
[2026-07-25T16:53:25.553+0000] {processor.py:925} INFO - DAG(s) 'fct_count_day_earthquake' retrieved from /opt/airflow/dags/fct_count_day_eqrthquake.py
[2026-07-25T16:53:25.568+0000] {logging_mixin.py:190} INFO - [2026-07-25T16:53:25.568+0000] {dag.py:3239} INFO - Sync 1 DAGs
[2026-07-25T16:53:25.584+0000] {logging_mixin.py:190} INFO - [2026-07-25T16:53:25.584+0000] {dag.py:4180} INFO - Setting next_dagrun for fct_count_day_earthquake to 2026-07-25 02:00:00+00:00, run_after=2026-07-26 02:00:00+00:00
[2026-07-25T16:53:25.595+0000] {processor.py:208} INFO - Processing /opt/airflow/dags/fct_count_day_eqrthquake.py took 0.055 seconds
[2026-07-25T16:53:55.906+0000] {processor.py:186} INFO - Started process (PID=38283) to work on /opt/airflow/dags/fct_count_day_eqrthquake.py
[2026-07-25T16:53:55.906+0000] {processor.py:914} INFO - Processing file /opt/airflow/dags/fct_count_day_eqrthquake.py for tasks to queue
[2026-07-25T16:53:55.907+0000] {logging_mixin.py:190} INFO - [2026-07-25T16:53:55.907+0000] {dagbag.py:588} INFO - Filling up the DagBag from /opt/airflow/dags/fct_count_day_eqrthquake.py
[2026-07-25T16:53:55.914+0000] {processor.py:925} INFO - DAG(s) 'fct_count_day_earthquake' retrieved from /opt/airflow/dags/fct_count_day_eqrthquake.py
[2026-07-25T16:53:55.927+0000] {logging_mixin.py:190} INFO - [2026-07-25T16:53:55.927+0000] {dag.py:3239} INFO - Sync 1 DAGs
[2026-07-25T16:53:55.942+0000] {logging_mixin.py:190} INFO - [2026-07-25T16:53:55.942+0000] {dag.py:4180} INFO - Setting next_dagrun for fct_count_day_earthquake to 2026-07-25 02:00:00+00:00, run_after=2026-07-26 02:00:00+00:00
[2026-07-25T16:53:55.953+0000] {processor.py:208} INFO - Processing /opt/airflow/dags/fct_count_day_eqrthquake.py took 0.051 seconds
[2026-07-25T16:54:26.231+0000] {processor.py:186} INFO - Started process (PID=38323) to work on /opt/airflow/dags/fct_count_day_eqrthquake.py
[2026-07-25T16:54:26.234+0000] {processor.py:914} INFO - Processing file /opt/airflow/dags/fct_count_day_eqrthquake.py for tasks to queue
[2026-07-25T16:54:26.235+0000] {logging_mixin.py:190} INFO - [2026-07-25T16:54:26.234+0000] {dagbag.py:588} INFO - Filling up the DagBag from /opt/airflow/dags/fct_count_day_eqrthquake.py
[2026-07-25T16:54:26.241+0000] {processor.py:925} INFO - DAG(s) 'fct_count_day_earthquake' retrieved from /opt/airflow/dags/fct_count_day_eqrthquake.py
[2026-07-25T16:54:26.254+0000] {logging_mixin.py:190} INFO - [2026-07-25T16:54:26.254+0000] {dag.py:3239} INFO - Sync 1 DAGs
[2026-07-25T16:54:26.268+0000] {logging_mixin.py:190} INFO - [2026-07-25T16:54:26.268+0000] {dag.py:4180} INFO - Setting next_dagrun for fct_count_day_earthquake to 2026-07-25 02:00:00+00:00, run_after=2026-07-26 02:00:00+00:00
[2026-07-25T16:54:26.280+0000] {processor.py:208} INFO - Processing /opt/airflow/dags/fct_count_day_eqrthquake.py took 0.055 seconds
[2026-07-25T16:54:56.639+0000] {processor.py:186} INFO - Started process (PID=38363) to work on /opt/airflow/dags/fct_count_day_eqrthquake.py
[2026-07-25T16:54:56.639+0000] {processor.py:914} INFO - Processing file /opt/airflow/dags/fct_count_day_eqrthquake.py for tasks to queue
[2026-07-25T16:54:56.640+0000] {logging_mixin.py:190} INFO - [2026-07-25T16:54:56.640+0000] {dagbag.py:588} INFO - Filling up the DagBag from /opt/airflow/dags/fct_count_day_eqrthquake.py
[2026-07-25T16:54:56.646+0000] {processor.py:925} INFO - DAG(s) 'fct_count_day_earthquake' retrieved from /opt/airflow/dags/fct_count_day_eqrthquake.py
[2026-07-25T16:54:56.669+0000] {logging_mixin.py:190} INFO - [2026-07-25T16:54:56.669+0000] {dag.py:3239} INFO - Sync 1 DAGs
[2026-07-25T16:54:56.690+0000] {logging_mixin.py:190} INFO - [2026-07-25T16:54:56.690+0000] {dag.py:4180} INFO - Setting next_dagrun for fct_count_day_earthquake to 2026-07-25 02:00:00+00:00, run_after=2026-07-26 02:00:00+00:00
[2026-07-25T16:54:56.700+0000] {processor.py:208} INFO - Processing /opt/airflow/dags/fct_count_day_eqrthquake.py took 0.067 seconds
[2026-07-25T16:55:27.042+0000] {processor.py:186} INFO - Started process (PID=38403) to work on /opt/airflow/dags/fct_count_day_eqrthquake.py
[2026-07-25T16:55:27.045+0000] {processor.py:914} INFO - Processing file /opt/airflow/dags/fct_count_day_eqrthquake.py for tasks to queue
[2026-07-25T16:55:27.046+0000] {logging_mixin.py:190} INFO - [2026-07-25T16:55:27.046+0000] {dagbag.py:588} INFO - Filling up the DagBag from /opt/airflow/dags/fct_count_day_eqrthquake.py
[2026-07-25T16:55:27.053+0000] {processor.py:925} INFO - DAG(s) 'fct_count_day_earthquake' retrieved from /opt/airflow/dags/fct_count_day_eqrthquake.py
[2026-07-25T16:55:27.067+0000] {logging_mixin.py:190} INFO - [2026-07-25T16:55:27.067+0000] {dag.py:3239} INFO - Sync 1 DAGs
[2026-07-25T16:55:27.080+0000] {logging_mixin.py:190} INFO - [2026-07-25T16:55:27.080+0000] {dag.py:4180} INFO - Setting next_dagrun for fct_count_day_earthquake to 2026-07-25 02:00:00+00:00, run_after=2026-07-26 02:00:00+00:00
[2026-07-25T16:55:27.091+0000] {processor.py:208} INFO - Processing /opt/airflow/dags/fct_count_day_eqrthquake.py took 0.056 seconds
[2026-07-25T16:55:57.379+0000] {processor.py:186} INFO - Started process (PID=38443) to work on /opt/airflow/dags/fct_count_day_eqrthquake.py
[2026-07-25T16:55:57.379+0000] {processor.py:914} INFO - Processing file /opt/airflow/dags/fct_count_day_eqrthquake.py for tasks to queue
[2026-07-25T16:55:57.380+0000] {logging_mixin.py:190} INFO - [2026-07-25T16:55:57.379+0000] {dagbag.py:588} INFO - Filling up the DagBag from /opt/airflow/dags/fct_count_day_eqrthquake.py
[2026-07-25T16:55:57.386+0000] {processor.py:925} INFO - DAG(s) 'fct_count_day_earthquake' retrieved from /opt/airflow/dags/fct_count_day_eqrthquake.py
[2026-07-25T16:55:57.399+0000] {logging_mixin.py:190} INFO - [2026-07-25T16:55:57.399+0000] {dag.py:3239} INFO - Sync 1 DAGs
[2026-07-25T16:55:57.413+0000] {logging_mixin.py:190} INFO - [2026-07-25T16:55:57.413+0000] {dag.py:4180} INFO - Setting next_dagrun for fct_count_day_earthquake to 2026-07-25 02:00:00+00:00, run_after=2026-07-26 02:00:00+00:00
[2026-07-25T16:55:57.424+0000] {processor.py:208} INFO - Processing /opt/airflow/dags/fct_count_day_eqrthquake.py took 0.048 seconds
[2026-07-25T16:56:27.786+0000] {processor.py:186} INFO - Started process (PID=38483) to work on /opt/airflow/dags/fct_count_day_eqrthquake.py
[2026-07-25T16:56:27.789+0000] {processor.py:914} INFO - Processing file /opt/airflow/dags/fct_count_day_eqrthquake.py for tasks to queue
[2026-07-25T16:56:27.790+0000] {logging_mixin.py:190} INFO - [2026-07-25T16:56:27.789+0000] {dagbag.py:588} INFO - Filling up the DagBag from /opt/airflow/dags/fct_count_day_eqrthquake.py
[2026-07-25T16:56:27.797+0000] {processor.py:925} INFO - DAG(s) 'fct_count_day_earthquake' retrieved from /opt/airflow/dags/fct_count_day_eqrthquake.py
[2026-07-25T16:56:27.809+0000] {logging_mixin.py:190} INFO - [2026-07-25T16:56:27.809+0000] {dag.py:3239} INFO - Sync 1 DAGs
[2026-07-25T16:56:27.824+0000] {logging_mixin.py:190} INFO - [2026-07-25T16:56:27.824+0000] {dag.py:4180} INFO - Setting next_dagrun for fct_count_day_earthquake to 2026-07-25 02:00:00+00:00, run_after=2026-07-26 02:00:00+00:00
[2026-07-25T16:56:27.835+0000] {processor.py:208} INFO - Processing /opt/airflow/dags/fct_count_day_eqrthquake.py took 0.055 seconds
[2026-07-25T16:56:58.065+0000] {processor.py:186} INFO - Started process (PID=38523) to work on /opt/airflow/dags/fct_count_day_eqrthquake.py
[2026-07-25T16:56:58.065+0000] {processor.py:914} INFO - Processing file /opt/airflow/dags/fct_count_day_eqrthquake.py for tasks to queue
[2026-07-25T16:56:58.066+0000] {logging_mixin.py:190} INFO - [2026-07-25T16:56:58.066+0000] {dagbag.py:588} INFO - Filling up the DagBag from /opt/airflow/dags/fct_count_day_eqrthquake.py
[2026-07-25T16:56:58.073+0000] {processor.py:925} INFO - DAG(s) 'fct_count_day_earthquake' retrieved from /opt/airflow/dags/fct_count_day_eqrthquake.py
[2026-07-25T16:56:58.087+0000] {logging_mixin.py:190} INFO - [2026-07-25T16:56:58.087+0000] {dag.py:3239} INFO - Sync 1 DAGs
[2026-07-25T16:56:58.103+0000] {logging_mixin.py:190} INFO - [2026-07-25T16:56:58.102+0000] {dag.py:4180} INFO - Setting next_dagrun for fct_count_day_earthquake to 2026-07-25 02:00:00+00:00, run_after=2026-07-26 02:00:00+00:00
[2026-07-25T16:56:58.113+0000] {processor.py:208} INFO - Processing /opt/airflow/dags/fct_count_day_eqrthquake.py took 0.052 seconds
[2026-07-25T16:57:28.306+0000] {processor.py:186} INFO - Started process (PID=38563) to work on /opt/airflow/dags/fct_count_day_eqrthquake.py
[2026-07-25T16:57:28.307+0000] {processor.py:914} INFO - Processing file /opt/airflow/dags/fct_count_day_eqrthquake.py for tasks to queue
[2026-07-25T16:57:28.308+0000] {logging_mixin.py:190} INFO - [2026-07-25T16:57:28.307+0000] {dagbag.py:588} INFO - Filling up the DagBag from /opt/airflow/dags/fct_count_day_eqrthquake.py
[2026-07-25T16:57:28.314+0000] {processor.py:925} INFO - DAG(s) 'fct_count_day_earthquake' retrieved from /opt/airflow/dags/fct_count_day_eqrthquake.py
[2026-07-25T16:57:28.328+0000] {logging_mixin.py:190} INFO - [2026-07-25T16:57:28.328+0000] {dag.py:3239} INFO - Sync 1 DAGs
[2026-07-25T16:57:28.343+0000] {logging_mixin.py:190} INFO - [2026-07-25T16:57:28.343+0000] {dag.py:4180} INFO - Setting next_dagrun for fct_count_day_earthquake to 2026-07-25 02:00:00+00:00, run_after=2026-07-26 02:00:00+00:00
[2026-07-25T16:57:28.355+0000] {processor.py:208} INFO - Processing /opt/airflow/dags/fct_count_day_eqrthquake.py took 0.054 seconds
[2026-07-25T16:57:58.650+0000] {processor.py:186} INFO - Started process (PID=38603) to work on /opt/airflow/dags/fct_count_day_eqrthquake.py
[2026-07-25T16:57:58.651+0000] {processor.py:914} INFO - Processing file /opt/airflow/dags/fct_count_day_eqrthquake.py for tasks to queue
[2026-07-25T16:57:58.651+0000] {logging_mixin.py:190} INFO - [2026-07-25T16:57:58.651+0000] {dagbag.py:588} INFO - Filling up the DagBag from /opt/airflow/dags/fct_count_day_eqrthquake.py
[2026-07-25T16:57:58.658+0000] {processor.py:925} INFO - DAG(s) 'fct_count_day_earthquake' retrieved from /opt/airflow/dags/fct_count_day_eqrthquake.py
[2026-07-25T16:57:58.670+0000] {logging_mixin.py:190} INFO - [2026-07-25T16:57:58.670+0000] {dag.py:3239} INFO - Sync 1 DAGs
[2026-07-25T16:57:58.684+0000] {logging_mixin.py:190} INFO - [2026-07-25T16:57:58.684+0000] {dag.py:4180} INFO - Setting next_dagrun for fct_count_day_earthquake to 2026-07-25 02:00:00+00:00, run_after=2026-07-26 02:00:00+00:00
[2026-07-25T16:57:58.695+0000] {processor.py:208} INFO - Processing /opt/airflow/dags/fct_count_day_eqrthquake.py took 0.048 seconds
[2026-07-25T16:58:28.910+0000] {processor.py:186} INFO - Started process (PID=38643) to work on /opt/airflow/dags/fct_count_day_eqrthquake.py
[2026-07-25T16:58:28.911+0000] {processor.py:914} INFO - Processing file /opt/airflow/dags/fct_count_day_eqrthquake.py for tasks to queue
[2026-07-25T16:58:28.912+0000] {logging_mixin.py:190} INFO - [2026-07-25T16:58:28.912+0000] {dagbag.py:588} INFO - Filling up the DagBag from /opt/airflow/dags/fct_count_day_eqrthquake.py
[2026-07-25T16:58:28.918+0000] {processor.py:925} INFO - DAG(s) 'fct_count_day_earthquake' retrieved from /opt/airflow/dags/fct_count_day_eqrthquake.py
[2026-07-25T16:58:28.931+0000] {logging_mixin.py:190} INFO - [2026-07-25T16:58:28.931+0000] {dag.py:3239} INFO - Sync 1 DAGs
[2026-07-25T16:58:28.946+0000] {logging_mixin.py:190} INFO - [2026-07-25T16:58:28.946+0000] {dag.py:4180} INFO - Setting next_dagrun for fct_count_day_earthquake to 2026-07-25 02:00:00+00:00, run_after=2026-07-26 02:00:00+00:00
[2026-07-25T16:58:28.956+0000] {processor.py:208} INFO - Processing /opt/airflow/dags/fct_count_day_eqrthquake.py took 0.050 seconds
[2026-07-25T16:58:59.281+0000] {processor.py:186} INFO - Started process (PID=38683) to work on /opt/airflow/dags/fct_count_day_eqrthquake.py
[2026-07-25T16:58:59.281+0000] {processor.py:914} INFO - Processing file /opt/airflow/dags/fct_count_day_eqrthquake.py for tasks to queue
[2026-07-25T16:58:59.282+0000] {logging_mixin.py:190} INFO - [2026-07-25T16:58:59.282+0000] {dagbag.py:588} INFO - Filling up the DagBag from /opt/airflow/dags/fct_count_day_eqrthquake.py
[2026-07-25T16:58:59.288+0000] {processor.py:925} INFO - DAG(s) 'fct_count_day_earthquake' retrieved from /opt/airflow/dags/fct_count_day_eqrthquake.py
[2026-07-25T16:58:59.304+0000] {logging_mixin.py:190} INFO - [2026-07-25T16:58:59.303+0000] {dag.py:3239} INFO - Sync 1 DAGs
[2026-07-25T16:58:59.318+0000] {logging_mixin.py:190} INFO - [2026-07-25T16:58:59.318+0000] {dag.py:4180} INFO - Setting next_dagrun for fct_count_day_earthquake to 2026-07-25 02:00:00+00:00, run_after=2026-07-26 02:00:00+00:00
[2026-07-25T16:58:59.329+0000] {processor.py:208} INFO - Processing /opt/airflow/dags/fct_count_day_eqrthquake.py took 0.053 seconds
[2026-07-25T16:59:29.698+0000] {processor.py:186} INFO - Started process (PID=38729) to work on /opt/airflow/dags/fct_count_day_eqrthquake.py
[2026-07-25T16:59:29.699+0000] {processor.py:914} INFO - Processing file /opt/airflow/dags/fct_count_day_eqrthquake.py for tasks to queue
[2026-07-25T16:59:29.700+0000] {logging_mixin.py:190} INFO - [2026-07-25T16:59:29.700+0000] {dagbag.py:588} INFO - Filling up the DagBag from /opt/airflow/dags/fct_count_day_eqrthquake.py
[2026-07-25T16:59:29.707+0000] {processor.py:925} INFO - DAG(s) 'fct_count_day_earthquake' retrieved from /opt/airflow/dags/fct_count_day_eqrthquake.py
[2026-07-25T16:59:29.720+0000] {logging_mixin.py:190} INFO - [2026-07-25T16:59:29.720+0000] {dag.py:3239} INFO - Sync 1 DAGs
[2026-07-25T16:59:29.734+0000] {logging_mixin.py:190} INFO - [2026-07-25T16:59:29.734+0000] {dag.py:4180} INFO - Setting next_dagrun for fct_count_day_earthquake to 2026-07-25 02:00:00+00:00, run_after=2026-07-26 02:00:00+00:00
[2026-07-25T16:59:29.745+0000] {processor.py:208} INFO - Processing /opt/airflow/dags/fct_count_day_eqrthquake.py took 0.052 seconds
[2026-07-25T17:00:00.035+0000] {processor.py:186} INFO - Started process (PID=38769) to work on /opt/airflow/dags/fct_count_day_eqrthquake.py
[2026-07-25T17:00:00.035+0000] {processor.py:914} INFO - Processing file /opt/airflow/dags/fct_count_day_eqrthquake.py for tasks to queue
[2026-07-25T17:00:00.036+0000] {logging_mixin.py:190} INFO - [2026-07-25T17:00:00.036+0000] {dagbag.py:588} INFO - Filling up the DagBag from /opt/airflow/dags/fct_count_day_eqrthquake.py
[2026-07-25T17:00:00.042+0000] {processor.py:925} INFO - DAG(s) 'fct_count_day_earthquake' retrieved from /opt/airflow/dags/fct_count_day_eqrthquake.py
[2026-07-25T17:00:00.055+0000] {logging_mixin.py:190} INFO - [2026-07-25T17:00:00.055+0000] {dag.py:3239} INFO - Sync 1 DAGs
[2026-07-25T17:00:00.070+0000] {logging_mixin.py:190} INFO - [2026-07-25T17:00:00.070+0000] {dag.py:4180} INFO - Setting next_dagrun for fct_count_day_earthquake to 2026-07-25 02:00:00+00:00, run_after=2026-07-26 02:00:00+00:00
[2026-07-25T17:00:00.084+0000] {processor.py:208} INFO - Processing /opt/airflow/dags/fct_count_day_eqrthquake.py took 0.056 seconds
[2026-07-25T17:00:30.399+0000] {processor.py:186} INFO - Started process (PID=38809) to work on /opt/airflow/dags/fct_count_day_eqrthquake.py
[2026-07-25T17:00:30.400+0000] {processor.py:914} INFO - Processing file /opt/airflow/dags/fct_count_day_eqrthquake.py for tasks to queue
[2026-07-25T17:00:30.401+0000] {logging_mixin.py:190} INFO - [2026-07-25T17:00:30.400+0000] {dagbag.py:588} INFO - Filling up the DagBag from /opt/airflow/dags/fct_count_day_eqrthquake.py
[2026-07-25T17:00:30.409+0000] {processor.py:925} INFO - DAG(s) 'fct_count_day_earthquake' retrieved from /opt/airflow/dags/fct_count_day_eqrthquake.py
[2026-07-25T17:00:30.426+0000] {logging_mixin.py:190} INFO - [2026-07-25T17:00:30.426+0000] {dag.py:3239} INFO - Sync 1 DAGs
[2026-07-25T17:00:30.442+0000] {logging_mixin.py:190} INFO - [2026-07-25T17:00:30.442+0000] {dag.py:4180} INFO - Setting next_dagrun for fct_count_day_earthquake to 2026-07-25 02:00:00+00:00, run_after=2026-07-26 02:00:00+00:00
[2026-07-25T17:00:30.453+0000] {processor.py:208} INFO - Processing /opt/airflow/dags/fct_count_day_eqrthquake.py took 0.059 seconds
[2026-07-25T17:01:00.745+0000] {processor.py:186} INFO - Started process (PID=38849) to work on /opt/airflow/dags/fct_count_day_eqrthquake.py
[2026-07-25T17:01:00.749+0000] {processor.py:914} INFO - Processing file /opt/airflow/dags/fct_count_day_eqrthquake.py for tasks to queue
[2026-07-25T17:01:00.750+0000] {logging_mixin.py:190} INFO - [2026-07-25T17:01:00.750+0000] {dagbag.py:588} INFO - Filling up the DagBag from /opt/airflow/dags/fct_count_day_eqrthquake.py
[2026-07-25T17:01:00.757+0000] {processor.py:925} INFO - DAG(s) 'fct_count_day_earthquake' retrieved from /opt/airflow/dags/fct_count_day_eqrthquake.py
[2026-07-25T17:01:00.775+0000] {logging_mixin.py:190} INFO - [2026-07-25T17:01:00.775+0000] {dag.py:3239} INFO - Sync 1 DAGs
[2026-07-25T17:01:00.789+0000] {logging_mixin.py:190} INFO - [2026-07-25T17:01:00.789+0000] {dag.py:4180} INFO - Setting next_dagrun for fct_count_day_earthquake to 2026-07-25 02:00:00+00:00, run_after=2026-07-26 02:00:00+00:00
[2026-07-25T17:01:00.800+0000] {processor.py:208} INFO - Processing /opt/airflow/dags/fct_count_day_eqrthquake.py took 0.060 seconds
[2026-07-25T17:01:31.150+0000] {processor.py:186} INFO - Started process (PID=38889) to work on /opt/airflow/dags/fct_count_day_eqrthquake.py
[2026-07-25T17:01:31.151+0000] {processor.py:914} INFO - Processing file /opt/airflow/dags/fct_count_day_eqrthquake.py for tasks to queue
[2026-07-25T17:01:31.153+0000] {logging_mixin.py:190} INFO - [2026-07-25T17:01:31.152+0000] {dagbag.py:588} INFO - Filling up the DagBag from /opt/airflow/dags/fct_count_day_eqrthquake.py
[2026-07-25T17:01:31.164+0000] {processor.py:925} INFO - DAG(s) 'fct_count_day_earthquake' retrieved from /opt/airflow/dags/fct_count_day_eqrthquake.py
[2026-07-25T17:01:31.186+0000] {logging_mixin.py:190} INFO - [2026-07-25T17:01:31.186+0000] {dag.py:3239} INFO - Sync 1 DAGs
[2026-07-25T17:01:31.207+0000] {logging_mixin.py:190} INFO - [2026-07-25T17:01:31.206+0000] {dag.py:4180} INFO - Setting next_dagrun for fct_count_day_earthquake to 2026-07-25 02:00:00+00:00, run_after=2026-07-26 02:00:00+00:00
[2026-07-25T17:01:31.220+0000] {processor.py:208} INFO - Processing /opt/airflow/dags/fct_count_day_eqrthquake.py took 0.084 seconds
[2026-07-25T17:02:01.470+0000] {processor.py:186} INFO - Started process (PID=38930) to work on /opt/airflow/dags/fct_count_day_eqrthquake.py
[2026-07-25T17:02:01.473+0000] {processor.py:914} INFO - Processing file /opt/airflow/dags/fct_count_day_eqrthquake.py for tasks to queue
[2026-07-25T17:02:01.473+0000] {logging_mixin.py:190} INFO - [2026-07-25T17:02:01.473+0000] {dagbag.py:588} INFO - Filling up the DagBag from /opt/airflow/dags/fct_count_day_eqrthquake.py
[2026-07-25T17:02:01.481+0000] {processor.py:925} INFO - DAG(s) 'fct_count_day_earthquake' retrieved from /opt/airflow/dags/fct_count_day_eqrthquake.py
[2026-07-25T17:02:01.495+0000] {logging_mixin.py:190} INFO - [2026-07-25T17:02:01.495+0000] {dag.py:3239} INFO - Sync 1 DAGs
[2026-07-25T17:02:01.511+0000] {logging_mixin.py:190} INFO - [2026-07-25T17:02:01.511+0000] {dag.py:4180} INFO - Setting next_dagrun for fct_count_day_earthquake to 2026-07-25 02:00:00+00:00, run_after=2026-07-26 02:00:00+00:00
[2026-07-25T17:02:01.524+0000] {processor.py:208} INFO - Processing /opt/airflow/dags/fct_count_day_eqrthquake.py took 0.058 seconds
[2026-07-25T17:02:31.707+0000] {processor.py:186} INFO - Started process (PID=38970) to work on /opt/airflow/dags/fct_count_day_eqrthquake.py
[2026-07-25T17:02:31.708+0000] {processor.py:914} INFO - Processing file /opt/airflow/dags/fct_count_day_eqrthquake.py for tasks to queue
[2026-07-25T17:02:31.708+0000] {logging_mixin.py:190} INFO - [2026-07-25T17:02:31.708+0000] {dagbag.py:588} INFO - Filling up the DagBag from /opt/airflow/dags/fct_count_day_eqrthquake.py
[2026-07-25T17:02:31.715+0000] {processor.py:925} INFO - DAG(s) 'fct_count_day_earthquake' retrieved from /opt/airflow/dags/fct_count_day_eqrthquake.py
[2026-07-25T17:02:31.729+0000] {logging_mixin.py:190} INFO - [2026-07-25T17:02:31.729+0000] {dag.py:3239} INFO - Sync 1 DAGs
[2026-07-25T17:02:31.745+0000] {logging_mixin.py:190} INFO - [2026-07-25T17:02:31.744+0000] {dag.py:4180} INFO - Setting next_dagrun for fct_count_day_earthquake to 2026-07-25 02:00:00+00:00, run_after=2026-07-26 02:00:00+00:00
[2026-07-25T17:02:31.757+0000] {processor.py:208} INFO - Processing /opt/airflow/dags/fct_count_day_eqrthquake.py took 0.053 seconds
[2026-07-25T17:03:01.905+0000] {processor.py:186} INFO - Started process (PID=39010) to work on /opt/airflow/dags/fct_count_day_eqrthquake.py
[2026-07-25T17:03:01.906+0000] {processor.py:914} INFO - Processing file /opt/airflow/dags/fct_count_day_eqrthquake.py for tasks to queue
[2026-07-25T17:03:01.907+0000] {logging_mixin.py:190} INFO - [2026-07-25T17:03:01.906+0000] {dagbag.py:588} INFO - Filling up the DagBag from /opt/airflow/dags/fct_count_day_eqrthquake.py
[2026-07-25T17:03:01.913+0000] {processor.py:925} INFO - DAG(s) 'fct_count_day_earthquake' retrieved from /opt/airflow/dags/fct_count_day_eqrthquake.py
[2026-07-25T17:03:01.928+0000] {logging_mixin.py:190} INFO - [2026-07-25T17:03:01.928+0000] {dag.py:3239} INFO - Sync 1 DAGs
[2026-07-25T17:03:01.943+0000] {logging_mixin.py:190} INFO - [2026-07-25T17:03:01.943+0000] {dag.py:4180} INFO - Setting next_dagrun for fct_count_day_earthquake to 2026-07-25 02:00:00+00:00, run_after=2026-07-26 02:00:00+00:00
[2026-07-25T17:03:01.955+0000] {processor.py:208} INFO - Processing /opt/airflow/dags/fct_count_day_eqrthquake.py took 0.053 seconds
[2026-07-25T17:03:32.153+0000] {processor.py:186} INFO - Started process (PID=39051) to work on /opt/airflow/dags/fct_count_day_eqrthquake.py
[2026-07-25T17:03:32.154+0000] {processor.py:914} INFO - Processing file /opt/airflow/dags/fct_count_day_eqrthquake.py for tasks to queue
[2026-07-25T17:03:32.154+0000] {logging_mixin.py:190} INFO - [2026-07-25T17:03:32.154+0000] {dagbag.py:588} INFO - Filling up the DagBag from /opt/airflow/dags/fct_count_day_eqrthquake.py
[2026-07-25T17:03:32.161+0000] {processor.py:925} INFO - DAG(s) 'fct_count_day_earthquake' retrieved from /opt/airflow/dags/fct_count_day_eqrthquake.py
[2026-07-25T17:03:32.175+0000] {logging_mixin.py:190} INFO - [2026-07-25T17:03:32.175+0000] {dag.py:3239} INFO - Sync 1 DAGs
[2026-07-25T17:03:32.188+0000] {logging_mixin.py:190} INFO - [2026-07-25T17:03:32.188+0000] {dag.py:4180} INFO - Setting next_dagrun for fct_count_day_earthquake to 2026-07-25 02:00:00+00:00, run_after=2026-07-26 02:00:00+00:00
[2026-07-25T17:03:32.198+0000] {processor.py:208} INFO - Processing /opt/airflow/dags/fct_count_day_eqrthquake.py took 0.048 seconds
[2026-07-25T17:04:02.431+0000] {processor.py:186} INFO - Started process (PID=39091) to work on /opt/airflow/dags/fct_count_day_eqrthquake.py
[2026-07-25T17:04:02.434+0000] {processor.py:914} INFO - Processing file /opt/airflow/dags/fct_count_day_eqrthquake.py for tasks to queue
[2026-07-25T17:04:02.435+0000] {logging_mixin.py:190} INFO - [2026-07-25T17:04:02.435+0000] {dagbag.py:588} INFO - Filling up the DagBag from /opt/airflow/dags/fct_count_day_eqrthquake.py
[2026-07-25T17:04:02.442+0000] {processor.py:925} INFO - DAG(s) 'fct_count_day_earthquake' retrieved from /opt/airflow/dags/fct_count_day_eqrthquake.py
[2026-07-25T17:04:02.457+0000] {logging_mixin.py:190} INFO - [2026-07-25T17:04:02.457+0000] {dag.py:3239} INFO - Sync 1 DAGs
[2026-07-25T17:04:02.471+0000] {logging_mixin.py:190} INFO - [2026-07-25T17:04:02.471+0000] {dag.py:4180} INFO - Setting next_dagrun for fct_count_day_earthquake to 2026-07-25 02:00:00+00:00, run_after=2026-07-26 02:00:00+00:00
[2026-07-25T17:04:02.483+0000] {processor.py:208} INFO - Processing /opt/airflow/dags/fct_count_day_eqrthquake.py took 0.057 seconds
[2026-07-25T17:04:32.836+0000] {processor.py:186} INFO - Started process (PID=39131) to work on /opt/airflow/dags/fct_count_day_eqrthquake.py
[2026-07-25T17:04:32.836+0000] {processor.py:914} INFO - Processing file /opt/airflow/dags/fct_count_day_eqrthquake.py for tasks to queue
[2026-07-25T17:04:32.837+0000] {logging_mixin.py:190} INFO - [2026-07-25T17:04:32.837+0000] {dagbag.py:588} INFO - Filling up the DagBag from /opt/airflow/dags/fct_count_day_eqrthquake.py
[2026-07-25T17:04:32.843+0000] {processor.py:925} INFO - DAG(s) 'fct_count_day_earthquake' retrieved from /opt/airflow/dags/fct_count_day_eqrthquake.py
[2026-07-25T17:04:32.858+0000] {logging_mixin.py:190} INFO - [2026-07-25T17:04:32.858+0000] {dag.py:3239} INFO - Sync 1 DAGs
[2026-07-25T17:04:32.873+0000] {logging_mixin.py:190} INFO - [2026-07-25T17:04:32.873+0000] {dag.py:4180} INFO - Setting next_dagrun for fct_count_day_earthquake to 2026-07-25 02:00:00+00:00, run_after=2026-07-26 02:00:00+00:00
[2026-07-25T17:04:32.885+0000] {processor.py:208} INFO - Processing /opt/airflow/dags/fct_count_day_eqrthquake.py took 0.054 seconds
[2026-07-25T17:05:03.130+0000] {processor.py:186} INFO - Started process (PID=39171) to work on /opt/airflow/dags/fct_count_day_eqrthquake.py
[2026-07-25T17:05:03.131+0000] {processor.py:914} INFO - Processing file /opt/airflow/dags/fct_count_day_eqrthquake.py for tasks to queue
[2026-07-25T17:05:03.132+0000] {logging_mixin.py:190} INFO - [2026-07-25T17:05:03.132+0000] {dagbag.py:588} INFO - Filling up the DagBag from /opt/airflow/dags/fct_count_day_eqrthquake.py
[2026-07-25T17:05:03.138+0000] {processor.py:925} INFO - DAG(s) 'fct_count_day_earthquake' retrieved from /opt/airflow/dags/fct_count_day_eqrthquake.py
[2026-07-25T17:05:03.153+0000] {logging_mixin.py:190} INFO - [2026-07-25T17:05:03.152+0000] {dag.py:3239} INFO - Sync 1 DAGs
[2026-07-25T17:05:03.166+0000] {logging_mixin.py:190} INFO - [2026-07-25T17:05:03.166+0000] {dag.py:4180} INFO - Setting next_dagrun for fct_count_day_earthquake to 2026-07-25 02:00:00+00:00, run_after=2026-07-26 02:00:00+00:00
[2026-07-25T17:05:03.177+0000] {processor.py:208} INFO - Processing /opt/airflow/dags/fct_count_day_eqrthquake.py took 0.050 seconds
[2026-07-25T17:05:33.394+0000] {processor.py:186} INFO - Started process (PID=39211) to work on /opt/airflow/dags/fct_count_day_eqrthquake.py
[2026-07-25T17:05:33.394+0000] {processor.py:914} INFO - Processing file /opt/airflow/dags/fct_count_day_eqrthquake.py for tasks to queue
[2026-07-25T17:05:33.395+0000] {logging_mixin.py:190} INFO - [2026-07-25T17:05:33.395+0000] {dagbag.py:588} INFO - Filling up the DagBag from /opt/airflow/dags/fct_count_day_eqrthquake.py
[2026-07-25T17:05:33.402+0000] {processor.py:925} INFO - DAG(s) 'fct_count_day_earthquake' retrieved from /opt/airflow/dags/fct_count_day_eqrthquake.py
[2026-07-25T17:05:33.416+0000] {logging_mixin.py:190} INFO - [2026-07-25T17:05:33.416+0000] {dag.py:3239} INFO - Sync 1 DAGs
[2026-07-25T17:05:33.432+0000] {logging_mixin.py:190} INFO - [2026-07-25T17:05:33.432+0000] {dag.py:4180} INFO - Setting next_dagrun for fct_count_day_earthquake to 2026-07-25 02:00:00+00:00, run_after=2026-07-26 02:00:00+00:00
[2026-07-25T17:05:33.444+0000] {processor.py:208} INFO - Processing /opt/airflow/dags/fct_count_day_eqrthquake.py took 0.054 seconds
[2026-07-25T17:06:03.647+0000] {processor.py:186} INFO - Started process (PID=39251) to work on /opt/airflow/dags/fct_count_day_eqrthquake.py
[2026-07-25T17:06:03.650+0000] {processor.py:914} INFO - Processing file /opt/airflow/dags/fct_count_day_eqrthquake.py for tasks to queue
[2026-07-25T17:06:03.650+0000] {logging_mixin.py:190} INFO - [2026-07-25T17:06:03.650+0000] {dagbag.py:588} INFO - Filling up the DagBag from /opt/airflow/dags/fct_count_day_eqrthquake.py
[2026-07-25T17:06:03.658+0000] {processor.py:925} INFO - DAG(s) 'fct_count_day_earthquake' retrieved from /opt/airflow/dags/fct_count_day_eqrthquake.py
[2026-07-25T17:06:03.676+0000] {logging_mixin.py:190} INFO - [2026-07-25T17:06:03.675+0000] {dag.py:3239} INFO - Sync 1 DAGs
[2026-07-25T17:06:03.692+0000] {logging_mixin.py:190} INFO - [2026-07-25T17:06:03.692+0000] {dag.py:4180} INFO - Setting next_dagrun for fct_count_day_earthquake to 2026-07-25 02:00:00+00:00, run_after=2026-07-26 02:00:00+00:00
[2026-07-25T17:06:03.705+0000] {processor.py:208} INFO - Processing /opt/airflow/dags/fct_count_day_eqrthquake.py took 0.062 seconds
[2026-07-25T17:06:33.893+0000] {processor.py:186} INFO - Started process (PID=39291) to work on /opt/airflow/dags/fct_count_day_eqrthquake.py
[2026-07-25T17:06:33.894+0000] {processor.py:914} INFO - Processing file /opt/airflow/dags/fct_count_day_eqrthquake.py for tasks to queue
[2026-07-25T17:06:33.895+0000] {logging_mixin.py:190} INFO - [2026-07-25T17:06:33.894+0000] {dagbag.py:588} INFO - Filling up the DagBag from /opt/airflow/dags/fct_count_day_eqrthquake.py
[2026-07-25T17:06:33.902+0000] {processor.py:925} INFO - DAG(s) 'fct_count_day_earthquake' retrieved from /opt/airflow/dags/fct_count_day_eqrthquake.py
[2026-07-25T17:06:33.920+0000] {logging_mixin.py:190} INFO - [2026-07-25T17:06:33.920+0000] {dag.py:3239} INFO - Sync 1 DAGs
[2026-07-25T17:06:33.939+0000] {logging_mixin.py:190} INFO - [2026-07-25T17:06:33.939+0000] {dag.py:4180} INFO - Setting next_dagrun for fct_count_day_earthquake to 2026-07-25 02:00:00+00:00, run_after=2026-07-26 02:00:00+00:00
[2026-07-25T17:06:33.951+0000] {processor.py:208} INFO - Processing /opt/airflow/dags/fct_count_day_eqrthquake.py took 0.063 seconds
[2026-07-25T17:07:04.218+0000] {processor.py:186} INFO - Started process (PID=39331) to work on /opt/airflow/dags/fct_count_day_eqrthquake.py
[2026-07-25T17:07:04.219+0000] {processor.py:914} INFO - Processing file /opt/airflow/dags/fct_count_day_eqrthquake.py for tasks to queue
[2026-07-25T17:07:04.219+0000] {logging_mixin.py:190} INFO - [2026-07-25T17:07:04.219+0000] {dagbag.py:588} INFO - Filling up the DagBag from /opt/airflow/dags/fct_count_day_eqrthquake.py
[2026-07-25T17:07:04.227+0000] {processor.py:925} INFO - DAG(s) 'fct_count_day_earthquake' retrieved from /opt/airflow/dags/fct_count_day_eqrthquake.py
[2026-07-25T17:07:04.244+0000] {logging_mixin.py:190} INFO - [2026-07-25T17:07:04.244+0000] {dag.py:3239} INFO - Sync 1 DAGs
[2026-07-25T17:07:04.263+0000] {logging_mixin.py:190} INFO - [2026-07-25T17:07:04.262+0000] {dag.py:4180} INFO - Setting next_dagrun for fct_count_day_earthquake to 2026-07-25 02:00:00+00:00, run_after=2026-07-26 02:00:00+00:00
[2026-07-25T17:07:04.276+0000] {processor.py:208} INFO - Processing /opt/airflow/dags/fct_count_day_eqrthquake.py took 0.067 seconds
[2026-07-25T17:07:34.459+0000] {processor.py:186} INFO - Started process (PID=39371) to work on /opt/airflow/dags/fct_count_day_eqrthquake.py
[2026-07-25T17:07:34.461+0000] {processor.py:914} INFO - Processing file /opt/airflow/dags/fct_count_day_eqrthquake.py for tasks to queue
[2026-07-25T17:07:34.462+0000] {logging_mixin.py:190} INFO - [2026-07-25T17:07:34.461+0000] {dagbag.py:588} INFO - Filling up the DagBag from /opt/airflow/dags/fct_count_day_eqrthquake.py
[2026-07-25T17:07:34.468+0000] {processor.py:925} INFO - DAG(s) 'fct_count_day_earthquake' retrieved from /opt/airflow/dags/fct_count_day_eqrthquake.py
[2026-07-25T17:07:34.483+0000] {logging_mixin.py:190} INFO - [2026-07-25T17:07:34.483+0000] {dag.py:3239} INFO - Sync 1 DAGs
[2026-07-25T17:07:34.501+0000] {logging_mixin.py:190} INFO - [2026-07-25T17:07:34.501+0000] {dag.py:4180} INFO - Setting next_dagrun for fct_count_day_earthquake to 2026-07-25 02:00:00+00:00, run_after=2026-07-26 02:00:00+00:00
[2026-07-25T17:07:34.514+0000] {processor.py:208} INFO - Processing /opt/airflow/dags/fct_count_day_eqrthquake.py took 0.059 seconds
[2026-07-25T17:08:04.759+0000] {processor.py:186} INFO - Started process (PID=39411) to work on /opt/airflow/dags/fct_count_day_eqrthquake.py
[2026-07-25T17:08:04.759+0000] {processor.py:914} INFO - Processing file /opt/airflow/dags/fct_count_day_eqrthquake.py for tasks to queue
[2026-07-25T17:08:04.760+0000] {logging_mixin.py:190} INFO - [2026-07-25T17:08:04.760+0000] {dagbag.py:588} INFO - Filling up the DagBag from /opt/airflow/dags/fct_count_day_eqrthquake.py
[2026-07-25T17:08:04.767+0000] {processor.py:925} INFO - DAG(s) 'fct_count_day_earthquake' retrieved from /opt/airflow/dags/fct_count_day_eqrthquake.py
[2026-07-25T17:08:04.780+0000] {logging_mixin.py:190} INFO - [2026-07-25T17:08:04.780+0000] {dag.py:3239} INFO - Sync 1 DAGs
[2026-07-25T17:08:04.797+0000] {logging_mixin.py:190} INFO - [2026-07-25T17:08:04.797+0000] {dag.py:4180} INFO - Setting next_dagrun for fct_count_day_earthquake to 2026-07-25 02:00:00+00:00, run_after=2026-07-26 02:00:00+00:00
[2026-07-25T17:08:04.810+0000] {processor.py:208} INFO - Processing /opt/airflow/dags/fct_count_day_eqrthquake.py took 0.055 seconds
[2026-07-25T17:08:34.998+0000] {processor.py:186} INFO - Started process (PID=39451) to work on /opt/airflow/dags/fct_count_day_eqrthquake.py
[2026-07-25T17:08:35.001+0000] {processor.py:914} INFO - Processing file /opt/airflow/dags/fct_count_day_eqrthquake.py for tasks to queue
[2026-07-25T17:08:35.002+0000] {logging_mixin.py:190} INFO - [2026-07-25T17:08:35.001+0000] {dagbag.py:588} INFO - Filling up the DagBag from /opt/airflow/dags/fct_count_day_eqrthquake.py
[2026-07-25T17:08:35.010+0000] {processor.py:925} INFO - DAG(s) 'fct_count_day_earthquake' retrieved from /opt/airflow/dags/fct_count_day_eqrthquake.py
[2026-07-25T17:08:35.025+0000] {logging_mixin.py:190} INFO - [2026-07-25T17:08:35.025+0000] {dag.py:3239} INFO - Sync 1 DAGs
[2026-07-25T17:08:35.042+0000] {logging_mixin.py:190} INFO - [2026-07-25T17:08:35.042+0000] {dag.py:4180} INFO - Setting next_dagrun for fct_count_day_earthquake to 2026-07-25 02:00:00+00:00, run_after=2026-07-26 02:00:00+00:00
[2026-07-25T17:08:35.057+0000] {processor.py:208} INFO - Processing /opt/airflow/dags/fct_count_day_eqrthquake.py took 0.064 seconds
[2026-07-25T17:09:05.295+0000] {processor.py:186} INFO - Started process (PID=39491) to work on /opt/airflow/dags/fct_count_day_eqrthquake.py
[2026-07-25T17:09:05.295+0000] {processor.py:914} INFO - Processing file /opt/airflow/dags/fct_count_day_eqrthquake.py for tasks to queue
[2026-07-25T17:09:05.296+0000] {logging_mixin.py:190} INFO - [2026-07-25T17:09:05.296+0000] {dagbag.py:588} INFO - Filling up the DagBag from /opt/airflow/dags/fct_count_day_eqrthquake.py
[2026-07-25T17:09:05.303+0000] {processor.py:925} INFO - DAG(s) 'fct_count_day_earthquake' retrieved from /opt/airflow/dags/fct_count_day_eqrthquake.py
[2026-07-25T17:09:05.319+0000] {logging_mixin.py:190} INFO - [2026-07-25T17:09:05.319+0000] {dag.py:3239} INFO - Sync 1 DAGs
[2026-07-25T17:09:05.336+0000] {logging_mixin.py:190} INFO - [2026-07-25T17:09:05.336+0000] {dag.py:4180} INFO - Setting next_dagrun for fct_count_day_earthquake to 2026-07-25 02:00:00+00:00, run_after=2026-07-26 02:00:00+00:00
[2026-07-25T17:09:05.351+0000] {processor.py:208} INFO - Processing /opt/airflow/dags/fct_count_day_eqrthquake.py took 0.059 seconds
[2026-07-25T17:09:35.573+0000] {processor.py:186} INFO - Started process (PID=39531) to work on /opt/airflow/dags/fct_count_day_eqrthquake.py
[2026-07-25T17:09:35.577+0000] {processor.py:914} INFO - Processing file /opt/airflow/dags/fct_count_day_eqrthquake.py for tasks to queue
[2026-07-25T17:09:35.578+0000] {logging_mixin.py:190} INFO - [2026-07-25T17:09:35.577+0000] {dagbag.py:588} INFO - Filling up the DagBag from /opt/airflow/dags/fct_count_day_eqrthquake.py
[2026-07-25T17:09:35.585+0000] {processor.py:925} INFO - DAG(s) 'fct_count_day_earthquake' retrieved from /opt/airflow/dags/fct_count_day_eqrthquake.py
[2026-07-25T17:09:35.601+0000] {logging_mixin.py:190} INFO - [2026-07-25T17:09:35.601+0000] {dag.py:3239} INFO - Sync 1 DAGs
[2026-07-25T17:09:35.622+0000] {logging_mixin.py:190} INFO - [2026-07-25T17:09:35.622+0000] {dag.py:4180} INFO - Setting next_dagrun for fct_count_day_earthquake to 2026-07-25 02:00:00+00:00, run_after=2026-07-26 02:00:00+00:00
[2026-07-25T17:09:35.635+0000] {processor.py:208} INFO - Processing /opt/airflow/dags/fct_count_day_eqrthquake.py took 0.069 seconds
[2026-07-25T17:10:05.880+0000] {processor.py:186} INFO - Started process (PID=39571) to work on /opt/airflow/dags/fct_count_day_eqrthquake.py
[2026-07-25T17:10:05.880+0000] {processor.py:914} INFO - Processing file /opt/airflow/dags/fct_count_day_eqrthquake.py for tasks to queue
[2026-07-25T17:10:05.881+0000] {logging_mixin.py:190} INFO - [2026-07-25T17:10:05.881+0000] {dagbag.py:588} INFO - Filling up the DagBag from /opt/airflow/dags/fct_count_day_eqrthquake.py
[2026-07-25T17:10:05.891+0000] {processor.py:925} INFO - DAG(s) 'fct_count_day_earthquake' retrieved from /opt/airflow/dags/fct_count_day_eqrthquake.py
[2026-07-25T17:10:05.906+0000] {logging_mixin.py:190} INFO - [2026-07-25T17:10:05.906+0000] {dag.py:3239} INFO - Sync 1 DAGs
[2026-07-25T17:10:05.920+0000] {logging_mixin.py:190} INFO - [2026-07-25T17:10:05.920+0000] {dag.py:4180} INFO - Setting next_dagrun for fct_count_day_earthquake to 2026-07-25 02:00:00+00:00, run_after=2026-07-26 02:00:00+00:00
[2026-07-25T17:10:05.932+0000] {processor.py:208} INFO - Processing /opt/airflow/dags/fct_count_day_eqrthquake.py took 0.056 seconds
[2026-07-25T17:10:36.256+0000] {processor.py:186} INFO - Started process (PID=39611) to work on /opt/airflow/dags/fct_count_day_eqrthquake.py
[2026-07-25T17:10:36.259+0000] {processor.py:914} INFO - Processing file /opt/airflow/dags/fct_count_day_eqrthquake.py for tasks to queue
[2026-07-25T17:10:36.260+0000] {logging_mixin.py:190} INFO - [2026-07-25T17:10:36.260+0000] {dagbag.py:588} INFO - Filling up the DagBag from /opt/airflow/dags/fct_count_day_eqrthquake.py
[2026-07-25T17:10:36.267+0000] {processor.py:925} INFO - DAG(s) 'fct_count_day_earthquake' retrieved from /opt/airflow/dags/fct_count_day_eqrthquake.py
[2026-07-25T17:10:36.283+0000] {logging_mixin.py:190} INFO - [2026-07-25T17:10:36.283+0000] {dag.py:3239} INFO - Sync 1 DAGs
[2026-07-25T17:10:36.300+0000] {logging_mixin.py:190} INFO - [2026-07-25T17:10:36.300+0000] {dag.py:4180} INFO - Setting next_dagrun for fct_count_day_earthquake to 2026-07-25 02:00:00+00:00, run_after=2026-07-26 02:00:00+00:00
[2026-07-25T17:10:36.313+0000] {processor.py:208} INFO - Processing /opt/airflow/dags/fct_count_day_eqrthquake.py took 0.061 seconds
[2026-07-25T17:11:06.547+0000] {processor.py:186} INFO - Started process (PID=39651) to work on /opt/airflow/dags/fct_count_day_eqrthquake.py
[2026-07-25T17:11:06.548+0000] {processor.py:914} INFO - Processing file /opt/airflow/dags/fct_count_day_eqrthquake.py for tasks to queue
[2026-07-25T17:11:06.549+0000] {logging_mixin.py:190} INFO - [2026-07-25T17:11:06.548+0000] {dagbag.py:588} INFO - Filling up the DagBag from /opt/airflow/dags/fct_count_day_eqrthquake.py
[2026-07-25T17:11:06.555+0000] {processor.py:925} INFO - DAG(s) 'fct_count_day_earthquake' retrieved from /opt/airflow/dags/fct_count_day_eqrthquake.py
[2026-07-25T17:11:06.571+0000] {logging_mixin.py:190} INFO - [2026-07-25T17:11:06.570+0000] {dag.py:3239} INFO - Sync 1 DAGs
[2026-07-25T17:11:06.587+0000] {logging_mixin.py:190} INFO - [2026-07-25T17:11:06.587+0000] {dag.py:4180} INFO - Setting next_dagrun for fct_count_day_earthquake to 2026-07-25 02:00:00+00:00, run_after=2026-07-26 02:00:00+00:00
[2026-07-25T17:11:06.600+0000] {processor.py:208} INFO - Processing /opt/airflow/dags/fct_count_day_eqrthquake.py took 0.056 seconds
[2026-07-25T17:11:36.963+0000] {processor.py:186} INFO - Started process (PID=39691) to work on /opt/airflow/dags/fct_count_day_eqrthquake.py
[2026-07-25T17:11:36.967+0000] {processor.py:914} INFO - Processing file /opt/airflow/dags/fct_count_day_eqrthquake.py for tasks to queue
[2026-07-25T17:11:36.968+0000] {logging_mixin.py:190} INFO - [2026-07-25T17:11:36.967+0000] {dagbag.py:588} INFO - Filling up the DagBag from /opt/airflow/dags/fct_count_day_eqrthquake.py
[2026-07-25T17:11:36.974+0000] {processor.py:925} INFO - DAG(s) 'fct_count_day_earthquake' retrieved from /opt/airflow/dags/fct_count_day_eqrthquake.py
[2026-07-25T17:11:36.987+0000] {logging_mixin.py:190} INFO - [2026-07-25T17:11:36.987+0000] {dag.py:3239} INFO - Sync 1 DAGs
[2026-07-25T17:11:37.000+0000] {logging_mixin.py:190} INFO - [2026-07-25T17:11:37.000+0000] {dag.py:4180} INFO - Setting next_dagrun for fct_count_day_earthquake to 2026-07-25 02:00:00+00:00, run_after=2026-07-26 02:00:00+00:00
[2026-07-25T17:11:37.012+0000] {processor.py:208} INFO - Processing /opt/airflow/dags/fct_count_day_eqrthquake.py took 0.055 seconds
[2026-07-25T17:12:07.430+0000] {processor.py:186} INFO - Started process (PID=39731) to work on /opt/airflow/dags/fct_count_day_eqrthquake.py
[2026-07-25T17:12:07.431+0000] {processor.py:914} INFO - Processing file /opt/airflow/dags/fct_count_day_eqrthquake.py for tasks to queue
[2026-07-25T17:12:07.432+0000] {logging_mixin.py:190} INFO - [2026-07-25T17:12:07.431+0000] {dagbag.py:588} INFO - Filling up the DagBag from /opt/airflow/dags/fct_count_day_eqrthquake.py
[2026-07-25T17:12:07.438+0000] {processor.py:925} INFO - DAG(s) 'fct_count_day_earthquake' retrieved from /opt/airflow/dags/fct_count_day_eqrthquake.py
[2026-07-25T17:12:07.465+0000] {logging_mixin.py:190} INFO - [2026-07-25T17:12:07.465+0000] {dag.py:3239} INFO - Sync 1 DAGs
[2026-07-25T17:12:07.478+0000] {logging_mixin.py:190} INFO - [2026-07-25T17:12:07.478+0000] {dag.py:4180} INFO - Setting next_dagrun for fct_count_day_earthquake to 2026-07-25 02:00:00+00:00, run_after=2026-07-26 02:00:00+00:00
[2026-07-25T17:12:07.490+0000] {processor.py:208} INFO - Processing /opt/airflow/dags/fct_count_day_eqrthquake.py took 0.065 seconds
[2026-07-25T17:12:37.869+0000] {processor.py:186} INFO - Started process (PID=39771) to work on /opt/airflow/dags/fct_count_day_eqrthquake.py
[2026-07-25T17:12:37.872+0000] {processor.py:914} INFO - Processing file /opt/airflow/dags/fct_count_day_eqrthquake.py for tasks to queue
[2026-07-25T17:12:37.873+0000] {logging_mixin.py:190} INFO - [2026-07-25T17:12:37.873+0000] {dagbag.py:588} INFO - Filling up the DagBag from /opt/airflow/dags/fct_count_day_eqrthquake.py
[2026-07-25T17:12:37.882+0000] {processor.py:925} INFO - DAG(s) 'fct_count_day_earthquake' retrieved from /opt/airflow/dags/fct_count_day_eqrthquake.py
[2026-07-25T17:12:37.900+0000] {logging_mixin.py:190} INFO - [2026-07-25T17:12:37.899+0000] {dag.py:3239} INFO - Sync 1 DAGs
[2026-07-25T17:12:37.914+0000] {logging_mixin.py:190} INFO - [2026-07-25T17:12:37.914+0000] {dag.py:4180} INFO - Setting next_dagrun for fct_count_day_earthquake to 2026-07-25 02:00:00+00:00, run_after=2026-07-26 02:00:00+00:00
[2026-07-25T17:12:37.924+0000] {processor.py:208} INFO - Processing /opt/airflow/dags/fct_count_day_eqrthquake.py took 0.063 seconds
[2026-07-25T17:13:08.368+0000] {processor.py:186} INFO - Started process (PID=39811) to work on /opt/airflow/dags/fct_count_day_eqrthquake.py
[2026-07-25T17:13:08.371+0000] {processor.py:914} INFO - Processing file /opt/airflow/dags/fct_count_day_eqrthquake.py for tasks to queue
[2026-07-25T17:13:08.372+0000] {logging_mixin.py:190} INFO - [2026-07-25T17:13:08.371+0000] {dagbag.py:588} INFO - Filling up the DagBag from /opt/airflow/dags/fct_count_day_eqrthquake.py
[2026-07-25T17:13:08.377+0000] {processor.py:925} INFO - DAG(s) 'fct_count_day_earthquake' retrieved from /opt/airflow/dags/fct_count_day_eqrthquake.py
[2026-07-25T17:13:08.391+0000] {logging_mixin.py:190} INFO - [2026-07-25T17:13:08.391+0000] {dag.py:3239} INFO - Sync 1 DAGs
[2026-07-25T17:13:08.404+0000] {logging_mixin.py:190} INFO - [2026-07-25T17:13:08.404+0000] {dag.py:4180} INFO - Setting next_dagrun for fct_count_day_earthquake to 2026-07-25 02:00:00+00:00, run_after=2026-07-26 02:00:00+00:00
[2026-07-25T17:13:08.415+0000] {processor.py:208} INFO - Processing /opt/airflow/dags/fct_count_day_eqrthquake.py took 0.050 seconds
[2026-07-25T17:13:38.732+0000] {processor.py:186} INFO - Started process (PID=39851) to work on /opt/airflow/dags/fct_count_day_eqrthquake.py
[2026-07-25T17:13:38.733+0000] {processor.py:914} INFO - Processing file /opt/airflow/dags/fct_count_day_eqrthquake.py for tasks to queue
[2026-07-25T17:13:38.733+0000] {logging_mixin.py:190} INFO - [2026-07-25T17:13:38.733+0000] {dagbag.py:588} INFO - Filling up the DagBag from /opt/airflow/dags/fct_count_day_eqrthquake.py
[2026-07-25T17:13:38.739+0000] {processor.py:925} INFO - DAG(s) 'fct_count_day_earthquake' retrieved from /opt/airflow/dags/fct_count_day_eqrthquake.py
[2026-07-25T17:13:38.753+0000] {logging_mixin.py:190} INFO - [2026-07-25T17:13:38.753+0000] {dag.py:3239} INFO - Sync 1 DAGs
[2026-07-25T17:13:38.766+0000] {logging_mixin.py:190} INFO - [2026-07-25T17:13:38.766+0000] {dag.py:4180} INFO - Setting next_dagrun for fct_count_day_earthquake to 2026-07-25 02:00:00+00:00, run_after=2026-07-26 02:00:00+00:00
[2026-07-25T17:13:38.777+0000] {processor.py:208} INFO - Processing /opt/airflow/dags/fct_count_day_eqrthquake.py took 0.048 seconds
[2026-07-25T17:14:09.206+0000] {processor.py:186} INFO - Started process (PID=39891) to work on /opt/airflow/dags/fct_count_day_eqrthquake.py
[2026-07-25T17:14:09.206+0000] {processor.py:914} INFO - Processing file /opt/airflow/dags/fct_count_day_eqrthquake.py for tasks to queue
[2026-07-25T17:14:09.207+0000] {logging_mixin.py:190} INFO - [2026-07-25T17:14:09.207+0000] {dagbag.py:588} INFO - Filling up the DagBag from /opt/airflow/dags/fct_count_day_eqrthquake.py
[2026-07-25T17:14:09.213+0000] {processor.py:925} INFO - DAG(s) 'fct_count_day_earthquake' retrieved from /opt/airflow/dags/fct_count_day_eqrthquake.py
[2026-07-25T17:14:09.226+0000] {logging_mixin.py:190} INFO - [2026-07-25T17:14:09.226+0000] {dag.py:3239} INFO - Sync 1 DAGs
[2026-07-25T17:14:09.239+0000] {logging_mixin.py:190} INFO - [2026-07-25T17:14:09.239+0000] {dag.py:4180} INFO - Setting next_dagrun for fct_count_day_earthquake to 2026-07-25 02:00:00+00:00, run_after=2026-07-26 02:00:00+00:00
[2026-07-25T17:14:09.249+0000] {processor.py:208} INFO - Processing /opt/airflow/dags/fct_count_day_eqrthquake.py took 0.046 seconds
[2026-07-25T17:14:39.656+0000] {processor.py:186} INFO - Started process (PID=39931) to work on /opt/airflow/dags/fct_count_day_eqrthquake.py
[2026-07-25T17:14:39.659+0000] {processor.py:914} INFO - Processing file /opt/airflow/dags/fct_count_day_eqrthquake.py for tasks to queue
[2026-07-25T17:14:39.660+0000] {logging_mixin.py:190} INFO - [2026-07-25T17:14:39.660+0000] {dagbag.py:588} INFO - Filling up the DagBag from /opt/airflow/dags/fct_count_day_eqrthquake.py
[2026-07-25T17:14:39.667+0000] {processor.py:925} INFO - DAG(s) 'fct_count_day_earthquake' retrieved from /opt/airflow/dags/fct_count_day_eqrthquake.py
[2026-07-25T17:14:39.680+0000] {logging_mixin.py:190} INFO - [2026-07-25T17:14:39.680+0000] {dag.py:3239} INFO - Sync 1 DAGs
[2026-07-25T17:14:39.693+0000] {logging_mixin.py:190} INFO - [2026-07-25T17:14:39.693+0000] {dag.py:4180} INFO - Setting next_dagrun for fct_count_day_earthquake to 2026-07-25 02:00:00+00:00, run_after=2026-07-26 02:00:00+00:00
[2026-07-25T17:14:39.703+0000] {processor.py:208} INFO - Processing /opt/airflow/dags/fct_count_day_eqrthquake.py took 0.052 seconds
[2026-07-25T17:15:10.135+0000] {processor.py:186} INFO - Started process (PID=39971) to work on /opt/airflow/dags/fct_count_day_eqrthquake.py
[2026-07-25T17:15:10.136+0000] {processor.py:914} INFO - Processing file /opt/airflow/dags/fct_count_day_eqrthquake.py for tasks to queue
[2026-07-25T17:15:10.136+0000] {logging_mixin.py:190} INFO - [2026-07-25T17:15:10.136+0000] {dagbag.py:588} INFO - Filling up the DagBag from /opt/airflow/dags/fct_count_day_eqrthquake.py
[2026-07-25T17:15:10.142+0000] {processor.py:925} INFO - DAG(s) 'fct_count_day_earthquake' retrieved from /opt/airflow/dags/fct_count_day_eqrthquake.py
[2026-07-25T17:15:10.155+0000] {logging_mixin.py:190} INFO - [2026-07-25T17:15:10.155+0000] {dag.py:3239} INFO - Sync 1 DAGs
[2026-07-25T17:15:10.168+0000] {logging_mixin.py:190} INFO - [2026-07-25T17:15:10.168+0000] {dag.py:4180} INFO - Setting next_dagrun for fct_count_day_earthquake to 2026-07-25 02:00:00+00:00, run_after=2026-07-26 02:00:00+00:00
[2026-07-25T17:15:10.179+0000] {processor.py:208} INFO - Processing /opt/airflow/dags/fct_count_day_eqrthquake.py took 0.047 seconds
[2026-07-25T17:15:40.605+0000] {processor.py:186} INFO - Started process (PID=40011) to work on /opt/airflow/dags/fct_count_day_eqrthquake.py
[2026-07-25T17:15:40.608+0000] {processor.py:914} INFO - Processing file /opt/airflow/dags/fct_count_day_eqrthquake.py for tasks to queue
[2026-07-25T17:15:40.610+0000] {logging_mixin.py:190} INFO - [2026-07-25T17:15:40.609+0000] {dagbag.py:588} INFO - Filling up the DagBag from /opt/airflow/dags/fct_count_day_eqrthquake.py
[2026-07-25T17:15:40.617+0000] {processor.py:925} INFO - DAG(s) 'fct_count_day_earthquake' retrieved from /opt/airflow/dags/fct_count_day_eqrthquake.py
[2026-07-25T17:15:40.630+0000] {logging_mixin.py:190} INFO - [2026-07-25T17:15:40.630+0000] {dag.py:3239} INFO - Sync 1 DAGs
[2026-07-25T17:15:40.643+0000] {logging_mixin.py:190} INFO - [2026-07-25T17:15:40.643+0000] {dag.py:4180} INFO - Setting next_dagrun for fct_count_day_earthquake to 2026-07-25 02:00:00+00:00, run_after=2026-07-26 02:00:00+00:00
[2026-07-25T17:15:40.654+0000] {processor.py:208} INFO - Processing /opt/airflow/dags/fct_count_day_eqrthquake.py took 0.055 seconds
[2026-07-25T17:16:11.033+0000] {processor.py:186} INFO - Started process (PID=40051) to work on /opt/airflow/dags/fct_count_day_eqrthquake.py
[2026-07-25T17:16:11.033+0000] {processor.py:914} INFO - Processing file /opt/airflow/dags/fct_count_day_eqrthquake.py for tasks to queue
[2026-07-25T17:16:11.034+0000] {logging_mixin.py:190} INFO - [2026-07-25T17:16:11.034+0000] {dagbag.py:588} INFO - Filling up the DagBag from /opt/airflow/dags/fct_count_day_eqrthquake.py
[2026-07-25T17:16:11.041+0000] {processor.py:925} INFO - DAG(s) 'fct_count_day_earthquake' retrieved from /opt/airflow/dags/fct_count_day_eqrthquake.py
[2026-07-25T17:16:11.060+0000] {logging_mixin.py:190} INFO - [2026-07-25T17:16:11.060+0000] {dag.py:3239} INFO - Sync 1 DAGs
[2026-07-25T17:16:11.082+0000] {logging_mixin.py:190} INFO - [2026-07-25T17:16:11.082+0000] {dag.py:4180} INFO - Setting next_dagrun for fct_count_day_earthquake to 2026-07-25 02:00:00+00:00, run_after=2026-07-26 02:00:00+00:00
[2026-07-25T17:16:11.097+0000] {processor.py:208} INFO - Processing /opt/airflow/dags/fct_count_day_eqrthquake.py took 0.068 seconds
[2026-07-25T17:16:41.507+0000] {processor.py:186} INFO - Started process (PID=40091) to work on /opt/airflow/dags/fct_count_day_eqrthquake.py
[2026-07-25T17:16:41.510+0000] {processor.py:914} INFO - Processing file /opt/airflow/dags/fct_count_day_eqrthquake.py for tasks to queue
[2026-07-25T17:16:41.511+0000] {logging_mixin.py:190} INFO - [2026-07-25T17:16:41.511+0000] {dagbag.py:588} INFO - Filling up the DagBag from /opt/airflow/dags/fct_count_day_eqrthquake.py
[2026-07-25T17:16:41.519+0000] {processor.py:925} INFO - DAG(s) 'fct_count_day_earthquake' retrieved from /opt/airflow/dags/fct_count_day_eqrthquake.py
[2026-07-25T17:16:41.535+0000] {logging_mixin.py:190} INFO - [2026-07-25T17:16:41.535+0000] {dag.py:3239} INFO - Sync 1 DAGs
[2026-07-25T17:16:41.551+0000] {logging_mixin.py:190} INFO - [2026-07-25T17:16:41.551+0000] {dag.py:4180} INFO - Setting next_dagrun for fct_count_day_earthquake to 2026-07-25 02:00:00+00:00, run_after=2026-07-26 02:00:00+00:00
[2026-07-25T17:16:41.561+0000] {processor.py:208} INFO - Processing /opt/airflow/dags/fct_count_day_eqrthquake.py took 0.058 seconds
[2026-07-25T17:17:11.968+0000] {processor.py:186} INFO - Started process (PID=40132) to work on /opt/airflow/dags/fct_count_day_eqrthquake.py
[2026-07-25T17:17:11.969+0000] {processor.py:914} INFO - Processing file /opt/airflow/dags/fct_count_day_eqrthquake.py for tasks to queue
[2026-07-25T17:17:11.969+0000] {logging_mixin.py:190} INFO - [2026-07-25T17:17:11.969+0000] {dagbag.py:588} INFO - Filling up the DagBag from /opt/airflow/dags/fct_count_day_eqrthquake.py
[2026-07-25T17:17:11.977+0000] {processor.py:925} INFO - DAG(s) 'fct_count_day_earthquake' retrieved from /opt/airflow/dags/fct_count_day_eqrthquake.py
[2026-07-25T17:17:11.991+0000] {logging_mixin.py:190} INFO - [2026-07-25T17:17:11.991+0000] {dag.py:3239} INFO - Sync 1 DAGs
[2026-07-25T17:17:12.007+0000] {logging_mixin.py:190} INFO - [2026-07-25T17:17:12.007+0000] {dag.py:4180} INFO - Setting next_dagrun for fct_count_day_earthquake to 2026-07-25 02:00:00+00:00, run_after=2026-07-26 02:00:00+00:00
[2026-07-25T17:17:12.017+0000] {processor.py:208} INFO - Processing /opt/airflow/dags/fct_count_day_eqrthquake.py took 0.053 seconds
[2026-07-25T17:17:42.396+0000] {processor.py:186} INFO - Started process (PID=40172) to work on /opt/airflow/dags/fct_count_day_eqrthquake.py
[2026-07-25T17:17:42.399+0000] {processor.py:914} INFO - Processing file /opt/airflow/dags/fct_count_day_eqrthquake.py for tasks to queue
[2026-07-25T17:17:42.401+0000] {logging_mixin.py:190} INFO - [2026-07-25T17:17:42.400+0000] {dagbag.py:588} INFO - Filling up the DagBag from /opt/airflow/dags/fct_count_day_eqrthquake.py
[2026-07-25T17:17:42.409+0000] {processor.py:925} INFO - DAG(s) 'fct_count_day_earthquake' retrieved from /opt/airflow/dags/fct_count_day_eqrthquake.py
[2026-07-25T17:17:42.422+0000] {logging_mixin.py:190} INFO - [2026-07-25T17:17:42.422+0000] {dag.py:3239} INFO - Sync 1 DAGs
[2026-07-25T17:17:42.436+0000] {logging_mixin.py:190} INFO - [2026-07-25T17:17:42.435+0000] {dag.py:4180} INFO - Setting next_dagrun for fct_count_day_earthquake to 2026-07-25 02:00:00+00:00, run_after=2026-07-26 02:00:00+00:00
[2026-07-25T17:17:42.447+0000] {processor.py:208} INFO - Processing /opt/airflow/dags/fct_count_day_eqrthquake.py took 0.057 seconds
[2026-07-25T17:18:12.882+0000] {processor.py:186} INFO - Started process (PID=40212) to work on /opt/airflow/dags/fct_count_day_eqrthquake.py
[2026-07-25T17:18:12.882+0000] {processor.py:914} INFO - Processing file /opt/airflow/dags/fct_count_day_eqrthquake.py for tasks to queue
[2026-07-25T17:18:12.883+0000] {logging_mixin.py:190} INFO - [2026-07-25T17:18:12.882+0000] {dagbag.py:588} INFO - Filling up the DagBag from /opt/airflow/dags/fct_count_day_eqrthquake.py
[2026-07-25T17:18:12.888+0000] {processor.py:925} INFO - DAG(s) 'fct_count_day_earthquake' retrieved from /opt/airflow/dags/fct_count_day_eqrthquake.py
[2026-07-25T17:18:12.901+0000] {logging_mixin.py:190} INFO - [2026-07-25T17:18:12.901+0000] {dag.py:3239} INFO - Sync 1 DAGs
[2026-07-25T17:18:12.915+0000] {logging_mixin.py:190} INFO - [2026-07-25T17:18:12.914+0000] {dag.py:4180} INFO - Setting next_dagrun for fct_count_day_earthquake to 2026-07-25 02:00:00+00:00, run_after=2026-07-26 02:00:00+00:00
[2026-07-25T17:18:12.925+0000] {processor.py:208} INFO - Processing /opt/airflow/dags/fct_count_day_eqrthquake.py took 0.047 seconds
[2026-07-25T17:18:43.313+0000] {processor.py:186} INFO - Started process (PID=40252) to work on /opt/airflow/dags/fct_count_day_eqrthquake.py
[2026-07-25T17:18:43.316+0000] {processor.py:914} INFO - Processing file /opt/airflow/dags/fct_count_day_eqrthquake.py for tasks to queue
[2026-07-25T17:18:43.317+0000] {logging_mixin.py:190} INFO - [2026-07-25T17:18:43.316+0000] {dagbag.py:588} INFO - Filling up the DagBag from /opt/airflow/dags/fct_count_day_eqrthquake.py
[2026-07-25T17:18:43.323+0000] {processor.py:925} INFO - DAG(s) 'fct_count_day_earthquake' retrieved from /opt/airflow/dags/fct_count_day_eqrthquake.py
[2026-07-25T17:18:43.335+0000] {logging_mixin.py:190} INFO - [2026-07-25T17:18:43.335+0000] {dag.py:3239} INFO - Sync 1 DAGs
[2026-07-25T17:18:43.349+0000] {logging_mixin.py:190} INFO - [2026-07-25T17:18:43.348+0000] {dag.py:4180} INFO - Setting next_dagrun for fct_count_day_earthquake to 2026-07-25 02:00:00+00:00, run_after=2026-07-26 02:00:00+00:00
[2026-07-25T17:18:43.360+0000] {processor.py:208} INFO - Processing /opt/airflow/dags/fct_count_day_eqrthquake.py took 0.050 seconds
[2026-07-25T17:19:13.607+0000] {processor.py:186} INFO - Started process (PID=40292) to work on /opt/airflow/dags/fct_count_day_eqrthquake.py
[2026-07-25T17:19:13.607+0000] {processor.py:914} INFO - Processing file /opt/airflow/dags/fct_count_day_eqrthquake.py for tasks to queue
[2026-07-25T17:19:13.608+0000] {logging_mixin.py:190} INFO - [2026-07-25T17:19:13.608+0000] {dagbag.py:588} INFO - Filling up the DagBag from /opt/airflow/dags/fct_count_day_eqrthquake.py
[2026-07-25T17:19:13.615+0000] {processor.py:925} INFO - DAG(s) 'fct_count_day_earthquake' retrieved from /opt/airflow/dags/fct_count_day_eqrthquake.py
[2026-07-25T17:19:13.633+0000] {logging_mixin.py:190} INFO - [2026-07-25T17:19:13.633+0000] {dag.py:3239} INFO - Sync 1 DAGs
[2026-07-25T17:19:13.646+0000] {logging_mixin.py:190} INFO - [2026-07-25T17:19:13.646+0000] {dag.py:4180} INFO - Setting next_dagrun for fct_count_day_earthquake to 2026-07-25 02:00:00+00:00, run_after=2026-07-26 02:00:00+00:00
[2026-07-25T17:19:13.657+0000] {processor.py:208} INFO - Processing /opt/airflow/dags/fct_count_day_eqrthquake.py took 0.056 seconds
[2026-07-25T17:19:43.998+0000] {processor.py:186} INFO - Started process (PID=40332) to work on /opt/airflow/dags/fct_count_day_eqrthquake.py
[2026-07-25T17:19:44.001+0000] {processor.py:914} INFO - Processing file /opt/airflow/dags/fct_count_day_eqrthquake.py for tasks to queue
[2026-07-25T17:19:44.002+0000] {logging_mixin.py:190} INFO - [2026-07-25T17:19:44.002+0000] {dagbag.py:588} INFO - Filling up the DagBag from /opt/airflow/dags/fct_count_day_eqrthquake.py
[2026-07-25T17:19:44.009+0000] {processor.py:925} INFO - DAG(s) 'fct_count_day_earthquake' retrieved from /opt/airflow/dags/fct_count_day_eqrthquake.py
[2026-07-25T17:19:44.022+0000] {logging_mixin.py:190} INFO - [2026-07-25T17:19:44.021+0000] {dag.py:3239} INFO - Sync 1 DAGs
[2026-07-25T17:19:44.035+0000] {logging_mixin.py:190} INFO - [2026-07-25T17:19:44.035+0000] {dag.py:4180} INFO - Setting next_dagrun for fct_count_day_earthquake to 2026-07-25 02:00:00+00:00, run_after=2026-07-26 02:00:00+00:00
[2026-07-25T17:19:44.047+0000] {processor.py:208} INFO - Processing /opt/airflow/dags/fct_count_day_eqrthquake.py took 0.055 seconds
[2026-07-25T17:20:14.371+0000] {processor.py:186} INFO - Started process (PID=40372) to work on /opt/airflow/dags/fct_count_day_eqrthquake.py
[2026-07-25T17:20:14.371+0000] {processor.py:914} INFO - Processing file /opt/airflow/dags/fct_count_day_eqrthquake.py for tasks to queue
[2026-07-25T17:20:14.372+0000] {logging_mixin.py:190} INFO - [2026-07-25T17:20:14.371+0000] {dagbag.py:588} INFO - Filling up the DagBag from /opt/airflow/dags/fct_count_day_eqrthquake.py
[2026-07-25T17:20:14.377+0000] {processor.py:925} INFO - DAG(s) 'fct_count_day_earthquake' retrieved from /opt/airflow/dags/fct_count_day_eqrthquake.py
[2026-07-25T17:20:14.391+0000] {logging_mixin.py:190} INFO - [2026-07-25T17:20:14.391+0000] {dag.py:3239} INFO - Sync 1 DAGs
[2026-07-25T17:20:14.404+0000] {logging_mixin.py:190} INFO - [2026-07-25T17:20:14.404+0000] {dag.py:4180} INFO - Setting next_dagrun for fct_count_day_earthquake to 2026-07-25 02:00:00+00:00, run_after=2026-07-26 02:00:00+00:00
[2026-07-25T17:20:14.416+0000] {processor.py:208} INFO - Processing /opt/airflow/dags/fct_count_day_eqrthquake.py took 0.049 seconds
[2026-07-25T17:20:44.823+0000] {processor.py:186} INFO - Started process (PID=40412) to work on /opt/airflow/dags/fct_count_day_eqrthquake.py
[2026-07-25T17:20:44.826+0000] {processor.py:914} INFO - Processing file /opt/airflow/dags/fct_count_day_eqrthquake.py for tasks to queue
[2026-07-25T17:20:44.827+0000] {logging_mixin.py:190} INFO - [2026-07-25T17:20:44.827+0000] {dagbag.py:588} INFO - Filling up the DagBag from /opt/airflow/dags/fct_count_day_eqrthquake.py
[2026-07-25T17:20:44.834+0000] {processor.py:925} INFO - DAG(s) 'fct_count_day_earthquake' retrieved from /opt/airflow/dags/fct_count_day_eqrthquake.py
[2026-07-25T17:20:44.847+0000] {logging_mixin.py:190} INFO - [2026-07-25T17:20:44.846+0000] {dag.py:3239} INFO - Sync 1 DAGs
[2026-07-25T17:20:44.860+0000] {logging_mixin.py:190} INFO - [2026-07-25T17:20:44.860+0000] {dag.py:4180} INFO - Setting next_dagrun for fct_count_day_earthquake to 2026-07-25 02:00:00+00:00, run_after=2026-07-26 02:00:00+00:00
[2026-07-25T17:20:44.872+0000] {processor.py:208} INFO - Processing /opt/airflow/dags/fct_count_day_eqrthquake.py took 0.052 seconds
[2026-07-25T17:21:15.219+0000] {processor.py:186} INFO - Started process (PID=40452) to work on /opt/airflow/dags/fct_count_day_eqrthquake.py
[2026-07-25T17:21:15.220+0000] {processor.py:914} INFO - Processing file /opt/airflow/dags/fct_count_day_eqrthquake.py for tasks to queue
[2026-07-25T17:21:15.220+0000] {logging_mixin.py:190} INFO - [2026-07-25T17:21:15.220+0000] {dagbag.py:588} INFO - Filling up the DagBag from /opt/airflow/dags/fct_count_day_eqrthquake.py
[2026-07-25T17:21:15.228+0000] {processor.py:925} INFO - DAG(s) 'fct_count_day_earthquake' retrieved from /opt/airflow/dags/fct_count_day_eqrthquake.py
[2026-07-25T17:21:15.244+0000] {logging_mixin.py:190} INFO - [2026-07-25T17:21:15.244+0000] {dag.py:3239} INFO - Sync 1 DAGs
[2026-07-25T17:21:15.258+0000] {logging_mixin.py:190} INFO - [2026-07-25T17:21:15.258+0000] {dag.py:4180} INFO - Setting next_dagrun for fct_count_day_earthquake to 2026-07-25 02:00:00+00:00, run_after=2026-07-26 02:00:00+00:00
[2026-07-25T17:21:15.271+0000] {processor.py:208} INFO - Processing /opt/airflow/dags/fct_count_day_eqrthquake.py took 0.057 seconds
[2026-07-25T17:21:45.565+0000] {processor.py:186} INFO - Started process (PID=40492) to work on /opt/airflow/dags/fct_count_day_eqrthquake.py
[2026-07-25T17:21:45.567+0000] {processor.py:914} INFO - Processing file /opt/airflow/dags/fct_count_day_eqrthquake.py for tasks to queue
[2026-07-25T17:21:45.567+0000] {logging_mixin.py:190} INFO - [2026-07-25T17:21:45.567+0000] {dagbag.py:588} INFO - Filling up the DagBag from /opt/airflow/dags/fct_count_day_eqrthquake.py
[2026-07-25T17:21:45.574+0000] {processor.py:925} INFO - DAG(s) 'fct_count_day_earthquake' retrieved from /opt/airflow/dags/fct_count_day_eqrthquake.py
[2026-07-25T17:21:45.588+0000] {logging_mixin.py:190} INFO - [2026-07-25T17:21:45.588+0000] {dag.py:3239} INFO - Sync 1 DAGs
[2026-07-25T17:21:45.602+0000] {logging_mixin.py:190} INFO - [2026-07-25T17:21:45.602+0000] {dag.py:4180} INFO - Setting next_dagrun for fct_count_day_earthquake to 2026-07-25 02:00:00+00:00, run_after=2026-07-26 02:00:00+00:00
[2026-07-25T17:21:45.613+0000] {processor.py:208} INFO - Processing /opt/airflow/dags/fct_count_day_eqrthquake.py took 0.052 seconds
[2026-07-25T17:22:15.898+0000] {processor.py:186} INFO - Started process (PID=40532) to work on /opt/airflow/dags/fct_count_day_eqrthquake.py
[2026-07-25T17:22:15.898+0000] {processor.py:914} INFO - Processing file /opt/airflow/dags/fct_count_day_eqrthquake.py for tasks to queue
[2026-07-25T17:22:15.899+0000] {logging_mixin.py:190} INFO - [2026-07-25T17:22:15.899+0000] {dagbag.py:588} INFO - Filling up the DagBag from /opt/airflow/dags/fct_count_day_eqrthquake.py
[2026-07-25T17:22:15.906+0000] {processor.py:925} INFO - DAG(s) 'fct_count_day_earthquake' retrieved from /opt/airflow/dags/fct_count_day_eqrthquake.py
[2026-07-25T17:22:15.920+0000] {logging_mixin.py:190} INFO - [2026-07-25T17:22:15.920+0000] {dag.py:3239} INFO - Sync 1 DAGs
[2026-07-25T17:22:15.933+0000] {logging_mixin.py:190} INFO - [2026-07-25T17:22:15.933+0000] {dag.py:4180} INFO - Setting next_dagrun for fct_count_day_earthquake to 2026-07-25 02:00:00+00:00, run_after=2026-07-26 02:00:00+00:00
[2026-07-25T17:22:15.944+0000] {processor.py:208} INFO - Processing /opt/airflow/dags/fct_count_day_eqrthquake.py took 0.051 seconds
[2026-07-25T17:22:46.508+0000] {processor.py:186} INFO - Started process (PID=40572) to work on /opt/airflow/dags/fct_count_day_eqrthquake.py
[2026-07-25T17:22:46.511+0000] {processor.py:914} INFO - Processing file /opt/airflow/dags/fct_count_day_eqrthquake.py for tasks to queue
[2026-07-25T17:22:46.511+0000] {logging_mixin.py:190} INFO - [2026-07-25T17:22:46.511+0000] {dagbag.py:588} INFO - Filling up the DagBag from /opt/airflow/dags/fct_count_day_eqrthquake.py
[2026-07-25T17:22:46.517+0000] {processor.py:925} INFO - DAG(s) 'fct_count_day_earthquake' retrieved from /opt/airflow/dags/fct_count_day_eqrthquake.py
[2026-07-25T17:22:46.531+0000] {logging_mixin.py:190} INFO - [2026-07-25T17:22:46.530+0000] {dag.py:3239} INFO - Sync 1 DAGs
[2026-07-25T17:22:46.545+0000] {logging_mixin.py:190} INFO - [2026-07-25T17:22:46.544+0000] {dag.py:4180} INFO - Setting next_dagrun for fct_count_day_earthquake to 2026-07-25 02:00:00+00:00, run_after=2026-07-26 02:00:00+00:00
[2026-07-25T17:22:46.556+0000] {processor.py:208} INFO - Processing /opt/airflow/dags/fct_count_day_eqrthquake.py took 0.052 seconds
[2026-07-25T17:23:16.888+0000] {processor.py:186} INFO - Started process (PID=40612) to work on /opt/airflow/dags/fct_count_day_eqrthquake.py
[2026-07-25T17:23:16.888+0000] {processor.py:914} INFO - Processing file /opt/airflow/dags/fct_count_day_eqrthquake.py for tasks to queue
[2026-07-25T17:23:16.889+0000] {logging_mixin.py:190} INFO - [2026-07-25T17:23:16.889+0000] {dagbag.py:588} INFO - Filling up the DagBag from /opt/airflow/dags/fct_count_day_eqrthquake.py
[2026-07-25T17:23:16.897+0000] {processor.py:925} INFO - DAG(s) 'fct_count_day_earthquake' retrieved from /opt/airflow/dags/fct_count_day_eqrthquake.py
[2026-07-25T17:23:16.919+0000] {logging_mixin.py:190} INFO - [2026-07-25T17:23:16.919+0000] {dag.py:3239} INFO - Sync 1 DAGs
[2026-07-25T17:23:16.932+0000] {logging_mixin.py:190} INFO - [2026-07-25T17:23:16.931+0000] {dag.py:4180} INFO - Setting next_dagrun for fct_count_day_earthquake to 2026-07-25 02:00:00+00:00, run_after=2026-07-26 02:00:00+00:00
[2026-07-25T17:23:16.943+0000] {processor.py:208} INFO - Processing /opt/airflow/dags/fct_count_day_eqrthquake.py took 0.059 seconds
[2026-07-25T17:23:47.297+0000] {processor.py:186} INFO - Started process (PID=40652) to work on /opt/airflow/dags/fct_count_day_eqrthquake.py
[2026-07-25T17:23:47.300+0000] {processor.py:914} INFO - Processing file /opt/airflow/dags/fct_count_day_eqrthquake.py for tasks to queue
[2026-07-25T17:23:47.301+0000] {logging_mixin.py:190} INFO - [2026-07-25T17:23:47.301+0000] {dagbag.py:588} INFO - Filling up the DagBag from /opt/airflow/dags/fct_count_day_eqrthquake.py
[2026-07-25T17:23:47.307+0000] {processor.py:925} INFO - DAG(s) 'fct_count_day_earthquake' retrieved from /opt/airflow/dags/fct_count_day_eqrthquake.py
[2026-07-25T17:23:47.319+0000] {logging_mixin.py:190} INFO - [2026-07-25T17:23:47.319+0000] {dag.py:3239} INFO - Sync 1 DAGs
[2026-07-25T17:23:47.332+0000] {logging_mixin.py:190} INFO - [2026-07-25T17:23:47.332+0000] {dag.py:4180} INFO - Setting next_dagrun for fct_count_day_earthquake to 2026-07-25 02:00:00+00:00, run_after=2026-07-26 02:00:00+00:00
[2026-07-25T17:23:47.342+0000] {processor.py:208} INFO - Processing /opt/airflow/dags/fct_count_day_eqrthquake.py took 0.048 seconds
[2026-07-25T17:24:17.656+0000] {processor.py:186} INFO - Started process (PID=40692) to work on /opt/airflow/dags/fct_count_day_eqrthquake.py
[2026-07-25T17:24:17.656+0000] {processor.py:914} INFO - Processing file /opt/airflow/dags/fct_count_day_eqrthquake.py for tasks to queue
[2026-07-25T17:24:17.657+0000] {logging_mixin.py:190} INFO - [2026-07-25T17:24:17.656+0000] {dagbag.py:588} INFO - Filling up the DagBag from /opt/airflow/dags/fct_count_day_eqrthquake.py
[2026-07-25T17:24:17.662+0000] {processor.py:925} INFO - DAG(s) 'fct_count_day_earthquake' retrieved from /opt/airflow/dags/fct_count_day_eqrthquake.py
[2026-07-25T17:24:17.675+0000] {logging_mixin.py:190} INFO - [2026-07-25T17:24:17.675+0000] {dag.py:3239} INFO - Sync 1 DAGs
[2026-07-25T17:24:17.688+0000] {logging_mixin.py:190} INFO - [2026-07-25T17:24:17.688+0000] {dag.py:4180} INFO - Setting next_dagrun for fct_count_day_earthquake to 2026-07-25 02:00:00+00:00, run_after=2026-07-26 02:00:00+00:00
[2026-07-25T17:24:17.699+0000] {processor.py:208} INFO - Processing /opt/airflow/dags/fct_count_day_eqrthquake.py took 0.046 seconds
[2026-07-25T17:24:48.237+0000] {processor.py:186} INFO - Started process (PID=40732) to work on /opt/airflow/dags/fct_count_day_eqrthquake.py
[2026-07-25T17:24:48.240+0000] {processor.py:914} INFO - Processing file /opt/airflow/dags/fct_count_day_eqrthquake.py for tasks to queue
[2026-07-25T17:24:48.241+0000] {logging_mixin.py:190} INFO - [2026-07-25T17:24:48.240+0000] {dagbag.py:588} INFO - Filling up the DagBag from /opt/airflow/dags/fct_count_day_eqrthquake.py
[2026-07-25T17:24:48.247+0000] {processor.py:925} INFO - DAG(s) 'fct_count_day_earthquake' retrieved from /opt/airflow/dags/fct_count_day_eqrthquake.py
[2026-07-25T17:24:48.265+0000] {logging_mixin.py:190} INFO - [2026-07-25T17:24:48.265+0000] {dag.py:3239} INFO - Sync 1 DAGs
[2026-07-25T17:24:48.279+0000] {logging_mixin.py:190} INFO - [2026-07-25T17:24:48.279+0000] {dag.py:4180} INFO - Setting next_dagrun for fct_count_day_earthquake to 2026-07-25 02:00:00+00:00, run_after=2026-07-26 02:00:00+00:00
[2026-07-25T17:24:48.291+0000] {processor.py:208} INFO - Processing /opt/airflow/dags/fct_count_day_eqrthquake.py took 0.060 seconds
[2026-07-25T17:25:18.695+0000] {processor.py:186} INFO - Started process (PID=40772) to work on /opt/airflow/dags/fct_count_day_eqrthquake.py
[2026-07-25T17:25:18.695+0000] {processor.py:914} INFO - Processing file /opt/airflow/dags/fct_count_day_eqrthquake.py for tasks to queue
[2026-07-25T17:25:18.696+0000] {logging_mixin.py:190} INFO - [2026-07-25T17:25:18.696+0000] {dagbag.py:588} INFO - Filling up the DagBag from /opt/airflow/dags/fct_count_day_eqrthquake.py
[2026-07-25T17:25:18.702+0000] {processor.py:925} INFO - DAG(s) 'fct_count_day_earthquake' retrieved from /opt/airflow/dags/fct_count_day_eqrthquake.py
[2026-07-25T17:25:18.714+0000] {logging_mixin.py:190} INFO - [2026-07-25T17:25:18.713+0000] {dag.py:3239} INFO - Sync 1 DAGs
[2026-07-25T17:25:18.726+0000] {logging_mixin.py:190} INFO - [2026-07-25T17:25:18.726+0000] {dag.py:4180} INFO - Setting next_dagrun for fct_count_day_earthquake to 2026-07-25 02:00:00+00:00, run_after=2026-07-26 02:00:00+00:00
[2026-07-25T17:25:18.737+0000] {processor.py:208} INFO - Processing /opt/airflow/dags/fct_count_day_eqrthquake.py took 0.045 seconds
[2026-07-25T17:25:49.092+0000] {processor.py:186} INFO - Started process (PID=40812) to work on /opt/airflow/dags/fct_count_day_eqrthquake.py
[2026-07-25T17:25:49.095+0000] {processor.py:914} INFO - Processing file /opt/airflow/dags/fct_count_day_eqrthquake.py for tasks to queue
[2026-07-25T17:25:49.096+0000] {logging_mixin.py:190} INFO - [2026-07-25T17:25:49.096+0000] {dagbag.py:588} INFO - Filling up the DagBag from /opt/airflow/dags/fct_count_day_eqrthquake.py
[2026-07-25T17:25:49.102+0000] {processor.py:925} INFO - DAG(s) 'fct_count_day_earthquake' retrieved from /opt/airflow/dags/fct_count_day_eqrthquake.py
[2026-07-25T17:25:49.114+0000] {logging_mixin.py:190} INFO - [2026-07-25T17:25:49.114+0000] {dag.py:3239} INFO - Sync 1 DAGs
[2026-07-25T17:25:49.127+0000] {logging_mixin.py:190} INFO - [2026-07-25T17:25:49.127+0000] {dag.py:4180} INFO - Setting next_dagrun for fct_count_day_earthquake to 2026-07-25 02:00:00+00:00, run_after=2026-07-26 02:00:00+00:00
[2026-07-25T17:25:49.138+0000] {processor.py:208} INFO - Processing /opt/airflow/dags/fct_count_day_eqrthquake.py took 0.049 seconds
[2026-07-25T17:26:19.464+0000] {processor.py:186} INFO - Started process (PID=40852) to work on /opt/airflow/dags/fct_count_day_eqrthquake.py
[2026-07-25T17:26:19.464+0000] {processor.py:914} INFO - Processing file /opt/airflow/dags/fct_count_day_eqrthquake.py for tasks to queue
[2026-07-25T17:26:19.465+0000] {logging_mixin.py:190} INFO - [2026-07-25T17:26:19.465+0000] {dagbag.py:588} INFO - Filling up the DagBag from /opt/airflow/dags/fct_count_day_eqrthquake.py
[2026-07-25T17:26:19.471+0000] {processor.py:925} INFO - DAG(s) 'fct_count_day_earthquake' retrieved from /opt/airflow/dags/fct_count_day_eqrthquake.py
[2026-07-25T17:26:19.486+0000] {logging_mixin.py:190} INFO - [2026-07-25T17:26:19.486+0000] {dag.py:3239} INFO - Sync 1 DAGs
[2026-07-25T17:26:19.501+0000] {logging_mixin.py:190} INFO - [2026-07-25T17:26:19.501+0000] {dag.py:4180} INFO - Setting next_dagrun for fct_count_day_earthquake to 2026-07-25 02:00:00+00:00, run_after=2026-07-26 02:00:00+00:00
[2026-07-25T17:26:19.513+0000] {processor.py:208} INFO - Processing /opt/airflow/dags/fct_count_day_eqrthquake.py took 0.053 seconds
[2026-07-25T17:26:50.048+0000] {processor.py:186} INFO - Started process (PID=40892) to work on /opt/airflow/dags/fct_count_day_eqrthquake.py
[2026-07-25T17:26:50.051+0000] {processor.py:914} INFO - Processing file /opt/airflow/dags/fct_count_day_eqrthquake.py for tasks to queue
[2026-07-25T17:26:50.052+0000] {logging_mixin.py:190} INFO - [2026-07-25T17:26:50.052+0000] {dagbag.py:588} INFO - Filling up the DagBag from /opt/airflow/dags/fct_count_day_eqrthquake.py
[2026-07-25T17:26:50.058+0000] {processor.py:925} INFO - DAG(s) 'fct_count_day_earthquake' retrieved from /opt/airflow/dags/fct_count_day_eqrthquake.py
[2026-07-25T17:26:50.071+0000] {logging_mixin.py:190} INFO - [2026-07-25T17:26:50.071+0000] {dag.py:3239} INFO - Sync 1 DAGs
[2026-07-25T17:26:50.084+0000] {logging_mixin.py:190} INFO - [2026-07-25T17:26:50.084+0000] {dag.py:4180} INFO - Setting next_dagrun for fct_count_day_earthquake to 2026-07-25 02:00:00+00:00, run_after=2026-07-26 02:00:00+00:00
[2026-07-25T17:26:50.094+0000] {processor.py:208} INFO - Processing /opt/airflow/dags/fct_count_day_eqrthquake.py took 0.049 seconds
[2026-07-25T17:27:20.415+0000] {processor.py:186} INFO - Started process (PID=40931) to work on /opt/airflow/dags/fct_count_day_eqrthquake.py
[2026-07-25T17:27:20.416+0000] {processor.py:914} INFO - Processing file /opt/airflow/dags/fct_count_day_eqrthquake.py for tasks to queue
[2026-07-25T17:27:20.417+0000] {logging_mixin.py:190} INFO - [2026-07-25T17:27:20.417+0000] {dagbag.py:588} INFO - Filling up the DagBag from /opt/airflow/dags/fct_count_day_eqrthquake.py
[2026-07-25T17:27:20.423+0000] {processor.py:925} INFO - DAG(s) 'fct_count_day_earthquake' retrieved from /opt/airflow/dags/fct_count_day_eqrthquake.py
[2026-07-25T17:27:20.442+0000] {logging_mixin.py:190} INFO - [2026-07-25T17:27:20.441+0000] {dag.py:3239} INFO - Sync 1 DAGs
[2026-07-25T17:27:20.456+0000] {logging_mixin.py:190} INFO - [2026-07-25T17:27:20.456+0000] {dag.py:4180} INFO - Setting next_dagrun for fct_count_day_earthquake to 2026-07-25 02:00:00+00:00, run_after=2026-07-26 02:00:00+00:00
[2026-07-25T17:27:20.467+0000] {processor.py:208} INFO - Processing /opt/airflow/dags/fct_count_day_eqrthquake.py took 0.057 seconds
[2026-07-25T17:27:50.834+0000] {processor.py:186} INFO - Started process (PID=40971) to work on /opt/airflow/dags/fct_count_day_eqrthquake.py
[2026-07-25T17:27:50.837+0000] {processor.py:914} INFO - Processing file /opt/airflow/dags/fct_count_day_eqrthquake.py for tasks to queue
[2026-07-25T17:27:50.838+0000] {logging_mixin.py:190} INFO - [2026-07-25T17:27:50.837+0000] {dagbag.py:588} INFO - Filling up the DagBag from /opt/airflow/dags/fct_count_day_eqrthquake.py
[2026-07-25T17:27:50.843+0000] {processor.py:925} INFO - DAG(s) 'fct_count_day_earthquake' retrieved from /opt/airflow/dags/fct_count_day_eqrthquake.py
[2026-07-25T17:27:50.856+0000] {logging_mixin.py:190} INFO - [2026-07-25T17:27:50.855+0000] {dag.py:3239} INFO - Sync 1 DAGs
[2026-07-25T17:27:50.869+0000] {logging_mixin.py:190} INFO - [2026-07-25T17:27:50.868+0000] {dag.py:4180} INFO - Setting next_dagrun for fct_count_day_earthquake to 2026-07-25 02:00:00+00:00, run_after=2026-07-26 02:00:00+00:00
[2026-07-25T17:27:50.879+0000] {processor.py:208} INFO - Processing /opt/airflow/dags/fct_count_day_eqrthquake.py took 0.049 seconds
