[2026-07-25T15:44:56.692+0000] {processor.py:186} INFO - Started process (PID=32821) to work on /opt/airflow/dags/fct_avg_day_earthquake.py
[2026-07-25T15:44:56.692+0000] {processor.py:914} INFO - Processing file /opt/airflow/dags/fct_avg_day_earthquake.py for tasks to queue
[2026-07-25T15:44:56.693+0000] {logging_mixin.py:190} INFO - [2026-07-25T15:44:56.693+0000] {dagbag.py:588} INFO - Filling up the DagBag from /opt/airflow/dags/fct_avg_day_earthquake.py
[2026-07-25T15:44:56.700+0000] {processor.py:925} INFO - DAG(s) 'fct_avg_day_earthquake' retrieved from /opt/airflow/dags/fct_avg_day_earthquake.py
[2026-07-25T15:44:56.762+0000] {logging_mixin.py:190} INFO - [2026-07-25T15:44:56.762+0000] {override.py:1912} INFO - Created Permission View: can delete on DAG:fct_avg_day_earthquake
[2026-07-25T15:44:56.769+0000] {logging_mixin.py:190} INFO - [2026-07-25T15:44:56.769+0000] {override.py:1912} INFO - Created Permission View: can edit on DAG:fct_avg_day_earthquake
[2026-07-25T15:44:56.773+0000] {logging_mixin.py:190} INFO - [2026-07-25T15:44:56.773+0000] {override.py:1912} INFO - Created Permission View: can read on DAG:fct_avg_day_earthquake
[2026-07-25T15:44:56.777+0000] {logging_mixin.py:190} INFO - [2026-07-25T15:44:56.777+0000] {override.py:1912} INFO - Created Permission View: can delete on DAG Run:fct_avg_day_earthquake
[2026-07-25T15:44:56.781+0000] {logging_mixin.py:190} INFO - [2026-07-25T15:44:56.781+0000] {override.py:1912} INFO - Created Permission View: can create on DAG Run:fct_avg_day_earthquake
[2026-07-25T15:44:56.785+0000] {logging_mixin.py:190} INFO - [2026-07-25T15:44:56.785+0000] {override.py:1912} INFO - Created Permission View: can read on DAG Run:fct_avg_day_earthquake
[2026-07-25T15:44:56.789+0000] {logging_mixin.py:190} INFO - [2026-07-25T15:44:56.789+0000] {override.py:1912} INFO - Created Permission View: menu access on DAG Run:fct_avg_day_earthquake
[2026-07-25T15:44:56.789+0000] {logging_mixin.py:190} INFO - [2026-07-25T15:44:56.789+0000] {dag.py:3239} INFO - Sync 1 DAGs
[2026-07-25T15:44:56.798+0000] {logging_mixin.py:190} INFO - [2026-07-25T15:44:56.798+0000] {dag.py:3262} INFO - Creating ORM DAG for fct_avg_day_earthquake
[2026-07-25T15:44:56.804+0000] {logging_mixin.py:190} INFO - [2026-07-25T15:44:56.804+0000] {dag.py:4180} INFO - Setting next_dagrun for fct_avg_day_earthquake to 2025-05-01 02:00:00+00:00, run_after=2025-05-02 02:00:00+00:00
[2026-07-25T15:44:56.816+0000] {processor.py:208} INFO - Processing /opt/airflow/dags/fct_avg_day_earthquake.py took 0.127 seconds
[2026-07-25T15:45:27.238+0000] {processor.py:186} INFO - Started process (PID=32862) to work on /opt/airflow/dags/fct_avg_day_earthquake.py
[2026-07-25T15:45:27.239+0000] {processor.py:914} INFO - Processing file /opt/airflow/dags/fct_avg_day_earthquake.py for tasks to queue
[2026-07-25T15:45:27.240+0000] {logging_mixin.py:190} INFO - [2026-07-25T15:45:27.240+0000] {dagbag.py:588} INFO - Filling up the DagBag from /opt/airflow/dags/fct_avg_day_earthquake.py
[2026-07-25T15:45:27.246+0000] {processor.py:925} INFO - DAG(s) 'fct_avg_day_earthquake' retrieved from /opt/airflow/dags/fct_avg_day_earthquake.py
[2026-07-25T15:45:27.261+0000] {logging_mixin.py:190} INFO - [2026-07-25T15:45:27.261+0000] {dag.py:3239} INFO - Sync 1 DAGs
[2026-07-25T15:45:27.275+0000] {logging_mixin.py:190} INFO - [2026-07-25T15:45:27.274+0000] {dag.py:4180} INFO - Setting next_dagrun for fct_avg_day_earthquake to 2025-05-01 02:00:00+00:00, run_after=2025-05-02 02:00:00+00:00
[2026-07-25T15:45:27.286+0000] {processor.py:208} INFO - Processing /opt/airflow/dags/fct_avg_day_earthquake.py took 0.051 seconds
[2026-07-25T15:45:57.694+0000] {processor.py:186} INFO - Started process (PID=32902) to work on /opt/airflow/dags/fct_avg_day_earthquake.py
[2026-07-25T15:45:57.697+0000] {processor.py:914} INFO - Processing file /opt/airflow/dags/fct_avg_day_earthquake.py for tasks to queue
[2026-07-25T15:45:57.698+0000] {logging_mixin.py:190} INFO - [2026-07-25T15:45:57.698+0000] {dagbag.py:588} INFO - Filling up the DagBag from /opt/airflow/dags/fct_avg_day_earthquake.py
[2026-07-25T15:45:57.704+0000] {processor.py:925} INFO - DAG(s) 'fct_avg_day_earthquake' retrieved from /opt/airflow/dags/fct_avg_day_earthquake.py
[2026-07-25T15:45:57.718+0000] {logging_mixin.py:190} INFO - [2026-07-25T15:45:57.718+0000] {dag.py:3239} INFO - Sync 1 DAGs
[2026-07-25T15:45:57.731+0000] {logging_mixin.py:190} INFO - [2026-07-25T15:45:57.731+0000] {dag.py:4180} INFO - Setting next_dagrun for fct_avg_day_earthquake to 2025-05-01 02:00:00+00:00, run_after=2025-05-02 02:00:00+00:00
[2026-07-25T15:45:57.742+0000] {processor.py:208} INFO - Processing /opt/airflow/dags/fct_avg_day_earthquake.py took 0.052 seconds
[2026-07-25T15:46:28.239+0000] {processor.py:186} INFO - Started process (PID=32942) to work on /opt/airflow/dags/fct_avg_day_earthquake.py
[2026-07-25T15:46:28.239+0000] {processor.py:914} INFO - Processing file /opt/airflow/dags/fct_avg_day_earthquake.py for tasks to queue
[2026-07-25T15:46:28.241+0000] {logging_mixin.py:190} INFO - [2026-07-25T15:46:28.241+0000] {dagbag.py:588} INFO - Filling up the DagBag from /opt/airflow/dags/fct_avg_day_earthquake.py
[2026-07-25T15:46:28.248+0000] {processor.py:925} INFO - DAG(s) 'fct_avg_day_earthquake' retrieved from /opt/airflow/dags/fct_avg_day_earthquake.py
[2026-07-25T15:46:28.264+0000] {logging_mixin.py:190} INFO - [2026-07-25T15:46:28.264+0000] {dag.py:3239} INFO - Sync 1 DAGs
[2026-07-25T15:46:28.278+0000] {logging_mixin.py:190} INFO - [2026-07-25T15:46:28.278+0000] {dag.py:4180} INFO - Setting next_dagrun for fct_avg_day_earthquake to 2025-05-01 02:00:00+00:00, run_after=2025-05-02 02:00:00+00:00
[2026-07-25T15:46:28.288+0000] {processor.py:208} INFO - Processing /opt/airflow/dags/fct_avg_day_earthquake.py took 0.053 seconds
[2026-07-25T15:46:58.749+0000] {processor.py:186} INFO - Started process (PID=32982) to work on /opt/airflow/dags/fct_avg_day_earthquake.py
[2026-07-25T15:46:58.753+0000] {processor.py:914} INFO - Processing file /opt/airflow/dags/fct_avg_day_earthquake.py for tasks to queue
[2026-07-25T15:46:58.754+0000] {logging_mixin.py:190} INFO - [2026-07-25T15:46:58.754+0000] {dagbag.py:588} INFO - Filling up the DagBag from /opt/airflow/dags/fct_avg_day_earthquake.py
[2026-07-25T15:46:58.762+0000] {processor.py:925} INFO - DAG(s) 'fct_avg_day_earthquake' retrieved from /opt/airflow/dags/fct_avg_day_earthquake.py
[2026-07-25T15:46:58.778+0000] {logging_mixin.py:190} INFO - [2026-07-25T15:46:58.778+0000] {dag.py:3239} INFO - Sync 1 DAGs
[2026-07-25T15:46:58.791+0000] {logging_mixin.py:190} INFO - [2026-07-25T15:46:58.791+0000] {dag.py:4180} INFO - Setting next_dagrun for fct_avg_day_earthquake to 2025-05-01 02:00:00+00:00, run_after=2025-05-02 02:00:00+00:00
[2026-07-25T15:46:58.803+0000] {processor.py:208} INFO - Processing /opt/airflow/dags/fct_avg_day_earthquake.py took 0.058 seconds
[2026-07-25T15:47:29.252+0000] {processor.py:186} INFO - Started process (PID=33022) to work on /opt/airflow/dags/fct_avg_day_earthquake.py
[2026-07-25T15:47:29.252+0000] {processor.py:914} INFO - Processing file /opt/airflow/dags/fct_avg_day_earthquake.py for tasks to queue
[2026-07-25T15:47:29.254+0000] {logging_mixin.py:190} INFO - [2026-07-25T15:47:29.253+0000] {dagbag.py:588} INFO - Filling up the DagBag from /opt/airflow/dags/fct_avg_day_earthquake.py
[2026-07-25T15:47:29.260+0000] {processor.py:925} INFO - DAG(s) 'fct_avg_day_earthquake' retrieved from /opt/airflow/dags/fct_avg_day_earthquake.py
[2026-07-25T15:47:29.274+0000] {logging_mixin.py:190} INFO - [2026-07-25T15:47:29.274+0000] {dag.py:3239} INFO - Sync 1 DAGs
[2026-07-25T15:47:29.287+0000] {logging_mixin.py:190} INFO - [2026-07-25T15:47:29.287+0000] {dag.py:4180} INFO - Setting next_dagrun for fct_avg_day_earthquake to 2025-05-01 02:00:00+00:00, run_after=2025-05-02 02:00:00+00:00
[2026-07-25T15:47:29.312+0000] {processor.py:208} INFO - Processing /opt/airflow/dags/fct_avg_day_earthquake.py took 0.063 seconds
[2026-07-25T15:47:59.809+0000] {processor.py:186} INFO - Started process (PID=33062) to work on /opt/airflow/dags/fct_avg_day_earthquake.py
[2026-07-25T15:47:59.812+0000] {processor.py:914} INFO - Processing file /opt/airflow/dags/fct_avg_day_earthquake.py for tasks to queue
[2026-07-25T15:47:59.813+0000] {logging_mixin.py:190} INFO - [2026-07-25T15:47:59.813+0000] {dagbag.py:588} INFO - Filling up the DagBag from /opt/airflow/dags/fct_avg_day_earthquake.py
[2026-07-25T15:47:59.819+0000] {processor.py:925} INFO - DAG(s) 'fct_avg_day_earthquake' retrieved from /opt/airflow/dags/fct_avg_day_earthquake.py
[2026-07-25T15:47:59.834+0000] {logging_mixin.py:190} INFO - [2026-07-25T15:47:59.834+0000] {dag.py:3239} INFO - Sync 1 DAGs
[2026-07-25T15:47:59.847+0000] {logging_mixin.py:190} INFO - [2026-07-25T15:47:59.847+0000] {dag.py:4180} INFO - Setting next_dagrun for fct_avg_day_earthquake to 2025-05-01 02:00:00+00:00, run_after=2025-05-02 02:00:00+00:00
[2026-07-25T15:47:59.858+0000] {processor.py:208} INFO - Processing /opt/airflow/dags/fct_avg_day_earthquake.py took 0.052 seconds
[2026-07-25T15:48:30.357+0000] {processor.py:186} INFO - Started process (PID=33102) to work on /opt/airflow/dags/fct_avg_day_earthquake.py
[2026-07-25T15:48:30.358+0000] {processor.py:914} INFO - Processing file /opt/airflow/dags/fct_avg_day_earthquake.py for tasks to queue
[2026-07-25T15:48:30.359+0000] {logging_mixin.py:190} INFO - [2026-07-25T15:48:30.359+0000] {dagbag.py:588} INFO - Filling up the DagBag from /opt/airflow/dags/fct_avg_day_earthquake.py
[2026-07-25T15:48:30.365+0000] {processor.py:925} INFO - DAG(s) 'fct_avg_day_earthquake' retrieved from /opt/airflow/dags/fct_avg_day_earthquake.py
[2026-07-25T15:48:30.380+0000] {logging_mixin.py:190} INFO - [2026-07-25T15:48:30.380+0000] {dag.py:3239} INFO - Sync 1 DAGs
[2026-07-25T15:48:30.393+0000] {logging_mixin.py:190} INFO - [2026-07-25T15:48:30.393+0000] {dag.py:4180} INFO - Setting next_dagrun for fct_avg_day_earthquake to 2025-05-01 02:00:00+00:00, run_after=2025-05-02 02:00:00+00:00
[2026-07-25T15:48:30.404+0000] {processor.py:208} INFO - Processing /opt/airflow/dags/fct_avg_day_earthquake.py took 0.050 seconds
[2026-07-25T15:49:00.827+0000] {processor.py:186} INFO - Started process (PID=33142) to work on /opt/airflow/dags/fct_avg_day_earthquake.py
[2026-07-25T15:49:00.830+0000] {processor.py:914} INFO - Processing file /opt/airflow/dags/fct_avg_day_earthquake.py for tasks to queue
[2026-07-25T15:49:00.831+0000] {logging_mixin.py:190} INFO - [2026-07-25T15:49:00.831+0000] {dagbag.py:588} INFO - Filling up the DagBag from /opt/airflow/dags/fct_avg_day_earthquake.py
[2026-07-25T15:49:00.838+0000] {processor.py:925} INFO - DAG(s) 'fct_avg_day_earthquake' retrieved from /opt/airflow/dags/fct_avg_day_earthquake.py
[2026-07-25T15:49:00.852+0000] {logging_mixin.py:190} INFO - [2026-07-25T15:49:00.852+0000] {dag.py:3239} INFO - Sync 1 DAGs
[2026-07-25T15:49:00.865+0000] {logging_mixin.py:190} INFO - [2026-07-25T15:49:00.865+0000] {dag.py:4180} INFO - Setting next_dagrun for fct_avg_day_earthquake to 2025-05-01 02:00:00+00:00, run_after=2025-05-02 02:00:00+00:00
[2026-07-25T15:49:00.876+0000] {processor.py:208} INFO - Processing /opt/airflow/dags/fct_avg_day_earthquake.py took 0.052 seconds
[2026-07-25T15:49:31.241+0000] {processor.py:186} INFO - Started process (PID=33182) to work on /opt/airflow/dags/fct_avg_day_earthquake.py
[2026-07-25T15:49:31.242+0000] {processor.py:914} INFO - Processing file /opt/airflow/dags/fct_avg_day_earthquake.py for tasks to queue
[2026-07-25T15:49:31.243+0000] {logging_mixin.py:190} INFO - [2026-07-25T15:49:31.243+0000] {dagbag.py:588} INFO - Filling up the DagBag from /opt/airflow/dags/fct_avg_day_earthquake.py
[2026-07-25T15:49:31.252+0000] {processor.py:925} INFO - DAG(s) 'fct_avg_day_earthquake' retrieved from /opt/airflow/dags/fct_avg_day_earthquake.py
[2026-07-25T15:49:31.267+0000] {logging_mixin.py:190} INFO - [2026-07-25T15:49:31.267+0000] {dag.py:3239} INFO - Sync 1 DAGs
[2026-07-25T15:49:31.283+0000] {logging_mixin.py:190} INFO - [2026-07-25T15:49:31.283+0000] {dag.py:4180} INFO - Setting next_dagrun for fct_avg_day_earthquake to 2025-05-01 02:00:00+00:00, run_after=2025-05-02 02:00:00+00:00
[2026-07-25T15:49:31.369+0000] {processor.py:208} INFO - Processing /opt/airflow/dags/fct_avg_day_earthquake.py took 0.132 seconds
[2026-07-25T15:50:01.754+0000] {processor.py:186} INFO - Started process (PID=33222) to work on /opt/airflow/dags/fct_avg_day_earthquake.py
[2026-07-25T15:50:01.758+0000] {processor.py:914} INFO - Processing file /opt/airflow/dags/fct_avg_day_earthquake.py for tasks to queue
[2026-07-25T15:50:01.759+0000] {logging_mixin.py:190} INFO - [2026-07-25T15:50:01.759+0000] {dagbag.py:588} INFO - Filling up the DagBag from /opt/airflow/dags/fct_avg_day_earthquake.py
[2026-07-25T15:50:01.765+0000] {processor.py:925} INFO - DAG(s) 'fct_avg_day_earthquake' retrieved from /opt/airflow/dags/fct_avg_day_earthquake.py
[2026-07-25T15:50:01.779+0000] {logging_mixin.py:190} INFO - [2026-07-25T15:50:01.779+0000] {dag.py:3239} INFO - Sync 1 DAGs
[2026-07-25T15:50:01.792+0000] {logging_mixin.py:190} INFO - [2026-07-25T15:50:01.792+0000] {dag.py:4180} INFO - Setting next_dagrun for fct_avg_day_earthquake to 2025-05-01 02:00:00+00:00, run_after=2025-05-02 02:00:00+00:00
[2026-07-25T15:50:01.804+0000] {processor.py:208} INFO - Processing /opt/airflow/dags/fct_avg_day_earthquake.py took 0.053 seconds
[2026-07-25T15:50:32.299+0000] {processor.py:186} INFO - Started process (PID=33262) to work on /opt/airflow/dags/fct_avg_day_earthquake.py
[2026-07-25T15:50:32.299+0000] {processor.py:914} INFO - Processing file /opt/airflow/dags/fct_avg_day_earthquake.py for tasks to queue
[2026-07-25T15:50:32.301+0000] {logging_mixin.py:190} INFO - [2026-07-25T15:50:32.300+0000] {dagbag.py:588} INFO - Filling up the DagBag from /opt/airflow/dags/fct_avg_day_earthquake.py
[2026-07-25T15:50:32.307+0000] {processor.py:925} INFO - DAG(s) 'fct_avg_day_earthquake' retrieved from /opt/airflow/dags/fct_avg_day_earthquake.py
[2026-07-25T15:50:32.322+0000] {logging_mixin.py:190} INFO - [2026-07-25T15:50:32.322+0000] {dag.py:3239} INFO - Sync 1 DAGs
[2026-07-25T15:50:32.335+0000] {logging_mixin.py:190} INFO - [2026-07-25T15:50:32.335+0000] {dag.py:4180} INFO - Setting next_dagrun for fct_avg_day_earthquake to 2025-05-01 02:00:00+00:00, run_after=2025-05-02 02:00:00+00:00
[2026-07-25T15:50:32.346+0000] {processor.py:208} INFO - Processing /opt/airflow/dags/fct_avg_day_earthquake.py took 0.052 seconds
[2026-07-25T15:51:02.795+0000] {processor.py:186} INFO - Started process (PID=33302) to work on /opt/airflow/dags/fct_avg_day_earthquake.py
[2026-07-25T15:51:02.798+0000] {processor.py:914} INFO - Processing file /opt/airflow/dags/fct_avg_day_earthquake.py for tasks to queue
[2026-07-25T15:51:02.800+0000] {logging_mixin.py:190} INFO - [2026-07-25T15:51:02.800+0000] {dagbag.py:588} INFO - Filling up the DagBag from /opt/airflow/dags/fct_avg_day_earthquake.py
[2026-07-25T15:51:02.809+0000] {processor.py:925} INFO - DAG(s) 'fct_avg_day_earthquake' retrieved from /opt/airflow/dags/fct_avg_day_earthquake.py
[2026-07-25T15:51:02.824+0000] {logging_mixin.py:190} INFO - [2026-07-25T15:51:02.823+0000] {dag.py:3239} INFO - Sync 1 DAGs
[2026-07-25T15:51:02.837+0000] {logging_mixin.py:190} INFO - [2026-07-25T15:51:02.837+0000] {dag.py:4180} INFO - Setting next_dagrun for fct_avg_day_earthquake to 2025-05-01 02:00:00+00:00, run_after=2025-05-02 02:00:00+00:00
[2026-07-25T15:51:02.847+0000] {processor.py:208} INFO - Processing /opt/airflow/dags/fct_avg_day_earthquake.py took 0.056 seconds
[2026-07-25T15:51:33.316+0000] {processor.py:186} INFO - Started process (PID=33342) to work on /opt/airflow/dags/fct_avg_day_earthquake.py
[2026-07-25T15:51:33.317+0000] {processor.py:914} INFO - Processing file /opt/airflow/dags/fct_avg_day_earthquake.py for tasks to queue
[2026-07-25T15:51:33.318+0000] {logging_mixin.py:190} INFO - [2026-07-25T15:51:33.318+0000] {dagbag.py:588} INFO - Filling up the DagBag from /opt/airflow/dags/fct_avg_day_earthquake.py
[2026-07-25T15:51:33.325+0000] {processor.py:925} INFO - DAG(s) 'fct_avg_day_earthquake' retrieved from /opt/airflow/dags/fct_avg_day_earthquake.py
[2026-07-25T15:51:33.339+0000] {logging_mixin.py:190} INFO - [2026-07-25T15:51:33.339+0000] {dag.py:3239} INFO - Sync 1 DAGs
[2026-07-25T15:51:33.354+0000] {logging_mixin.py:190} INFO - [2026-07-25T15:51:33.353+0000] {dag.py:4180} INFO - Setting next_dagrun for fct_avg_day_earthquake to 2025-05-01 02:00:00+00:00, run_after=2025-05-02 02:00:00+00:00
[2026-07-25T15:51:33.364+0000] {processor.py:208} INFO - Processing /opt/airflow/dags/fct_avg_day_earthquake.py took 0.052 seconds
[2026-07-25T15:52:03.722+0000] {processor.py:186} INFO - Started process (PID=33382) to work on /opt/airflow/dags/fct_avg_day_earthquake.py
[2026-07-25T15:52:03.723+0000] {processor.py:914} INFO - Processing file /opt/airflow/dags/fct_avg_day_earthquake.py for tasks to queue
[2026-07-25T15:52:03.724+0000] {logging_mixin.py:190} INFO - [2026-07-25T15:52:03.724+0000] {dagbag.py:588} INFO - Filling up the DagBag from /opt/airflow/dags/fct_avg_day_earthquake.py
[2026-07-25T15:52:03.734+0000] {processor.py:925} INFO - DAG(s) 'fct_avg_day_earthquake' retrieved from /opt/airflow/dags/fct_avg_day_earthquake.py
[2026-07-25T15:52:03.753+0000] {logging_mixin.py:190} INFO - [2026-07-25T15:52:03.752+0000] {dag.py:3239} INFO - Sync 1 DAGs
[2026-07-25T15:52:03.767+0000] {logging_mixin.py:190} INFO - [2026-07-25T15:52:03.767+0000] {dag.py:4180} INFO - Setting next_dagrun for fct_avg_day_earthquake to 2025-05-01 02:00:00+00:00, run_after=2025-05-02 02:00:00+00:00
[2026-07-25T15:52:03.780+0000] {processor.py:208} INFO - Processing /opt/airflow/dags/fct_avg_day_earthquake.py took 0.063 seconds
[2026-07-25T15:52:34.259+0000] {processor.py:186} INFO - Started process (PID=33422) to work on /opt/airflow/dags/fct_avg_day_earthquake.py
[2026-07-25T15:52:34.262+0000] {processor.py:914} INFO - Processing file /opt/airflow/dags/fct_avg_day_earthquake.py for tasks to queue
[2026-07-25T15:52:34.263+0000] {logging_mixin.py:190} INFO - [2026-07-25T15:52:34.263+0000] {dagbag.py:588} INFO - Filling up the DagBag from /opt/airflow/dags/fct_avg_day_earthquake.py
[2026-07-25T15:52:34.269+0000] {processor.py:925} INFO - DAG(s) 'fct_avg_day_earthquake' retrieved from /opt/airflow/dags/fct_avg_day_earthquake.py
[2026-07-25T15:52:34.284+0000] {logging_mixin.py:190} INFO - [2026-07-25T15:52:34.284+0000] {dag.py:3239} INFO - Sync 1 DAGs
[2026-07-25T15:52:34.300+0000] {logging_mixin.py:190} INFO - [2026-07-25T15:52:34.300+0000] {dag.py:4180} INFO - Setting next_dagrun for fct_avg_day_earthquake to 2025-05-01 02:00:00+00:00, run_after=2025-05-02 02:00:00+00:00
[2026-07-25T15:52:34.313+0000] {processor.py:208} INFO - Processing /opt/airflow/dags/fct_avg_day_earthquake.py took 0.058 seconds
[2026-07-25T15:53:04.791+0000] {processor.py:186} INFO - Started process (PID=33462) to work on /opt/airflow/dags/fct_avg_day_earthquake.py
[2026-07-25T15:53:04.791+0000] {processor.py:914} INFO - Processing file /opt/airflow/dags/fct_avg_day_earthquake.py for tasks to queue
[2026-07-25T15:53:04.792+0000] {logging_mixin.py:190} INFO - [2026-07-25T15:53:04.792+0000] {dagbag.py:588} INFO - Filling up the DagBag from /opt/airflow/dags/fct_avg_day_earthquake.py
[2026-07-25T15:53:04.799+0000] {processor.py:925} INFO - DAG(s) 'fct_avg_day_earthquake' retrieved from /opt/airflow/dags/fct_avg_day_earthquake.py
[2026-07-25T15:53:04.812+0000] {logging_mixin.py:190} INFO - [2026-07-25T15:53:04.812+0000] {dag.py:3239} INFO - Sync 1 DAGs
[2026-07-25T15:53:04.825+0000] {logging_mixin.py:190} INFO - [2026-07-25T15:53:04.825+0000] {dag.py:4180} INFO - Setting next_dagrun for fct_avg_day_earthquake to 2025-05-01 02:00:00+00:00, run_after=2025-05-02 02:00:00+00:00
[2026-07-25T15:53:04.835+0000] {processor.py:208} INFO - Processing /opt/airflow/dags/fct_avg_day_earthquake.py took 0.048 seconds
[2026-07-25T15:53:35.322+0000] {processor.py:186} INFO - Started process (PID=33502) to work on /opt/airflow/dags/fct_avg_day_earthquake.py
[2026-07-25T15:53:35.325+0000] {processor.py:914} INFO - Processing file /opt/airflow/dags/fct_avg_day_earthquake.py for tasks to queue
[2026-07-25T15:53:35.326+0000] {logging_mixin.py:190} INFO - [2026-07-25T15:53:35.326+0000] {dagbag.py:588} INFO - Filling up the DagBag from /opt/airflow/dags/fct_avg_day_earthquake.py
[2026-07-25T15:53:35.332+0000] {processor.py:925} INFO - DAG(s) 'fct_avg_day_earthquake' retrieved from /opt/airflow/dags/fct_avg_day_earthquake.py
[2026-07-25T15:53:35.346+0000] {logging_mixin.py:190} INFO - [2026-07-25T15:53:35.345+0000] {dag.py:3239} INFO - Sync 1 DAGs
[2026-07-25T15:53:35.359+0000] {logging_mixin.py:190} INFO - [2026-07-25T15:53:35.359+0000] {dag.py:4180} INFO - Setting next_dagrun for fct_avg_day_earthquake to 2025-05-01 02:00:00+00:00, run_after=2025-05-02 02:00:00+00:00
[2026-07-25T15:53:35.370+0000] {processor.py:208} INFO - Processing /opt/airflow/dags/fct_avg_day_earthquake.py took 0.050 seconds
[2026-07-25T15:54:05.864+0000] {processor.py:186} INFO - Started process (PID=33542) to work on /opt/airflow/dags/fct_avg_day_earthquake.py
[2026-07-25T15:54:05.865+0000] {processor.py:914} INFO - Processing file /opt/airflow/dags/fct_avg_day_earthquake.py for tasks to queue
[2026-07-25T15:54:05.867+0000] {logging_mixin.py:190} INFO - [2026-07-25T15:54:05.867+0000] {dagbag.py:588} INFO - Filling up the DagBag from /opt/airflow/dags/fct_avg_day_earthquake.py
[2026-07-25T15:54:05.873+0000] {processor.py:925} INFO - DAG(s) 'fct_avg_day_earthquake' retrieved from /opt/airflow/dags/fct_avg_day_earthquake.py
[2026-07-25T15:54:05.888+0000] {logging_mixin.py:190} INFO - [2026-07-25T15:54:05.888+0000] {dag.py:3239} INFO - Sync 1 DAGs
[2026-07-25T15:54:05.901+0000] {logging_mixin.py:190} INFO - [2026-07-25T15:54:05.901+0000] {dag.py:4180} INFO - Setting next_dagrun for fct_avg_day_earthquake to 2025-05-01 02:00:00+00:00, run_after=2025-05-02 02:00:00+00:00
[2026-07-25T15:54:05.912+0000] {processor.py:208} INFO - Processing /opt/airflow/dags/fct_avg_day_earthquake.py took 0.053 seconds
[2026-07-25T15:54:36.379+0000] {processor.py:186} INFO - Started process (PID=33582) to work on /opt/airflow/dags/fct_avg_day_earthquake.py
[2026-07-25T15:54:36.382+0000] {processor.py:914} INFO - Processing file /opt/airflow/dags/fct_avg_day_earthquake.py for tasks to queue
[2026-07-25T15:54:36.383+0000] {logging_mixin.py:190} INFO - [2026-07-25T15:54:36.383+0000] {dagbag.py:588} INFO - Filling up the DagBag from /opt/airflow/dags/fct_avg_day_earthquake.py
[2026-07-25T15:54:36.389+0000] {processor.py:925} INFO - DAG(s) 'fct_avg_day_earthquake' retrieved from /opt/airflow/dags/fct_avg_day_earthquake.py
[2026-07-25T15:54:36.404+0000] {logging_mixin.py:190} INFO - [2026-07-25T15:54:36.404+0000] {dag.py:3239} INFO - Sync 1 DAGs
[2026-07-25T15:54:36.417+0000] {logging_mixin.py:190} INFO - [2026-07-25T15:54:36.417+0000] {dag.py:4180} INFO - Setting next_dagrun for fct_avg_day_earthquake to 2025-05-01 02:00:00+00:00, run_after=2025-05-02 02:00:00+00:00
[2026-07-25T15:54:36.429+0000] {processor.py:208} INFO - Processing /opt/airflow/dags/fct_avg_day_earthquake.py took 0.054 seconds
[2026-07-25T15:55:06.739+0000] {processor.py:186} INFO - Started process (PID=33622) to work on /opt/airflow/dags/fct_avg_day_earthquake.py
[2026-07-25T15:55:06.739+0000] {processor.py:914} INFO - Processing file /opt/airflow/dags/fct_avg_day_earthquake.py for tasks to queue
[2026-07-25T15:55:06.741+0000] {logging_mixin.py:190} INFO - [2026-07-25T15:55:06.741+0000] {dagbag.py:588} INFO - Filling up the DagBag from /opt/airflow/dags/fct_avg_day_earthquake.py
[2026-07-25T15:55:06.750+0000] {processor.py:925} INFO - DAG(s) 'fct_avg_day_earthquake' retrieved from /opt/airflow/dags/fct_avg_day_earthquake.py
[2026-07-25T15:55:06.765+0000] {logging_mixin.py:190} INFO - [2026-07-25T15:55:06.765+0000] {dag.py:3239} INFO - Sync 1 DAGs
[2026-07-25T15:55:06.780+0000] {logging_mixin.py:190} INFO - [2026-07-25T15:55:06.780+0000] {dag.py:4180} INFO - Setting next_dagrun for fct_avg_day_earthquake to 2025-05-01 02:00:00+00:00, run_after=2025-05-02 02:00:00+00:00
[2026-07-25T15:55:06.791+0000] {processor.py:208} INFO - Processing /opt/airflow/dags/fct_avg_day_earthquake.py took 0.057 seconds
[2026-07-25T15:55:37.185+0000] {processor.py:186} INFO - Started process (PID=33662) to work on /opt/airflow/dags/fct_avg_day_earthquake.py
[2026-07-25T15:55:37.346+0000] {processor.py:914} INFO - Processing file /opt/airflow/dags/fct_avg_day_earthquake.py for tasks to queue
[2026-07-25T15:55:37.351+0000] {logging_mixin.py:190} INFO - [2026-07-25T15:55:37.351+0000] {dagbag.py:588} INFO - Filling up the DagBag from /opt/airflow/dags/fct_avg_day_earthquake.py
[2026-07-25T15:55:37.357+0000] {processor.py:925} INFO - DAG(s) 'fct_avg_day_earthquake' retrieved from /opt/airflow/dags/fct_avg_day_earthquake.py
[2026-07-25T15:55:37.373+0000] {logging_mixin.py:190} INFO - [2026-07-25T15:55:37.373+0000] {dag.py:3239} INFO - Sync 1 DAGs
[2026-07-25T15:55:37.386+0000] {logging_mixin.py:190} INFO - [2026-07-25T15:55:37.386+0000] {dag.py:4180} INFO - Setting next_dagrun for fct_avg_day_earthquake to 2025-05-01 02:00:00+00:00, run_after=2025-05-02 02:00:00+00:00
[2026-07-25T15:55:37.397+0000] {processor.py:208} INFO - Processing /opt/airflow/dags/fct_avg_day_earthquake.py took 0.217 seconds
[2026-07-25T15:56:07.860+0000] {processor.py:186} INFO - Started process (PID=33702) to work on /opt/airflow/dags/fct_avg_day_earthquake.py
[2026-07-25T15:56:07.860+0000] {processor.py:914} INFO - Processing file /opt/airflow/dags/fct_avg_day_earthquake.py for tasks to queue
[2026-07-25T15:56:07.861+0000] {logging_mixin.py:190} INFO - [2026-07-25T15:56:07.861+0000] {dagbag.py:588} INFO - Filling up the DagBag from /opt/airflow/dags/fct_avg_day_earthquake.py
[2026-07-25T15:56:07.867+0000] {processor.py:925} INFO - DAG(s) 'fct_avg_day_earthquake' retrieved from /opt/airflow/dags/fct_avg_day_earthquake.py
[2026-07-25T15:56:07.881+0000] {logging_mixin.py:190} INFO - [2026-07-25T15:56:07.881+0000] {dag.py:3239} INFO - Sync 1 DAGs
[2026-07-25T15:56:07.894+0000] {logging_mixin.py:190} INFO - [2026-07-25T15:56:07.894+0000] {dag.py:4180} INFO - Setting next_dagrun for fct_avg_day_earthquake to 2025-05-01 02:00:00+00:00, run_after=2025-05-02 02:00:00+00:00
[2026-07-25T15:56:07.904+0000] {processor.py:208} INFO - Processing /opt/airflow/dags/fct_avg_day_earthquake.py took 0.048 seconds
[2026-07-25T15:56:38.414+0000] {processor.py:186} INFO - Started process (PID=33742) to work on /opt/airflow/dags/fct_avg_day_earthquake.py
[2026-07-25T15:56:38.417+0000] {processor.py:914} INFO - Processing file /opt/airflow/dags/fct_avg_day_earthquake.py for tasks to queue
[2026-07-25T15:56:38.418+0000] {logging_mixin.py:190} INFO - [2026-07-25T15:56:38.418+0000] {dagbag.py:588} INFO - Filling up the DagBag from /opt/airflow/dags/fct_avg_day_earthquake.py
[2026-07-25T15:56:38.424+0000] {processor.py:925} INFO - DAG(s) 'fct_avg_day_earthquake' retrieved from /opt/airflow/dags/fct_avg_day_earthquake.py
[2026-07-25T15:56:38.443+0000] {logging_mixin.py:190} INFO - [2026-07-25T15:56:38.443+0000] {dag.py:3239} INFO - Sync 1 DAGs
[2026-07-25T15:56:38.456+0000] {logging_mixin.py:190} INFO - [2026-07-25T15:56:38.456+0000] {dag.py:4180} INFO - Setting next_dagrun for fct_avg_day_earthquake to 2025-05-01 02:00:00+00:00, run_after=2025-05-02 02:00:00+00:00
[2026-07-25T15:56:38.468+0000] {processor.py:208} INFO - Processing /opt/airflow/dags/fct_avg_day_earthquake.py took 0.057 seconds
[2026-07-25T15:57:08.936+0000] {processor.py:186} INFO - Started process (PID=33783) to work on /opt/airflow/dags/fct_avg_day_earthquake.py
[2026-07-25T15:57:08.937+0000] {processor.py:914} INFO - Processing file /opt/airflow/dags/fct_avg_day_earthquake.py for tasks to queue
[2026-07-25T15:57:08.938+0000] {logging_mixin.py:190} INFO - [2026-07-25T15:57:08.938+0000] {dagbag.py:588} INFO - Filling up the DagBag from /opt/airflow/dags/fct_avg_day_earthquake.py
[2026-07-25T15:57:08.944+0000] {processor.py:925} INFO - DAG(s) 'fct_avg_day_earthquake' retrieved from /opt/airflow/dags/fct_avg_day_earthquake.py
[2026-07-25T15:57:08.959+0000] {logging_mixin.py:190} INFO - [2026-07-25T15:57:08.959+0000] {dag.py:3239} INFO - Sync 1 DAGs
[2026-07-25T15:57:08.973+0000] {logging_mixin.py:190} INFO - [2026-07-25T15:57:08.973+0000] {dag.py:4180} INFO - Setting next_dagrun for fct_avg_day_earthquake to 2025-05-01 02:00:00+00:00, run_after=2025-05-02 02:00:00+00:00
[2026-07-25T15:57:08.983+0000] {processor.py:208} INFO - Processing /opt/airflow/dags/fct_avg_day_earthquake.py took 0.052 seconds
[2026-07-25T15:57:39.464+0000] {processor.py:186} INFO - Started process (PID=33823) to work on /opt/airflow/dags/fct_avg_day_earthquake.py
[2026-07-25T15:57:39.467+0000] {processor.py:914} INFO - Processing file /opt/airflow/dags/fct_avg_day_earthquake.py for tasks to queue
[2026-07-25T15:57:39.469+0000] {logging_mixin.py:190} INFO - [2026-07-25T15:57:39.468+0000] {dagbag.py:588} INFO - Filling up the DagBag from /opt/airflow/dags/fct_avg_day_earthquake.py
[2026-07-25T15:57:39.475+0000] {processor.py:925} INFO - DAG(s) 'fct_avg_day_earthquake' retrieved from /opt/airflow/dags/fct_avg_day_earthquake.py
[2026-07-25T15:57:39.489+0000] {logging_mixin.py:190} INFO - [2026-07-25T15:57:39.489+0000] {dag.py:3239} INFO - Sync 1 DAGs
[2026-07-25T15:57:39.502+0000] {logging_mixin.py:190} INFO - [2026-07-25T15:57:39.502+0000] {dag.py:4180} INFO - Setting next_dagrun for fct_avg_day_earthquake to 2025-05-01 02:00:00+00:00, run_after=2025-05-02 02:00:00+00:00
[2026-07-25T15:57:39.512+0000] {processor.py:208} INFO - Processing /opt/airflow/dags/fct_avg_day_earthquake.py took 0.053 seconds
[2026-07-25T15:58:09.926+0000] {processor.py:186} INFO - Started process (PID=33863) to work on /opt/airflow/dags/fct_avg_day_earthquake.py
[2026-07-25T15:58:09.926+0000] {processor.py:914} INFO - Processing file /opt/airflow/dags/fct_avg_day_earthquake.py for tasks to queue
[2026-07-25T15:58:09.927+0000] {logging_mixin.py:190} INFO - [2026-07-25T15:58:09.927+0000] {dagbag.py:588} INFO - Filling up the DagBag from /opt/airflow/dags/fct_avg_day_earthquake.py
[2026-07-25T15:58:09.934+0000] {processor.py:925} INFO - DAG(s) 'fct_avg_day_earthquake' retrieved from /opt/airflow/dags/fct_avg_day_earthquake.py
[2026-07-25T15:58:09.948+0000] {logging_mixin.py:190} INFO - [2026-07-25T15:58:09.948+0000] {dag.py:3239} INFO - Sync 1 DAGs
[2026-07-25T15:58:09.961+0000] {logging_mixin.py:190} INFO - [2026-07-25T15:58:09.961+0000] {dag.py:4180} INFO - Setting next_dagrun for fct_avg_day_earthquake to 2025-05-01 02:00:00+00:00, run_after=2025-05-02 02:00:00+00:00
[2026-07-25T15:58:09.971+0000] {processor.py:208} INFO - Processing /opt/airflow/dags/fct_avg_day_earthquake.py took 0.050 seconds
[2026-07-25T15:58:40.348+0000] {processor.py:186} INFO - Started process (PID=33903) to work on /opt/airflow/dags/fct_avg_day_earthquake.py
[2026-07-25T15:58:40.351+0000] {processor.py:914} INFO - Processing file /opt/airflow/dags/fct_avg_day_earthquake.py for tasks to queue
[2026-07-25T15:58:40.352+0000] {logging_mixin.py:190} INFO - [2026-07-25T15:58:40.352+0000] {dagbag.py:588} INFO - Filling up the DagBag from /opt/airflow/dags/fct_avg_day_earthquake.py
[2026-07-25T15:58:40.359+0000] {processor.py:925} INFO - DAG(s) 'fct_avg_day_earthquake' retrieved from /opt/airflow/dags/fct_avg_day_earthquake.py
[2026-07-25T15:58:40.374+0000] {logging_mixin.py:190} INFO - [2026-07-25T15:58:40.374+0000] {dag.py:3239} INFO - Sync 1 DAGs
[2026-07-25T15:58:40.390+0000] {logging_mixin.py:190} INFO - [2026-07-25T15:58:40.390+0000] {dag.py:4180} INFO - Setting next_dagrun for fct_avg_day_earthquake to 2025-05-01 02:00:00+00:00, run_after=2025-05-02 02:00:00+00:00
[2026-07-25T15:58:40.402+0000] {processor.py:208} INFO - Processing /opt/airflow/dags/fct_avg_day_earthquake.py took 0.058 seconds
[2026-07-25T15:59:10.763+0000] {processor.py:186} INFO - Started process (PID=33944) to work on /opt/airflow/dags/fct_avg_day_earthquake.py
[2026-07-25T15:59:10.764+0000] {processor.py:914} INFO - Processing file /opt/airflow/dags/fct_avg_day_earthquake.py for tasks to queue
[2026-07-25T15:59:10.765+0000] {logging_mixin.py:190} INFO - [2026-07-25T15:59:10.764+0000] {dagbag.py:588} INFO - Filling up the DagBag from /opt/airflow/dags/fct_avg_day_earthquake.py
[2026-07-25T15:59:10.771+0000] {processor.py:925} INFO - DAG(s) 'fct_avg_day_earthquake' retrieved from /opt/airflow/dags/fct_avg_day_earthquake.py
[2026-07-25T15:59:10.784+0000] {logging_mixin.py:190} INFO - [2026-07-25T15:59:10.784+0000] {dag.py:3239} INFO - Sync 1 DAGs
[2026-07-25T15:59:10.798+0000] {logging_mixin.py:190} INFO - [2026-07-25T15:59:10.798+0000] {dag.py:4180} INFO - Setting next_dagrun for fct_avg_day_earthquake to 2025-05-01 02:00:00+00:00, run_after=2025-05-02 02:00:00+00:00
[2026-07-25T15:59:10.809+0000] {processor.py:208} INFO - Processing /opt/airflow/dags/fct_avg_day_earthquake.py took 0.049 seconds
[2026-07-25T15:59:19.975+0000] {processor.py:186} INFO - Started process (PID=33977) to work on /opt/airflow/dags/fct_avg_day_earthquake.py
[2026-07-25T15:59:19.978+0000] {processor.py:914} INFO - Processing file /opt/airflow/dags/fct_avg_day_earthquake.py for tasks to queue
[2026-07-25T15:59:19.980+0000] {logging_mixin.py:190} INFO - [2026-07-25T15:59:19.979+0000] {dagbag.py:588} INFO - Filling up the DagBag from /opt/airflow/dags/fct_avg_day_earthquake.py
[2026-07-25T15:59:19.983+0000] {logging_mixin.py:190} INFO - [2026-07-25T15:59:19.982+0000] {dagbag.py:387} ERROR - Failed to import: /opt/airflow/dags/fct_avg_day_earthquake.py
Traceback (most recent call last):
  File "/home/airflow/.local/lib/python3.12/site-packages/airflow/models/dagbag.py", line 383, in parse
    loader.exec_module(new_module)
  File "<frozen importlib._bootstrap_external>", line 999, in exec_module
  File "<frozen importlib._bootstrap>", line 488, in _call_with_frames_removed
  File "/opt/airflow/dags/fct_avg_day_earthquake.py", line 28, in <module>
    "start_date": pendulum.datetime(22026, 7, 10, tz="Europe/Moscow"),
                  ^^^^^^^^^^^^^^^^^^^^^^^^^^^^^^^^^^^^^^^^^^^^^^^^^^^
  File "/home/airflow/.local/lib/python3.12/site-packages/pendulum/__init__.py", line 143, in datetime
    return DateTime.create(
           ^^^^^^^^^^^^^^^^
  File "/home/airflow/.local/lib/python3.12/site-packages/pendulum/datetime.py", line 105, in create
    dt = datetime.datetime(
         ^^^^^^^^^^^^^^^^^^
ValueError: year 22026 is out of range
[2026-07-25T15:59:19.983+0000] {processor.py:927} WARNING - No viable dags retrieved from /opt/airflow/dags/fct_avg_day_earthquake.py
[2026-07-25T15:59:19.997+0000] {processor.py:208} INFO - Processing /opt/airflow/dags/fct_avg_day_earthquake.py took 0.027 seconds
[2026-07-25T15:59:50.476+0000] {processor.py:186} INFO - Started process (PID=34017) to work on /opt/airflow/dags/fct_avg_day_earthquake.py
[2026-07-25T15:59:50.476+0000] {processor.py:914} INFO - Processing file /opt/airflow/dags/fct_avg_day_earthquake.py for tasks to queue
[2026-07-25T15:59:50.477+0000] {logging_mixin.py:190} INFO - [2026-07-25T15:59:50.477+0000] {dagbag.py:588} INFO - Filling up the DagBag from /opt/airflow/dags/fct_avg_day_earthquake.py
[2026-07-25T15:59:50.479+0000] {logging_mixin.py:190} INFO - [2026-07-25T15:59:50.479+0000] {dagbag.py:387} ERROR - Failed to import: /opt/airflow/dags/fct_avg_day_earthquake.py
Traceback (most recent call last):
  File "/home/airflow/.local/lib/python3.12/site-packages/airflow/models/dagbag.py", line 383, in parse
    loader.exec_module(new_module)
  File "<frozen importlib._bootstrap_external>", line 999, in exec_module
  File "<frozen importlib._bootstrap>", line 488, in _call_with_frames_removed
  File "/opt/airflow/dags/fct_avg_day_earthquake.py", line 28, in <module>
    "start_date": pendulum.datetime(22026, 7, 10, tz="Europe/Moscow"),
                  ^^^^^^^^^^^^^^^^^^^^^^^^^^^^^^^^^^^^^^^^^^^^^^^^^^^
  File "/home/airflow/.local/lib/python3.12/site-packages/pendulum/__init__.py", line 143, in datetime
    return DateTime.create(
           ^^^^^^^^^^^^^^^^
  File "/home/airflow/.local/lib/python3.12/site-packages/pendulum/datetime.py", line 105, in create
    dt = datetime.datetime(
         ^^^^^^^^^^^^^^^^^^
ValueError: year 22026 is out of range
[2026-07-25T15:59:50.480+0000] {processor.py:927} WARNING - No viable dags retrieved from /opt/airflow/dags/fct_avg_day_earthquake.py
[2026-07-25T15:59:50.493+0000] {processor.py:208} INFO - Processing /opt/airflow/dags/fct_avg_day_earthquake.py took 0.021 seconds
[2026-07-25T16:00:20.863+0000] {processor.py:186} INFO - Started process (PID=34057) to work on /opt/airflow/dags/fct_avg_day_earthquake.py
[2026-07-25T16:00:20.864+0000] {processor.py:914} INFO - Processing file /opt/airflow/dags/fct_avg_day_earthquake.py for tasks to queue
[2026-07-25T16:00:20.866+0000] {logging_mixin.py:190} INFO - [2026-07-25T16:00:20.866+0000] {dagbag.py:588} INFO - Filling up the DagBag from /opt/airflow/dags/fct_avg_day_earthquake.py
[2026-07-25T16:00:20.870+0000] {logging_mixin.py:190} INFO - [2026-07-25T16:00:20.869+0000] {dagbag.py:387} ERROR - Failed to import: /opt/airflow/dags/fct_avg_day_earthquake.py
Traceback (most recent call last):
  File "/home/airflow/.local/lib/python3.12/site-packages/airflow/models/dagbag.py", line 383, in parse
    loader.exec_module(new_module)
  File "<frozen importlib._bootstrap_external>", line 999, in exec_module
  File "<frozen importlib._bootstrap>", line 488, in _call_with_frames_removed
  File "/opt/airflow/dags/fct_avg_day_earthquake.py", line 28, in <module>
    "start_date": pendulum.datetime(22026, 7, 10, tz="Europe/Moscow"),
                  ^^^^^^^^^^^^^^^^^^^^^^^^^^^^^^^^^^^^^^^^^^^^^^^^^^^
  File "/home/airflow/.local/lib/python3.12/site-packages/pendulum/__init__.py", line 143, in datetime
    return DateTime.create(
           ^^^^^^^^^^^^^^^^
  File "/home/airflow/.local/lib/python3.12/site-packages/pendulum/datetime.py", line 105, in create
    dt = datetime.datetime(
         ^^^^^^^^^^^^^^^^^^
ValueError: year 22026 is out of range
[2026-07-25T16:00:20.870+0000] {processor.py:927} WARNING - No viable dags retrieved from /opt/airflow/dags/fct_avg_day_earthquake.py
[2026-07-25T16:00:20.884+0000] {processor.py:208} INFO - Processing /opt/airflow/dags/fct_avg_day_earthquake.py took 0.025 seconds
[2026-07-25T16:00:51.283+0000] {processor.py:186} INFO - Started process (PID=34097) to work on /opt/airflow/dags/fct_avg_day_earthquake.py
[2026-07-25T16:00:51.284+0000] {processor.py:914} INFO - Processing file /opt/airflow/dags/fct_avg_day_earthquake.py for tasks to queue
[2026-07-25T16:00:51.285+0000] {logging_mixin.py:190} INFO - [2026-07-25T16:00:51.284+0000] {dagbag.py:588} INFO - Filling up the DagBag from /opt/airflow/dags/fct_avg_day_earthquake.py
[2026-07-25T16:00:51.287+0000] {logging_mixin.py:190} INFO - [2026-07-25T16:00:51.286+0000] {dagbag.py:387} ERROR - Failed to import: /opt/airflow/dags/fct_avg_day_earthquake.py
Traceback (most recent call last):
  File "/home/airflow/.local/lib/python3.12/site-packages/airflow/models/dagbag.py", line 383, in parse
    loader.exec_module(new_module)
  File "<frozen importlib._bootstrap_external>", line 999, in exec_module
  File "<frozen importlib._bootstrap>", line 488, in _call_with_frames_removed
  File "/opt/airflow/dags/fct_avg_day_earthquake.py", line 28, in <module>
    "start_date": pendulum.datetime(22026, 7, 10, tz="Europe/Moscow"),
                  ^^^^^^^^^^^^^^^^^^^^^^^^^^^^^^^^^^^^^^^^^^^^^^^^^^^
  File "/home/airflow/.local/lib/python3.12/site-packages/pendulum/__init__.py", line 143, in datetime
    return DateTime.create(
           ^^^^^^^^^^^^^^^^
  File "/home/airflow/.local/lib/python3.12/site-packages/pendulum/datetime.py", line 105, in create
    dt = datetime.datetime(
         ^^^^^^^^^^^^^^^^^^
ValueError: year 22026 is out of range
[2026-07-25T16:00:51.288+0000] {processor.py:927} WARNING - No viable dags retrieved from /opt/airflow/dags/fct_avg_day_earthquake.py
[2026-07-25T16:00:51.304+0000] {processor.py:208} INFO - Processing /opt/airflow/dags/fct_avg_day_earthquake.py took 0.025 seconds
[2026-07-25T16:01:21.775+0000] {processor.py:186} INFO - Started process (PID=34143) to work on /opt/airflow/dags/fct_avg_day_earthquake.py
[2026-07-25T16:01:21.778+0000] {processor.py:914} INFO - Processing file /opt/airflow/dags/fct_avg_day_earthquake.py for tasks to queue
[2026-07-25T16:01:21.779+0000] {logging_mixin.py:190} INFO - [2026-07-25T16:01:21.778+0000] {dagbag.py:588} INFO - Filling up the DagBag from /opt/airflow/dags/fct_avg_day_earthquake.py
[2026-07-25T16:01:21.782+0000] {logging_mixin.py:190} INFO - [2026-07-25T16:01:21.781+0000] {dagbag.py:387} ERROR - Failed to import: /opt/airflow/dags/fct_avg_day_earthquake.py
Traceback (most recent call last):
  File "/home/airflow/.local/lib/python3.12/site-packages/airflow/models/dagbag.py", line 383, in parse
    loader.exec_module(new_module)
  File "<frozen importlib._bootstrap_external>", line 999, in exec_module
  File "<frozen importlib._bootstrap>", line 488, in _call_with_frames_removed
  File "/opt/airflow/dags/fct_avg_day_earthquake.py", line 28, in <module>
    "start_date": pendulum.datetime(22026, 7, 10, tz="Europe/Moscow"),
                  ^^^^^^^^^^^^^^^^^^^^^^^^^^^^^^^^^^^^^^^^^^^^^^^^^^^
  File "/home/airflow/.local/lib/python3.12/site-packages/pendulum/__init__.py", line 143, in datetime
    return DateTime.create(
           ^^^^^^^^^^^^^^^^
  File "/home/airflow/.local/lib/python3.12/site-packages/pendulum/datetime.py", line 105, in create
    dt = datetime.datetime(
         ^^^^^^^^^^^^^^^^^^
ValueError: year 22026 is out of range
[2026-07-25T16:01:21.782+0000] {processor.py:927} WARNING - No viable dags retrieved from /opt/airflow/dags/fct_avg_day_earthquake.py
[2026-07-25T16:01:21.796+0000] {processor.py:208} INFO - Processing /opt/airflow/dags/fct_avg_day_earthquake.py took 0.025 seconds
[2026-07-25T16:01:52.261+0000] {processor.py:186} INFO - Started process (PID=34183) to work on /opt/airflow/dags/fct_avg_day_earthquake.py
[2026-07-25T16:01:52.262+0000] {processor.py:914} INFO - Processing file /opt/airflow/dags/fct_avg_day_earthquake.py for tasks to queue
[2026-07-25T16:01:52.262+0000] {logging_mixin.py:190} INFO - [2026-07-25T16:01:52.262+0000] {dagbag.py:588} INFO - Filling up the DagBag from /opt/airflow/dags/fct_avg_day_earthquake.py
[2026-07-25T16:01:52.265+0000] {logging_mixin.py:190} INFO - [2026-07-25T16:01:52.264+0000] {dagbag.py:387} ERROR - Failed to import: /opt/airflow/dags/fct_avg_day_earthquake.py
Traceback (most recent call last):
  File "/home/airflow/.local/lib/python3.12/site-packages/airflow/models/dagbag.py", line 383, in parse
    loader.exec_module(new_module)
  File "<frozen importlib._bootstrap_external>", line 999, in exec_module
  File "<frozen importlib._bootstrap>", line 488, in _call_with_frames_removed
  File "/opt/airflow/dags/fct_avg_day_earthquake.py", line 28, in <module>
    "start_date": pendulum.datetime(22026, 7, 10, tz="Europe/Moscow"),
                  ^^^^^^^^^^^^^^^^^^^^^^^^^^^^^^^^^^^^^^^^^^^^^^^^^^^
  File "/home/airflow/.local/lib/python3.12/site-packages/pendulum/__init__.py", line 143, in datetime
    return DateTime.create(
           ^^^^^^^^^^^^^^^^
  File "/home/airflow/.local/lib/python3.12/site-packages/pendulum/datetime.py", line 105, in create
    dt = datetime.datetime(
         ^^^^^^^^^^^^^^^^^^
ValueError: year 22026 is out of range
[2026-07-25T16:01:52.265+0000] {processor.py:927} WARNING - No viable dags retrieved from /opt/airflow/dags/fct_avg_day_earthquake.py
[2026-07-25T16:01:52.282+0000] {processor.py:208} INFO - Processing /opt/airflow/dags/fct_avg_day_earthquake.py took 0.026 seconds
[2026-07-25T16:02:22.729+0000] {processor.py:186} INFO - Started process (PID=34223) to work on /opt/airflow/dags/fct_avg_day_earthquake.py
[2026-07-25T16:02:22.732+0000] {processor.py:914} INFO - Processing file /opt/airflow/dags/fct_avg_day_earthquake.py for tasks to queue
[2026-07-25T16:02:22.733+0000] {logging_mixin.py:190} INFO - [2026-07-25T16:02:22.733+0000] {dagbag.py:588} INFO - Filling up the DagBag from /opt/airflow/dags/fct_avg_day_earthquake.py
[2026-07-25T16:02:22.736+0000] {logging_mixin.py:190} INFO - [2026-07-25T16:02:22.735+0000] {dagbag.py:387} ERROR - Failed to import: /opt/airflow/dags/fct_avg_day_earthquake.py
Traceback (most recent call last):
  File "/home/airflow/.local/lib/python3.12/site-packages/airflow/models/dagbag.py", line 383, in parse
    loader.exec_module(new_module)
  File "<frozen importlib._bootstrap_external>", line 999, in exec_module
  File "<frozen importlib._bootstrap>", line 488, in _call_with_frames_removed
  File "/opt/airflow/dags/fct_avg_day_earthquake.py", line 28, in <module>
    "start_date": pendulum.datetime(22026, 7, 10, tz="Europe/Moscow"),
                  ^^^^^^^^^^^^^^^^^^^^^^^^^^^^^^^^^^^^^^^^^^^^^^^^^^^
  File "/home/airflow/.local/lib/python3.12/site-packages/pendulum/__init__.py", line 143, in datetime
    return DateTime.create(
           ^^^^^^^^^^^^^^^^
  File "/home/airflow/.local/lib/python3.12/site-packages/pendulum/datetime.py", line 105, in create
    dt = datetime.datetime(
         ^^^^^^^^^^^^^^^^^^
ValueError: year 22026 is out of range
[2026-07-25T16:02:22.736+0000] {processor.py:927} WARNING - No viable dags retrieved from /opt/airflow/dags/fct_avg_day_earthquake.py
[2026-07-25T16:02:22.749+0000] {processor.py:208} INFO - Processing /opt/airflow/dags/fct_avg_day_earthquake.py took 0.025 seconds
[2026-07-25T16:02:53.172+0000] {processor.py:186} INFO - Started process (PID=34263) to work on /opt/airflow/dags/fct_avg_day_earthquake.py
[2026-07-25T16:02:53.173+0000] {processor.py:914} INFO - Processing file /opt/airflow/dags/fct_avg_day_earthquake.py for tasks to queue
[2026-07-25T16:02:53.173+0000] {logging_mixin.py:190} INFO - [2026-07-25T16:02:53.173+0000] {dagbag.py:588} INFO - Filling up the DagBag from /opt/airflow/dags/fct_avg_day_earthquake.py
[2026-07-25T16:02:53.175+0000] {logging_mixin.py:190} INFO - [2026-07-25T16:02:53.174+0000] {dagbag.py:387} ERROR - Failed to import: /opt/airflow/dags/fct_avg_day_earthquake.py
Traceback (most recent call last):
  File "/home/airflow/.local/lib/python3.12/site-packages/airflow/models/dagbag.py", line 383, in parse
    loader.exec_module(new_module)
  File "<frozen importlib._bootstrap_external>", line 999, in exec_module
  File "<frozen importlib._bootstrap>", line 488, in _call_with_frames_removed
  File "/opt/airflow/dags/fct_avg_day_earthquake.py", line 28, in <module>
    "start_date": pendulum.datetime(22026, 7, 10, tz="Europe/Moscow"),
                  ^^^^^^^^^^^^^^^^^^^^^^^^^^^^^^^^^^^^^^^^^^^^^^^^^^^
  File "/home/airflow/.local/lib/python3.12/site-packages/pendulum/__init__.py", line 143, in datetime
    return DateTime.create(
           ^^^^^^^^^^^^^^^^
  File "/home/airflow/.local/lib/python3.12/site-packages/pendulum/datetime.py", line 105, in create
    dt = datetime.datetime(
         ^^^^^^^^^^^^^^^^^^
ValueError: year 22026 is out of range
[2026-07-25T16:02:53.175+0000] {processor.py:927} WARNING - No viable dags retrieved from /opt/airflow/dags/fct_avg_day_earthquake.py
[2026-07-25T16:02:53.184+0000] {processor.py:208} INFO - Processing /opt/airflow/dags/fct_avg_day_earthquake.py took 0.017 seconds
[2026-07-25T16:03:23.626+0000] {processor.py:186} INFO - Started process (PID=34303) to work on /opt/airflow/dags/fct_avg_day_earthquake.py
[2026-07-25T16:03:23.629+0000] {processor.py:914} INFO - Processing file /opt/airflow/dags/fct_avg_day_earthquake.py for tasks to queue
[2026-07-25T16:03:23.630+0000] {logging_mixin.py:190} INFO - [2026-07-25T16:03:23.630+0000] {dagbag.py:588} INFO - Filling up the DagBag from /opt/airflow/dags/fct_avg_day_earthquake.py
[2026-07-25T16:03:23.633+0000] {logging_mixin.py:190} INFO - [2026-07-25T16:03:23.632+0000] {dagbag.py:387} ERROR - Failed to import: /opt/airflow/dags/fct_avg_day_earthquake.py
Traceback (most recent call last):
  File "/home/airflow/.local/lib/python3.12/site-packages/airflow/models/dagbag.py", line 383, in parse
    loader.exec_module(new_module)
  File "<frozen importlib._bootstrap_external>", line 999, in exec_module
  File "<frozen importlib._bootstrap>", line 488, in _call_with_frames_removed
  File "/opt/airflow/dags/fct_avg_day_earthquake.py", line 28, in <module>
    "start_date": pendulum.datetime(22026, 7, 10, tz="Europe/Moscow"),
                  ^^^^^^^^^^^^^^^^^^^^^^^^^^^^^^^^^^^^^^^^^^^^^^^^^^^
  File "/home/airflow/.local/lib/python3.12/site-packages/pendulum/__init__.py", line 143, in datetime
    return DateTime.create(
           ^^^^^^^^^^^^^^^^
  File "/home/airflow/.local/lib/python3.12/site-packages/pendulum/datetime.py", line 105, in create
    dt = datetime.datetime(
         ^^^^^^^^^^^^^^^^^^
ValueError: year 22026 is out of range
[2026-07-25T16:03:23.633+0000] {processor.py:927} WARNING - No viable dags retrieved from /opt/airflow/dags/fct_avg_day_earthquake.py
[2026-07-25T16:03:23.643+0000] {processor.py:208} INFO - Processing /opt/airflow/dags/fct_avg_day_earthquake.py took 0.022 seconds
[2026-07-25T16:03:54.152+0000] {processor.py:186} INFO - Started process (PID=34343) to work on /opt/airflow/dags/fct_avg_day_earthquake.py
[2026-07-25T16:03:54.152+0000] {processor.py:914} INFO - Processing file /opt/airflow/dags/fct_avg_day_earthquake.py for tasks to queue
[2026-07-25T16:03:54.152+0000] {logging_mixin.py:190} INFO - [2026-07-25T16:03:54.152+0000] {dagbag.py:588} INFO - Filling up the DagBag from /opt/airflow/dags/fct_avg_day_earthquake.py
[2026-07-25T16:03:54.155+0000] {logging_mixin.py:190} INFO - [2026-07-25T16:03:54.154+0000] {dagbag.py:387} ERROR - Failed to import: /opt/airflow/dags/fct_avg_day_earthquake.py
Traceback (most recent call last):
  File "/home/airflow/.local/lib/python3.12/site-packages/airflow/models/dagbag.py", line 383, in parse
    loader.exec_module(new_module)
  File "<frozen importlib._bootstrap_external>", line 999, in exec_module
  File "<frozen importlib._bootstrap>", line 488, in _call_with_frames_removed
  File "/opt/airflow/dags/fct_avg_day_earthquake.py", line 28, in <module>
    "start_date": pendulum.datetime(22026, 7, 10, tz="Europe/Moscow"),
                  ^^^^^^^^^^^^^^^^^^^^^^^^^^^^^^^^^^^^^^^^^^^^^^^^^^^
  File "/home/airflow/.local/lib/python3.12/site-packages/pendulum/__init__.py", line 143, in datetime
    return DateTime.create(
           ^^^^^^^^^^^^^^^^
  File "/home/airflow/.local/lib/python3.12/site-packages/pendulum/datetime.py", line 105, in create
    dt = datetime.datetime(
         ^^^^^^^^^^^^^^^^^^
ValueError: year 22026 is out of range
[2026-07-25T16:03:54.155+0000] {processor.py:927} WARNING - No viable dags retrieved from /opt/airflow/dags/fct_avg_day_earthquake.py
[2026-07-25T16:03:54.166+0000] {processor.py:208} INFO - Processing /opt/airflow/dags/fct_avg_day_earthquake.py took 0.018 seconds
[2026-07-25T16:04:24.648+0000] {processor.py:186} INFO - Started process (PID=34383) to work on /opt/airflow/dags/fct_avg_day_earthquake.py
[2026-07-25T16:04:24.651+0000] {processor.py:914} INFO - Processing file /opt/airflow/dags/fct_avg_day_earthquake.py for tasks to queue
[2026-07-25T16:04:24.652+0000] {logging_mixin.py:190} INFO - [2026-07-25T16:04:24.652+0000] {dagbag.py:588} INFO - Filling up the DagBag from /opt/airflow/dags/fct_avg_day_earthquake.py
[2026-07-25T16:04:24.655+0000] {logging_mixin.py:190} INFO - [2026-07-25T16:04:24.654+0000] {dagbag.py:387} ERROR - Failed to import: /opt/airflow/dags/fct_avg_day_earthquake.py
Traceback (most recent call last):
  File "/home/airflow/.local/lib/python3.12/site-packages/airflow/models/dagbag.py", line 383, in parse
    loader.exec_module(new_module)
  File "<frozen importlib._bootstrap_external>", line 999, in exec_module
  File "<frozen importlib._bootstrap>", line 488, in _call_with_frames_removed
  File "/opt/airflow/dags/fct_avg_day_earthquake.py", line 28, in <module>
    "start_date": pendulum.datetime(22026, 7, 10, tz="Europe/Moscow"),
                  ^^^^^^^^^^^^^^^^^^^^^^^^^^^^^^^^^^^^^^^^^^^^^^^^^^^
  File "/home/airflow/.local/lib/python3.12/site-packages/pendulum/__init__.py", line 143, in datetime
    return DateTime.create(
           ^^^^^^^^^^^^^^^^
  File "/home/airflow/.local/lib/python3.12/site-packages/pendulum/datetime.py", line 105, in create
    dt = datetime.datetime(
         ^^^^^^^^^^^^^^^^^^
ValueError: year 22026 is out of range
[2026-07-25T16:04:24.656+0000] {processor.py:927} WARNING - No viable dags retrieved from /opt/airflow/dags/fct_avg_day_earthquake.py
[2026-07-25T16:04:24.671+0000] {processor.py:208} INFO - Processing /opt/airflow/dags/fct_avg_day_earthquake.py took 0.028 seconds
[2026-07-25T16:04:55.125+0000] {processor.py:186} INFO - Started process (PID=34423) to work on /opt/airflow/dags/fct_avg_day_earthquake.py
[2026-07-25T16:04:55.126+0000] {processor.py:914} INFO - Processing file /opt/airflow/dags/fct_avg_day_earthquake.py for tasks to queue
[2026-07-25T16:04:55.126+0000] {logging_mixin.py:190} INFO - [2026-07-25T16:04:55.126+0000] {dagbag.py:588} INFO - Filling up the DagBag from /opt/airflow/dags/fct_avg_day_earthquake.py
[2026-07-25T16:04:55.128+0000] {logging_mixin.py:190} INFO - [2026-07-25T16:04:55.127+0000] {dagbag.py:387} ERROR - Failed to import: /opt/airflow/dags/fct_avg_day_earthquake.py
Traceback (most recent call last):
  File "/home/airflow/.local/lib/python3.12/site-packages/airflow/models/dagbag.py", line 383, in parse
    loader.exec_module(new_module)
  File "<frozen importlib._bootstrap_external>", line 999, in exec_module
  File "<frozen importlib._bootstrap>", line 488, in _call_with_frames_removed
  File "/opt/airflow/dags/fct_avg_day_earthquake.py", line 28, in <module>
    "start_date": pendulum.datetime(22026, 7, 10, tz="Europe/Moscow"),
                  ^^^^^^^^^^^^^^^^^^^^^^^^^^^^^^^^^^^^^^^^^^^^^^^^^^^
  File "/home/airflow/.local/lib/python3.12/site-packages/pendulum/__init__.py", line 143, in datetime
    return DateTime.create(
           ^^^^^^^^^^^^^^^^
  File "/home/airflow/.local/lib/python3.12/site-packages/pendulum/datetime.py", line 105, in create
    dt = datetime.datetime(
         ^^^^^^^^^^^^^^^^^^
ValueError: year 22026 is out of range
[2026-07-25T16:04:55.128+0000] {processor.py:927} WARNING - No viable dags retrieved from /opt/airflow/dags/fct_avg_day_earthquake.py
[2026-07-25T16:04:55.140+0000] {processor.py:208} INFO - Processing /opt/airflow/dags/fct_avg_day_earthquake.py took 0.018 seconds
[2026-07-25T16:05:25.629+0000] {processor.py:186} INFO - Started process (PID=34463) to work on /opt/airflow/dags/fct_avg_day_earthquake.py
[2026-07-25T16:05:25.632+0000] {processor.py:914} INFO - Processing file /opt/airflow/dags/fct_avg_day_earthquake.py for tasks to queue
[2026-07-25T16:05:25.633+0000] {logging_mixin.py:190} INFO - [2026-07-25T16:05:25.633+0000] {dagbag.py:588} INFO - Filling up the DagBag from /opt/airflow/dags/fct_avg_day_earthquake.py
[2026-07-25T16:05:25.635+0000] {logging_mixin.py:190} INFO - [2026-07-25T16:05:25.634+0000] {dagbag.py:387} ERROR - Failed to import: /opt/airflow/dags/fct_avg_day_earthquake.py
Traceback (most recent call last):
  File "/home/airflow/.local/lib/python3.12/site-packages/airflow/models/dagbag.py", line 383, in parse
    loader.exec_module(new_module)
  File "<frozen importlib._bootstrap_external>", line 999, in exec_module
  File "<frozen importlib._bootstrap>", line 488, in _call_with_frames_removed
  File "/opt/airflow/dags/fct_avg_day_earthquake.py", line 28, in <module>
    "start_date": pendulum.datetime(22026, 7, 10, tz="Europe/Moscow"),
                  ^^^^^^^^^^^^^^^^^^^^^^^^^^^^^^^^^^^^^^^^^^^^^^^^^^^
  File "/home/airflow/.local/lib/python3.12/site-packages/pendulum/__init__.py", line 143, in datetime
    return DateTime.create(
           ^^^^^^^^^^^^^^^^
  File "/home/airflow/.local/lib/python3.12/site-packages/pendulum/datetime.py", line 105, in create
    dt = datetime.datetime(
         ^^^^^^^^^^^^^^^^^^
ValueError: year 22026 is out of range
[2026-07-25T16:05:25.635+0000] {processor.py:927} WARNING - No viable dags retrieved from /opt/airflow/dags/fct_avg_day_earthquake.py
[2026-07-25T16:05:25.650+0000] {processor.py:208} INFO - Processing /opt/airflow/dags/fct_avg_day_earthquake.py took 0.027 seconds
[2026-07-25T16:05:56.134+0000] {processor.py:186} INFO - Started process (PID=34503) to work on /opt/airflow/dags/fct_avg_day_earthquake.py
[2026-07-25T16:05:56.134+0000] {processor.py:914} INFO - Processing file /opt/airflow/dags/fct_avg_day_earthquake.py for tasks to queue
[2026-07-25T16:05:56.135+0000] {logging_mixin.py:190} INFO - [2026-07-25T16:05:56.135+0000] {dagbag.py:588} INFO - Filling up the DagBag from /opt/airflow/dags/fct_avg_day_earthquake.py
[2026-07-25T16:05:56.137+0000] {logging_mixin.py:190} INFO - [2026-07-25T16:05:56.136+0000] {dagbag.py:387} ERROR - Failed to import: /opt/airflow/dags/fct_avg_day_earthquake.py
Traceback (most recent call last):
  File "/home/airflow/.local/lib/python3.12/site-packages/airflow/models/dagbag.py", line 383, in parse
    loader.exec_module(new_module)
  File "<frozen importlib._bootstrap_external>", line 999, in exec_module
  File "<frozen importlib._bootstrap>", line 488, in _call_with_frames_removed
  File "/opt/airflow/dags/fct_avg_day_earthquake.py", line 28, in <module>
    "start_date": pendulum.datetime(22026, 7, 10, tz="Europe/Moscow"),
                  ^^^^^^^^^^^^^^^^^^^^^^^^^^^^^^^^^^^^^^^^^^^^^^^^^^^
  File "/home/airflow/.local/lib/python3.12/site-packages/pendulum/__init__.py", line 143, in datetime
    return DateTime.create(
           ^^^^^^^^^^^^^^^^
  File "/home/airflow/.local/lib/python3.12/site-packages/pendulum/datetime.py", line 105, in create
    dt = datetime.datetime(
         ^^^^^^^^^^^^^^^^^^
ValueError: year 22026 is out of range
[2026-07-25T16:05:56.137+0000] {processor.py:927} WARNING - No viable dags retrieved from /opt/airflow/dags/fct_avg_day_earthquake.py
[2026-07-25T16:05:56.151+0000] {processor.py:208} INFO - Processing /opt/airflow/dags/fct_avg_day_earthquake.py took 0.021 seconds
[2026-07-25T16:06:26.535+0000] {processor.py:186} INFO - Started process (PID=34543) to work on /opt/airflow/dags/fct_avg_day_earthquake.py
[2026-07-25T16:06:26.538+0000] {processor.py:914} INFO - Processing file /opt/airflow/dags/fct_avg_day_earthquake.py for tasks to queue
[2026-07-25T16:06:26.540+0000] {logging_mixin.py:190} INFO - [2026-07-25T16:06:26.540+0000] {dagbag.py:588} INFO - Filling up the DagBag from /opt/airflow/dags/fct_avg_day_earthquake.py
[2026-07-25T16:06:26.545+0000] {logging_mixin.py:190} INFO - [2026-07-25T16:06:26.543+0000] {dagbag.py:387} ERROR - Failed to import: /opt/airflow/dags/fct_avg_day_earthquake.py
Traceback (most recent call last):
  File "/home/airflow/.local/lib/python3.12/site-packages/airflow/models/dagbag.py", line 383, in parse
    loader.exec_module(new_module)
  File "<frozen importlib._bootstrap_external>", line 999, in exec_module
  File "<frozen importlib._bootstrap>", line 488, in _call_with_frames_removed
  File "/opt/airflow/dags/fct_avg_day_earthquake.py", line 28, in <module>
    "start_date": pendulum.datetime(22026, 7, 10, tz="Europe/Moscow"),
                  ^^^^^^^^^^^^^^^^^^^^^^^^^^^^^^^^^^^^^^^^^^^^^^^^^^^
  File "/home/airflow/.local/lib/python3.12/site-packages/pendulum/__init__.py", line 143, in datetime
    return DateTime.create(
           ^^^^^^^^^^^^^^^^
  File "/home/airflow/.local/lib/python3.12/site-packages/pendulum/datetime.py", line 105, in create
    dt = datetime.datetime(
         ^^^^^^^^^^^^^^^^^^
ValueError: year 22026 is out of range
[2026-07-25T16:06:26.546+0000] {processor.py:927} WARNING - No viable dags retrieved from /opt/airflow/dags/fct_avg_day_earthquake.py
[2026-07-25T16:06:26.563+0000] {processor.py:208} INFO - Processing /opt/airflow/dags/fct_avg_day_earthquake.py took 0.035 seconds
[2026-07-25T16:06:57.100+0000] {processor.py:186} INFO - Started process (PID=34583) to work on /opt/airflow/dags/fct_avg_day_earthquake.py
[2026-07-25T16:06:57.100+0000] {processor.py:914} INFO - Processing file /opt/airflow/dags/fct_avg_day_earthquake.py for tasks to queue
[2026-07-25T16:06:57.101+0000] {logging_mixin.py:190} INFO - [2026-07-25T16:06:57.100+0000] {dagbag.py:588} INFO - Filling up the DagBag from /opt/airflow/dags/fct_avg_day_earthquake.py
[2026-07-25T16:06:57.103+0000] {logging_mixin.py:190} INFO - [2026-07-25T16:06:57.102+0000] {dagbag.py:387} ERROR - Failed to import: /opt/airflow/dags/fct_avg_day_earthquake.py
Traceback (most recent call last):
  File "/home/airflow/.local/lib/python3.12/site-packages/airflow/models/dagbag.py", line 383, in parse
    loader.exec_module(new_module)
  File "<frozen importlib._bootstrap_external>", line 999, in exec_module
  File "<frozen importlib._bootstrap>", line 488, in _call_with_frames_removed
  File "/opt/airflow/dags/fct_avg_day_earthquake.py", line 28, in <module>
    "start_date": pendulum.datetime(22026, 7, 10, tz="Europe/Moscow"),
                  ^^^^^^^^^^^^^^^^^^^^^^^^^^^^^^^^^^^^^^^^^^^^^^^^^^^
  File "/home/airflow/.local/lib/python3.12/site-packages/pendulum/__init__.py", line 143, in datetime
    return DateTime.create(
           ^^^^^^^^^^^^^^^^
  File "/home/airflow/.local/lib/python3.12/site-packages/pendulum/datetime.py", line 105, in create
    dt = datetime.datetime(
         ^^^^^^^^^^^^^^^^^^
ValueError: year 22026 is out of range
[2026-07-25T16:06:57.103+0000] {processor.py:927} WARNING - No viable dags retrieved from /opt/airflow/dags/fct_avg_day_earthquake.py
[2026-07-25T16:06:57.113+0000] {processor.py:208} INFO - Processing /opt/airflow/dags/fct_avg_day_earthquake.py took 0.017 seconds
[2026-07-25T16:07:27.562+0000] {processor.py:186} INFO - Started process (PID=34623) to work on /opt/airflow/dags/fct_avg_day_earthquake.py
[2026-07-25T16:07:27.565+0000] {processor.py:914} INFO - Processing file /opt/airflow/dags/fct_avg_day_earthquake.py for tasks to queue
[2026-07-25T16:07:27.566+0000] {logging_mixin.py:190} INFO - [2026-07-25T16:07:27.566+0000] {dagbag.py:588} INFO - Filling up the DagBag from /opt/airflow/dags/fct_avg_day_earthquake.py
[2026-07-25T16:07:27.569+0000] {logging_mixin.py:190} INFO - [2026-07-25T16:07:27.568+0000] {dagbag.py:387} ERROR - Failed to import: /opt/airflow/dags/fct_avg_day_earthquake.py
Traceback (most recent call last):
  File "/home/airflow/.local/lib/python3.12/site-packages/airflow/models/dagbag.py", line 383, in parse
    loader.exec_module(new_module)
  File "<frozen importlib._bootstrap_external>", line 999, in exec_module
  File "<frozen importlib._bootstrap>", line 488, in _call_with_frames_removed
  File "/opt/airflow/dags/fct_avg_day_earthquake.py", line 28, in <module>
    "start_date": pendulum.datetime(22026, 7, 10, tz="Europe/Moscow"),
                  ^^^^^^^^^^^^^^^^^^^^^^^^^^^^^^^^^^^^^^^^^^^^^^^^^^^
  File "/home/airflow/.local/lib/python3.12/site-packages/pendulum/__init__.py", line 143, in datetime
    return DateTime.create(
           ^^^^^^^^^^^^^^^^
  File "/home/airflow/.local/lib/python3.12/site-packages/pendulum/datetime.py", line 105, in create
    dt = datetime.datetime(
         ^^^^^^^^^^^^^^^^^^
ValueError: year 22026 is out of range
[2026-07-25T16:07:27.570+0000] {processor.py:927} WARNING - No viable dags retrieved from /opt/airflow/dags/fct_avg_day_earthquake.py
[2026-07-25T16:07:27.581+0000] {processor.py:208} INFO - Processing /opt/airflow/dags/fct_avg_day_earthquake.py took 0.023 seconds
[2026-07-25T16:07:57.984+0000] {processor.py:186} INFO - Started process (PID=34663) to work on /opt/airflow/dags/fct_avg_day_earthquake.py
[2026-07-25T16:07:57.984+0000] {processor.py:914} INFO - Processing file /opt/airflow/dags/fct_avg_day_earthquake.py for tasks to queue
[2026-07-25T16:07:57.985+0000] {logging_mixin.py:190} INFO - [2026-07-25T16:07:57.985+0000] {dagbag.py:588} INFO - Filling up the DagBag from /opt/airflow/dags/fct_avg_day_earthquake.py
[2026-07-25T16:07:57.987+0000] {logging_mixin.py:190} INFO - [2026-07-25T16:07:57.986+0000] {dagbag.py:387} ERROR - Failed to import: /opt/airflow/dags/fct_avg_day_earthquake.py
Traceback (most recent call last):
  File "/home/airflow/.local/lib/python3.12/site-packages/airflow/models/dagbag.py", line 383, in parse
    loader.exec_module(new_module)
  File "<frozen importlib._bootstrap_external>", line 999, in exec_module
  File "<frozen importlib._bootstrap>", line 488, in _call_with_frames_removed
  File "/opt/airflow/dags/fct_avg_day_earthquake.py", line 28, in <module>
    "start_date": pendulum.datetime(22026, 7, 10, tz="Europe/Moscow"),
                  ^^^^^^^^^^^^^^^^^^^^^^^^^^^^^^^^^^^^^^^^^^^^^^^^^^^
  File "/home/airflow/.local/lib/python3.12/site-packages/pendulum/__init__.py", line 143, in datetime
    return DateTime.create(
           ^^^^^^^^^^^^^^^^
  File "/home/airflow/.local/lib/python3.12/site-packages/pendulum/datetime.py", line 105, in create
    dt = datetime.datetime(
         ^^^^^^^^^^^^^^^^^^
ValueError: year 22026 is out of range
[2026-07-25T16:07:57.987+0000] {processor.py:927} WARNING - No viable dags retrieved from /opt/airflow/dags/fct_avg_day_earthquake.py
[2026-07-25T16:07:58.000+0000] {processor.py:208} INFO - Processing /opt/airflow/dags/fct_avg_day_earthquake.py took 0.019 seconds
[2026-07-25T16:08:28.524+0000] {processor.py:186} INFO - Started process (PID=34703) to work on /opt/airflow/dags/fct_avg_day_earthquake.py
[2026-07-25T16:08:28.527+0000] {processor.py:914} INFO - Processing file /opt/airflow/dags/fct_avg_day_earthquake.py for tasks to queue
[2026-07-25T16:08:28.528+0000] {logging_mixin.py:190} INFO - [2026-07-25T16:08:28.528+0000] {dagbag.py:588} INFO - Filling up the DagBag from /opt/airflow/dags/fct_avg_day_earthquake.py
[2026-07-25T16:08:28.531+0000] {logging_mixin.py:190} INFO - [2026-07-25T16:08:28.530+0000] {dagbag.py:387} ERROR - Failed to import: /opt/airflow/dags/fct_avg_day_earthquake.py
Traceback (most recent call last):
  File "/home/airflow/.local/lib/python3.12/site-packages/airflow/models/dagbag.py", line 383, in parse
    loader.exec_module(new_module)
  File "<frozen importlib._bootstrap_external>", line 999, in exec_module
  File "<frozen importlib._bootstrap>", line 488, in _call_with_frames_removed
  File "/opt/airflow/dags/fct_avg_day_earthquake.py", line 28, in <module>
    "start_date": pendulum.datetime(22026, 7, 10, tz="Europe/Moscow"),
                  ^^^^^^^^^^^^^^^^^^^^^^^^^^^^^^^^^^^^^^^^^^^^^^^^^^^
  File "/home/airflow/.local/lib/python3.12/site-packages/pendulum/__init__.py", line 143, in datetime
    return DateTime.create(
           ^^^^^^^^^^^^^^^^
  File "/home/airflow/.local/lib/python3.12/site-packages/pendulum/datetime.py", line 105, in create
    dt = datetime.datetime(
         ^^^^^^^^^^^^^^^^^^
ValueError: year 22026 is out of range
[2026-07-25T16:08:28.531+0000] {processor.py:927} WARNING - No viable dags retrieved from /opt/airflow/dags/fct_avg_day_earthquake.py
[2026-07-25T16:08:28.545+0000] {processor.py:208} INFO - Processing /opt/airflow/dags/fct_avg_day_earthquake.py took 0.024 seconds
[2026-07-25T16:08:59.006+0000] {processor.py:186} INFO - Started process (PID=34743) to work on /opt/airflow/dags/fct_avg_day_earthquake.py
[2026-07-25T16:08:59.007+0000] {processor.py:914} INFO - Processing file /opt/airflow/dags/fct_avg_day_earthquake.py for tasks to queue
[2026-07-25T16:08:59.007+0000] {logging_mixin.py:190} INFO - [2026-07-25T16:08:59.007+0000] {dagbag.py:588} INFO - Filling up the DagBag from /opt/airflow/dags/fct_avg_day_earthquake.py
[2026-07-25T16:08:59.010+0000] {logging_mixin.py:190} INFO - [2026-07-25T16:08:59.009+0000] {dagbag.py:387} ERROR - Failed to import: /opt/airflow/dags/fct_avg_day_earthquake.py
Traceback (most recent call last):
  File "/home/airflow/.local/lib/python3.12/site-packages/airflow/models/dagbag.py", line 383, in parse
    loader.exec_module(new_module)
  File "<frozen importlib._bootstrap_external>", line 999, in exec_module
  File "<frozen importlib._bootstrap>", line 488, in _call_with_frames_removed
  File "/opt/airflow/dags/fct_avg_day_earthquake.py", line 28, in <module>
    "start_date": pendulum.datetime(22026, 7, 10, tz="Europe/Moscow"),
                  ^^^^^^^^^^^^^^^^^^^^^^^^^^^^^^^^^^^^^^^^^^^^^^^^^^^
  File "/home/airflow/.local/lib/python3.12/site-packages/pendulum/__init__.py", line 143, in datetime
    return DateTime.create(
           ^^^^^^^^^^^^^^^^
  File "/home/airflow/.local/lib/python3.12/site-packages/pendulum/datetime.py", line 105, in create
    dt = datetime.datetime(
         ^^^^^^^^^^^^^^^^^^
ValueError: year 22026 is out of range
[2026-07-25T16:08:59.010+0000] {processor.py:927} WARNING - No viable dags retrieved from /opt/airflow/dags/fct_avg_day_earthquake.py
[2026-07-25T16:08:59.033+0000] {processor.py:208} INFO - Processing /opt/airflow/dags/fct_avg_day_earthquake.py took 0.030 seconds
[2026-07-25T16:09:29.501+0000] {processor.py:186} INFO - Started process (PID=34783) to work on /opt/airflow/dags/fct_avg_day_earthquake.py
[2026-07-25T16:09:29.502+0000] {processor.py:914} INFO - Processing file /opt/airflow/dags/fct_avg_day_earthquake.py for tasks to queue
[2026-07-25T16:09:29.502+0000] {logging_mixin.py:190} INFO - [2026-07-25T16:09:29.502+0000] {dagbag.py:588} INFO - Filling up the DagBag from /opt/airflow/dags/fct_avg_day_earthquake.py
[2026-07-25T16:09:29.505+0000] {logging_mixin.py:190} INFO - [2026-07-25T16:09:29.504+0000] {dagbag.py:387} ERROR - Failed to import: /opt/airflow/dags/fct_avg_day_earthquake.py
Traceback (most recent call last):
  File "/home/airflow/.local/lib/python3.12/site-packages/airflow/models/dagbag.py", line 383, in parse
    loader.exec_module(new_module)
  File "<frozen importlib._bootstrap_external>", line 999, in exec_module
  File "<frozen importlib._bootstrap>", line 488, in _call_with_frames_removed
  File "/opt/airflow/dags/fct_avg_day_earthquake.py", line 28, in <module>
    "start_date": pendulum.datetime(22026, 7, 10, tz="Europe/Moscow"),
                  ^^^^^^^^^^^^^^^^^^^^^^^^^^^^^^^^^^^^^^^^^^^^^^^^^^^
  File "/home/airflow/.local/lib/python3.12/site-packages/pendulum/__init__.py", line 143, in datetime
    return DateTime.create(
           ^^^^^^^^^^^^^^^^
  File "/home/airflow/.local/lib/python3.12/site-packages/pendulum/datetime.py", line 105, in create
    dt = datetime.datetime(
         ^^^^^^^^^^^^^^^^^^
ValueError: year 22026 is out of range
[2026-07-25T16:09:29.505+0000] {processor.py:927} WARNING - No viable dags retrieved from /opt/airflow/dags/fct_avg_day_earthquake.py
[2026-07-25T16:09:29.517+0000] {processor.py:208} INFO - Processing /opt/airflow/dags/fct_avg_day_earthquake.py took 0.020 seconds
[2026-07-25T16:10:00.034+0000] {processor.py:186} INFO - Started process (PID=34823) to work on /opt/airflow/dags/fct_avg_day_earthquake.py
[2026-07-25T16:10:00.035+0000] {processor.py:914} INFO - Processing file /opt/airflow/dags/fct_avg_day_earthquake.py for tasks to queue
[2026-07-25T16:10:00.035+0000] {logging_mixin.py:190} INFO - [2026-07-25T16:10:00.035+0000] {dagbag.py:588} INFO - Filling up the DagBag from /opt/airflow/dags/fct_avg_day_earthquake.py
[2026-07-25T16:10:00.037+0000] {logging_mixin.py:190} INFO - [2026-07-25T16:10:00.036+0000] {dagbag.py:387} ERROR - Failed to import: /opt/airflow/dags/fct_avg_day_earthquake.py
Traceback (most recent call last):
  File "/home/airflow/.local/lib/python3.12/site-packages/airflow/models/dagbag.py", line 383, in parse
    loader.exec_module(new_module)
  File "<frozen importlib._bootstrap_external>", line 999, in exec_module
  File "<frozen importlib._bootstrap>", line 488, in _call_with_frames_removed
  File "/opt/airflow/dags/fct_avg_day_earthquake.py", line 28, in <module>
    "start_date": pendulum.datetime(22026, 7, 10, tz="Europe/Moscow"),
                  ^^^^^^^^^^^^^^^^^^^^^^^^^^^^^^^^^^^^^^^^^^^^^^^^^^^
  File "/home/airflow/.local/lib/python3.12/site-packages/pendulum/__init__.py", line 143, in datetime
    return DateTime.create(
           ^^^^^^^^^^^^^^^^
  File "/home/airflow/.local/lib/python3.12/site-packages/pendulum/datetime.py", line 105, in create
    dt = datetime.datetime(
         ^^^^^^^^^^^^^^^^^^
ValueError: year 22026 is out of range
[2026-07-25T16:10:00.037+0000] {processor.py:927} WARNING - No viable dags retrieved from /opt/airflow/dags/fct_avg_day_earthquake.py
[2026-07-25T16:10:00.052+0000] {processor.py:208} INFO - Processing /opt/airflow/dags/fct_avg_day_earthquake.py took 0.021 seconds
[2026-07-25T16:10:30.553+0000] {processor.py:186} INFO - Started process (PID=34863) to work on /opt/airflow/dags/fct_avg_day_earthquake.py
[2026-07-25T16:10:30.556+0000] {processor.py:914} INFO - Processing file /opt/airflow/dags/fct_avg_day_earthquake.py for tasks to queue
[2026-07-25T16:10:30.557+0000] {logging_mixin.py:190} INFO - [2026-07-25T16:10:30.557+0000] {dagbag.py:588} INFO - Filling up the DagBag from /opt/airflow/dags/fct_avg_day_earthquake.py
[2026-07-25T16:10:30.559+0000] {logging_mixin.py:190} INFO - [2026-07-25T16:10:30.558+0000] {dagbag.py:387} ERROR - Failed to import: /opt/airflow/dags/fct_avg_day_earthquake.py
Traceback (most recent call last):
  File "/home/airflow/.local/lib/python3.12/site-packages/airflow/models/dagbag.py", line 383, in parse
    loader.exec_module(new_module)
  File "<frozen importlib._bootstrap_external>", line 999, in exec_module
  File "<frozen importlib._bootstrap>", line 488, in _call_with_frames_removed
  File "/opt/airflow/dags/fct_avg_day_earthquake.py", line 28, in <module>
    "start_date": pendulum.datetime(22026, 7, 10, tz="Europe/Moscow"),
                  ^^^^^^^^^^^^^^^^^^^^^^^^^^^^^^^^^^^^^^^^^^^^^^^^^^^
  File "/home/airflow/.local/lib/python3.12/site-packages/pendulum/__init__.py", line 143, in datetime
    return DateTime.create(
           ^^^^^^^^^^^^^^^^
  File "/home/airflow/.local/lib/python3.12/site-packages/pendulum/datetime.py", line 105, in create
    dt = datetime.datetime(
         ^^^^^^^^^^^^^^^^^^
ValueError: year 22026 is out of range
[2026-07-25T16:10:30.559+0000] {processor.py:927} WARNING - No viable dags retrieved from /opt/airflow/dags/fct_avg_day_earthquake.py
[2026-07-25T16:10:30.572+0000] {processor.py:208} INFO - Processing /opt/airflow/dags/fct_avg_day_earthquake.py took 0.023 seconds
[2026-07-25T16:11:01.048+0000] {processor.py:186} INFO - Started process (PID=34903) to work on /opt/airflow/dags/fct_avg_day_earthquake.py
[2026-07-25T16:11:01.052+0000] {processor.py:914} INFO - Processing file /opt/airflow/dags/fct_avg_day_earthquake.py for tasks to queue
[2026-07-25T16:11:01.052+0000] {logging_mixin.py:190} INFO - [2026-07-25T16:11:01.052+0000] {dagbag.py:588} INFO - Filling up the DagBag from /opt/airflow/dags/fct_avg_day_earthquake.py
[2026-07-25T16:11:01.054+0000] {logging_mixin.py:190} INFO - [2026-07-25T16:11:01.054+0000] {dagbag.py:387} ERROR - Failed to import: /opt/airflow/dags/fct_avg_day_earthquake.py
Traceback (most recent call last):
  File "/home/airflow/.local/lib/python3.12/site-packages/airflow/models/dagbag.py", line 383, in parse
    loader.exec_module(new_module)
  File "<frozen importlib._bootstrap_external>", line 999, in exec_module
  File "<frozen importlib._bootstrap>", line 488, in _call_with_frames_removed
  File "/opt/airflow/dags/fct_avg_day_earthquake.py", line 28, in <module>
    "start_date": pendulum.datetime(22026, 7, 10, tz="Europe/Moscow"),
                  ^^^^^^^^^^^^^^^^^^^^^^^^^^^^^^^^^^^^^^^^^^^^^^^^^^^
  File "/home/airflow/.local/lib/python3.12/site-packages/pendulum/__init__.py", line 143, in datetime
    return DateTime.create(
           ^^^^^^^^^^^^^^^^
  File "/home/airflow/.local/lib/python3.12/site-packages/pendulum/datetime.py", line 105, in create
    dt = datetime.datetime(
         ^^^^^^^^^^^^^^^^^^
ValueError: year 22026 is out of range
[2026-07-25T16:11:01.055+0000] {processor.py:927} WARNING - No viable dags retrieved from /opt/airflow/dags/fct_avg_day_earthquake.py
[2026-07-25T16:11:01.068+0000] {processor.py:208} INFO - Processing /opt/airflow/dags/fct_avg_day_earthquake.py took 0.024 seconds
[2026-07-25T16:11:31.617+0000] {processor.py:186} INFO - Started process (PID=34943) to work on /opt/airflow/dags/fct_avg_day_earthquake.py
[2026-07-25T16:11:31.620+0000] {processor.py:914} INFO - Processing file /opt/airflow/dags/fct_avg_day_earthquake.py for tasks to queue
[2026-07-25T16:11:31.621+0000] {logging_mixin.py:190} INFO - [2026-07-25T16:11:31.621+0000] {dagbag.py:588} INFO - Filling up the DagBag from /opt/airflow/dags/fct_avg_day_earthquake.py
[2026-07-25T16:11:31.625+0000] {logging_mixin.py:190} INFO - [2026-07-25T16:11:31.623+0000] {dagbag.py:387} ERROR - Failed to import: /opt/airflow/dags/fct_avg_day_earthquake.py
Traceback (most recent call last):
  File "/home/airflow/.local/lib/python3.12/site-packages/airflow/models/dagbag.py", line 383, in parse
    loader.exec_module(new_module)
  File "<frozen importlib._bootstrap_external>", line 999, in exec_module
  File "<frozen importlib._bootstrap>", line 488, in _call_with_frames_removed
  File "/opt/airflow/dags/fct_avg_day_earthquake.py", line 28, in <module>
    "start_date": pendulum.datetime(22026, 7, 10, tz="Europe/Moscow"),
                  ^^^^^^^^^^^^^^^^^^^^^^^^^^^^^^^^^^^^^^^^^^^^^^^^^^^
  File "/home/airflow/.local/lib/python3.12/site-packages/pendulum/__init__.py", line 143, in datetime
    return DateTime.create(
           ^^^^^^^^^^^^^^^^
  File "/home/airflow/.local/lib/python3.12/site-packages/pendulum/datetime.py", line 105, in create
    dt = datetime.datetime(
         ^^^^^^^^^^^^^^^^^^
ValueError: year 22026 is out of range
[2026-07-25T16:11:31.625+0000] {processor.py:927} WARNING - No viable dags retrieved from /opt/airflow/dags/fct_avg_day_earthquake.py
[2026-07-25T16:11:31.637+0000] {processor.py:208} INFO - Processing /opt/airflow/dags/fct_avg_day_earthquake.py took 0.023 seconds
[2026-07-25T16:12:02.071+0000] {processor.py:186} INFO - Started process (PID=34983) to work on /opt/airflow/dags/fct_avg_day_earthquake.py
[2026-07-25T16:12:02.071+0000] {processor.py:914} INFO - Processing file /opt/airflow/dags/fct_avg_day_earthquake.py for tasks to queue
[2026-07-25T16:12:02.072+0000] {logging_mixin.py:190} INFO - [2026-07-25T16:12:02.072+0000] {dagbag.py:588} INFO - Filling up the DagBag from /opt/airflow/dags/fct_avg_day_earthquake.py
[2026-07-25T16:12:02.074+0000] {logging_mixin.py:190} INFO - [2026-07-25T16:12:02.074+0000] {dagbag.py:387} ERROR - Failed to import: /opt/airflow/dags/fct_avg_day_earthquake.py
Traceback (most recent call last):
  File "/home/airflow/.local/lib/python3.12/site-packages/airflow/models/dagbag.py", line 383, in parse
    loader.exec_module(new_module)
  File "<frozen importlib._bootstrap_external>", line 999, in exec_module
  File "<frozen importlib._bootstrap>", line 488, in _call_with_frames_removed
  File "/opt/airflow/dags/fct_avg_day_earthquake.py", line 28, in <module>
    "start_date": pendulum.datetime(22026, 7, 10, tz="Europe/Moscow"),
                  ^^^^^^^^^^^^^^^^^^^^^^^^^^^^^^^^^^^^^^^^^^^^^^^^^^^
  File "/home/airflow/.local/lib/python3.12/site-packages/pendulum/__init__.py", line 143, in datetime
    return DateTime.create(
           ^^^^^^^^^^^^^^^^
  File "/home/airflow/.local/lib/python3.12/site-packages/pendulum/datetime.py", line 105, in create
    dt = datetime.datetime(
         ^^^^^^^^^^^^^^^^^^
ValueError: year 22026 is out of range
[2026-07-25T16:12:02.075+0000] {processor.py:927} WARNING - No viable dags retrieved from /opt/airflow/dags/fct_avg_day_earthquake.py
[2026-07-25T16:12:02.089+0000] {processor.py:208} INFO - Processing /opt/airflow/dags/fct_avg_day_earthquake.py took 0.023 seconds
[2026-07-25T16:12:32.547+0000] {processor.py:186} INFO - Started process (PID=35023) to work on /opt/airflow/dags/fct_avg_day_earthquake.py
[2026-07-25T16:12:32.550+0000] {processor.py:914} INFO - Processing file /opt/airflow/dags/fct_avg_day_earthquake.py for tasks to queue
[2026-07-25T16:12:32.551+0000] {logging_mixin.py:190} INFO - [2026-07-25T16:12:32.551+0000] {dagbag.py:588} INFO - Filling up the DagBag from /opt/airflow/dags/fct_avg_day_earthquake.py
[2026-07-25T16:12:32.554+0000] {logging_mixin.py:190} INFO - [2026-07-25T16:12:32.553+0000] {dagbag.py:387} ERROR - Failed to import: /opt/airflow/dags/fct_avg_day_earthquake.py
Traceback (most recent call last):
  File "/home/airflow/.local/lib/python3.12/site-packages/airflow/models/dagbag.py", line 383, in parse
    loader.exec_module(new_module)
  File "<frozen importlib._bootstrap_external>", line 999, in exec_module
  File "<frozen importlib._bootstrap>", line 488, in _call_with_frames_removed
  File "/opt/airflow/dags/fct_avg_day_earthquake.py", line 28, in <module>
    "start_date": pendulum.datetime(22026, 7, 10, tz="Europe/Moscow"),
                  ^^^^^^^^^^^^^^^^^^^^^^^^^^^^^^^^^^^^^^^^^^^^^^^^^^^
  File "/home/airflow/.local/lib/python3.12/site-packages/pendulum/__init__.py", line 143, in datetime
    return DateTime.create(
           ^^^^^^^^^^^^^^^^
  File "/home/airflow/.local/lib/python3.12/site-packages/pendulum/datetime.py", line 105, in create
    dt = datetime.datetime(
         ^^^^^^^^^^^^^^^^^^
ValueError: year 22026 is out of range
[2026-07-25T16:12:32.554+0000] {processor.py:927} WARNING - No viable dags retrieved from /opt/airflow/dags/fct_avg_day_earthquake.py
[2026-07-25T16:12:32.565+0000] {processor.py:208} INFO - Processing /opt/airflow/dags/fct_avg_day_earthquake.py took 0.022 seconds
[2026-07-25T16:13:03.051+0000] {processor.py:186} INFO - Started process (PID=35063) to work on /opt/airflow/dags/fct_avg_day_earthquake.py
[2026-07-25T16:13:03.052+0000] {processor.py:914} INFO - Processing file /opt/airflow/dags/fct_avg_day_earthquake.py for tasks to queue
[2026-07-25T16:13:03.052+0000] {logging_mixin.py:190} INFO - [2026-07-25T16:13:03.052+0000] {dagbag.py:588} INFO - Filling up the DagBag from /opt/airflow/dags/fct_avg_day_earthquake.py
[2026-07-25T16:13:03.054+0000] {logging_mixin.py:190} INFO - [2026-07-25T16:13:03.054+0000] {dagbag.py:387} ERROR - Failed to import: /opt/airflow/dags/fct_avg_day_earthquake.py
Traceback (most recent call last):
  File "/home/airflow/.local/lib/python3.12/site-packages/airflow/models/dagbag.py", line 383, in parse
    loader.exec_module(new_module)
  File "<frozen importlib._bootstrap_external>", line 999, in exec_module
  File "<frozen importlib._bootstrap>", line 488, in _call_with_frames_removed
  File "/opt/airflow/dags/fct_avg_day_earthquake.py", line 28, in <module>
    "start_date": pendulum.datetime(22026, 7, 10, tz="Europe/Moscow"),
                  ^^^^^^^^^^^^^^^^^^^^^^^^^^^^^^^^^^^^^^^^^^^^^^^^^^^
  File "/home/airflow/.local/lib/python3.12/site-packages/pendulum/__init__.py", line 143, in datetime
    return DateTime.create(
           ^^^^^^^^^^^^^^^^
  File "/home/airflow/.local/lib/python3.12/site-packages/pendulum/datetime.py", line 105, in create
    dt = datetime.datetime(
         ^^^^^^^^^^^^^^^^^^
ValueError: year 22026 is out of range
[2026-07-25T16:13:03.055+0000] {processor.py:927} WARNING - No viable dags retrieved from /opt/airflow/dags/fct_avg_day_earthquake.py
[2026-07-25T16:13:03.066+0000] {processor.py:208} INFO - Processing /opt/airflow/dags/fct_avg_day_earthquake.py took 0.018 seconds
[2026-07-25T16:13:33.594+0000] {processor.py:186} INFO - Started process (PID=35103) to work on /opt/airflow/dags/fct_avg_day_earthquake.py
[2026-07-25T16:13:33.598+0000] {processor.py:914} INFO - Processing file /opt/airflow/dags/fct_avg_day_earthquake.py for tasks to queue
[2026-07-25T16:13:33.598+0000] {logging_mixin.py:190} INFO - [2026-07-25T16:13:33.598+0000] {dagbag.py:588} INFO - Filling up the DagBag from /opt/airflow/dags/fct_avg_day_earthquake.py
[2026-07-25T16:13:33.601+0000] {logging_mixin.py:190} INFO - [2026-07-25T16:13:33.600+0000] {dagbag.py:387} ERROR - Failed to import: /opt/airflow/dags/fct_avg_day_earthquake.py
Traceback (most recent call last):
  File "/home/airflow/.local/lib/python3.12/site-packages/airflow/models/dagbag.py", line 383, in parse
    loader.exec_module(new_module)
  File "<frozen importlib._bootstrap_external>", line 999, in exec_module
  File "<frozen importlib._bootstrap>", line 488, in _call_with_frames_removed
  File "/opt/airflow/dags/fct_avg_day_earthquake.py", line 28, in <module>
    "start_date": pendulum.datetime(22026, 7, 10, tz="Europe/Moscow"),
                  ^^^^^^^^^^^^^^^^^^^^^^^^^^^^^^^^^^^^^^^^^^^^^^^^^^^
  File "/home/airflow/.local/lib/python3.12/site-packages/pendulum/__init__.py", line 143, in datetime
    return DateTime.create(
           ^^^^^^^^^^^^^^^^
  File "/home/airflow/.local/lib/python3.12/site-packages/pendulum/datetime.py", line 105, in create
    dt = datetime.datetime(
         ^^^^^^^^^^^^^^^^^^
ValueError: year 22026 is out of range
[2026-07-25T16:13:33.601+0000] {processor.py:927} WARNING - No viable dags retrieved from /opt/airflow/dags/fct_avg_day_earthquake.py
[2026-07-25T16:13:33.613+0000] {processor.py:208} INFO - Processing /opt/airflow/dags/fct_avg_day_earthquake.py took 0.024 seconds
[2026-07-25T16:14:04.147+0000] {processor.py:186} INFO - Started process (PID=35143) to work on /opt/airflow/dags/fct_avg_day_earthquake.py
[2026-07-25T16:14:04.148+0000] {processor.py:914} INFO - Processing file /opt/airflow/dags/fct_avg_day_earthquake.py for tasks to queue
[2026-07-25T16:14:04.148+0000] {logging_mixin.py:190} INFO - [2026-07-25T16:14:04.148+0000] {dagbag.py:588} INFO - Filling up the DagBag from /opt/airflow/dags/fct_avg_day_earthquake.py
[2026-07-25T16:14:04.151+0000] {logging_mixin.py:190} INFO - [2026-07-25T16:14:04.150+0000] {dagbag.py:387} ERROR - Failed to import: /opt/airflow/dags/fct_avg_day_earthquake.py
Traceback (most recent call last):
  File "/home/airflow/.local/lib/python3.12/site-packages/airflow/models/dagbag.py", line 383, in parse
    loader.exec_module(new_module)
  File "<frozen importlib._bootstrap_external>", line 999, in exec_module
  File "<frozen importlib._bootstrap>", line 488, in _call_with_frames_removed
  File "/opt/airflow/dags/fct_avg_day_earthquake.py", line 28, in <module>
    "start_date": pendulum.datetime(22026, 7, 10, tz="Europe/Moscow"),
                  ^^^^^^^^^^^^^^^^^^^^^^^^^^^^^^^^^^^^^^^^^^^^^^^^^^^
  File "/home/airflow/.local/lib/python3.12/site-packages/pendulum/__init__.py", line 143, in datetime
    return DateTime.create(
           ^^^^^^^^^^^^^^^^
  File "/home/airflow/.local/lib/python3.12/site-packages/pendulum/datetime.py", line 105, in create
    dt = datetime.datetime(
         ^^^^^^^^^^^^^^^^^^
ValueError: year 22026 is out of range
[2026-07-25T16:14:04.151+0000] {processor.py:927} WARNING - No viable dags retrieved from /opt/airflow/dags/fct_avg_day_earthquake.py
[2026-07-25T16:14:04.172+0000] {processor.py:208} INFO - Processing /opt/airflow/dags/fct_avg_day_earthquake.py took 0.030 seconds
[2026-07-25T16:14:34.617+0000] {processor.py:186} INFO - Started process (PID=35183) to work on /opt/airflow/dags/fct_avg_day_earthquake.py
[2026-07-25T16:14:34.620+0000] {processor.py:914} INFO - Processing file /opt/airflow/dags/fct_avg_day_earthquake.py for tasks to queue
[2026-07-25T16:14:34.621+0000] {logging_mixin.py:190} INFO - [2026-07-25T16:14:34.621+0000] {dagbag.py:588} INFO - Filling up the DagBag from /opt/airflow/dags/fct_avg_day_earthquake.py
[2026-07-25T16:14:34.623+0000] {logging_mixin.py:190} INFO - [2026-07-25T16:14:34.622+0000] {dagbag.py:387} ERROR - Failed to import: /opt/airflow/dags/fct_avg_day_earthquake.py
Traceback (most recent call last):
  File "/home/airflow/.local/lib/python3.12/site-packages/airflow/models/dagbag.py", line 383, in parse
    loader.exec_module(new_module)
  File "<frozen importlib._bootstrap_external>", line 999, in exec_module
  File "<frozen importlib._bootstrap>", line 488, in _call_with_frames_removed
  File "/opt/airflow/dags/fct_avg_day_earthquake.py", line 28, in <module>
    "start_date": pendulum.datetime(22026, 7, 10, tz="Europe/Moscow"),
                  ^^^^^^^^^^^^^^^^^^^^^^^^^^^^^^^^^^^^^^^^^^^^^^^^^^^
  File "/home/airflow/.local/lib/python3.12/site-packages/pendulum/__init__.py", line 143, in datetime
    return DateTime.create(
           ^^^^^^^^^^^^^^^^
  File "/home/airflow/.local/lib/python3.12/site-packages/pendulum/datetime.py", line 105, in create
    dt = datetime.datetime(
         ^^^^^^^^^^^^^^^^^^
ValueError: year 22026 is out of range
[2026-07-25T16:14:34.623+0000] {processor.py:927} WARNING - No viable dags retrieved from /opt/airflow/dags/fct_avg_day_earthquake.py
[2026-07-25T16:14:34.636+0000] {processor.py:208} INFO - Processing /opt/airflow/dags/fct_avg_day_earthquake.py took 0.023 seconds
[2026-07-25T16:15:05.062+0000] {processor.py:186} INFO - Started process (PID=35223) to work on /opt/airflow/dags/fct_avg_day_earthquake.py
[2026-07-25T16:15:05.063+0000] {processor.py:914} INFO - Processing file /opt/airflow/dags/fct_avg_day_earthquake.py for tasks to queue
[2026-07-25T16:15:05.063+0000] {logging_mixin.py:190} INFO - [2026-07-25T16:15:05.063+0000] {dagbag.py:588} INFO - Filling up the DagBag from /opt/airflow/dags/fct_avg_day_earthquake.py
[2026-07-25T16:15:05.065+0000] {logging_mixin.py:190} INFO - [2026-07-25T16:15:05.064+0000] {dagbag.py:387} ERROR - Failed to import: /opt/airflow/dags/fct_avg_day_earthquake.py
Traceback (most recent call last):
  File "/home/airflow/.local/lib/python3.12/site-packages/airflow/models/dagbag.py", line 383, in parse
    loader.exec_module(new_module)
  File "<frozen importlib._bootstrap_external>", line 999, in exec_module
  File "<frozen importlib._bootstrap>", line 488, in _call_with_frames_removed
  File "/opt/airflow/dags/fct_avg_day_earthquake.py", line 28, in <module>
    "start_date": pendulum.datetime(22026, 7, 10, tz="Europe/Moscow"),
                  ^^^^^^^^^^^^^^^^^^^^^^^^^^^^^^^^^^^^^^^^^^^^^^^^^^^
  File "/home/airflow/.local/lib/python3.12/site-packages/pendulum/__init__.py", line 143, in datetime
    return DateTime.create(
           ^^^^^^^^^^^^^^^^
  File "/home/airflow/.local/lib/python3.12/site-packages/pendulum/datetime.py", line 105, in create
    dt = datetime.datetime(
         ^^^^^^^^^^^^^^^^^^
ValueError: year 22026 is out of range
[2026-07-25T16:15:05.065+0000] {processor.py:927} WARNING - No viable dags retrieved from /opt/airflow/dags/fct_avg_day_earthquake.py
[2026-07-25T16:15:05.078+0000] {processor.py:208} INFO - Processing /opt/airflow/dags/fct_avg_day_earthquake.py took 0.020 seconds
[2026-07-25T16:15:35.520+0000] {processor.py:186} INFO - Started process (PID=35263) to work on /opt/airflow/dags/fct_avg_day_earthquake.py
[2026-07-25T16:15:35.523+0000] {processor.py:914} INFO - Processing file /opt/airflow/dags/fct_avg_day_earthquake.py for tasks to queue
[2026-07-25T16:15:35.524+0000] {logging_mixin.py:190} INFO - [2026-07-25T16:15:35.524+0000] {dagbag.py:588} INFO - Filling up the DagBag from /opt/airflow/dags/fct_avg_day_earthquake.py
[2026-07-25T16:15:35.528+0000] {logging_mixin.py:190} INFO - [2026-07-25T16:15:35.527+0000] {dagbag.py:387} ERROR - Failed to import: /opt/airflow/dags/fct_avg_day_earthquake.py
Traceback (most recent call last):
  File "/home/airflow/.local/lib/python3.12/site-packages/airflow/models/dagbag.py", line 383, in parse
    loader.exec_module(new_module)
  File "<frozen importlib._bootstrap_external>", line 999, in exec_module
  File "<frozen importlib._bootstrap>", line 488, in _call_with_frames_removed
  File "/opt/airflow/dags/fct_avg_day_earthquake.py", line 28, in <module>
    "start_date": pendulum.datetime(22026, 7, 10, tz="Europe/Moscow"),
                  ^^^^^^^^^^^^^^^^^^^^^^^^^^^^^^^^^^^^^^^^^^^^^^^^^^^
  File "/home/airflow/.local/lib/python3.12/site-packages/pendulum/__init__.py", line 143, in datetime
    return DateTime.create(
           ^^^^^^^^^^^^^^^^
  File "/home/airflow/.local/lib/python3.12/site-packages/pendulum/datetime.py", line 105, in create
    dt = datetime.datetime(
         ^^^^^^^^^^^^^^^^^^
ValueError: year 22026 is out of range
[2026-07-25T16:15:35.528+0000] {processor.py:927} WARNING - No viable dags retrieved from /opt/airflow/dags/fct_avg_day_earthquake.py
[2026-07-25T16:15:35.540+0000] {processor.py:208} INFO - Processing /opt/airflow/dags/fct_avg_day_earthquake.py took 0.024 seconds
[2026-07-25T16:16:06.026+0000] {processor.py:186} INFO - Started process (PID=35303) to work on /opt/airflow/dags/fct_avg_day_earthquake.py
[2026-07-25T16:16:06.027+0000] {processor.py:914} INFO - Processing file /opt/airflow/dags/fct_avg_day_earthquake.py for tasks to queue
[2026-07-25T16:16:06.027+0000] {logging_mixin.py:190} INFO - [2026-07-25T16:16:06.027+0000] {dagbag.py:588} INFO - Filling up the DagBag from /opt/airflow/dags/fct_avg_day_earthquake.py
[2026-07-25T16:16:06.030+0000] {logging_mixin.py:190} INFO - [2026-07-25T16:16:06.029+0000] {dagbag.py:387} ERROR - Failed to import: /opt/airflow/dags/fct_avg_day_earthquake.py
Traceback (most recent call last):
  File "/home/airflow/.local/lib/python3.12/site-packages/airflow/models/dagbag.py", line 383, in parse
    loader.exec_module(new_module)
  File "<frozen importlib._bootstrap_external>", line 999, in exec_module
  File "<frozen importlib._bootstrap>", line 488, in _call_with_frames_removed
  File "/opt/airflow/dags/fct_avg_day_earthquake.py", line 28, in <module>
    "start_date": pendulum.datetime(22026, 7, 10, tz="Europe/Moscow"),
                  ^^^^^^^^^^^^^^^^^^^^^^^^^^^^^^^^^^^^^^^^^^^^^^^^^^^
  File "/home/airflow/.local/lib/python3.12/site-packages/pendulum/__init__.py", line 143, in datetime
    return DateTime.create(
           ^^^^^^^^^^^^^^^^
  File "/home/airflow/.local/lib/python3.12/site-packages/pendulum/datetime.py", line 105, in create
    dt = datetime.datetime(
         ^^^^^^^^^^^^^^^^^^
ValueError: year 22026 is out of range
[2026-07-25T16:16:06.030+0000] {processor.py:927} WARNING - No viable dags retrieved from /opt/airflow/dags/fct_avg_day_earthquake.py
[2026-07-25T16:16:06.042+0000] {processor.py:208} INFO - Processing /opt/airflow/dags/fct_avg_day_earthquake.py took 0.018 seconds
[2026-07-25T16:16:36.536+0000] {processor.py:186} INFO - Started process (PID=35343) to work on /opt/airflow/dags/fct_avg_day_earthquake.py
[2026-07-25T16:16:36.540+0000] {processor.py:914} INFO - Processing file /opt/airflow/dags/fct_avg_day_earthquake.py for tasks to queue
[2026-07-25T16:16:36.541+0000] {logging_mixin.py:190} INFO - [2026-07-25T16:16:36.540+0000] {dagbag.py:588} INFO - Filling up the DagBag from /opt/airflow/dags/fct_avg_day_earthquake.py
[2026-07-25T16:16:36.543+0000] {logging_mixin.py:190} INFO - [2026-07-25T16:16:36.542+0000] {dagbag.py:387} ERROR - Failed to import: /opt/airflow/dags/fct_avg_day_earthquake.py
Traceback (most recent call last):
  File "/home/airflow/.local/lib/python3.12/site-packages/airflow/models/dagbag.py", line 383, in parse
    loader.exec_module(new_module)
  File "<frozen importlib._bootstrap_external>", line 999, in exec_module
  File "<frozen importlib._bootstrap>", line 488, in _call_with_frames_removed
  File "/opt/airflow/dags/fct_avg_day_earthquake.py", line 28, in <module>
    "start_date": pendulum.datetime(22026, 7, 10, tz="Europe/Moscow"),
                  ^^^^^^^^^^^^^^^^^^^^^^^^^^^^^^^^^^^^^^^^^^^^^^^^^^^
  File "/home/airflow/.local/lib/python3.12/site-packages/pendulum/__init__.py", line 143, in datetime
    return DateTime.create(
           ^^^^^^^^^^^^^^^^
  File "/home/airflow/.local/lib/python3.12/site-packages/pendulum/datetime.py", line 105, in create
    dt = datetime.datetime(
         ^^^^^^^^^^^^^^^^^^
ValueError: year 22026 is out of range
[2026-07-25T16:16:36.543+0000] {processor.py:927} WARNING - No viable dags retrieved from /opt/airflow/dags/fct_avg_day_earthquake.py
[2026-07-25T16:16:36.553+0000] {processor.py:208} INFO - Processing /opt/airflow/dags/fct_avg_day_earthquake.py took 0.022 seconds
[2026-07-25T16:17:07.011+0000] {processor.py:186} INFO - Started process (PID=35383) to work on /opt/airflow/dags/fct_avg_day_earthquake.py
[2026-07-25T16:17:07.012+0000] {processor.py:914} INFO - Processing file /opt/airflow/dags/fct_avg_day_earthquake.py for tasks to queue
[2026-07-25T16:17:07.013+0000] {logging_mixin.py:190} INFO - [2026-07-25T16:17:07.013+0000] {dagbag.py:588} INFO - Filling up the DagBag from /opt/airflow/dags/fct_avg_day_earthquake.py
[2026-07-25T16:17:07.015+0000] {logging_mixin.py:190} INFO - [2026-07-25T16:17:07.015+0000] {dagbag.py:387} ERROR - Failed to import: /opt/airflow/dags/fct_avg_day_earthquake.py
Traceback (most recent call last):
  File "/home/airflow/.local/lib/python3.12/site-packages/airflow/models/dagbag.py", line 383, in parse
    loader.exec_module(new_module)
  File "<frozen importlib._bootstrap_external>", line 999, in exec_module
  File "<frozen importlib._bootstrap>", line 488, in _call_with_frames_removed
  File "/opt/airflow/dags/fct_avg_day_earthquake.py", line 28, in <module>
    "start_date": pendulum.datetime(22026, 7, 10, tz="Europe/Moscow"),
                  ^^^^^^^^^^^^^^^^^^^^^^^^^^^^^^^^^^^^^^^^^^^^^^^^^^^
  File "/home/airflow/.local/lib/python3.12/site-packages/pendulum/__init__.py", line 143, in datetime
    return DateTime.create(
           ^^^^^^^^^^^^^^^^
  File "/home/airflow/.local/lib/python3.12/site-packages/pendulum/datetime.py", line 105, in create
    dt = datetime.datetime(
         ^^^^^^^^^^^^^^^^^^
ValueError: year 22026 is out of range
[2026-07-25T16:17:07.016+0000] {processor.py:927} WARNING - No viable dags retrieved from /opt/airflow/dags/fct_avg_day_earthquake.py
[2026-07-25T16:17:07.027+0000] {processor.py:208} INFO - Processing /opt/airflow/dags/fct_avg_day_earthquake.py took 0.020 seconds
[2026-07-25T16:17:37.540+0000] {processor.py:186} INFO - Started process (PID=35423) to work on /opt/airflow/dags/fct_avg_day_earthquake.py
[2026-07-25T16:17:37.543+0000] {processor.py:914} INFO - Processing file /opt/airflow/dags/fct_avg_day_earthquake.py for tasks to queue
[2026-07-25T16:17:37.543+0000] {logging_mixin.py:190} INFO - [2026-07-25T16:17:37.543+0000] {dagbag.py:588} INFO - Filling up the DagBag from /opt/airflow/dags/fct_avg_day_earthquake.py
[2026-07-25T16:17:37.546+0000] {logging_mixin.py:190} INFO - [2026-07-25T16:17:37.545+0000] {dagbag.py:387} ERROR - Failed to import: /opt/airflow/dags/fct_avg_day_earthquake.py
Traceback (most recent call last):
  File "/home/airflow/.local/lib/python3.12/site-packages/airflow/models/dagbag.py", line 383, in parse
    loader.exec_module(new_module)
  File "<frozen importlib._bootstrap_external>", line 999, in exec_module
  File "<frozen importlib._bootstrap>", line 488, in _call_with_frames_removed
  File "/opt/airflow/dags/fct_avg_day_earthquake.py", line 28, in <module>
    "start_date": pendulum.datetime(22026, 7, 10, tz="Europe/Moscow"),
                  ^^^^^^^^^^^^^^^^^^^^^^^^^^^^^^^^^^^^^^^^^^^^^^^^^^^
  File "/home/airflow/.local/lib/python3.12/site-packages/pendulum/__init__.py", line 143, in datetime
    return DateTime.create(
           ^^^^^^^^^^^^^^^^
  File "/home/airflow/.local/lib/python3.12/site-packages/pendulum/datetime.py", line 105, in create
    dt = datetime.datetime(
         ^^^^^^^^^^^^^^^^^^
ValueError: year 22026 is out of range
[2026-07-25T16:17:37.546+0000] {processor.py:927} WARNING - No viable dags retrieved from /opt/airflow/dags/fct_avg_day_earthquake.py
[2026-07-25T16:17:37.558+0000] {processor.py:208} INFO - Processing /opt/airflow/dags/fct_avg_day_earthquake.py took 0.022 seconds
[2026-07-25T16:18:08.044+0000] {processor.py:186} INFO - Started process (PID=35463) to work on /opt/airflow/dags/fct_avg_day_earthquake.py
[2026-07-25T16:18:08.044+0000] {processor.py:914} INFO - Processing file /opt/airflow/dags/fct_avg_day_earthquake.py for tasks to queue
[2026-07-25T16:18:08.045+0000] {logging_mixin.py:190} INFO - [2026-07-25T16:18:08.045+0000] {dagbag.py:588} INFO - Filling up the DagBag from /opt/airflow/dags/fct_avg_day_earthquake.py
[2026-07-25T16:18:08.047+0000] {logging_mixin.py:190} INFO - [2026-07-25T16:18:08.046+0000] {dagbag.py:387} ERROR - Failed to import: /opt/airflow/dags/fct_avg_day_earthquake.py
Traceback (most recent call last):
  File "/home/airflow/.local/lib/python3.12/site-packages/airflow/models/dagbag.py", line 383, in parse
    loader.exec_module(new_module)
  File "<frozen importlib._bootstrap_external>", line 999, in exec_module
  File "<frozen importlib._bootstrap>", line 488, in _call_with_frames_removed
  File "/opt/airflow/dags/fct_avg_day_earthquake.py", line 28, in <module>
    "start_date": pendulum.datetime(22026, 7, 10, tz="Europe/Moscow"),
                  ^^^^^^^^^^^^^^^^^^^^^^^^^^^^^^^^^^^^^^^^^^^^^^^^^^^
  File "/home/airflow/.local/lib/python3.12/site-packages/pendulum/__init__.py", line 143, in datetime
    return DateTime.create(
           ^^^^^^^^^^^^^^^^
  File "/home/airflow/.local/lib/python3.12/site-packages/pendulum/datetime.py", line 105, in create
    dt = datetime.datetime(
         ^^^^^^^^^^^^^^^^^^
ValueError: year 22026 is out of range
[2026-07-25T16:18:08.047+0000] {processor.py:927} WARNING - No viable dags retrieved from /opt/airflow/dags/fct_avg_day_earthquake.py
[2026-07-25T16:18:08.060+0000] {processor.py:208} INFO - Processing /opt/airflow/dags/fct_avg_day_earthquake.py took 0.019 seconds
[2026-07-25T16:18:38.488+0000] {processor.py:186} INFO - Started process (PID=35503) to work on /opt/airflow/dags/fct_avg_day_earthquake.py
[2026-07-25T16:18:38.490+0000] {processor.py:914} INFO - Processing file /opt/airflow/dags/fct_avg_day_earthquake.py for tasks to queue
[2026-07-25T16:18:38.491+0000] {logging_mixin.py:190} INFO - [2026-07-25T16:18:38.491+0000] {dagbag.py:588} INFO - Filling up the DagBag from /opt/airflow/dags/fct_avg_day_earthquake.py
[2026-07-25T16:18:38.494+0000] {logging_mixin.py:190} INFO - [2026-07-25T16:18:38.493+0000] {dagbag.py:387} ERROR - Failed to import: /opt/airflow/dags/fct_avg_day_earthquake.py
Traceback (most recent call last):
  File "/home/airflow/.local/lib/python3.12/site-packages/airflow/models/dagbag.py", line 383, in parse
    loader.exec_module(new_module)
  File "<frozen importlib._bootstrap_external>", line 999, in exec_module
  File "<frozen importlib._bootstrap>", line 488, in _call_with_frames_removed
  File "/opt/airflow/dags/fct_avg_day_earthquake.py", line 28, in <module>
    "start_date": pendulum.datetime(22026, 7, 10, tz="Europe/Moscow"),
                  ^^^^^^^^^^^^^^^^^^^^^^^^^^^^^^^^^^^^^^^^^^^^^^^^^^^
  File "/home/airflow/.local/lib/python3.12/site-packages/pendulum/__init__.py", line 143, in datetime
    return DateTime.create(
           ^^^^^^^^^^^^^^^^
  File "/home/airflow/.local/lib/python3.12/site-packages/pendulum/datetime.py", line 105, in create
    dt = datetime.datetime(
         ^^^^^^^^^^^^^^^^^^
ValueError: year 22026 is out of range
[2026-07-25T16:18:38.494+0000] {processor.py:927} WARNING - No viable dags retrieved from /opt/airflow/dags/fct_avg_day_earthquake.py
[2026-07-25T16:18:38.504+0000] {processor.py:208} INFO - Processing /opt/airflow/dags/fct_avg_day_earthquake.py took 0.019 seconds
[2026-07-25T16:19:08.956+0000] {processor.py:186} INFO - Started process (PID=35543) to work on /opt/airflow/dags/fct_avg_day_earthquake.py
[2026-07-25T16:19:08.957+0000] {processor.py:914} INFO - Processing file /opt/airflow/dags/fct_avg_day_earthquake.py for tasks to queue
[2026-07-25T16:19:08.957+0000] {logging_mixin.py:190} INFO - [2026-07-25T16:19:08.957+0000] {dagbag.py:588} INFO - Filling up the DagBag from /opt/airflow/dags/fct_avg_day_earthquake.py
[2026-07-25T16:19:08.960+0000] {logging_mixin.py:190} INFO - [2026-07-25T16:19:08.959+0000] {dagbag.py:387} ERROR - Failed to import: /opt/airflow/dags/fct_avg_day_earthquake.py
Traceback (most recent call last):
  File "/home/airflow/.local/lib/python3.12/site-packages/airflow/models/dagbag.py", line 383, in parse
    loader.exec_module(new_module)
  File "<frozen importlib._bootstrap_external>", line 999, in exec_module
  File "<frozen importlib._bootstrap>", line 488, in _call_with_frames_removed
  File "/opt/airflow/dags/fct_avg_day_earthquake.py", line 28, in <module>
    "start_date": pendulum.datetime(22026, 7, 10, tz="Europe/Moscow"),
                  ^^^^^^^^^^^^^^^^^^^^^^^^^^^^^^^^^^^^^^^^^^^^^^^^^^^
  File "/home/airflow/.local/lib/python3.12/site-packages/pendulum/__init__.py", line 143, in datetime
    return DateTime.create(
           ^^^^^^^^^^^^^^^^
  File "/home/airflow/.local/lib/python3.12/site-packages/pendulum/datetime.py", line 105, in create
    dt = datetime.datetime(
         ^^^^^^^^^^^^^^^^^^
ValueError: year 22026 is out of range
[2026-07-25T16:19:08.960+0000] {processor.py:927} WARNING - No viable dags retrieved from /opt/airflow/dags/fct_avg_day_earthquake.py
[2026-07-25T16:19:08.981+0000] {processor.py:208} INFO - Processing /opt/airflow/dags/fct_avg_day_earthquake.py took 0.030 seconds
[2026-07-25T16:19:39.393+0000] {processor.py:186} INFO - Started process (PID=35583) to work on /opt/airflow/dags/fct_avg_day_earthquake.py
[2026-07-25T16:19:39.396+0000] {processor.py:914} INFO - Processing file /opt/airflow/dags/fct_avg_day_earthquake.py for tasks to queue
[2026-07-25T16:19:39.397+0000] {logging_mixin.py:190} INFO - [2026-07-25T16:19:39.397+0000] {dagbag.py:588} INFO - Filling up the DagBag from /opt/airflow/dags/fct_avg_day_earthquake.py
[2026-07-25T16:19:39.400+0000] {logging_mixin.py:190} INFO - [2026-07-25T16:19:39.399+0000] {dagbag.py:387} ERROR - Failed to import: /opt/airflow/dags/fct_avg_day_earthquake.py
Traceback (most recent call last):
  File "/home/airflow/.local/lib/python3.12/site-packages/airflow/models/dagbag.py", line 383, in parse
    loader.exec_module(new_module)
  File "<frozen importlib._bootstrap_external>", line 999, in exec_module
  File "<frozen importlib._bootstrap>", line 488, in _call_with_frames_removed
  File "/opt/airflow/dags/fct_avg_day_earthquake.py", line 28, in <module>
    "start_date": pendulum.datetime(22026, 7, 10, tz="Europe/Moscow"),
                  ^^^^^^^^^^^^^^^^^^^^^^^^^^^^^^^^^^^^^^^^^^^^^^^^^^^
  File "/home/airflow/.local/lib/python3.12/site-packages/pendulum/__init__.py", line 143, in datetime
    return DateTime.create(
           ^^^^^^^^^^^^^^^^
  File "/home/airflow/.local/lib/python3.12/site-packages/pendulum/datetime.py", line 105, in create
    dt = datetime.datetime(
         ^^^^^^^^^^^^^^^^^^
ValueError: year 22026 is out of range
[2026-07-25T16:19:39.400+0000] {processor.py:927} WARNING - No viable dags retrieved from /opt/airflow/dags/fct_avg_day_earthquake.py
[2026-07-25T16:19:39.419+0000] {processor.py:208} INFO - Processing /opt/airflow/dags/fct_avg_day_earthquake.py took 0.031 seconds
[2026-07-25T16:20:09.802+0000] {processor.py:186} INFO - Started process (PID=35623) to work on /opt/airflow/dags/fct_avg_day_earthquake.py
[2026-07-25T16:20:09.803+0000] {processor.py:914} INFO - Processing file /opt/airflow/dags/fct_avg_day_earthquake.py for tasks to queue
[2026-07-25T16:20:09.803+0000] {logging_mixin.py:190} INFO - [2026-07-25T16:20:09.803+0000] {dagbag.py:588} INFO - Filling up the DagBag from /opt/airflow/dags/fct_avg_day_earthquake.py
[2026-07-25T16:20:09.805+0000] {logging_mixin.py:190} INFO - [2026-07-25T16:20:09.805+0000] {dagbag.py:387} ERROR - Failed to import: /opt/airflow/dags/fct_avg_day_earthquake.py
Traceback (most recent call last):
  File "/home/airflow/.local/lib/python3.12/site-packages/airflow/models/dagbag.py", line 383, in parse
    loader.exec_module(new_module)
  File "<frozen importlib._bootstrap_external>", line 999, in exec_module
  File "<frozen importlib._bootstrap>", line 488, in _call_with_frames_removed
  File "/opt/airflow/dags/fct_avg_day_earthquake.py", line 28, in <module>
    "start_date": pendulum.datetime(22026, 7, 10, tz="Europe/Moscow"),
                  ^^^^^^^^^^^^^^^^^^^^^^^^^^^^^^^^^^^^^^^^^^^^^^^^^^^
  File "/home/airflow/.local/lib/python3.12/site-packages/pendulum/__init__.py", line 143, in datetime
    return DateTime.create(
           ^^^^^^^^^^^^^^^^
  File "/home/airflow/.local/lib/python3.12/site-packages/pendulum/datetime.py", line 105, in create
    dt = datetime.datetime(
         ^^^^^^^^^^^^^^^^^^
ValueError: year 22026 is out of range
[2026-07-25T16:20:09.806+0000] {processor.py:927} WARNING - No viable dags retrieved from /opt/airflow/dags/fct_avg_day_earthquake.py
[2026-07-25T16:20:09.816+0000] {processor.py:208} INFO - Processing /opt/airflow/dags/fct_avg_day_earthquake.py took 0.018 seconds
[2026-07-25T16:20:40.244+0000] {processor.py:186} INFO - Started process (PID=35663) to work on /opt/airflow/dags/fct_avg_day_earthquake.py
[2026-07-25T16:20:40.247+0000] {processor.py:914} INFO - Processing file /opt/airflow/dags/fct_avg_day_earthquake.py for tasks to queue
[2026-07-25T16:20:40.247+0000] {logging_mixin.py:190} INFO - [2026-07-25T16:20:40.247+0000] {dagbag.py:588} INFO - Filling up the DagBag from /opt/airflow/dags/fct_avg_day_earthquake.py
[2026-07-25T16:20:40.249+0000] {logging_mixin.py:190} INFO - [2026-07-25T16:20:40.249+0000] {dagbag.py:387} ERROR - Failed to import: /opt/airflow/dags/fct_avg_day_earthquake.py
Traceback (most recent call last):
  File "/home/airflow/.local/lib/python3.12/site-packages/airflow/models/dagbag.py", line 383, in parse
    loader.exec_module(new_module)
  File "<frozen importlib._bootstrap_external>", line 999, in exec_module
  File "<frozen importlib._bootstrap>", line 488, in _call_with_frames_removed
  File "/opt/airflow/dags/fct_avg_day_earthquake.py", line 28, in <module>
    "start_date": pendulum.datetime(22026, 7, 10, tz="Europe/Moscow"),
                  ^^^^^^^^^^^^^^^^^^^^^^^^^^^^^^^^^^^^^^^^^^^^^^^^^^^
  File "/home/airflow/.local/lib/python3.12/site-packages/pendulum/__init__.py", line 143, in datetime
    return DateTime.create(
           ^^^^^^^^^^^^^^^^
  File "/home/airflow/.local/lib/python3.12/site-packages/pendulum/datetime.py", line 105, in create
    dt = datetime.datetime(
         ^^^^^^^^^^^^^^^^^^
ValueError: year 22026 is out of range
[2026-07-25T16:20:40.250+0000] {processor.py:927} WARNING - No viable dags retrieved from /opt/airflow/dags/fct_avg_day_earthquake.py
[2026-07-25T16:20:40.373+0000] {processor.py:208} INFO - Processing /opt/airflow/dags/fct_avg_day_earthquake.py took 0.134 seconds
[2026-07-25T16:21:10.759+0000] {processor.py:186} INFO - Started process (PID=35703) to work on /opt/airflow/dags/fct_avg_day_earthquake.py
[2026-07-25T16:21:10.759+0000] {processor.py:914} INFO - Processing file /opt/airflow/dags/fct_avg_day_earthquake.py for tasks to queue
[2026-07-25T16:21:10.760+0000] {logging_mixin.py:190} INFO - [2026-07-25T16:21:10.760+0000] {dagbag.py:588} INFO - Filling up the DagBag from /opt/airflow/dags/fct_avg_day_earthquake.py
[2026-07-25T16:21:10.762+0000] {logging_mixin.py:190} INFO - [2026-07-25T16:21:10.761+0000] {dagbag.py:387} ERROR - Failed to import: /opt/airflow/dags/fct_avg_day_earthquake.py
Traceback (most recent call last):
  File "/home/airflow/.local/lib/python3.12/site-packages/airflow/models/dagbag.py", line 383, in parse
    loader.exec_module(new_module)
  File "<frozen importlib._bootstrap_external>", line 999, in exec_module
  File "<frozen importlib._bootstrap>", line 488, in _call_with_frames_removed
  File "/opt/airflow/dags/fct_avg_day_earthquake.py", line 28, in <module>
    "start_date": pendulum.datetime(22026, 7, 10, tz="Europe/Moscow"),
                  ^^^^^^^^^^^^^^^^^^^^^^^^^^^^^^^^^^^^^^^^^^^^^^^^^^^
  File "/home/airflow/.local/lib/python3.12/site-packages/pendulum/__init__.py", line 143, in datetime
    return DateTime.create(
           ^^^^^^^^^^^^^^^^
  File "/home/airflow/.local/lib/python3.12/site-packages/pendulum/datetime.py", line 105, in create
    dt = datetime.datetime(
         ^^^^^^^^^^^^^^^^^^
ValueError: year 22026 is out of range
[2026-07-25T16:21:10.762+0000] {processor.py:927} WARNING - No viable dags retrieved from /opt/airflow/dags/fct_avg_day_earthquake.py
[2026-07-25T16:21:10.774+0000] {processor.py:208} INFO - Processing /opt/airflow/dags/fct_avg_day_earthquake.py took 0.018 seconds
[2026-07-25T16:21:41.216+0000] {processor.py:186} INFO - Started process (PID=35743) to work on /opt/airflow/dags/fct_avg_day_earthquake.py
[2026-07-25T16:21:41.219+0000] {processor.py:914} INFO - Processing file /opt/airflow/dags/fct_avg_day_earthquake.py for tasks to queue
[2026-07-25T16:21:41.220+0000] {logging_mixin.py:190} INFO - [2026-07-25T16:21:41.220+0000] {dagbag.py:588} INFO - Filling up the DagBag from /opt/airflow/dags/fct_avg_day_earthquake.py
[2026-07-25T16:21:41.222+0000] {logging_mixin.py:190} INFO - [2026-07-25T16:21:41.221+0000] {dagbag.py:387} ERROR - Failed to import: /opt/airflow/dags/fct_avg_day_earthquake.py
Traceback (most recent call last):
  File "/home/airflow/.local/lib/python3.12/site-packages/airflow/models/dagbag.py", line 383, in parse
    loader.exec_module(new_module)
  File "<frozen importlib._bootstrap_external>", line 999, in exec_module
  File "<frozen importlib._bootstrap>", line 488, in _call_with_frames_removed
  File "/opt/airflow/dags/fct_avg_day_earthquake.py", line 28, in <module>
    "start_date": pendulum.datetime(22026, 7, 10, tz="Europe/Moscow"),
                  ^^^^^^^^^^^^^^^^^^^^^^^^^^^^^^^^^^^^^^^^^^^^^^^^^^^
  File "/home/airflow/.local/lib/python3.12/site-packages/pendulum/__init__.py", line 143, in datetime
    return DateTime.create(
           ^^^^^^^^^^^^^^^^
  File "/home/airflow/.local/lib/python3.12/site-packages/pendulum/datetime.py", line 105, in create
    dt = datetime.datetime(
         ^^^^^^^^^^^^^^^^^^
ValueError: year 22026 is out of range
[2026-07-25T16:21:41.222+0000] {processor.py:927} WARNING - No viable dags retrieved from /opt/airflow/dags/fct_avg_day_earthquake.py
[2026-07-25T16:21:41.233+0000] {processor.py:208} INFO - Processing /opt/airflow/dags/fct_avg_day_earthquake.py took 0.020 seconds
[2026-07-25T16:22:11.732+0000] {processor.py:186} INFO - Started process (PID=35783) to work on /opt/airflow/dags/fct_avg_day_earthquake.py
[2026-07-25T16:22:11.735+0000] {processor.py:914} INFO - Processing file /opt/airflow/dags/fct_avg_day_earthquake.py for tasks to queue
[2026-07-25T16:22:11.736+0000] {logging_mixin.py:190} INFO - [2026-07-25T16:22:11.736+0000] {dagbag.py:588} INFO - Filling up the DagBag from /opt/airflow/dags/fct_avg_day_earthquake.py
[2026-07-25T16:22:11.739+0000] {logging_mixin.py:190} INFO - [2026-07-25T16:22:11.738+0000] {dagbag.py:387} ERROR - Failed to import: /opt/airflow/dags/fct_avg_day_earthquake.py
Traceback (most recent call last):
  File "/home/airflow/.local/lib/python3.12/site-packages/airflow/models/dagbag.py", line 383, in parse
    loader.exec_module(new_module)
  File "<frozen importlib._bootstrap_external>", line 999, in exec_module
  File "<frozen importlib._bootstrap>", line 488, in _call_with_frames_removed
  File "/opt/airflow/dags/fct_avg_day_earthquake.py", line 28, in <module>
    "start_date": pendulum.datetime(22026, 7, 10, tz="Europe/Moscow"),
                  ^^^^^^^^^^^^^^^^^^^^^^^^^^^^^^^^^^^^^^^^^^^^^^^^^^^
  File "/home/airflow/.local/lib/python3.12/site-packages/pendulum/__init__.py", line 143, in datetime
    return DateTime.create(
           ^^^^^^^^^^^^^^^^
  File "/home/airflow/.local/lib/python3.12/site-packages/pendulum/datetime.py", line 105, in create
    dt = datetime.datetime(
         ^^^^^^^^^^^^^^^^^^
ValueError: year 22026 is out of range
[2026-07-25T16:22:11.739+0000] {processor.py:927} WARNING - No viable dags retrieved from /opt/airflow/dags/fct_avg_day_earthquake.py
[2026-07-25T16:22:11.768+0000] {processor.py:208} INFO - Processing /opt/airflow/dags/fct_avg_day_earthquake.py took 0.040 seconds
[2026-07-25T16:22:42.159+0000] {processor.py:186} INFO - Started process (PID=35823) to work on /opt/airflow/dags/fct_avg_day_earthquake.py
[2026-07-25T16:22:42.160+0000] {processor.py:914} INFO - Processing file /opt/airflow/dags/fct_avg_day_earthquake.py for tasks to queue
[2026-07-25T16:22:42.161+0000] {logging_mixin.py:190} INFO - [2026-07-25T16:22:42.161+0000] {dagbag.py:588} INFO - Filling up the DagBag from /opt/airflow/dags/fct_avg_day_earthquake.py
[2026-07-25T16:22:42.163+0000] {logging_mixin.py:190} INFO - [2026-07-25T16:22:42.162+0000] {dagbag.py:387} ERROR - Failed to import: /opt/airflow/dags/fct_avg_day_earthquake.py
Traceback (most recent call last):
  File "/home/airflow/.local/lib/python3.12/site-packages/airflow/models/dagbag.py", line 383, in parse
    loader.exec_module(new_module)
  File "<frozen importlib._bootstrap_external>", line 999, in exec_module
  File "<frozen importlib._bootstrap>", line 488, in _call_with_frames_removed
  File "/opt/airflow/dags/fct_avg_day_earthquake.py", line 28, in <module>
    "start_date": pendulum.datetime(22026, 7, 10, tz="Europe/Moscow"),
                  ^^^^^^^^^^^^^^^^^^^^^^^^^^^^^^^^^^^^^^^^^^^^^^^^^^^
  File "/home/airflow/.local/lib/python3.12/site-packages/pendulum/__init__.py", line 143, in datetime
    return DateTime.create(
           ^^^^^^^^^^^^^^^^
  File "/home/airflow/.local/lib/python3.12/site-packages/pendulum/datetime.py", line 105, in create
    dt = datetime.datetime(
         ^^^^^^^^^^^^^^^^^^
ValueError: year 22026 is out of range
[2026-07-25T16:22:42.163+0000] {processor.py:927} WARNING - No viable dags retrieved from /opt/airflow/dags/fct_avg_day_earthquake.py
[2026-07-25T16:22:42.176+0000] {processor.py:208} INFO - Processing /opt/airflow/dags/fct_avg_day_earthquake.py took 0.021 seconds
[2026-07-25T16:23:12.699+0000] {processor.py:186} INFO - Started process (PID=35863) to work on /opt/airflow/dags/fct_avg_day_earthquake.py
[2026-07-25T16:23:12.699+0000] {processor.py:914} INFO - Processing file /opt/airflow/dags/fct_avg_day_earthquake.py for tasks to queue
[2026-07-25T16:23:12.700+0000] {logging_mixin.py:190} INFO - [2026-07-25T16:23:12.700+0000] {dagbag.py:588} INFO - Filling up the DagBag from /opt/airflow/dags/fct_avg_day_earthquake.py
[2026-07-25T16:23:12.702+0000] {logging_mixin.py:190} INFO - [2026-07-25T16:23:12.701+0000] {dagbag.py:387} ERROR - Failed to import: /opt/airflow/dags/fct_avg_day_earthquake.py
Traceback (most recent call last):
  File "/home/airflow/.local/lib/python3.12/site-packages/airflow/models/dagbag.py", line 383, in parse
    loader.exec_module(new_module)
  File "<frozen importlib._bootstrap_external>", line 999, in exec_module
  File "<frozen importlib._bootstrap>", line 488, in _call_with_frames_removed
  File "/opt/airflow/dags/fct_avg_day_earthquake.py", line 28, in <module>
    "start_date": pendulum.datetime(22026, 7, 10, tz="Europe/Moscow"),
                  ^^^^^^^^^^^^^^^^^^^^^^^^^^^^^^^^^^^^^^^^^^^^^^^^^^^
  File "/home/airflow/.local/lib/python3.12/site-packages/pendulum/__init__.py", line 143, in datetime
    return DateTime.create(
           ^^^^^^^^^^^^^^^^
  File "/home/airflow/.local/lib/python3.12/site-packages/pendulum/datetime.py", line 105, in create
    dt = datetime.datetime(
         ^^^^^^^^^^^^^^^^^^
ValueError: year 22026 is out of range
[2026-07-25T16:23:12.702+0000] {processor.py:927} WARNING - No viable dags retrieved from /opt/airflow/dags/fct_avg_day_earthquake.py
[2026-07-25T16:23:12.715+0000] {processor.py:208} INFO - Processing /opt/airflow/dags/fct_avg_day_earthquake.py took 0.019 seconds
[2026-07-25T16:23:43.119+0000] {processor.py:186} INFO - Started process (PID=35903) to work on /opt/airflow/dags/fct_avg_day_earthquake.py
[2026-07-25T16:23:43.122+0000] {processor.py:914} INFO - Processing file /opt/airflow/dags/fct_avg_day_earthquake.py for tasks to queue
[2026-07-25T16:23:43.124+0000] {logging_mixin.py:190} INFO - [2026-07-25T16:23:43.124+0000] {dagbag.py:588} INFO - Filling up the DagBag from /opt/airflow/dags/fct_avg_day_earthquake.py
[2026-07-25T16:23:43.128+0000] {logging_mixin.py:190} INFO - [2026-07-25T16:23:43.127+0000] {dagbag.py:387} ERROR - Failed to import: /opt/airflow/dags/fct_avg_day_earthquake.py
Traceback (most recent call last):
  File "/home/airflow/.local/lib/python3.12/site-packages/airflow/models/dagbag.py", line 383, in parse
    loader.exec_module(new_module)
  File "<frozen importlib._bootstrap_external>", line 999, in exec_module
  File "<frozen importlib._bootstrap>", line 488, in _call_with_frames_removed
  File "/opt/airflow/dags/fct_avg_day_earthquake.py", line 28, in <module>
    "start_date": pendulum.datetime(22026, 7, 10, tz="Europe/Moscow"),
                  ^^^^^^^^^^^^^^^^^^^^^^^^^^^^^^^^^^^^^^^^^^^^^^^^^^^
  File "/home/airflow/.local/lib/python3.12/site-packages/pendulum/__init__.py", line 143, in datetime
    return DateTime.create(
           ^^^^^^^^^^^^^^^^
  File "/home/airflow/.local/lib/python3.12/site-packages/pendulum/datetime.py", line 105, in create
    dt = datetime.datetime(
         ^^^^^^^^^^^^^^^^^^
ValueError: year 22026 is out of range
[2026-07-25T16:23:43.128+0000] {processor.py:927} WARNING - No viable dags retrieved from /opt/airflow/dags/fct_avg_day_earthquake.py
[2026-07-25T16:23:43.141+0000] {processor.py:208} INFO - Processing /opt/airflow/dags/fct_avg_day_earthquake.py took 0.033 seconds
[2026-07-25T16:24:13.616+0000] {processor.py:186} INFO - Started process (PID=35943) to work on /opt/airflow/dags/fct_avg_day_earthquake.py
[2026-07-25T16:24:13.616+0000] {processor.py:914} INFO - Processing file /opt/airflow/dags/fct_avg_day_earthquake.py for tasks to queue
[2026-07-25T16:24:13.617+0000] {logging_mixin.py:190} INFO - [2026-07-25T16:24:13.616+0000] {dagbag.py:588} INFO - Filling up the DagBag from /opt/airflow/dags/fct_avg_day_earthquake.py
[2026-07-25T16:24:13.619+0000] {logging_mixin.py:190} INFO - [2026-07-25T16:24:13.618+0000] {dagbag.py:387} ERROR - Failed to import: /opt/airflow/dags/fct_avg_day_earthquake.py
Traceback (most recent call last):
  File "/home/airflow/.local/lib/python3.12/site-packages/airflow/models/dagbag.py", line 383, in parse
    loader.exec_module(new_module)
  File "<frozen importlib._bootstrap_external>", line 999, in exec_module
  File "<frozen importlib._bootstrap>", line 488, in _call_with_frames_removed
  File "/opt/airflow/dags/fct_avg_day_earthquake.py", line 28, in <module>
    "start_date": pendulum.datetime(22026, 7, 10, tz="Europe/Moscow"),
                  ^^^^^^^^^^^^^^^^^^^^^^^^^^^^^^^^^^^^^^^^^^^^^^^^^^^
  File "/home/airflow/.local/lib/python3.12/site-packages/pendulum/__init__.py", line 143, in datetime
    return DateTime.create(
           ^^^^^^^^^^^^^^^^
  File "/home/airflow/.local/lib/python3.12/site-packages/pendulum/datetime.py", line 105, in create
    dt = datetime.datetime(
         ^^^^^^^^^^^^^^^^^^
ValueError: year 22026 is out of range
[2026-07-25T16:24:13.619+0000] {processor.py:927} WARNING - No viable dags retrieved from /opt/airflow/dags/fct_avg_day_earthquake.py
[2026-07-25T16:24:13.628+0000] {processor.py:208} INFO - Processing /opt/airflow/dags/fct_avg_day_earthquake.py took 0.016 seconds
[2026-07-25T16:24:44.088+0000] {processor.py:186} INFO - Started process (PID=35983) to work on /opt/airflow/dags/fct_avg_day_earthquake.py
[2026-07-25T16:24:44.091+0000] {processor.py:914} INFO - Processing file /opt/airflow/dags/fct_avg_day_earthquake.py for tasks to queue
[2026-07-25T16:24:44.091+0000] {logging_mixin.py:190} INFO - [2026-07-25T16:24:44.091+0000] {dagbag.py:588} INFO - Filling up the DagBag from /opt/airflow/dags/fct_avg_day_earthquake.py
[2026-07-25T16:24:44.093+0000] {logging_mixin.py:190} INFO - [2026-07-25T16:24:44.093+0000] {dagbag.py:387} ERROR - Failed to import: /opt/airflow/dags/fct_avg_day_earthquake.py
Traceback (most recent call last):
  File "/home/airflow/.local/lib/python3.12/site-packages/airflow/models/dagbag.py", line 383, in parse
    loader.exec_module(new_module)
  File "<frozen importlib._bootstrap_external>", line 999, in exec_module
  File "<frozen importlib._bootstrap>", line 488, in _call_with_frames_removed
  File "/opt/airflow/dags/fct_avg_day_earthquake.py", line 28, in <module>
    "start_date": pendulum.datetime(22026, 7, 10, tz="Europe/Moscow"),
                  ^^^^^^^^^^^^^^^^^^^^^^^^^^^^^^^^^^^^^^^^^^^^^^^^^^^
  File "/home/airflow/.local/lib/python3.12/site-packages/pendulum/__init__.py", line 143, in datetime
    return DateTime.create(
           ^^^^^^^^^^^^^^^^
  File "/home/airflow/.local/lib/python3.12/site-packages/pendulum/datetime.py", line 105, in create
    dt = datetime.datetime(
         ^^^^^^^^^^^^^^^^^^
ValueError: year 22026 is out of range
[2026-07-25T16:24:44.093+0000] {processor.py:927} WARNING - No viable dags retrieved from /opt/airflow/dags/fct_avg_day_earthquake.py
[2026-07-25T16:24:44.106+0000] {processor.py:208} INFO - Processing /opt/airflow/dags/fct_avg_day_earthquake.py took 0.022 seconds
[2026-07-25T16:25:14.566+0000] {processor.py:186} INFO - Started process (PID=36023) to work on /opt/airflow/dags/fct_avg_day_earthquake.py
[2026-07-25T16:25:14.566+0000] {processor.py:914} INFO - Processing file /opt/airflow/dags/fct_avg_day_earthquake.py for tasks to queue
[2026-07-25T16:25:14.567+0000] {logging_mixin.py:190} INFO - [2026-07-25T16:25:14.566+0000] {dagbag.py:588} INFO - Filling up the DagBag from /opt/airflow/dags/fct_avg_day_earthquake.py
[2026-07-25T16:25:14.569+0000] {logging_mixin.py:190} INFO - [2026-07-25T16:25:14.568+0000] {dagbag.py:387} ERROR - Failed to import: /opt/airflow/dags/fct_avg_day_earthquake.py
Traceback (most recent call last):
  File "/home/airflow/.local/lib/python3.12/site-packages/airflow/models/dagbag.py", line 383, in parse
    loader.exec_module(new_module)
  File "<frozen importlib._bootstrap_external>", line 999, in exec_module
  File "<frozen importlib._bootstrap>", line 488, in _call_with_frames_removed
  File "/opt/airflow/dags/fct_avg_day_earthquake.py", line 28, in <module>
    "start_date": pendulum.datetime(22026, 7, 10, tz="Europe/Moscow"),
                  ^^^^^^^^^^^^^^^^^^^^^^^^^^^^^^^^^^^^^^^^^^^^^^^^^^^
  File "/home/airflow/.local/lib/python3.12/site-packages/pendulum/__init__.py", line 143, in datetime
    return DateTime.create(
           ^^^^^^^^^^^^^^^^
  File "/home/airflow/.local/lib/python3.12/site-packages/pendulum/datetime.py", line 105, in create
    dt = datetime.datetime(
         ^^^^^^^^^^^^^^^^^^
ValueError: year 22026 is out of range
[2026-07-25T16:25:14.569+0000] {processor.py:927} WARNING - No viable dags retrieved from /opt/airflow/dags/fct_avg_day_earthquake.py
[2026-07-25T16:25:14.580+0000] {processor.py:208} INFO - Processing /opt/airflow/dags/fct_avg_day_earthquake.py took 0.018 seconds
[2026-07-25T16:25:45.057+0000] {processor.py:186} INFO - Started process (PID=36063) to work on /opt/airflow/dags/fct_avg_day_earthquake.py
[2026-07-25T16:25:45.060+0000] {processor.py:914} INFO - Processing file /opt/airflow/dags/fct_avg_day_earthquake.py for tasks to queue
[2026-07-25T16:25:45.061+0000] {logging_mixin.py:190} INFO - [2026-07-25T16:25:45.061+0000] {dagbag.py:588} INFO - Filling up the DagBag from /opt/airflow/dags/fct_avg_day_earthquake.py
[2026-07-25T16:25:45.064+0000] {logging_mixin.py:190} INFO - [2026-07-25T16:25:45.063+0000] {dagbag.py:387} ERROR - Failed to import: /opt/airflow/dags/fct_avg_day_earthquake.py
Traceback (most recent call last):
  File "/home/airflow/.local/lib/python3.12/site-packages/airflow/models/dagbag.py", line 383, in parse
    loader.exec_module(new_module)
  File "<frozen importlib._bootstrap_external>", line 999, in exec_module
  File "<frozen importlib._bootstrap>", line 488, in _call_with_frames_removed
  File "/opt/airflow/dags/fct_avg_day_earthquake.py", line 28, in <module>
    "start_date": pendulum.datetime(22026, 7, 10, tz="Europe/Moscow"),
                  ^^^^^^^^^^^^^^^^^^^^^^^^^^^^^^^^^^^^^^^^^^^^^^^^^^^
  File "/home/airflow/.local/lib/python3.12/site-packages/pendulum/__init__.py", line 143, in datetime
    return DateTime.create(
           ^^^^^^^^^^^^^^^^
  File "/home/airflow/.local/lib/python3.12/site-packages/pendulum/datetime.py", line 105, in create
    dt = datetime.datetime(
         ^^^^^^^^^^^^^^^^^^
ValueError: year 22026 is out of range
[2026-07-25T16:25:45.064+0000] {processor.py:927} WARNING - No viable dags retrieved from /opt/airflow/dags/fct_avg_day_earthquake.py
[2026-07-25T16:25:45.077+0000] {processor.py:208} INFO - Processing /opt/airflow/dags/fct_avg_day_earthquake.py took 0.024 seconds
[2026-07-25T16:26:15.551+0000] {processor.py:186} INFO - Started process (PID=36103) to work on /opt/airflow/dags/fct_avg_day_earthquake.py
[2026-07-25T16:26:15.552+0000] {processor.py:914} INFO - Processing file /opt/airflow/dags/fct_avg_day_earthquake.py for tasks to queue
[2026-07-25T16:26:15.552+0000] {logging_mixin.py:190} INFO - [2026-07-25T16:26:15.552+0000] {dagbag.py:588} INFO - Filling up the DagBag from /opt/airflow/dags/fct_avg_day_earthquake.py
[2026-07-25T16:26:15.555+0000] {logging_mixin.py:190} INFO - [2026-07-25T16:26:15.554+0000] {dagbag.py:387} ERROR - Failed to import: /opt/airflow/dags/fct_avg_day_earthquake.py
Traceback (most recent call last):
  File "/home/airflow/.local/lib/python3.12/site-packages/airflow/models/dagbag.py", line 383, in parse
    loader.exec_module(new_module)
  File "<frozen importlib._bootstrap_external>", line 999, in exec_module
  File "<frozen importlib._bootstrap>", line 488, in _call_with_frames_removed
  File "/opt/airflow/dags/fct_avg_day_earthquake.py", line 28, in <module>
    "start_date": pendulum.datetime(22026, 7, 10, tz="Europe/Moscow"),
                  ^^^^^^^^^^^^^^^^^^^^^^^^^^^^^^^^^^^^^^^^^^^^^^^^^^^
  File "/home/airflow/.local/lib/python3.12/site-packages/pendulum/__init__.py", line 143, in datetime
    return DateTime.create(
           ^^^^^^^^^^^^^^^^
  File "/home/airflow/.local/lib/python3.12/site-packages/pendulum/datetime.py", line 105, in create
    dt = datetime.datetime(
         ^^^^^^^^^^^^^^^^^^
ValueError: year 22026 is out of range
[2026-07-25T16:26:15.555+0000] {processor.py:927} WARNING - No viable dags retrieved from /opt/airflow/dags/fct_avg_day_earthquake.py
[2026-07-25T16:26:15.581+0000] {processor.py:208} INFO - Processing /opt/airflow/dags/fct_avg_day_earthquake.py took 0.035 seconds
[2026-07-25T16:26:46.036+0000] {processor.py:186} INFO - Started process (PID=36143) to work on /opt/airflow/dags/fct_avg_day_earthquake.py
[2026-07-25T16:26:46.038+0000] {processor.py:914} INFO - Processing file /opt/airflow/dags/fct_avg_day_earthquake.py for tasks to queue
[2026-07-25T16:26:46.039+0000] {logging_mixin.py:190} INFO - [2026-07-25T16:26:46.038+0000] {dagbag.py:588} INFO - Filling up the DagBag from /opt/airflow/dags/fct_avg_day_earthquake.py
[2026-07-25T16:26:46.041+0000] {logging_mixin.py:190} INFO - [2026-07-25T16:26:46.040+0000] {dagbag.py:387} ERROR - Failed to import: /opt/airflow/dags/fct_avg_day_earthquake.py
Traceback (most recent call last):
  File "/home/airflow/.local/lib/python3.12/site-packages/airflow/models/dagbag.py", line 383, in parse
    loader.exec_module(new_module)
  File "<frozen importlib._bootstrap_external>", line 999, in exec_module
  File "<frozen importlib._bootstrap>", line 488, in _call_with_frames_removed
  File "/opt/airflow/dags/fct_avg_day_earthquake.py", line 28, in <module>
    "start_date": pendulum.datetime(22026, 7, 10, tz="Europe/Moscow"),
                  ^^^^^^^^^^^^^^^^^^^^^^^^^^^^^^^^^^^^^^^^^^^^^^^^^^^
  File "/home/airflow/.local/lib/python3.12/site-packages/pendulum/__init__.py", line 143, in datetime
    return DateTime.create(
           ^^^^^^^^^^^^^^^^
  File "/home/airflow/.local/lib/python3.12/site-packages/pendulum/datetime.py", line 105, in create
    dt = datetime.datetime(
         ^^^^^^^^^^^^^^^^^^
ValueError: year 22026 is out of range
[2026-07-25T16:26:46.041+0000] {processor.py:927} WARNING - No viable dags retrieved from /opt/airflow/dags/fct_avg_day_earthquake.py
[2026-07-25T16:26:46.053+0000] {processor.py:208} INFO - Processing /opt/airflow/dags/fct_avg_day_earthquake.py took 0.021 seconds
[2026-07-25T16:27:16.564+0000] {processor.py:186} INFO - Started process (PID=36183) to work on /opt/airflow/dags/fct_avg_day_earthquake.py
[2026-07-25T16:27:16.565+0000] {processor.py:914} INFO - Processing file /opt/airflow/dags/fct_avg_day_earthquake.py for tasks to queue
[2026-07-25T16:27:16.565+0000] {logging_mixin.py:190} INFO - [2026-07-25T16:27:16.565+0000] {dagbag.py:588} INFO - Filling up the DagBag from /opt/airflow/dags/fct_avg_day_earthquake.py
[2026-07-25T16:27:16.568+0000] {logging_mixin.py:190} INFO - [2026-07-25T16:27:16.567+0000] {dagbag.py:387} ERROR - Failed to import: /opt/airflow/dags/fct_avg_day_earthquake.py
Traceback (most recent call last):
  File "/home/airflow/.local/lib/python3.12/site-packages/airflow/models/dagbag.py", line 383, in parse
    loader.exec_module(new_module)
  File "<frozen importlib._bootstrap_external>", line 999, in exec_module
  File "<frozen importlib._bootstrap>", line 488, in _call_with_frames_removed
  File "/opt/airflow/dags/fct_avg_day_earthquake.py", line 28, in <module>
    "start_date": pendulum.datetime(22026, 7, 10, tz="Europe/Moscow"),
                  ^^^^^^^^^^^^^^^^^^^^^^^^^^^^^^^^^^^^^^^^^^^^^^^^^^^
  File "/home/airflow/.local/lib/python3.12/site-packages/pendulum/__init__.py", line 143, in datetime
    return DateTime.create(
           ^^^^^^^^^^^^^^^^
  File "/home/airflow/.local/lib/python3.12/site-packages/pendulum/datetime.py", line 105, in create
    dt = datetime.datetime(
         ^^^^^^^^^^^^^^^^^^
ValueError: year 22026 is out of range
[2026-07-25T16:27:16.568+0000] {processor.py:927} WARNING - No viable dags retrieved from /opt/airflow/dags/fct_avg_day_earthquake.py
[2026-07-25T16:27:16.579+0000] {processor.py:208} INFO - Processing /opt/airflow/dags/fct_avg_day_earthquake.py took 0.017 seconds
[2026-07-25T16:27:47.050+0000] {processor.py:186} INFO - Started process (PID=36223) to work on /opt/airflow/dags/fct_avg_day_earthquake.py
[2026-07-25T16:27:47.053+0000] {processor.py:914} INFO - Processing file /opt/airflow/dags/fct_avg_day_earthquake.py for tasks to queue
[2026-07-25T16:27:47.054+0000] {logging_mixin.py:190} INFO - [2026-07-25T16:27:47.054+0000] {dagbag.py:588} INFO - Filling up the DagBag from /opt/airflow/dags/fct_avg_day_earthquake.py
[2026-07-25T16:27:47.058+0000] {logging_mixin.py:190} INFO - [2026-07-25T16:27:47.057+0000] {dagbag.py:387} ERROR - Failed to import: /opt/airflow/dags/fct_avg_day_earthquake.py
Traceback (most recent call last):
  File "/home/airflow/.local/lib/python3.12/site-packages/airflow/models/dagbag.py", line 383, in parse
    loader.exec_module(new_module)
  File "<frozen importlib._bootstrap_external>", line 999, in exec_module
  File "<frozen importlib._bootstrap>", line 488, in _call_with_frames_removed
  File "/opt/airflow/dags/fct_avg_day_earthquake.py", line 28, in <module>
    "start_date": pendulum.datetime(22026, 7, 10, tz="Europe/Moscow"),
                  ^^^^^^^^^^^^^^^^^^^^^^^^^^^^^^^^^^^^^^^^^^^^^^^^^^^
  File "/home/airflow/.local/lib/python3.12/site-packages/pendulum/__init__.py", line 143, in datetime
    return DateTime.create(
           ^^^^^^^^^^^^^^^^
  File "/home/airflow/.local/lib/python3.12/site-packages/pendulum/datetime.py", line 105, in create
    dt = datetime.datetime(
         ^^^^^^^^^^^^^^^^^^
ValueError: year 22026 is out of range
[2026-07-25T16:27:47.058+0000] {processor.py:927} WARNING - No viable dags retrieved from /opt/airflow/dags/fct_avg_day_earthquake.py
[2026-07-25T16:27:47.069+0000] {processor.py:208} INFO - Processing /opt/airflow/dags/fct_avg_day_earthquake.py took 0.026 seconds
[2026-07-25T16:28:17.536+0000] {processor.py:186} INFO - Started process (PID=36263) to work on /opt/airflow/dags/fct_avg_day_earthquake.py
[2026-07-25T16:28:17.536+0000] {processor.py:914} INFO - Processing file /opt/airflow/dags/fct_avg_day_earthquake.py for tasks to queue
[2026-07-25T16:28:17.537+0000] {logging_mixin.py:190} INFO - [2026-07-25T16:28:17.537+0000] {dagbag.py:588} INFO - Filling up the DagBag from /opt/airflow/dags/fct_avg_day_earthquake.py
[2026-07-25T16:28:17.539+0000] {logging_mixin.py:190} INFO - [2026-07-25T16:28:17.538+0000] {dagbag.py:387} ERROR - Failed to import: /opt/airflow/dags/fct_avg_day_earthquake.py
Traceback (most recent call last):
  File "/home/airflow/.local/lib/python3.12/site-packages/airflow/models/dagbag.py", line 383, in parse
    loader.exec_module(new_module)
  File "<frozen importlib._bootstrap_external>", line 999, in exec_module
  File "<frozen importlib._bootstrap>", line 488, in _call_with_frames_removed
  File "/opt/airflow/dags/fct_avg_day_earthquake.py", line 28, in <module>
    "start_date": pendulum.datetime(22026, 7, 10, tz="Europe/Moscow"),
                  ^^^^^^^^^^^^^^^^^^^^^^^^^^^^^^^^^^^^^^^^^^^^^^^^^^^
  File "/home/airflow/.local/lib/python3.12/site-packages/pendulum/__init__.py", line 143, in datetime
    return DateTime.create(
           ^^^^^^^^^^^^^^^^
  File "/home/airflow/.local/lib/python3.12/site-packages/pendulum/datetime.py", line 105, in create
    dt = datetime.datetime(
         ^^^^^^^^^^^^^^^^^^
ValueError: year 22026 is out of range
[2026-07-25T16:28:17.539+0000] {processor.py:927} WARNING - No viable dags retrieved from /opt/airflow/dags/fct_avg_day_earthquake.py
[2026-07-25T16:28:17.550+0000] {processor.py:208} INFO - Processing /opt/airflow/dags/fct_avg_day_earthquake.py took 0.017 seconds
[2026-07-25T16:28:48.010+0000] {processor.py:186} INFO - Started process (PID=36303) to work on /opt/airflow/dags/fct_avg_day_earthquake.py
[2026-07-25T16:28:48.013+0000] {processor.py:914} INFO - Processing file /opt/airflow/dags/fct_avg_day_earthquake.py for tasks to queue
[2026-07-25T16:28:48.014+0000] {logging_mixin.py:190} INFO - [2026-07-25T16:28:48.014+0000] {dagbag.py:588} INFO - Filling up the DagBag from /opt/airflow/dags/fct_avg_day_earthquake.py
[2026-07-25T16:28:48.017+0000] {logging_mixin.py:190} INFO - [2026-07-25T16:28:48.016+0000] {dagbag.py:387} ERROR - Failed to import: /opt/airflow/dags/fct_avg_day_earthquake.py
Traceback (most recent call last):
  File "/home/airflow/.local/lib/python3.12/site-packages/airflow/models/dagbag.py", line 383, in parse
    loader.exec_module(new_module)
  File "<frozen importlib._bootstrap_external>", line 999, in exec_module
  File "<frozen importlib._bootstrap>", line 488, in _call_with_frames_removed
  File "/opt/airflow/dags/fct_avg_day_earthquake.py", line 28, in <module>
    "start_date": pendulum.datetime(22026, 7, 10, tz="Europe/Moscow"),
                  ^^^^^^^^^^^^^^^^^^^^^^^^^^^^^^^^^^^^^^^^^^^^^^^^^^^
  File "/home/airflow/.local/lib/python3.12/site-packages/pendulum/__init__.py", line 143, in datetime
    return DateTime.create(
           ^^^^^^^^^^^^^^^^
  File "/home/airflow/.local/lib/python3.12/site-packages/pendulum/datetime.py", line 105, in create
    dt = datetime.datetime(
         ^^^^^^^^^^^^^^^^^^
ValueError: year 22026 is out of range
[2026-07-25T16:28:48.017+0000] {processor.py:927} WARNING - No viable dags retrieved from /opt/airflow/dags/fct_avg_day_earthquake.py
[2026-07-25T16:28:48.027+0000] {processor.py:208} INFO - Processing /opt/airflow/dags/fct_avg_day_earthquake.py took 0.022 seconds
[2026-07-25T16:29:18.485+0000] {processor.py:186} INFO - Started process (PID=36343) to work on /opt/airflow/dags/fct_avg_day_earthquake.py
[2026-07-25T16:29:18.486+0000] {processor.py:914} INFO - Processing file /opt/airflow/dags/fct_avg_day_earthquake.py for tasks to queue
[2026-07-25T16:29:18.486+0000] {logging_mixin.py:190} INFO - [2026-07-25T16:29:18.486+0000] {dagbag.py:588} INFO - Filling up the DagBag from /opt/airflow/dags/fct_avg_day_earthquake.py
[2026-07-25T16:29:18.488+0000] {logging_mixin.py:190} INFO - [2026-07-25T16:29:18.488+0000] {dagbag.py:387} ERROR - Failed to import: /opt/airflow/dags/fct_avg_day_earthquake.py
Traceback (most recent call last):
  File "/home/airflow/.local/lib/python3.12/site-packages/airflow/models/dagbag.py", line 383, in parse
    loader.exec_module(new_module)
  File "<frozen importlib._bootstrap_external>", line 999, in exec_module
  File "<frozen importlib._bootstrap>", line 488, in _call_with_frames_removed
  File "/opt/airflow/dags/fct_avg_day_earthquake.py", line 28, in <module>
    "start_date": pendulum.datetime(22026, 7, 10, tz="Europe/Moscow"),
                  ^^^^^^^^^^^^^^^^^^^^^^^^^^^^^^^^^^^^^^^^^^^^^^^^^^^
  File "/home/airflow/.local/lib/python3.12/site-packages/pendulum/__init__.py", line 143, in datetime
    return DateTime.create(
           ^^^^^^^^^^^^^^^^
  File "/home/airflow/.local/lib/python3.12/site-packages/pendulum/datetime.py", line 105, in create
    dt = datetime.datetime(
         ^^^^^^^^^^^^^^^^^^
ValueError: year 22026 is out of range
[2026-07-25T16:29:18.489+0000] {processor.py:927} WARNING - No viable dags retrieved from /opt/airflow/dags/fct_avg_day_earthquake.py
[2026-07-25T16:29:18.501+0000] {processor.py:208} INFO - Processing /opt/airflow/dags/fct_avg_day_earthquake.py took 0.019 seconds
[2026-07-25T16:29:48.971+0000] {processor.py:186} INFO - Started process (PID=36383) to work on /opt/airflow/dags/fct_avg_day_earthquake.py
[2026-07-25T16:29:48.974+0000] {processor.py:914} INFO - Processing file /opt/airflow/dags/fct_avg_day_earthquake.py for tasks to queue
[2026-07-25T16:29:48.975+0000] {logging_mixin.py:190} INFO - [2026-07-25T16:29:48.975+0000] {dagbag.py:588} INFO - Filling up the DagBag from /opt/airflow/dags/fct_avg_day_earthquake.py
[2026-07-25T16:29:48.977+0000] {logging_mixin.py:190} INFO - [2026-07-25T16:29:48.976+0000] {dagbag.py:387} ERROR - Failed to import: /opt/airflow/dags/fct_avg_day_earthquake.py
Traceback (most recent call last):
  File "/home/airflow/.local/lib/python3.12/site-packages/airflow/models/dagbag.py", line 383, in parse
    loader.exec_module(new_module)
  File "<frozen importlib._bootstrap_external>", line 999, in exec_module
  File "<frozen importlib._bootstrap>", line 488, in _call_with_frames_removed
  File "/opt/airflow/dags/fct_avg_day_earthquake.py", line 28, in <module>
    "start_date": pendulum.datetime(22026, 7, 10, tz="Europe/Moscow"),
                  ^^^^^^^^^^^^^^^^^^^^^^^^^^^^^^^^^^^^^^^^^^^^^^^^^^^
  File "/home/airflow/.local/lib/python3.12/site-packages/pendulum/__init__.py", line 143, in datetime
    return DateTime.create(
           ^^^^^^^^^^^^^^^^
  File "/home/airflow/.local/lib/python3.12/site-packages/pendulum/datetime.py", line 105, in create
    dt = datetime.datetime(
         ^^^^^^^^^^^^^^^^^^
ValueError: year 22026 is out of range
[2026-07-25T16:29:48.977+0000] {processor.py:927} WARNING - No viable dags retrieved from /opt/airflow/dags/fct_avg_day_earthquake.py
[2026-07-25T16:29:48.989+0000] {processor.py:208} INFO - Processing /opt/airflow/dags/fct_avg_day_earthquake.py took 0.021 seconds
[2026-07-25T16:30:19.495+0000] {processor.py:186} INFO - Started process (PID=36423) to work on /opt/airflow/dags/fct_avg_day_earthquake.py
[2026-07-25T16:30:19.495+0000] {processor.py:914} INFO - Processing file /opt/airflow/dags/fct_avg_day_earthquake.py for tasks to queue
[2026-07-25T16:30:19.496+0000] {logging_mixin.py:190} INFO - [2026-07-25T16:30:19.496+0000] {dagbag.py:588} INFO - Filling up the DagBag from /opt/airflow/dags/fct_avg_day_earthquake.py
[2026-07-25T16:30:19.498+0000] {logging_mixin.py:190} INFO - [2026-07-25T16:30:19.497+0000] {dagbag.py:387} ERROR - Failed to import: /opt/airflow/dags/fct_avg_day_earthquake.py
Traceback (most recent call last):
  File "/home/airflow/.local/lib/python3.12/site-packages/airflow/models/dagbag.py", line 383, in parse
    loader.exec_module(new_module)
  File "<frozen importlib._bootstrap_external>", line 999, in exec_module
  File "<frozen importlib._bootstrap>", line 488, in _call_with_frames_removed
  File "/opt/airflow/dags/fct_avg_day_earthquake.py", line 28, in <module>
    "start_date": pendulum.datetime(22026, 7, 10, tz="Europe/Moscow"),
                  ^^^^^^^^^^^^^^^^^^^^^^^^^^^^^^^^^^^^^^^^^^^^^^^^^^^
  File "/home/airflow/.local/lib/python3.12/site-packages/pendulum/__init__.py", line 143, in datetime
    return DateTime.create(
           ^^^^^^^^^^^^^^^^
  File "/home/airflow/.local/lib/python3.12/site-packages/pendulum/datetime.py", line 105, in create
    dt = datetime.datetime(
         ^^^^^^^^^^^^^^^^^^
ValueError: year 22026 is out of range
[2026-07-25T16:30:19.498+0000] {processor.py:927} WARNING - No viable dags retrieved from /opt/airflow/dags/fct_avg_day_earthquake.py
[2026-07-25T16:30:19.620+0000] {processor.py:208} INFO - Processing /opt/airflow/dags/fct_avg_day_earthquake.py took 0.131 seconds
[2026-07-25T16:30:50.043+0000] {processor.py:186} INFO - Started process (PID=36463) to work on /opt/airflow/dags/fct_avg_day_earthquake.py
[2026-07-25T16:30:50.046+0000] {processor.py:914} INFO - Processing file /opt/airflow/dags/fct_avg_day_earthquake.py for tasks to queue
[2026-07-25T16:30:50.047+0000] {logging_mixin.py:190} INFO - [2026-07-25T16:30:50.047+0000] {dagbag.py:588} INFO - Filling up the DagBag from /opt/airflow/dags/fct_avg_day_earthquake.py
[2026-07-25T16:30:50.049+0000] {logging_mixin.py:190} INFO - [2026-07-25T16:30:50.048+0000] {dagbag.py:387} ERROR - Failed to import: /opt/airflow/dags/fct_avg_day_earthquake.py
Traceback (most recent call last):
  File "/home/airflow/.local/lib/python3.12/site-packages/airflow/models/dagbag.py", line 383, in parse
    loader.exec_module(new_module)
  File "<frozen importlib._bootstrap_external>", line 999, in exec_module
  File "<frozen importlib._bootstrap>", line 488, in _call_with_frames_removed
  File "/opt/airflow/dags/fct_avg_day_earthquake.py", line 28, in <module>
    "start_date": pendulum.datetime(22026, 7, 10, tz="Europe/Moscow"),
                  ^^^^^^^^^^^^^^^^^^^^^^^^^^^^^^^^^^^^^^^^^^^^^^^^^^^
  File "/home/airflow/.local/lib/python3.12/site-packages/pendulum/__init__.py", line 143, in datetime
    return DateTime.create(
           ^^^^^^^^^^^^^^^^
  File "/home/airflow/.local/lib/python3.12/site-packages/pendulum/datetime.py", line 105, in create
    dt = datetime.datetime(
         ^^^^^^^^^^^^^^^^^^
ValueError: year 22026 is out of range
[2026-07-25T16:30:50.049+0000] {processor.py:927} WARNING - No viable dags retrieved from /opt/airflow/dags/fct_avg_day_earthquake.py
[2026-07-25T16:30:50.066+0000] {processor.py:208} INFO - Processing /opt/airflow/dags/fct_avg_day_earthquake.py took 0.027 seconds
[2026-07-25T16:31:20.512+0000] {processor.py:186} INFO - Started process (PID=36503) to work on /opt/airflow/dags/fct_avg_day_earthquake.py
[2026-07-25T16:31:20.513+0000] {processor.py:914} INFO - Processing file /opt/airflow/dags/fct_avg_day_earthquake.py for tasks to queue
[2026-07-25T16:31:20.513+0000] {logging_mixin.py:190} INFO - [2026-07-25T16:31:20.513+0000] {dagbag.py:588} INFO - Filling up the DagBag from /opt/airflow/dags/fct_avg_day_earthquake.py
[2026-07-25T16:31:20.515+0000] {logging_mixin.py:190} INFO - [2026-07-25T16:31:20.514+0000] {dagbag.py:387} ERROR - Failed to import: /opt/airflow/dags/fct_avg_day_earthquake.py
Traceback (most recent call last):
  File "/home/airflow/.local/lib/python3.12/site-packages/airflow/models/dagbag.py", line 383, in parse
    loader.exec_module(new_module)
  File "<frozen importlib._bootstrap_external>", line 999, in exec_module
  File "<frozen importlib._bootstrap>", line 488, in _call_with_frames_removed
  File "/opt/airflow/dags/fct_avg_day_earthquake.py", line 28, in <module>
    "start_date": pendulum.datetime(22026, 7, 10, tz="Europe/Moscow"),
                  ^^^^^^^^^^^^^^^^^^^^^^^^^^^^^^^^^^^^^^^^^^^^^^^^^^^
  File "/home/airflow/.local/lib/python3.12/site-packages/pendulum/__init__.py", line 143, in datetime
    return DateTime.create(
           ^^^^^^^^^^^^^^^^
  File "/home/airflow/.local/lib/python3.12/site-packages/pendulum/datetime.py", line 105, in create
    dt = datetime.datetime(
         ^^^^^^^^^^^^^^^^^^
ValueError: year 22026 is out of range
[2026-07-25T16:31:20.515+0000] {processor.py:927} WARNING - No viable dags retrieved from /opt/airflow/dags/fct_avg_day_earthquake.py
[2026-07-25T16:31:20.528+0000] {processor.py:208} INFO - Processing /opt/airflow/dags/fct_avg_day_earthquake.py took 0.019 seconds
[2026-07-25T16:31:50.928+0000] {processor.py:186} INFO - Started process (PID=36543) to work on /opt/airflow/dags/fct_avg_day_earthquake.py
[2026-07-25T16:31:50.931+0000] {processor.py:914} INFO - Processing file /opt/airflow/dags/fct_avg_day_earthquake.py for tasks to queue
[2026-07-25T16:31:50.932+0000] {logging_mixin.py:190} INFO - [2026-07-25T16:31:50.932+0000] {dagbag.py:588} INFO - Filling up the DagBag from /opt/airflow/dags/fct_avg_day_earthquake.py
[2026-07-25T16:31:50.934+0000] {logging_mixin.py:190} INFO - [2026-07-25T16:31:50.933+0000] {dagbag.py:387} ERROR - Failed to import: /opt/airflow/dags/fct_avg_day_earthquake.py
Traceback (most recent call last):
  File "/home/airflow/.local/lib/python3.12/site-packages/airflow/models/dagbag.py", line 383, in parse
    loader.exec_module(new_module)
  File "<frozen importlib._bootstrap_external>", line 999, in exec_module
  File "<frozen importlib._bootstrap>", line 488, in _call_with_frames_removed
  File "/opt/airflow/dags/fct_avg_day_earthquake.py", line 28, in <module>
    "start_date": pendulum.datetime(22026, 7, 10, tz="Europe/Moscow"),
                  ^^^^^^^^^^^^^^^^^^^^^^^^^^^^^^^^^^^^^^^^^^^^^^^^^^^
  File "/home/airflow/.local/lib/python3.12/site-packages/pendulum/__init__.py", line 143, in datetime
    return DateTime.create(
           ^^^^^^^^^^^^^^^^
  File "/home/airflow/.local/lib/python3.12/site-packages/pendulum/datetime.py", line 105, in create
    dt = datetime.datetime(
         ^^^^^^^^^^^^^^^^^^
ValueError: year 22026 is out of range
[2026-07-25T16:31:50.935+0000] {processor.py:927} WARNING - No viable dags retrieved from /opt/airflow/dags/fct_avg_day_earthquake.py
[2026-07-25T16:31:50.948+0000] {processor.py:208} INFO - Processing /opt/airflow/dags/fct_avg_day_earthquake.py took 0.023 seconds
[2026-07-25T16:32:21.350+0000] {processor.py:186} INFO - Started process (PID=36583) to work on /opt/airflow/dags/fct_avg_day_earthquake.py
[2026-07-25T16:32:21.350+0000] {processor.py:914} INFO - Processing file /opt/airflow/dags/fct_avg_day_earthquake.py for tasks to queue
[2026-07-25T16:32:21.351+0000] {logging_mixin.py:190} INFO - [2026-07-25T16:32:21.351+0000] {dagbag.py:588} INFO - Filling up the DagBag from /opt/airflow/dags/fct_avg_day_earthquake.py
[2026-07-25T16:32:21.353+0000] {logging_mixin.py:190} INFO - [2026-07-25T16:32:21.352+0000] {dagbag.py:387} ERROR - Failed to import: /opt/airflow/dags/fct_avg_day_earthquake.py
Traceback (most recent call last):
  File "/home/airflow/.local/lib/python3.12/site-packages/airflow/models/dagbag.py", line 383, in parse
    loader.exec_module(new_module)
  File "<frozen importlib._bootstrap_external>", line 999, in exec_module
  File "<frozen importlib._bootstrap>", line 488, in _call_with_frames_removed
  File "/opt/airflow/dags/fct_avg_day_earthquake.py", line 28, in <module>
    "start_date": pendulum.datetime(22026, 7, 10, tz="Europe/Moscow"),
                  ^^^^^^^^^^^^^^^^^^^^^^^^^^^^^^^^^^^^^^^^^^^^^^^^^^^
  File "/home/airflow/.local/lib/python3.12/site-packages/pendulum/__init__.py", line 143, in datetime
    return DateTime.create(
           ^^^^^^^^^^^^^^^^
  File "/home/airflow/.local/lib/python3.12/site-packages/pendulum/datetime.py", line 105, in create
    dt = datetime.datetime(
         ^^^^^^^^^^^^^^^^^^
ValueError: year 22026 is out of range
[2026-07-25T16:32:21.353+0000] {processor.py:927} WARNING - No viable dags retrieved from /opt/airflow/dags/fct_avg_day_earthquake.py
[2026-07-25T16:32:21.366+0000] {processor.py:208} INFO - Processing /opt/airflow/dags/fct_avg_day_earthquake.py took 0.019 seconds
[2026-07-25T16:32:51.802+0000] {processor.py:186} INFO - Started process (PID=36623) to work on /opt/airflow/dags/fct_avg_day_earthquake.py
[2026-07-25T16:32:51.803+0000] {processor.py:914} INFO - Processing file /opt/airflow/dags/fct_avg_day_earthquake.py for tasks to queue
[2026-07-25T16:32:51.804+0000] {logging_mixin.py:190} INFO - [2026-07-25T16:32:51.804+0000] {dagbag.py:588} INFO - Filling up the DagBag from /opt/airflow/dags/fct_avg_day_earthquake.py
[2026-07-25T16:32:51.806+0000] {logging_mixin.py:190} INFO - [2026-07-25T16:32:51.805+0000] {dagbag.py:387} ERROR - Failed to import: /opt/airflow/dags/fct_avg_day_earthquake.py
Traceback (most recent call last):
  File "/home/airflow/.local/lib/python3.12/site-packages/airflow/models/dagbag.py", line 383, in parse
    loader.exec_module(new_module)
  File "<frozen importlib._bootstrap_external>", line 999, in exec_module
  File "<frozen importlib._bootstrap>", line 488, in _call_with_frames_removed
  File "/opt/airflow/dags/fct_avg_day_earthquake.py", line 28, in <module>
    "start_date": pendulum.datetime(22026, 7, 10, tz="Europe/Moscow"),
                  ^^^^^^^^^^^^^^^^^^^^^^^^^^^^^^^^^^^^^^^^^^^^^^^^^^^
  File "/home/airflow/.local/lib/python3.12/site-packages/pendulum/__init__.py", line 143, in datetime
    return DateTime.create(
           ^^^^^^^^^^^^^^^^
  File "/home/airflow/.local/lib/python3.12/site-packages/pendulum/datetime.py", line 105, in create
    dt = datetime.datetime(
         ^^^^^^^^^^^^^^^^^^
ValueError: year 22026 is out of range
[2026-07-25T16:32:51.806+0000] {processor.py:927} WARNING - No viable dags retrieved from /opt/airflow/dags/fct_avg_day_earthquake.py
[2026-07-25T16:32:51.819+0000] {processor.py:208} INFO - Processing /opt/airflow/dags/fct_avg_day_earthquake.py took 0.020 seconds
[2026-07-25T16:33:22.152+0000] {processor.py:186} INFO - Started process (PID=36663) to work on /opt/airflow/dags/fct_avg_day_earthquake.py
[2026-07-25T16:33:22.152+0000] {processor.py:914} INFO - Processing file /opt/airflow/dags/fct_avg_day_earthquake.py for tasks to queue
[2026-07-25T16:33:22.153+0000] {logging_mixin.py:190} INFO - [2026-07-25T16:33:22.153+0000] {dagbag.py:588} INFO - Filling up the DagBag from /opt/airflow/dags/fct_avg_day_earthquake.py
[2026-07-25T16:33:22.156+0000] {logging_mixin.py:190} INFO - [2026-07-25T16:33:22.155+0000] {dagbag.py:387} ERROR - Failed to import: /opt/airflow/dags/fct_avg_day_earthquake.py
Traceback (most recent call last):
  File "/home/airflow/.local/lib/python3.12/site-packages/airflow/models/dagbag.py", line 383, in parse
    loader.exec_module(new_module)
  File "<frozen importlib._bootstrap_external>", line 999, in exec_module
  File "<frozen importlib._bootstrap>", line 488, in _call_with_frames_removed
  File "/opt/airflow/dags/fct_avg_day_earthquake.py", line 28, in <module>
    "start_date": pendulum.datetime(22026, 7, 10, tz="Europe/Moscow"),
                  ^^^^^^^^^^^^^^^^^^^^^^^^^^^^^^^^^^^^^^^^^^^^^^^^^^^
  File "/home/airflow/.local/lib/python3.12/site-packages/pendulum/__init__.py", line 143, in datetime
    return DateTime.create(
           ^^^^^^^^^^^^^^^^
  File "/home/airflow/.local/lib/python3.12/site-packages/pendulum/datetime.py", line 105, in create
    dt = datetime.datetime(
         ^^^^^^^^^^^^^^^^^^
ValueError: year 22026 is out of range
[2026-07-25T16:33:22.156+0000] {processor.py:927} WARNING - No viable dags retrieved from /opt/airflow/dags/fct_avg_day_earthquake.py
[2026-07-25T16:33:22.168+0000] {processor.py:208} INFO - Processing /opt/airflow/dags/fct_avg_day_earthquake.py took 0.019 seconds
[2026-07-25T16:33:52.479+0000] {processor.py:186} INFO - Started process (PID=36703) to work on /opt/airflow/dags/fct_avg_day_earthquake.py
[2026-07-25T16:33:52.479+0000] {processor.py:914} INFO - Processing file /opt/airflow/dags/fct_avg_day_earthquake.py for tasks to queue
[2026-07-25T16:33:52.480+0000] {logging_mixin.py:190} INFO - [2026-07-25T16:33:52.480+0000] {dagbag.py:588} INFO - Filling up the DagBag from /opt/airflow/dags/fct_avg_day_earthquake.py
[2026-07-25T16:33:52.482+0000] {logging_mixin.py:190} INFO - [2026-07-25T16:33:52.481+0000] {dagbag.py:387} ERROR - Failed to import: /opt/airflow/dags/fct_avg_day_earthquake.py
Traceback (most recent call last):
  File "/home/airflow/.local/lib/python3.12/site-packages/airflow/models/dagbag.py", line 383, in parse
    loader.exec_module(new_module)
  File "<frozen importlib._bootstrap_external>", line 999, in exec_module
  File "<frozen importlib._bootstrap>", line 488, in _call_with_frames_removed
  File "/opt/airflow/dags/fct_avg_day_earthquake.py", line 28, in <module>
    "start_date": pendulum.datetime(22026, 7, 10, tz="Europe/Moscow"),
                  ^^^^^^^^^^^^^^^^^^^^^^^^^^^^^^^^^^^^^^^^^^^^^^^^^^^
  File "/home/airflow/.local/lib/python3.12/site-packages/pendulum/__init__.py", line 143, in datetime
    return DateTime.create(
           ^^^^^^^^^^^^^^^^
  File "/home/airflow/.local/lib/python3.12/site-packages/pendulum/datetime.py", line 105, in create
    dt = datetime.datetime(
         ^^^^^^^^^^^^^^^^^^
ValueError: year 22026 is out of range
[2026-07-25T16:33:52.482+0000] {processor.py:927} WARNING - No viable dags retrieved from /opt/airflow/dags/fct_avg_day_earthquake.py
[2026-07-25T16:33:52.495+0000] {processor.py:208} INFO - Processing /opt/airflow/dags/fct_avg_day_earthquake.py took 0.020 seconds
[2026-07-25T16:34:22.812+0000] {processor.py:186} INFO - Started process (PID=36743) to work on /opt/airflow/dags/fct_avg_day_earthquake.py
[2026-07-25T16:34:22.813+0000] {processor.py:914} INFO - Processing file /opt/airflow/dags/fct_avg_day_earthquake.py for tasks to queue
[2026-07-25T16:34:22.818+0000] {logging_mixin.py:190} INFO - [2026-07-25T16:34:22.817+0000] {dagbag.py:588} INFO - Filling up the DagBag from /opt/airflow/dags/fct_avg_day_earthquake.py
[2026-07-25T16:34:22.832+0000] {logging_mixin.py:190} INFO - [2026-07-25T16:34:22.830+0000] {dagbag.py:387} ERROR - Failed to import: /opt/airflow/dags/fct_avg_day_earthquake.py
Traceback (most recent call last):
  File "/home/airflow/.local/lib/python3.12/site-packages/airflow/models/dagbag.py", line 383, in parse
    loader.exec_module(new_module)
  File "<frozen importlib._bootstrap_external>", line 999, in exec_module
  File "<frozen importlib._bootstrap>", line 488, in _call_with_frames_removed
  File "/opt/airflow/dags/fct_avg_day_earthquake.py", line 28, in <module>
    "start_date": pendulum.datetime(22026, 7, 10, tz="Europe/Moscow"),
                  ^^^^^^^^^^^^^^^^^^^^^^^^^^^^^^^^^^^^^^^^^^^^^^^^^^^
  File "/home/airflow/.local/lib/python3.12/site-packages/pendulum/__init__.py", line 143, in datetime
    return DateTime.create(
           ^^^^^^^^^^^^^^^^
  File "/home/airflow/.local/lib/python3.12/site-packages/pendulum/datetime.py", line 105, in create
    dt = datetime.datetime(
         ^^^^^^^^^^^^^^^^^^
ValueError: year 22026 is out of range
[2026-07-25T16:34:22.833+0000] {processor.py:927} WARNING - No viable dags retrieved from /opt/airflow/dags/fct_avg_day_earthquake.py
[2026-07-25T16:34:22.847+0000] {processor.py:208} INFO - Processing /opt/airflow/dags/fct_avg_day_earthquake.py took 0.041 seconds
[2026-07-25T16:34:53.161+0000] {processor.py:186} INFO - Started process (PID=36783) to work on /opt/airflow/dags/fct_avg_day_earthquake.py
[2026-07-25T16:34:53.164+0000] {processor.py:914} INFO - Processing file /opt/airflow/dags/fct_avg_day_earthquake.py for tasks to queue
[2026-07-25T16:34:53.165+0000] {logging_mixin.py:190} INFO - [2026-07-25T16:34:53.165+0000] {dagbag.py:588} INFO - Filling up the DagBag from /opt/airflow/dags/fct_avg_day_earthquake.py
[2026-07-25T16:34:53.167+0000] {logging_mixin.py:190} INFO - [2026-07-25T16:34:53.166+0000] {dagbag.py:387} ERROR - Failed to import: /opt/airflow/dags/fct_avg_day_earthquake.py
Traceback (most recent call last):
  File "/home/airflow/.local/lib/python3.12/site-packages/airflow/models/dagbag.py", line 383, in parse
    loader.exec_module(new_module)
  File "<frozen importlib._bootstrap_external>", line 999, in exec_module
  File "<frozen importlib._bootstrap>", line 488, in _call_with_frames_removed
  File "/opt/airflow/dags/fct_avg_day_earthquake.py", line 28, in <module>
    "start_date": pendulum.datetime(22026, 7, 10, tz="Europe/Moscow"),
                  ^^^^^^^^^^^^^^^^^^^^^^^^^^^^^^^^^^^^^^^^^^^^^^^^^^^
  File "/home/airflow/.local/lib/python3.12/site-packages/pendulum/__init__.py", line 143, in datetime
    return DateTime.create(
           ^^^^^^^^^^^^^^^^
  File "/home/airflow/.local/lib/python3.12/site-packages/pendulum/datetime.py", line 105, in create
    dt = datetime.datetime(
         ^^^^^^^^^^^^^^^^^^
ValueError: year 22026 is out of range
[2026-07-25T16:34:53.167+0000] {processor.py:927} WARNING - No viable dags retrieved from /opt/airflow/dags/fct_avg_day_earthquake.py
[2026-07-25T16:34:53.178+0000] {processor.py:208} INFO - Processing /opt/airflow/dags/fct_avg_day_earthquake.py took 0.021 seconds
[2026-07-25T16:35:23.491+0000] {processor.py:186} INFO - Started process (PID=36823) to work on /opt/airflow/dags/fct_avg_day_earthquake.py
[2026-07-25T16:35:23.491+0000] {processor.py:914} INFO - Processing file /opt/airflow/dags/fct_avg_day_earthquake.py for tasks to queue
[2026-07-25T16:35:23.492+0000] {logging_mixin.py:190} INFO - [2026-07-25T16:35:23.492+0000] {dagbag.py:588} INFO - Filling up the DagBag from /opt/airflow/dags/fct_avg_day_earthquake.py
[2026-07-25T16:35:23.495+0000] {logging_mixin.py:190} INFO - [2026-07-25T16:35:23.494+0000] {dagbag.py:387} ERROR - Failed to import: /opt/airflow/dags/fct_avg_day_earthquake.py
Traceback (most recent call last):
  File "/home/airflow/.local/lib/python3.12/site-packages/airflow/models/dagbag.py", line 383, in parse
    loader.exec_module(new_module)
  File "<frozen importlib._bootstrap_external>", line 999, in exec_module
  File "<frozen importlib._bootstrap>", line 488, in _call_with_frames_removed
  File "/opt/airflow/dags/fct_avg_day_earthquake.py", line 28, in <module>
    "start_date": pendulum.datetime(22026, 7, 10, tz="Europe/Moscow"),
                  ^^^^^^^^^^^^^^^^^^^^^^^^^^^^^^^^^^^^^^^^^^^^^^^^^^^
  File "/home/airflow/.local/lib/python3.12/site-packages/pendulum/__init__.py", line 143, in datetime
    return DateTime.create(
           ^^^^^^^^^^^^^^^^
  File "/home/airflow/.local/lib/python3.12/site-packages/pendulum/datetime.py", line 105, in create
    dt = datetime.datetime(
         ^^^^^^^^^^^^^^^^^^
ValueError: year 22026 is out of range
[2026-07-25T16:35:23.495+0000] {processor.py:927} WARNING - No viable dags retrieved from /opt/airflow/dags/fct_avg_day_earthquake.py
[2026-07-25T16:35:23.507+0000] {processor.py:208} INFO - Processing /opt/airflow/dags/fct_avg_day_earthquake.py took 0.020 seconds
[2026-07-25T16:35:53.841+0000] {processor.py:186} INFO - Started process (PID=36863) to work on /opt/airflow/dags/fct_avg_day_earthquake.py
[2026-07-25T16:35:53.844+0000] {processor.py:914} INFO - Processing file /opt/airflow/dags/fct_avg_day_earthquake.py for tasks to queue
[2026-07-25T16:35:53.845+0000] {logging_mixin.py:190} INFO - [2026-07-25T16:35:53.845+0000] {dagbag.py:588} INFO - Filling up the DagBag from /opt/airflow/dags/fct_avg_day_earthquake.py
[2026-07-25T16:35:53.847+0000] {logging_mixin.py:190} INFO - [2026-07-25T16:35:53.846+0000] {dagbag.py:387} ERROR - Failed to import: /opt/airflow/dags/fct_avg_day_earthquake.py
Traceback (most recent call last):
  File "/home/airflow/.local/lib/python3.12/site-packages/airflow/models/dagbag.py", line 383, in parse
    loader.exec_module(new_module)
  File "<frozen importlib._bootstrap_external>", line 999, in exec_module
  File "<frozen importlib._bootstrap>", line 488, in _call_with_frames_removed
  File "/opt/airflow/dags/fct_avg_day_earthquake.py", line 28, in <module>
    "start_date": pendulum.datetime(22026, 7, 10, tz="Europe/Moscow"),
                  ^^^^^^^^^^^^^^^^^^^^^^^^^^^^^^^^^^^^^^^^^^^^^^^^^^^
  File "/home/airflow/.local/lib/python3.12/site-packages/pendulum/__init__.py", line 143, in datetime
    return DateTime.create(
           ^^^^^^^^^^^^^^^^
  File "/home/airflow/.local/lib/python3.12/site-packages/pendulum/datetime.py", line 105, in create
    dt = datetime.datetime(
         ^^^^^^^^^^^^^^^^^^
ValueError: year 22026 is out of range
[2026-07-25T16:35:53.847+0000] {processor.py:927} WARNING - No viable dags retrieved from /opt/airflow/dags/fct_avg_day_earthquake.py
[2026-07-25T16:35:53.860+0000] {processor.py:208} INFO - Processing /opt/airflow/dags/fct_avg_day_earthquake.py took 0.022 seconds
[2026-07-25T16:36:24.127+0000] {processor.py:186} INFO - Started process (PID=36903) to work on /opt/airflow/dags/fct_avg_day_earthquake.py
[2026-07-25T16:36:24.128+0000] {processor.py:914} INFO - Processing file /opt/airflow/dags/fct_avg_day_earthquake.py for tasks to queue
[2026-07-25T16:36:24.129+0000] {logging_mixin.py:190} INFO - [2026-07-25T16:36:24.129+0000] {dagbag.py:588} INFO - Filling up the DagBag from /opt/airflow/dags/fct_avg_day_earthquake.py
[2026-07-25T16:36:24.131+0000] {logging_mixin.py:190} INFO - [2026-07-25T16:36:24.130+0000] {dagbag.py:387} ERROR - Failed to import: /opt/airflow/dags/fct_avg_day_earthquake.py
Traceback (most recent call last):
  File "/home/airflow/.local/lib/python3.12/site-packages/airflow/models/dagbag.py", line 383, in parse
    loader.exec_module(new_module)
  File "<frozen importlib._bootstrap_external>", line 999, in exec_module
  File "<frozen importlib._bootstrap>", line 488, in _call_with_frames_removed
  File "/opt/airflow/dags/fct_avg_day_earthquake.py", line 28, in <module>
    "start_date": pendulum.datetime(22026, 7, 10, tz="Europe/Moscow"),
                  ^^^^^^^^^^^^^^^^^^^^^^^^^^^^^^^^^^^^^^^^^^^^^^^^^^^
  File "/home/airflow/.local/lib/python3.12/site-packages/pendulum/__init__.py", line 143, in datetime
    return DateTime.create(
           ^^^^^^^^^^^^^^^^
  File "/home/airflow/.local/lib/python3.12/site-packages/pendulum/datetime.py", line 105, in create
    dt = datetime.datetime(
         ^^^^^^^^^^^^^^^^^^
ValueError: year 22026 is out of range
[2026-07-25T16:36:24.131+0000] {processor.py:927} WARNING - No viable dags retrieved from /opt/airflow/dags/fct_avg_day_earthquake.py
[2026-07-25T16:36:24.147+0000] {processor.py:208} INFO - Processing /opt/airflow/dags/fct_avg_day_earthquake.py took 0.025 seconds
[2026-07-25T16:36:54.438+0000] {processor.py:186} INFO - Started process (PID=36943) to work on /opt/airflow/dags/fct_avg_day_earthquake.py
[2026-07-25T16:36:54.441+0000] {processor.py:914} INFO - Processing file /opt/airflow/dags/fct_avg_day_earthquake.py for tasks to queue
[2026-07-25T16:36:54.443+0000] {logging_mixin.py:190} INFO - [2026-07-25T16:36:54.442+0000] {dagbag.py:588} INFO - Filling up the DagBag from /opt/airflow/dags/fct_avg_day_earthquake.py
[2026-07-25T16:36:54.446+0000] {logging_mixin.py:190} INFO - [2026-07-25T16:36:54.445+0000] {dagbag.py:387} ERROR - Failed to import: /opt/airflow/dags/fct_avg_day_earthquake.py
Traceback (most recent call last):
  File "/home/airflow/.local/lib/python3.12/site-packages/airflow/models/dagbag.py", line 383, in parse
    loader.exec_module(new_module)
  File "<frozen importlib._bootstrap_external>", line 999, in exec_module
  File "<frozen importlib._bootstrap>", line 488, in _call_with_frames_removed
  File "/opt/airflow/dags/fct_avg_day_earthquake.py", line 28, in <module>
    "start_date": pendulum.datetime(22026, 7, 10, tz="Europe/Moscow"),
                  ^^^^^^^^^^^^^^^^^^^^^^^^^^^^^^^^^^^^^^^^^^^^^^^^^^^
  File "/home/airflow/.local/lib/python3.12/site-packages/pendulum/__init__.py", line 143, in datetime
    return DateTime.create(
           ^^^^^^^^^^^^^^^^
  File "/home/airflow/.local/lib/python3.12/site-packages/pendulum/datetime.py", line 105, in create
    dt = datetime.datetime(
         ^^^^^^^^^^^^^^^^^^
ValueError: year 22026 is out of range
[2026-07-25T16:36:54.447+0000] {processor.py:927} WARNING - No viable dags retrieved from /opt/airflow/dags/fct_avg_day_earthquake.py
[2026-07-25T16:36:54.461+0000] {processor.py:208} INFO - Processing /opt/airflow/dags/fct_avg_day_earthquake.py took 0.027 seconds
[2026-07-25T16:37:24.827+0000] {processor.py:186} INFO - Started process (PID=36983) to work on /opt/airflow/dags/fct_avg_day_earthquake.py
[2026-07-25T16:37:24.827+0000] {processor.py:914} INFO - Processing file /opt/airflow/dags/fct_avg_day_earthquake.py for tasks to queue
[2026-07-25T16:37:24.828+0000] {logging_mixin.py:190} INFO - [2026-07-25T16:37:24.828+0000] {dagbag.py:588} INFO - Filling up the DagBag from /opt/airflow/dags/fct_avg_day_earthquake.py
[2026-07-25T16:37:24.830+0000] {logging_mixin.py:190} INFO - [2026-07-25T16:37:24.829+0000] {dagbag.py:387} ERROR - Failed to import: /opt/airflow/dags/fct_avg_day_earthquake.py
Traceback (most recent call last):
  File "/home/airflow/.local/lib/python3.12/site-packages/airflow/models/dagbag.py", line 383, in parse
    loader.exec_module(new_module)
  File "<frozen importlib._bootstrap_external>", line 999, in exec_module
  File "<frozen importlib._bootstrap>", line 488, in _call_with_frames_removed
  File "/opt/airflow/dags/fct_avg_day_earthquake.py", line 28, in <module>
    "start_date": pendulum.datetime(22026, 7, 10, tz="Europe/Moscow"),
                  ^^^^^^^^^^^^^^^^^^^^^^^^^^^^^^^^^^^^^^^^^^^^^^^^^^^
  File "/home/airflow/.local/lib/python3.12/site-packages/pendulum/__init__.py", line 143, in datetime
    return DateTime.create(
           ^^^^^^^^^^^^^^^^
  File "/home/airflow/.local/lib/python3.12/site-packages/pendulum/datetime.py", line 105, in create
    dt = datetime.datetime(
         ^^^^^^^^^^^^^^^^^^
ValueError: year 22026 is out of range
[2026-07-25T16:37:24.830+0000] {processor.py:927} WARNING - No viable dags retrieved from /opt/airflow/dags/fct_avg_day_earthquake.py
[2026-07-25T16:37:24.842+0000] {processor.py:208} INFO - Processing /opt/airflow/dags/fct_avg_day_earthquake.py took 0.018 seconds
[2026-07-25T16:37:55.066+0000] {processor.py:186} INFO - Started process (PID=37023) to work on /opt/airflow/dags/fct_avg_day_earthquake.py
[2026-07-25T16:37:55.067+0000] {processor.py:914} INFO - Processing file /opt/airflow/dags/fct_avg_day_earthquake.py for tasks to queue
[2026-07-25T16:37:55.068+0000] {logging_mixin.py:190} INFO - [2026-07-25T16:37:55.068+0000] {dagbag.py:588} INFO - Filling up the DagBag from /opt/airflow/dags/fct_avg_day_earthquake.py
[2026-07-25T16:37:55.070+0000] {logging_mixin.py:190} INFO - [2026-07-25T16:37:55.070+0000] {dagbag.py:387} ERROR - Failed to import: /opt/airflow/dags/fct_avg_day_earthquake.py
Traceback (most recent call last):
  File "/home/airflow/.local/lib/python3.12/site-packages/airflow/models/dagbag.py", line 383, in parse
    loader.exec_module(new_module)
  File "<frozen importlib._bootstrap_external>", line 999, in exec_module
  File "<frozen importlib._bootstrap>", line 488, in _call_with_frames_removed
  File "/opt/airflow/dags/fct_avg_day_earthquake.py", line 28, in <module>
    "start_date": pendulum.datetime(22026, 7, 10, tz="Europe/Moscow"),
                  ^^^^^^^^^^^^^^^^^^^^^^^^^^^^^^^^^^^^^^^^^^^^^^^^^^^
  File "/home/airflow/.local/lib/python3.12/site-packages/pendulum/__init__.py", line 143, in datetime
    return DateTime.create(
           ^^^^^^^^^^^^^^^^
  File "/home/airflow/.local/lib/python3.12/site-packages/pendulum/datetime.py", line 105, in create
    dt = datetime.datetime(
         ^^^^^^^^^^^^^^^^^^
ValueError: year 22026 is out of range
[2026-07-25T16:37:55.071+0000] {processor.py:927} WARNING - No viable dags retrieved from /opt/airflow/dags/fct_avg_day_earthquake.py
[2026-07-25T16:37:55.083+0000] {processor.py:208} INFO - Processing /opt/airflow/dags/fct_avg_day_earthquake.py took 0.021 seconds
[2026-07-25T16:38:25.437+0000] {processor.py:186} INFO - Started process (PID=37063) to work on /opt/airflow/dags/fct_avg_day_earthquake.py
[2026-07-25T16:38:25.438+0000] {processor.py:914} INFO - Processing file /opt/airflow/dags/fct_avg_day_earthquake.py for tasks to queue
[2026-07-25T16:38:25.438+0000] {logging_mixin.py:190} INFO - [2026-07-25T16:38:25.438+0000] {dagbag.py:588} INFO - Filling up the DagBag from /opt/airflow/dags/fct_avg_day_earthquake.py
[2026-07-25T16:38:25.441+0000] {logging_mixin.py:190} INFO - [2026-07-25T16:38:25.440+0000] {dagbag.py:387} ERROR - Failed to import: /opt/airflow/dags/fct_avg_day_earthquake.py
Traceback (most recent call last):
  File "/home/airflow/.local/lib/python3.12/site-packages/airflow/models/dagbag.py", line 383, in parse
    loader.exec_module(new_module)
  File "<frozen importlib._bootstrap_external>", line 999, in exec_module
  File "<frozen importlib._bootstrap>", line 488, in _call_with_frames_removed
  File "/opt/airflow/dags/fct_avg_day_earthquake.py", line 28, in <module>
    "start_date": pendulum.datetime(22026, 7, 10, tz="Europe/Moscow"),
                  ^^^^^^^^^^^^^^^^^^^^^^^^^^^^^^^^^^^^^^^^^^^^^^^^^^^
  File "/home/airflow/.local/lib/python3.12/site-packages/pendulum/__init__.py", line 143, in datetime
    return DateTime.create(
           ^^^^^^^^^^^^^^^^
  File "/home/airflow/.local/lib/python3.12/site-packages/pendulum/datetime.py", line 105, in create
    dt = datetime.datetime(
         ^^^^^^^^^^^^^^^^^^
ValueError: year 22026 is out of range
[2026-07-25T16:38:25.441+0000] {processor.py:927} WARNING - No viable dags retrieved from /opt/airflow/dags/fct_avg_day_earthquake.py
[2026-07-25T16:38:25.453+0000] {processor.py:208} INFO - Processing /opt/airflow/dags/fct_avg_day_earthquake.py took 0.019 seconds
[2026-07-25T16:38:55.858+0000] {processor.py:186} INFO - Started process (PID=37103) to work on /opt/airflow/dags/fct_avg_day_earthquake.py
[2026-07-25T16:38:55.861+0000] {processor.py:914} INFO - Processing file /opt/airflow/dags/fct_avg_day_earthquake.py for tasks to queue
[2026-07-25T16:38:55.862+0000] {logging_mixin.py:190} INFO - [2026-07-25T16:38:55.862+0000] {dagbag.py:588} INFO - Filling up the DagBag from /opt/airflow/dags/fct_avg_day_earthquake.py
[2026-07-25T16:38:55.865+0000] {logging_mixin.py:190} INFO - [2026-07-25T16:38:55.864+0000] {dagbag.py:387} ERROR - Failed to import: /opt/airflow/dags/fct_avg_day_earthquake.py
Traceback (most recent call last):
  File "/home/airflow/.local/lib/python3.12/site-packages/airflow/models/dagbag.py", line 383, in parse
    loader.exec_module(new_module)
  File "<frozen importlib._bootstrap_external>", line 999, in exec_module
  File "<frozen importlib._bootstrap>", line 488, in _call_with_frames_removed
  File "/opt/airflow/dags/fct_avg_day_earthquake.py", line 28, in <module>
    "start_date": pendulum.datetime(22026, 7, 10, tz="Europe/Moscow"),
                  ^^^^^^^^^^^^^^^^^^^^^^^^^^^^^^^^^^^^^^^^^^^^^^^^^^^
  File "/home/airflow/.local/lib/python3.12/site-packages/pendulum/__init__.py", line 143, in datetime
    return DateTime.create(
           ^^^^^^^^^^^^^^^^
  File "/home/airflow/.local/lib/python3.12/site-packages/pendulum/datetime.py", line 105, in create
    dt = datetime.datetime(
         ^^^^^^^^^^^^^^^^^^
ValueError: year 22026 is out of range
[2026-07-25T16:38:55.865+0000] {processor.py:927} WARNING - No viable dags retrieved from /opt/airflow/dags/fct_avg_day_earthquake.py
[2026-07-25T16:38:55.878+0000] {processor.py:208} INFO - Processing /opt/airflow/dags/fct_avg_day_earthquake.py took 0.023 seconds
[2026-07-25T16:39:26.182+0000] {processor.py:186} INFO - Started process (PID=37143) to work on /opt/airflow/dags/fct_avg_day_earthquake.py
[2026-07-25T16:39:26.182+0000] {processor.py:914} INFO - Processing file /opt/airflow/dags/fct_avg_day_earthquake.py for tasks to queue
[2026-07-25T16:39:26.183+0000] {logging_mixin.py:190} INFO - [2026-07-25T16:39:26.183+0000] {dagbag.py:588} INFO - Filling up the DagBag from /opt/airflow/dags/fct_avg_day_earthquake.py
[2026-07-25T16:39:26.185+0000] {logging_mixin.py:190} INFO - [2026-07-25T16:39:26.185+0000] {dagbag.py:387} ERROR - Failed to import: /opt/airflow/dags/fct_avg_day_earthquake.py
Traceback (most recent call last):
  File "/home/airflow/.local/lib/python3.12/site-packages/airflow/models/dagbag.py", line 383, in parse
    loader.exec_module(new_module)
  File "<frozen importlib._bootstrap_external>", line 999, in exec_module
  File "<frozen importlib._bootstrap>", line 488, in _call_with_frames_removed
  File "/opt/airflow/dags/fct_avg_day_earthquake.py", line 28, in <module>
    "start_date": pendulum.datetime(22026, 7, 10, tz="Europe/Moscow"),
                  ^^^^^^^^^^^^^^^^^^^^^^^^^^^^^^^^^^^^^^^^^^^^^^^^^^^
  File "/home/airflow/.local/lib/python3.12/site-packages/pendulum/__init__.py", line 143, in datetime
    return DateTime.create(
           ^^^^^^^^^^^^^^^^
  File "/home/airflow/.local/lib/python3.12/site-packages/pendulum/datetime.py", line 105, in create
    dt = datetime.datetime(
         ^^^^^^^^^^^^^^^^^^
ValueError: year 22026 is out of range
[2026-07-25T16:39:26.185+0000] {processor.py:927} WARNING - No viable dags retrieved from /opt/airflow/dags/fct_avg_day_earthquake.py
[2026-07-25T16:39:26.196+0000] {processor.py:208} INFO - Processing /opt/airflow/dags/fct_avg_day_earthquake.py took 0.018 seconds
[2026-07-25T16:39:56.487+0000] {processor.py:186} INFO - Started process (PID=37183) to work on /opt/airflow/dags/fct_avg_day_earthquake.py
[2026-07-25T16:39:56.490+0000] {processor.py:914} INFO - Processing file /opt/airflow/dags/fct_avg_day_earthquake.py for tasks to queue
[2026-07-25T16:39:56.491+0000] {logging_mixin.py:190} INFO - [2026-07-25T16:39:56.491+0000] {dagbag.py:588} INFO - Filling up the DagBag from /opt/airflow/dags/fct_avg_day_earthquake.py
[2026-07-25T16:39:56.494+0000] {logging_mixin.py:190} INFO - [2026-07-25T16:39:56.493+0000] {dagbag.py:387} ERROR - Failed to import: /opt/airflow/dags/fct_avg_day_earthquake.py
Traceback (most recent call last):
  File "/home/airflow/.local/lib/python3.12/site-packages/airflow/models/dagbag.py", line 383, in parse
    loader.exec_module(new_module)
  File "<frozen importlib._bootstrap_external>", line 999, in exec_module
  File "<frozen importlib._bootstrap>", line 488, in _call_with_frames_removed
  File "/opt/airflow/dags/fct_avg_day_earthquake.py", line 28, in <module>
    "start_date": pendulum.datetime(22026, 7, 10, tz="Europe/Moscow"),
                  ^^^^^^^^^^^^^^^^^^^^^^^^^^^^^^^^^^^^^^^^^^^^^^^^^^^
  File "/home/airflow/.local/lib/python3.12/site-packages/pendulum/__init__.py", line 143, in datetime
    return DateTime.create(
           ^^^^^^^^^^^^^^^^
  File "/home/airflow/.local/lib/python3.12/site-packages/pendulum/datetime.py", line 105, in create
    dt = datetime.datetime(
         ^^^^^^^^^^^^^^^^^^
ValueError: year 22026 is out of range
[2026-07-25T16:39:56.494+0000] {processor.py:927} WARNING - No viable dags retrieved from /opt/airflow/dags/fct_avg_day_earthquake.py
[2026-07-25T16:39:56.504+0000] {processor.py:208} INFO - Processing /opt/airflow/dags/fct_avg_day_earthquake.py took 0.021 seconds
[2026-07-25T16:40:26.896+0000] {processor.py:186} INFO - Started process (PID=37223) to work on /opt/airflow/dags/fct_avg_day_earthquake.py
[2026-07-25T16:40:26.899+0000] {processor.py:914} INFO - Processing file /opt/airflow/dags/fct_avg_day_earthquake.py for tasks to queue
[2026-07-25T16:40:26.900+0000] {logging_mixin.py:190} INFO - [2026-07-25T16:40:26.899+0000] {dagbag.py:588} INFO - Filling up the DagBag from /opt/airflow/dags/fct_avg_day_earthquake.py
[2026-07-25T16:40:26.902+0000] {logging_mixin.py:190} INFO - [2026-07-25T16:40:26.902+0000] {dagbag.py:387} ERROR - Failed to import: /opt/airflow/dags/fct_avg_day_earthquake.py
Traceback (most recent call last):
  File "/home/airflow/.local/lib/python3.12/site-packages/airflow/models/dagbag.py", line 383, in parse
    loader.exec_module(new_module)
  File "<frozen importlib._bootstrap_external>", line 999, in exec_module
  File "<frozen importlib._bootstrap>", line 488, in _call_with_frames_removed
  File "/opt/airflow/dags/fct_avg_day_earthquake.py", line 28, in <module>
    "start_date": pendulum.datetime(22026, 7, 10, tz="Europe/Moscow"),
                  ^^^^^^^^^^^^^^^^^^^^^^^^^^^^^^^^^^^^^^^^^^^^^^^^^^^
  File "/home/airflow/.local/lib/python3.12/site-packages/pendulum/__init__.py", line 143, in datetime
    return DateTime.create(
           ^^^^^^^^^^^^^^^^
  File "/home/airflow/.local/lib/python3.12/site-packages/pendulum/datetime.py", line 105, in create
    dt = datetime.datetime(
         ^^^^^^^^^^^^^^^^^^
ValueError: year 22026 is out of range
[2026-07-25T16:40:26.903+0000] {processor.py:927} WARNING - No viable dags retrieved from /opt/airflow/dags/fct_avg_day_earthquake.py
[2026-07-25T16:40:26.917+0000] {processor.py:208} INFO - Processing /opt/airflow/dags/fct_avg_day_earthquake.py took 0.024 seconds
[2026-07-25T16:40:57.248+0000] {processor.py:186} INFO - Started process (PID=37269) to work on /opt/airflow/dags/fct_avg_day_earthquake.py
[2026-07-25T16:40:57.248+0000] {processor.py:914} INFO - Processing file /opt/airflow/dags/fct_avg_day_earthquake.py for tasks to queue
[2026-07-25T16:40:57.249+0000] {logging_mixin.py:190} INFO - [2026-07-25T16:40:57.249+0000] {dagbag.py:588} INFO - Filling up the DagBag from /opt/airflow/dags/fct_avg_day_earthquake.py
[2026-07-25T16:40:57.251+0000] {logging_mixin.py:190} INFO - [2026-07-25T16:40:57.250+0000] {dagbag.py:387} ERROR - Failed to import: /opt/airflow/dags/fct_avg_day_earthquake.py
Traceback (most recent call last):
  File "/home/airflow/.local/lib/python3.12/site-packages/airflow/models/dagbag.py", line 383, in parse
    loader.exec_module(new_module)
  File "<frozen importlib._bootstrap_external>", line 999, in exec_module
  File "<frozen importlib._bootstrap>", line 488, in _call_with_frames_removed
  File "/opt/airflow/dags/fct_avg_day_earthquake.py", line 28, in <module>
    "start_date": pendulum.datetime(22026, 7, 10, tz="Europe/Moscow"),
                  ^^^^^^^^^^^^^^^^^^^^^^^^^^^^^^^^^^^^^^^^^^^^^^^^^^^
  File "/home/airflow/.local/lib/python3.12/site-packages/pendulum/__init__.py", line 143, in datetime
    return DateTime.create(
           ^^^^^^^^^^^^^^^^
  File "/home/airflow/.local/lib/python3.12/site-packages/pendulum/datetime.py", line 105, in create
    dt = datetime.datetime(
         ^^^^^^^^^^^^^^^^^^
ValueError: year 22026 is out of range
[2026-07-25T16:40:57.251+0000] {processor.py:927} WARNING - No viable dags retrieved from /opt/airflow/dags/fct_avg_day_earthquake.py
[2026-07-25T16:40:57.261+0000] {processor.py:208} INFO - Processing /opt/airflow/dags/fct_avg_day_earthquake.py took 0.017 seconds
[2026-07-25T16:41:27.657+0000] {processor.py:186} INFO - Started process (PID=37309) to work on /opt/airflow/dags/fct_avg_day_earthquake.py
[2026-07-25T16:41:27.660+0000] {processor.py:914} INFO - Processing file /opt/airflow/dags/fct_avg_day_earthquake.py for tasks to queue
[2026-07-25T16:41:27.661+0000] {logging_mixin.py:190} INFO - [2026-07-25T16:41:27.661+0000] {dagbag.py:588} INFO - Filling up the DagBag from /opt/airflow/dags/fct_avg_day_earthquake.py
[2026-07-25T16:41:27.663+0000] {logging_mixin.py:190} INFO - [2026-07-25T16:41:27.662+0000] {dagbag.py:387} ERROR - Failed to import: /opt/airflow/dags/fct_avg_day_earthquake.py
Traceback (most recent call last):
  File "/home/airflow/.local/lib/python3.12/site-packages/airflow/models/dagbag.py", line 383, in parse
    loader.exec_module(new_module)
  File "<frozen importlib._bootstrap_external>", line 999, in exec_module
  File "<frozen importlib._bootstrap>", line 488, in _call_with_frames_removed
  File "/opt/airflow/dags/fct_avg_day_earthquake.py", line 28, in <module>
    "start_date": pendulum.datetime(22026, 7, 10, tz="Europe/Moscow"),
                  ^^^^^^^^^^^^^^^^^^^^^^^^^^^^^^^^^^^^^^^^^^^^^^^^^^^
  File "/home/airflow/.local/lib/python3.12/site-packages/pendulum/__init__.py", line 143, in datetime
    return DateTime.create(
           ^^^^^^^^^^^^^^^^
  File "/home/airflow/.local/lib/python3.12/site-packages/pendulum/datetime.py", line 105, in create
    dt = datetime.datetime(
         ^^^^^^^^^^^^^^^^^^
ValueError: year 22026 is out of range
[2026-07-25T16:41:27.663+0000] {processor.py:927} WARNING - No viable dags retrieved from /opt/airflow/dags/fct_avg_day_earthquake.py
[2026-07-25T16:41:27.675+0000] {processor.py:208} INFO - Processing /opt/airflow/dags/fct_avg_day_earthquake.py took 0.021 seconds
[2026-07-25T16:41:58.020+0000] {processor.py:186} INFO - Started process (PID=37349) to work on /opt/airflow/dags/fct_avg_day_earthquake.py
[2026-07-25T16:41:58.021+0000] {processor.py:914} INFO - Processing file /opt/airflow/dags/fct_avg_day_earthquake.py for tasks to queue
[2026-07-25T16:41:58.022+0000] {logging_mixin.py:190} INFO - [2026-07-25T16:41:58.021+0000] {dagbag.py:588} INFO - Filling up the DagBag from /opt/airflow/dags/fct_avg_day_earthquake.py
[2026-07-25T16:41:58.024+0000] {logging_mixin.py:190} INFO - [2026-07-25T16:41:58.023+0000] {dagbag.py:387} ERROR - Failed to import: /opt/airflow/dags/fct_avg_day_earthquake.py
Traceback (most recent call last):
  File "/home/airflow/.local/lib/python3.12/site-packages/airflow/models/dagbag.py", line 383, in parse
    loader.exec_module(new_module)
  File "<frozen importlib._bootstrap_external>", line 999, in exec_module
  File "<frozen importlib._bootstrap>", line 488, in _call_with_frames_removed
  File "/opt/airflow/dags/fct_avg_day_earthquake.py", line 28, in <module>
    "start_date": pendulum.datetime(22026, 7, 10, tz="Europe/Moscow"),
                  ^^^^^^^^^^^^^^^^^^^^^^^^^^^^^^^^^^^^^^^^^^^^^^^^^^^
  File "/home/airflow/.local/lib/python3.12/site-packages/pendulum/__init__.py", line 143, in datetime
    return DateTime.create(
           ^^^^^^^^^^^^^^^^
  File "/home/airflow/.local/lib/python3.12/site-packages/pendulum/datetime.py", line 105, in create
    dt = datetime.datetime(
         ^^^^^^^^^^^^^^^^^^
ValueError: year 22026 is out of range
[2026-07-25T16:41:58.024+0000] {processor.py:927} WARNING - No viable dags retrieved from /opt/airflow/dags/fct_avg_day_earthquake.py
[2026-07-25T16:41:58.035+0000] {processor.py:208} INFO - Processing /opt/airflow/dags/fct_avg_day_earthquake.py took 0.019 seconds
[2026-07-25T16:42:28.350+0000] {processor.py:186} INFO - Started process (PID=37389) to work on /opt/airflow/dags/fct_avg_day_earthquake.py
[2026-07-25T16:42:28.351+0000] {processor.py:914} INFO - Processing file /opt/airflow/dags/fct_avg_day_earthquake.py for tasks to queue
[2026-07-25T16:42:28.351+0000] {logging_mixin.py:190} INFO - [2026-07-25T16:42:28.351+0000] {dagbag.py:588} INFO - Filling up the DagBag from /opt/airflow/dags/fct_avg_day_earthquake.py
[2026-07-25T16:42:28.354+0000] {logging_mixin.py:190} INFO - [2026-07-25T16:42:28.353+0000] {dagbag.py:387} ERROR - Failed to import: /opt/airflow/dags/fct_avg_day_earthquake.py
Traceback (most recent call last):
  File "/home/airflow/.local/lib/python3.12/site-packages/airflow/models/dagbag.py", line 383, in parse
    loader.exec_module(new_module)
  File "<frozen importlib._bootstrap_external>", line 999, in exec_module
  File "<frozen importlib._bootstrap>", line 488, in _call_with_frames_removed
  File "/opt/airflow/dags/fct_avg_day_earthquake.py", line 28, in <module>
    "start_date": pendulum.datetime(22026, 7, 10, tz="Europe/Moscow"),
                  ^^^^^^^^^^^^^^^^^^^^^^^^^^^^^^^^^^^^^^^^^^^^^^^^^^^
  File "/home/airflow/.local/lib/python3.12/site-packages/pendulum/__init__.py", line 143, in datetime
    return DateTime.create(
           ^^^^^^^^^^^^^^^^
  File "/home/airflow/.local/lib/python3.12/site-packages/pendulum/datetime.py", line 105, in create
    dt = datetime.datetime(
         ^^^^^^^^^^^^^^^^^^
ValueError: year 22026 is out of range
[2026-07-25T16:42:28.354+0000] {processor.py:927} WARNING - No viable dags retrieved from /opt/airflow/dags/fct_avg_day_earthquake.py
[2026-07-25T16:42:28.365+0000] {processor.py:208} INFO - Processing /opt/airflow/dags/fct_avg_day_earthquake.py took 0.019 seconds
[2026-07-25T16:42:58.694+0000] {processor.py:186} INFO - Started process (PID=37429) to work on /opt/airflow/dags/fct_avg_day_earthquake.py
[2026-07-25T16:42:58.694+0000] {processor.py:914} INFO - Processing file /opt/airflow/dags/fct_avg_day_earthquake.py for tasks to queue
[2026-07-25T16:42:58.695+0000] {logging_mixin.py:190} INFO - [2026-07-25T16:42:58.695+0000] {dagbag.py:588} INFO - Filling up the DagBag from /opt/airflow/dags/fct_avg_day_earthquake.py
[2026-07-25T16:42:58.698+0000] {logging_mixin.py:190} INFO - [2026-07-25T16:42:58.697+0000] {dagbag.py:387} ERROR - Failed to import: /opt/airflow/dags/fct_avg_day_earthquake.py
Traceback (most recent call last):
  File "/home/airflow/.local/lib/python3.12/site-packages/airflow/models/dagbag.py", line 383, in parse
    loader.exec_module(new_module)
  File "<frozen importlib._bootstrap_external>", line 999, in exec_module
  File "<frozen importlib._bootstrap>", line 488, in _call_with_frames_removed
  File "/opt/airflow/dags/fct_avg_day_earthquake.py", line 28, in <module>
    "start_date": pendulum.datetime(22026, 7, 10, tz="Europe/Moscow"),
                  ^^^^^^^^^^^^^^^^^^^^^^^^^^^^^^^^^^^^^^^^^^^^^^^^^^^
  File "/home/airflow/.local/lib/python3.12/site-packages/pendulum/__init__.py", line 143, in datetime
    return DateTime.create(
           ^^^^^^^^^^^^^^^^
  File "/home/airflow/.local/lib/python3.12/site-packages/pendulum/datetime.py", line 105, in create
    dt = datetime.datetime(
         ^^^^^^^^^^^^^^^^^^
ValueError: year 22026 is out of range
[2026-07-25T16:42:58.698+0000] {processor.py:927} WARNING - No viable dags retrieved from /opt/airflow/dags/fct_avg_day_earthquake.py
[2026-07-25T16:42:58.708+0000] {processor.py:208} INFO - Processing /opt/airflow/dags/fct_avg_day_earthquake.py took 0.018 seconds
[2026-07-25T16:43:28.956+0000] {processor.py:186} INFO - Started process (PID=37469) to work on /opt/airflow/dags/fct_avg_day_earthquake.py
[2026-07-25T16:43:28.957+0000] {processor.py:914} INFO - Processing file /opt/airflow/dags/fct_avg_day_earthquake.py for tasks to queue
[2026-07-25T16:43:28.958+0000] {logging_mixin.py:190} INFO - [2026-07-25T16:43:28.958+0000] {dagbag.py:588} INFO - Filling up the DagBag from /opt/airflow/dags/fct_avg_day_earthquake.py
[2026-07-25T16:43:28.960+0000] {logging_mixin.py:190} INFO - [2026-07-25T16:43:28.959+0000] {dagbag.py:387} ERROR - Failed to import: /opt/airflow/dags/fct_avg_day_earthquake.py
Traceback (most recent call last):
  File "/home/airflow/.local/lib/python3.12/site-packages/airflow/models/dagbag.py", line 383, in parse
    loader.exec_module(new_module)
  File "<frozen importlib._bootstrap_external>", line 999, in exec_module
  File "<frozen importlib._bootstrap>", line 488, in _call_with_frames_removed
  File "/opt/airflow/dags/fct_avg_day_earthquake.py", line 28, in <module>
    "start_date": pendulum.datetime(22026, 7, 10, tz="Europe/Moscow"),
                  ^^^^^^^^^^^^^^^^^^^^^^^^^^^^^^^^^^^^^^^^^^^^^^^^^^^
  File "/home/airflow/.local/lib/python3.12/site-packages/pendulum/__init__.py", line 143, in datetime
    return DateTime.create(
           ^^^^^^^^^^^^^^^^
  File "/home/airflow/.local/lib/python3.12/site-packages/pendulum/datetime.py", line 105, in create
    dt = datetime.datetime(
         ^^^^^^^^^^^^^^^^^^
ValueError: year 22026 is out of range
[2026-07-25T16:43:28.960+0000] {processor.py:927} WARNING - No viable dags retrieved from /opt/airflow/dags/fct_avg_day_earthquake.py
[2026-07-25T16:43:28.972+0000] {processor.py:208} INFO - Processing /opt/airflow/dags/fct_avg_day_earthquake.py took 0.019 seconds
[2026-07-25T16:43:59.249+0000] {processor.py:186} INFO - Started process (PID=37509) to work on /opt/airflow/dags/fct_avg_day_earthquake.py
[2026-07-25T16:43:59.249+0000] {processor.py:914} INFO - Processing file /opt/airflow/dags/fct_avg_day_earthquake.py for tasks to queue
[2026-07-25T16:43:59.250+0000] {logging_mixin.py:190} INFO - [2026-07-25T16:43:59.249+0000] {dagbag.py:588} INFO - Filling up the DagBag from /opt/airflow/dags/fct_avg_day_earthquake.py
[2026-07-25T16:43:59.252+0000] {logging_mixin.py:190} INFO - [2026-07-25T16:43:59.251+0000] {dagbag.py:387} ERROR - Failed to import: /opt/airflow/dags/fct_avg_day_earthquake.py
Traceback (most recent call last):
  File "/home/airflow/.local/lib/python3.12/site-packages/airflow/models/dagbag.py", line 383, in parse
    loader.exec_module(new_module)
  File "<frozen importlib._bootstrap_external>", line 999, in exec_module
  File "<frozen importlib._bootstrap>", line 488, in _call_with_frames_removed
  File "/opt/airflow/dags/fct_avg_day_earthquake.py", line 28, in <module>
    "start_date": pendulum.datetime(22026, 7, 10, tz="Europe/Moscow"),
                  ^^^^^^^^^^^^^^^^^^^^^^^^^^^^^^^^^^^^^^^^^^^^^^^^^^^
  File "/home/airflow/.local/lib/python3.12/site-packages/pendulum/__init__.py", line 143, in datetime
    return DateTime.create(
           ^^^^^^^^^^^^^^^^
  File "/home/airflow/.local/lib/python3.12/site-packages/pendulum/datetime.py", line 105, in create
    dt = datetime.datetime(
         ^^^^^^^^^^^^^^^^^^
ValueError: year 22026 is out of range
[2026-07-25T16:43:59.252+0000] {processor.py:927} WARNING - No viable dags retrieved from /opt/airflow/dags/fct_avg_day_earthquake.py
[2026-07-25T16:43:59.264+0000] {processor.py:208} INFO - Processing /opt/airflow/dags/fct_avg_day_earthquake.py took 0.021 seconds
[2026-07-25T16:44:29.524+0000] {processor.py:186} INFO - Started process (PID=37549) to work on /opt/airflow/dags/fct_avg_day_earthquake.py
[2026-07-25T16:44:29.525+0000] {processor.py:914} INFO - Processing file /opt/airflow/dags/fct_avg_day_earthquake.py for tasks to queue
[2026-07-25T16:44:29.526+0000] {logging_mixin.py:190} INFO - [2026-07-25T16:44:29.526+0000] {dagbag.py:588} INFO - Filling up the DagBag from /opt/airflow/dags/fct_avg_day_earthquake.py
[2026-07-25T16:44:29.528+0000] {logging_mixin.py:190} INFO - [2026-07-25T16:44:29.527+0000] {dagbag.py:387} ERROR - Failed to import: /opt/airflow/dags/fct_avg_day_earthquake.py
Traceback (most recent call last):
  File "/home/airflow/.local/lib/python3.12/site-packages/airflow/models/dagbag.py", line 383, in parse
    loader.exec_module(new_module)
  File "<frozen importlib._bootstrap_external>", line 999, in exec_module
  File "<frozen importlib._bootstrap>", line 488, in _call_with_frames_removed
  File "/opt/airflow/dags/fct_avg_day_earthquake.py", line 28, in <module>
    "start_date": pendulum.datetime(22026, 7, 10, tz="Europe/Moscow"),
                  ^^^^^^^^^^^^^^^^^^^^^^^^^^^^^^^^^^^^^^^^^^^^^^^^^^^
  File "/home/airflow/.local/lib/python3.12/site-packages/pendulum/__init__.py", line 143, in datetime
    return DateTime.create(
           ^^^^^^^^^^^^^^^^
  File "/home/airflow/.local/lib/python3.12/site-packages/pendulum/datetime.py", line 105, in create
    dt = datetime.datetime(
         ^^^^^^^^^^^^^^^^^^
ValueError: year 22026 is out of range
[2026-07-25T16:44:29.528+0000] {processor.py:927} WARNING - No viable dags retrieved from /opt/airflow/dags/fct_avg_day_earthquake.py
[2026-07-25T16:44:29.540+0000] {processor.py:208} INFO - Processing /opt/airflow/dags/fct_avg_day_earthquake.py took 0.021 seconds
[2026-07-25T16:44:59.868+0000] {processor.py:186} INFO - Started process (PID=37589) to work on /opt/airflow/dags/fct_avg_day_earthquake.py
[2026-07-25T16:44:59.869+0000] {processor.py:914} INFO - Processing file /opt/airflow/dags/fct_avg_day_earthquake.py for tasks to queue
[2026-07-25T16:44:59.870+0000] {logging_mixin.py:190} INFO - [2026-07-25T16:44:59.869+0000] {dagbag.py:588} INFO - Filling up the DagBag from /opt/airflow/dags/fct_avg_day_earthquake.py
[2026-07-25T16:44:59.872+0000] {logging_mixin.py:190} INFO - [2026-07-25T16:44:59.871+0000] {dagbag.py:387} ERROR - Failed to import: /opt/airflow/dags/fct_avg_day_earthquake.py
Traceback (most recent call last):
  File "/home/airflow/.local/lib/python3.12/site-packages/airflow/models/dagbag.py", line 383, in parse
    loader.exec_module(new_module)
  File "<frozen importlib._bootstrap_external>", line 999, in exec_module
  File "<frozen importlib._bootstrap>", line 488, in _call_with_frames_removed
  File "/opt/airflow/dags/fct_avg_day_earthquake.py", line 28, in <module>
    "start_date": pendulum.datetime(22026, 7, 10, tz="Europe/Moscow"),
                  ^^^^^^^^^^^^^^^^^^^^^^^^^^^^^^^^^^^^^^^^^^^^^^^^^^^
  File "/home/airflow/.local/lib/python3.12/site-packages/pendulum/__init__.py", line 143, in datetime
    return DateTime.create(
           ^^^^^^^^^^^^^^^^
  File "/home/airflow/.local/lib/python3.12/site-packages/pendulum/datetime.py", line 105, in create
    dt = datetime.datetime(
         ^^^^^^^^^^^^^^^^^^
ValueError: year 22026 is out of range
[2026-07-25T16:44:59.872+0000] {processor.py:927} WARNING - No viable dags retrieved from /opt/airflow/dags/fct_avg_day_earthquake.py
[2026-07-25T16:44:59.888+0000] {processor.py:208} INFO - Processing /opt/airflow/dags/fct_avg_day_earthquake.py took 0.026 seconds
[2026-07-25T16:45:30.206+0000] {processor.py:186} INFO - Started process (PID=37629) to work on /opt/airflow/dags/fct_avg_day_earthquake.py
[2026-07-25T16:45:30.207+0000] {processor.py:914} INFO - Processing file /opt/airflow/dags/fct_avg_day_earthquake.py for tasks to queue
[2026-07-25T16:45:30.209+0000] {logging_mixin.py:190} INFO - [2026-07-25T16:45:30.209+0000] {dagbag.py:588} INFO - Filling up the DagBag from /opt/airflow/dags/fct_avg_day_earthquake.py
[2026-07-25T16:45:30.214+0000] {logging_mixin.py:190} INFO - [2026-07-25T16:45:30.212+0000] {dagbag.py:387} ERROR - Failed to import: /opt/airflow/dags/fct_avg_day_earthquake.py
Traceback (most recent call last):
  File "/home/airflow/.local/lib/python3.12/site-packages/airflow/models/dagbag.py", line 383, in parse
    loader.exec_module(new_module)
  File "<frozen importlib._bootstrap_external>", line 999, in exec_module
  File "<frozen importlib._bootstrap>", line 488, in _call_with_frames_removed
  File "/opt/airflow/dags/fct_avg_day_earthquake.py", line 28, in <module>
    "start_date": pendulum.datetime(22026, 7, 10, tz="Europe/Moscow"),
                  ^^^^^^^^^^^^^^^^^^^^^^^^^^^^^^^^^^^^^^^^^^^^^^^^^^^
  File "/home/airflow/.local/lib/python3.12/site-packages/pendulum/__init__.py", line 143, in datetime
    return DateTime.create(
           ^^^^^^^^^^^^^^^^
  File "/home/airflow/.local/lib/python3.12/site-packages/pendulum/datetime.py", line 105, in create
    dt = datetime.datetime(
         ^^^^^^^^^^^^^^^^^^
ValueError: year 22026 is out of range
[2026-07-25T16:45:30.214+0000] {processor.py:927} WARNING - No viable dags retrieved from /opt/airflow/dags/fct_avg_day_earthquake.py
[2026-07-25T16:45:30.229+0000] {processor.py:208} INFO - Processing /opt/airflow/dags/fct_avg_day_earthquake.py took 0.030 seconds
[2026-07-25T16:46:00.585+0000] {processor.py:186} INFO - Started process (PID=37669) to work on /opt/airflow/dags/fct_avg_day_earthquake.py
[2026-07-25T16:46:00.585+0000] {processor.py:914} INFO - Processing file /opt/airflow/dags/fct_avg_day_earthquake.py for tasks to queue
[2026-07-25T16:46:00.586+0000] {logging_mixin.py:190} INFO - [2026-07-25T16:46:00.586+0000] {dagbag.py:588} INFO - Filling up the DagBag from /opt/airflow/dags/fct_avg_day_earthquake.py
[2026-07-25T16:46:00.589+0000] {logging_mixin.py:190} INFO - [2026-07-25T16:46:00.588+0000] {dagbag.py:387} ERROR - Failed to import: /opt/airflow/dags/fct_avg_day_earthquake.py
Traceback (most recent call last):
  File "/home/airflow/.local/lib/python3.12/site-packages/airflow/models/dagbag.py", line 383, in parse
    loader.exec_module(new_module)
  File "<frozen importlib._bootstrap_external>", line 999, in exec_module
  File "<frozen importlib._bootstrap>", line 488, in _call_with_frames_removed
  File "/opt/airflow/dags/fct_avg_day_earthquake.py", line 28, in <module>
    "start_date": pendulum.datetime(22026, 7, 10, tz="Europe/Moscow"),
                  ^^^^^^^^^^^^^^^^^^^^^^^^^^^^^^^^^^^^^^^^^^^^^^^^^^^
  File "/home/airflow/.local/lib/python3.12/site-packages/pendulum/__init__.py", line 143, in datetime
    return DateTime.create(
           ^^^^^^^^^^^^^^^^
  File "/home/airflow/.local/lib/python3.12/site-packages/pendulum/datetime.py", line 105, in create
    dt = datetime.datetime(
         ^^^^^^^^^^^^^^^^^^
ValueError: year 22026 is out of range
[2026-07-25T16:46:00.589+0000] {processor.py:927} WARNING - No viable dags retrieved from /opt/airflow/dags/fct_avg_day_earthquake.py
[2026-07-25T16:46:00.607+0000] {processor.py:208} INFO - Processing /opt/airflow/dags/fct_avg_day_earthquake.py took 0.026 seconds
[2026-07-25T16:46:30.967+0000] {processor.py:186} INFO - Started process (PID=37709) to work on /opt/airflow/dags/fct_avg_day_earthquake.py
[2026-07-25T16:46:30.970+0000] {processor.py:914} INFO - Processing file /opt/airflow/dags/fct_avg_day_earthquake.py for tasks to queue
[2026-07-25T16:46:30.970+0000] {logging_mixin.py:190} INFO - [2026-07-25T16:46:30.970+0000] {dagbag.py:588} INFO - Filling up the DagBag from /opt/airflow/dags/fct_avg_day_earthquake.py
[2026-07-25T16:46:30.973+0000] {logging_mixin.py:190} INFO - [2026-07-25T16:46:30.972+0000] {dagbag.py:387} ERROR - Failed to import: /opt/airflow/dags/fct_avg_day_earthquake.py
Traceback (most recent call last):
  File "/home/airflow/.local/lib/python3.12/site-packages/airflow/models/dagbag.py", line 383, in parse
    loader.exec_module(new_module)
  File "<frozen importlib._bootstrap_external>", line 999, in exec_module
  File "<frozen importlib._bootstrap>", line 488, in _call_with_frames_removed
  File "/opt/airflow/dags/fct_avg_day_earthquake.py", line 28, in <module>
    "start_date": pendulum.datetime(22026, 7, 10, tz="Europe/Moscow"),
                  ^^^^^^^^^^^^^^^^^^^^^^^^^^^^^^^^^^^^^^^^^^^^^^^^^^^
  File "/home/airflow/.local/lib/python3.12/site-packages/pendulum/__init__.py", line 143, in datetime
    return DateTime.create(
           ^^^^^^^^^^^^^^^^
  File "/home/airflow/.local/lib/python3.12/site-packages/pendulum/datetime.py", line 105, in create
    dt = datetime.datetime(
         ^^^^^^^^^^^^^^^^^^
ValueError: year 22026 is out of range
[2026-07-25T16:46:30.973+0000] {processor.py:927} WARNING - No viable dags retrieved from /opt/airflow/dags/fct_avg_day_earthquake.py
[2026-07-25T16:46:30.993+0000] {processor.py:208} INFO - Processing /opt/airflow/dags/fct_avg_day_earthquake.py took 0.030 seconds
[2026-07-25T16:47:01.345+0000] {processor.py:186} INFO - Started process (PID=37749) to work on /opt/airflow/dags/fct_avg_day_earthquake.py
[2026-07-25T16:47:01.346+0000] {processor.py:914} INFO - Processing file /opt/airflow/dags/fct_avg_day_earthquake.py for tasks to queue
[2026-07-25T16:47:01.346+0000] {logging_mixin.py:190} INFO - [2026-07-25T16:47:01.346+0000] {dagbag.py:588} INFO - Filling up the DagBag from /opt/airflow/dags/fct_avg_day_earthquake.py
[2026-07-25T16:47:01.348+0000] {logging_mixin.py:190} INFO - [2026-07-25T16:47:01.348+0000] {dagbag.py:387} ERROR - Failed to import: /opt/airflow/dags/fct_avg_day_earthquake.py
Traceback (most recent call last):
  File "/home/airflow/.local/lib/python3.12/site-packages/airflow/models/dagbag.py", line 383, in parse
    loader.exec_module(new_module)
  File "<frozen importlib._bootstrap_external>", line 999, in exec_module
  File "<frozen importlib._bootstrap>", line 488, in _call_with_frames_removed
  File "/opt/airflow/dags/fct_avg_day_earthquake.py", line 28, in <module>
    "start_date": pendulum.datetime(22026, 7, 10, tz="Europe/Moscow"),
                  ^^^^^^^^^^^^^^^^^^^^^^^^^^^^^^^^^^^^^^^^^^^^^^^^^^^
  File "/home/airflow/.local/lib/python3.12/site-packages/pendulum/__init__.py", line 143, in datetime
    return DateTime.create(
           ^^^^^^^^^^^^^^^^
  File "/home/airflow/.local/lib/python3.12/site-packages/pendulum/datetime.py", line 105, in create
    dt = datetime.datetime(
         ^^^^^^^^^^^^^^^^^^
ValueError: year 22026 is out of range
[2026-07-25T16:47:01.349+0000] {processor.py:927} WARNING - No viable dags retrieved from /opt/airflow/dags/fct_avg_day_earthquake.py
[2026-07-25T16:47:01.362+0000] {processor.py:208} INFO - Processing /opt/airflow/dags/fct_avg_day_earthquake.py took 0.020 seconds
[2026-07-25T16:47:31.614+0000] {processor.py:186} INFO - Started process (PID=37789) to work on /opt/airflow/dags/fct_avg_day_earthquake.py
[2026-07-25T16:47:31.625+0000] {processor.py:914} INFO - Processing file /opt/airflow/dags/fct_avg_day_earthquake.py for tasks to queue
[2026-07-25T16:47:31.626+0000] {logging_mixin.py:190} INFO - [2026-07-25T16:47:31.626+0000] {dagbag.py:588} INFO - Filling up the DagBag from /opt/airflow/dags/fct_avg_day_earthquake.py
[2026-07-25T16:47:31.628+0000] {logging_mixin.py:190} INFO - [2026-07-25T16:47:31.627+0000] {dagbag.py:387} ERROR - Failed to import: /opt/airflow/dags/fct_avg_day_earthquake.py
Traceback (most recent call last):
  File "/home/airflow/.local/lib/python3.12/site-packages/airflow/models/dagbag.py", line 383, in parse
    loader.exec_module(new_module)
  File "<frozen importlib._bootstrap_external>", line 999, in exec_module
  File "<frozen importlib._bootstrap>", line 488, in _call_with_frames_removed
  File "/opt/airflow/dags/fct_avg_day_earthquake.py", line 28, in <module>
    "start_date": pendulum.datetime(22026, 7, 10, tz="Europe/Moscow"),
                  ^^^^^^^^^^^^^^^^^^^^^^^^^^^^^^^^^^^^^^^^^^^^^^^^^^^
  File "/home/airflow/.local/lib/python3.12/site-packages/pendulum/__init__.py", line 143, in datetime
    return DateTime.create(
           ^^^^^^^^^^^^^^^^
  File "/home/airflow/.local/lib/python3.12/site-packages/pendulum/datetime.py", line 105, in create
    dt = datetime.datetime(
         ^^^^^^^^^^^^^^^^^^
ValueError: year 22026 is out of range
[2026-07-25T16:47:31.628+0000] {processor.py:927} WARNING - No viable dags retrieved from /opt/airflow/dags/fct_avg_day_earthquake.py
[2026-07-25T16:47:31.650+0000] {processor.py:208} INFO - Processing /opt/airflow/dags/fct_avg_day_earthquake.py took 0.039 seconds
[2026-07-25T16:48:01.960+0000] {processor.py:186} INFO - Started process (PID=37829) to work on /opt/airflow/dags/fct_avg_day_earthquake.py
[2026-07-25T16:48:01.961+0000] {processor.py:914} INFO - Processing file /opt/airflow/dags/fct_avg_day_earthquake.py for tasks to queue
[2026-07-25T16:48:01.962+0000] {logging_mixin.py:190} INFO - [2026-07-25T16:48:01.961+0000] {dagbag.py:588} INFO - Filling up the DagBag from /opt/airflow/dags/fct_avg_day_earthquake.py
[2026-07-25T16:48:01.964+0000] {logging_mixin.py:190} INFO - [2026-07-25T16:48:01.963+0000] {dagbag.py:387} ERROR - Failed to import: /opt/airflow/dags/fct_avg_day_earthquake.py
Traceback (most recent call last):
  File "/home/airflow/.local/lib/python3.12/site-packages/airflow/models/dagbag.py", line 383, in parse
    loader.exec_module(new_module)
  File "<frozen importlib._bootstrap_external>", line 999, in exec_module
  File "<frozen importlib._bootstrap>", line 488, in _call_with_frames_removed
  File "/opt/airflow/dags/fct_avg_day_earthquake.py", line 28, in <module>
    "start_date": pendulum.datetime(22026, 7, 10, tz="Europe/Moscow"),
                  ^^^^^^^^^^^^^^^^^^^^^^^^^^^^^^^^^^^^^^^^^^^^^^^^^^^
  File "/home/airflow/.local/lib/python3.12/site-packages/pendulum/__init__.py", line 143, in datetime
    return DateTime.create(
           ^^^^^^^^^^^^^^^^
  File "/home/airflow/.local/lib/python3.12/site-packages/pendulum/datetime.py", line 105, in create
    dt = datetime.datetime(
         ^^^^^^^^^^^^^^^^^^
ValueError: year 22026 is out of range
[2026-07-25T16:48:01.964+0000] {processor.py:927} WARNING - No viable dags retrieved from /opt/airflow/dags/fct_avg_day_earthquake.py
[2026-07-25T16:48:01.975+0000] {processor.py:208} INFO - Processing /opt/airflow/dags/fct_avg_day_earthquake.py took 0.020 seconds
[2026-07-25T16:48:32.318+0000] {processor.py:186} INFO - Started process (PID=37869) to work on /opt/airflow/dags/fct_avg_day_earthquake.py
[2026-07-25T16:48:32.319+0000] {processor.py:914} INFO - Processing file /opt/airflow/dags/fct_avg_day_earthquake.py for tasks to queue
[2026-07-25T16:48:32.320+0000] {logging_mixin.py:190} INFO - [2026-07-25T16:48:32.319+0000] {dagbag.py:588} INFO - Filling up the DagBag from /opt/airflow/dags/fct_avg_day_earthquake.py
[2026-07-25T16:48:32.322+0000] {logging_mixin.py:190} INFO - [2026-07-25T16:48:32.321+0000] {dagbag.py:387} ERROR - Failed to import: /opt/airflow/dags/fct_avg_day_earthquake.py
Traceback (most recent call last):
  File "/home/airflow/.local/lib/python3.12/site-packages/airflow/models/dagbag.py", line 383, in parse
    loader.exec_module(new_module)
  File "<frozen importlib._bootstrap_external>", line 999, in exec_module
  File "<frozen importlib._bootstrap>", line 488, in _call_with_frames_removed
  File "/opt/airflow/dags/fct_avg_day_earthquake.py", line 28, in <module>
    "start_date": pendulum.datetime(22026, 7, 10, tz="Europe/Moscow"),
                  ^^^^^^^^^^^^^^^^^^^^^^^^^^^^^^^^^^^^^^^^^^^^^^^^^^^
  File "/home/airflow/.local/lib/python3.12/site-packages/pendulum/__init__.py", line 143, in datetime
    return DateTime.create(
           ^^^^^^^^^^^^^^^^
  File "/home/airflow/.local/lib/python3.12/site-packages/pendulum/datetime.py", line 105, in create
    dt = datetime.datetime(
         ^^^^^^^^^^^^^^^^^^
ValueError: year 22026 is out of range
[2026-07-25T16:48:32.323+0000] {processor.py:927} WARNING - No viable dags retrieved from /opt/airflow/dags/fct_avg_day_earthquake.py
[2026-07-25T16:48:32.334+0000] {processor.py:208} INFO - Processing /opt/airflow/dags/fct_avg_day_earthquake.py took 0.021 seconds
[2026-07-25T16:49:02.657+0000] {processor.py:186} INFO - Started process (PID=37909) to work on /opt/airflow/dags/fct_avg_day_earthquake.py
[2026-07-25T16:49:02.657+0000] {processor.py:914} INFO - Processing file /opt/airflow/dags/fct_avg_day_earthquake.py for tasks to queue
[2026-07-25T16:49:02.658+0000] {logging_mixin.py:190} INFO - [2026-07-25T16:49:02.658+0000] {dagbag.py:588} INFO - Filling up the DagBag from /opt/airflow/dags/fct_avg_day_earthquake.py
[2026-07-25T16:49:02.660+0000] {logging_mixin.py:190} INFO - [2026-07-25T16:49:02.659+0000] {dagbag.py:387} ERROR - Failed to import: /opt/airflow/dags/fct_avg_day_earthquake.py
Traceback (most recent call last):
  File "/home/airflow/.local/lib/python3.12/site-packages/airflow/models/dagbag.py", line 383, in parse
    loader.exec_module(new_module)
  File "<frozen importlib._bootstrap_external>", line 999, in exec_module
  File "<frozen importlib._bootstrap>", line 488, in _call_with_frames_removed
  File "/opt/airflow/dags/fct_avg_day_earthquake.py", line 28, in <module>
    "start_date": pendulum.datetime(22026, 7, 10, tz="Europe/Moscow"),
                  ^^^^^^^^^^^^^^^^^^^^^^^^^^^^^^^^^^^^^^^^^^^^^^^^^^^
  File "/home/airflow/.local/lib/python3.12/site-packages/pendulum/__init__.py", line 143, in datetime
    return DateTime.create(
           ^^^^^^^^^^^^^^^^
  File "/home/airflow/.local/lib/python3.12/site-packages/pendulum/datetime.py", line 105, in create
    dt = datetime.datetime(
         ^^^^^^^^^^^^^^^^^^
ValueError: year 22026 is out of range
[2026-07-25T16:49:02.660+0000] {processor.py:927} WARNING - No viable dags retrieved from /opt/airflow/dags/fct_avg_day_earthquake.py
[2026-07-25T16:49:02.673+0000] {processor.py:208} INFO - Processing /opt/airflow/dags/fct_avg_day_earthquake.py took 0.019 seconds
[2026-07-25T16:49:14.793+0000] {processor.py:186} INFO - Started process (PID=37910) to work on /opt/airflow/dags/fct_avg_day_earthquake.py
[2026-07-25T16:49:14.796+0000] {processor.py:914} INFO - Processing file /opt/airflow/dags/fct_avg_day_earthquake.py for tasks to queue
[2026-07-25T16:49:14.797+0000] {logging_mixin.py:190} INFO - [2026-07-25T16:49:14.797+0000] {dagbag.py:588} INFO - Filling up the DagBag from /opt/airflow/dags/fct_avg_day_earthquake.py
[2026-07-25T16:49:14.804+0000] {processor.py:925} INFO - DAG(s) 'fct_avg_day_earthquake' retrieved from /opt/airflow/dags/fct_avg_day_earthquake.py
[2026-07-25T16:49:14.872+0000] {logging_mixin.py:190} INFO - [2026-07-25T16:49:14.872+0000] {dag.py:3239} INFO - Sync 1 DAGs
[2026-07-25T16:49:14.884+0000] {logging_mixin.py:190} INFO - [2026-07-25T16:49:14.884+0000] {dag.py:4180} INFO - Setting next_dagrun for fct_avg_day_earthquake to 2026-07-10 02:00:00+00:00, run_after=2026-07-11 02:00:00+00:00
[2026-07-25T16:49:14.899+0000] {processor.py:208} INFO - Processing /opt/airflow/dags/fct_avg_day_earthquake.py took 0.109 seconds
[2026-07-25T16:49:45.121+0000] {processor.py:186} INFO - Started process (PID=37962) to work on /opt/airflow/dags/fct_avg_day_earthquake.py
[2026-07-25T16:49:45.122+0000] {processor.py:914} INFO - Processing file /opt/airflow/dags/fct_avg_day_earthquake.py for tasks to queue
[2026-07-25T16:49:45.122+0000] {logging_mixin.py:190} INFO - [2026-07-25T16:49:45.122+0000] {dagbag.py:588} INFO - Filling up the DagBag from /opt/airflow/dags/fct_avg_day_earthquake.py
[2026-07-25T16:49:45.129+0000] {processor.py:925} INFO - DAG(s) 'fct_avg_day_earthquake' retrieved from /opt/airflow/dags/fct_avg_day_earthquake.py
[2026-07-25T16:49:45.143+0000] {logging_mixin.py:190} INFO - [2026-07-25T16:49:45.142+0000] {dag.py:3239} INFO - Sync 1 DAGs
[2026-07-25T16:49:45.168+0000] {processor.py:208} INFO - Processing /opt/airflow/dags/fct_avg_day_earthquake.py took 0.051 seconds
[2026-07-25T16:50:15.463+0000] {processor.py:186} INFO - Started process (PID=38002) to work on /opt/airflow/dags/fct_avg_day_earthquake.py
[2026-07-25T16:50:15.466+0000] {processor.py:914} INFO - Processing file /opt/airflow/dags/fct_avg_day_earthquake.py for tasks to queue
[2026-07-25T16:50:15.467+0000] {logging_mixin.py:190} INFO - [2026-07-25T16:50:15.467+0000] {dagbag.py:588} INFO - Filling up the DagBag from /opt/airflow/dags/fct_avg_day_earthquake.py
[2026-07-25T16:50:15.474+0000] {processor.py:925} INFO - DAG(s) 'fct_avg_day_earthquake' retrieved from /opt/airflow/dags/fct_avg_day_earthquake.py
[2026-07-25T16:50:15.488+0000] {logging_mixin.py:190} INFO - [2026-07-25T16:50:15.488+0000] {dag.py:3239} INFO - Sync 1 DAGs
[2026-07-25T16:50:15.523+0000] {processor.py:208} INFO - Processing /opt/airflow/dags/fct_avg_day_earthquake.py took 0.064 seconds
[2026-07-25T16:50:45.859+0000] {processor.py:186} INFO - Started process (PID=38042) to work on /opt/airflow/dags/fct_avg_day_earthquake.py
[2026-07-25T16:50:45.859+0000] {processor.py:914} INFO - Processing file /opt/airflow/dags/fct_avg_day_earthquake.py for tasks to queue
[2026-07-25T16:50:45.861+0000] {logging_mixin.py:190} INFO - [2026-07-25T16:50:45.860+0000] {dagbag.py:588} INFO - Filling up the DagBag from /opt/airflow/dags/fct_avg_day_earthquake.py
[2026-07-25T16:50:45.868+0000] {processor.py:925} INFO - DAG(s) 'fct_avg_day_earthquake' retrieved from /opt/airflow/dags/fct_avg_day_earthquake.py
[2026-07-25T16:50:45.886+0000] {logging_mixin.py:190} INFO - [2026-07-25T16:50:45.885+0000] {dag.py:3239} INFO - Sync 1 DAGs
[2026-07-25T16:50:45.911+0000] {processor.py:208} INFO - Processing /opt/airflow/dags/fct_avg_day_earthquake.py took 0.060 seconds
[2026-07-25T16:51:16.194+0000] {processor.py:186} INFO - Started process (PID=38082) to work on /opt/airflow/dags/fct_avg_day_earthquake.py
[2026-07-25T16:51:16.198+0000] {processor.py:914} INFO - Processing file /opt/airflow/dags/fct_avg_day_earthquake.py for tasks to queue
[2026-07-25T16:51:16.199+0000] {logging_mixin.py:190} INFO - [2026-07-25T16:51:16.198+0000] {dagbag.py:588} INFO - Filling up the DagBag from /opt/airflow/dags/fct_avg_day_earthquake.py
[2026-07-25T16:51:16.207+0000] {processor.py:925} INFO - DAG(s) 'fct_avg_day_earthquake' retrieved from /opt/airflow/dags/fct_avg_day_earthquake.py
[2026-07-25T16:51:16.219+0000] {logging_mixin.py:190} INFO - [2026-07-25T16:51:16.219+0000] {dag.py:3239} INFO - Sync 1 DAGs
[2026-07-25T16:51:16.244+0000] {processor.py:208} INFO - Processing /opt/airflow/dags/fct_avg_day_earthquake.py took 0.056 seconds
[2026-07-25T16:51:46.556+0000] {processor.py:186} INFO - Started process (PID=38122) to work on /opt/airflow/dags/fct_avg_day_earthquake.py
[2026-07-25T16:51:46.556+0000] {processor.py:914} INFO - Processing file /opt/airflow/dags/fct_avg_day_earthquake.py for tasks to queue
[2026-07-25T16:51:46.557+0000] {logging_mixin.py:190} INFO - [2026-07-25T16:51:46.556+0000] {dagbag.py:588} INFO - Filling up the DagBag from /opt/airflow/dags/fct_avg_day_earthquake.py
[2026-07-25T16:51:46.563+0000] {processor.py:925} INFO - DAG(s) 'fct_avg_day_earthquake' retrieved from /opt/airflow/dags/fct_avg_day_earthquake.py
[2026-07-25T16:51:46.576+0000] {logging_mixin.py:190} INFO - [2026-07-25T16:51:46.576+0000] {dag.py:3239} INFO - Sync 1 DAGs
[2026-07-25T16:51:46.602+0000] {processor.py:208} INFO - Processing /opt/airflow/dags/fct_avg_day_earthquake.py took 0.049 seconds
[2026-07-25T16:52:16.907+0000] {processor.py:186} INFO - Started process (PID=38162) to work on /opt/airflow/dags/fct_avg_day_earthquake.py
[2026-07-25T16:52:16.910+0000] {processor.py:914} INFO - Processing file /opt/airflow/dags/fct_avg_day_earthquake.py for tasks to queue
[2026-07-25T16:52:16.910+0000] {logging_mixin.py:190} INFO - [2026-07-25T16:52:16.910+0000] {dagbag.py:588} INFO - Filling up the DagBag from /opt/airflow/dags/fct_avg_day_earthquake.py
[2026-07-25T16:52:16.917+0000] {processor.py:925} INFO - DAG(s) 'fct_avg_day_earthquake' retrieved from /opt/airflow/dags/fct_avg_day_earthquake.py
[2026-07-25T16:52:16.931+0000] {logging_mixin.py:190} INFO - [2026-07-25T16:52:16.931+0000] {dag.py:3239} INFO - Sync 1 DAGs
[2026-07-25T16:52:16.957+0000] {processor.py:208} INFO - Processing /opt/airflow/dags/fct_avg_day_earthquake.py took 0.053 seconds
[2026-07-25T16:52:47.207+0000] {processor.py:186} INFO - Started process (PID=38202) to work on /opt/airflow/dags/fct_avg_day_earthquake.py
[2026-07-25T16:52:47.207+0000] {processor.py:914} INFO - Processing file /opt/airflow/dags/fct_avg_day_earthquake.py for tasks to queue
[2026-07-25T16:52:47.208+0000] {logging_mixin.py:190} INFO - [2026-07-25T16:52:47.208+0000] {dagbag.py:588} INFO - Filling up the DagBag from /opt/airflow/dags/fct_avg_day_earthquake.py
[2026-07-25T16:52:47.215+0000] {processor.py:925} INFO - DAG(s) 'fct_avg_day_earthquake' retrieved from /opt/airflow/dags/fct_avg_day_earthquake.py
[2026-07-25T16:52:47.229+0000] {logging_mixin.py:190} INFO - [2026-07-25T16:52:47.229+0000] {dag.py:3239} INFO - Sync 1 DAGs
[2026-07-25T16:52:47.254+0000] {processor.py:208} INFO - Processing /opt/airflow/dags/fct_avg_day_earthquake.py took 0.054 seconds
[2026-07-25T16:53:17.488+0000] {processor.py:186} INFO - Started process (PID=38242) to work on /opt/airflow/dags/fct_avg_day_earthquake.py
[2026-07-25T16:53:17.491+0000] {processor.py:914} INFO - Processing file /opt/airflow/dags/fct_avg_day_earthquake.py for tasks to queue
[2026-07-25T16:53:17.492+0000] {logging_mixin.py:190} INFO - [2026-07-25T16:53:17.492+0000] {dagbag.py:588} INFO - Filling up the DagBag from /opt/airflow/dags/fct_avg_day_earthquake.py
[2026-07-25T16:53:17.499+0000] {processor.py:925} INFO - DAG(s) 'fct_avg_day_earthquake' retrieved from /opt/airflow/dags/fct_avg_day_earthquake.py
[2026-07-25T16:53:17.513+0000] {logging_mixin.py:190} INFO - [2026-07-25T16:53:17.513+0000] {dag.py:3239} INFO - Sync 1 DAGs
[2026-07-25T16:53:17.538+0000] {processor.py:208} INFO - Processing /opt/airflow/dags/fct_avg_day_earthquake.py took 0.056 seconds
[2026-07-25T16:53:47.858+0000] {processor.py:186} INFO - Started process (PID=38282) to work on /opt/airflow/dags/fct_avg_day_earthquake.py
[2026-07-25T16:53:47.858+0000] {processor.py:914} INFO - Processing file /opt/airflow/dags/fct_avg_day_earthquake.py for tasks to queue
[2026-07-25T16:53:47.859+0000] {logging_mixin.py:190} INFO - [2026-07-25T16:53:47.858+0000] {dagbag.py:588} INFO - Filling up the DagBag from /opt/airflow/dags/fct_avg_day_earthquake.py
[2026-07-25T16:53:47.865+0000] {processor.py:925} INFO - DAG(s) 'fct_avg_day_earthquake' retrieved from /opt/airflow/dags/fct_avg_day_earthquake.py
[2026-07-25T16:53:47.880+0000] {logging_mixin.py:190} INFO - [2026-07-25T16:53:47.880+0000] {dag.py:3239} INFO - Sync 1 DAGs
[2026-07-25T16:53:47.906+0000] {processor.py:208} INFO - Processing /opt/airflow/dags/fct_avg_day_earthquake.py took 0.053 seconds
[2026-07-25T16:54:18.135+0000] {processor.py:186} INFO - Started process (PID=38322) to work on /opt/airflow/dags/fct_avg_day_earthquake.py
[2026-07-25T16:54:18.138+0000] {processor.py:914} INFO - Processing file /opt/airflow/dags/fct_avg_day_earthquake.py for tasks to queue
[2026-07-25T16:54:18.139+0000] {logging_mixin.py:190} INFO - [2026-07-25T16:54:18.139+0000] {dagbag.py:588} INFO - Filling up the DagBag from /opt/airflow/dags/fct_avg_day_earthquake.py
[2026-07-25T16:54:18.146+0000] {processor.py:925} INFO - DAG(s) 'fct_avg_day_earthquake' retrieved from /opt/airflow/dags/fct_avg_day_earthquake.py
[2026-07-25T16:54:18.163+0000] {logging_mixin.py:190} INFO - [2026-07-25T16:54:18.163+0000] {dag.py:3239} INFO - Sync 1 DAGs
[2026-07-25T16:54:18.187+0000] {processor.py:208} INFO - Processing /opt/airflow/dags/fct_avg_day_earthquake.py took 0.056 seconds
[2026-07-25T16:54:48.562+0000] {processor.py:186} INFO - Started process (PID=38362) to work on /opt/airflow/dags/fct_avg_day_earthquake.py
[2026-07-25T16:54:48.563+0000] {processor.py:914} INFO - Processing file /opt/airflow/dags/fct_avg_day_earthquake.py for tasks to queue
[2026-07-25T16:54:48.563+0000] {logging_mixin.py:190} INFO - [2026-07-25T16:54:48.563+0000] {dagbag.py:588} INFO - Filling up the DagBag from /opt/airflow/dags/fct_avg_day_earthquake.py
[2026-07-25T16:54:48.571+0000] {processor.py:925} INFO - DAG(s) 'fct_avg_day_earthquake' retrieved from /opt/airflow/dags/fct_avg_day_earthquake.py
[2026-07-25T16:54:48.584+0000] {logging_mixin.py:190} INFO - [2026-07-25T16:54:48.584+0000] {dag.py:3239} INFO - Sync 1 DAGs
[2026-07-25T16:54:48.607+0000] {processor.py:208} INFO - Processing /opt/airflow/dags/fct_avg_day_earthquake.py took 0.050 seconds
[2026-07-25T16:55:18.964+0000] {processor.py:186} INFO - Started process (PID=38402) to work on /opt/airflow/dags/fct_avg_day_earthquake.py
[2026-07-25T16:55:18.967+0000] {processor.py:914} INFO - Processing file /opt/airflow/dags/fct_avg_day_earthquake.py for tasks to queue
[2026-07-25T16:55:18.968+0000] {logging_mixin.py:190} INFO - [2026-07-25T16:55:18.967+0000] {dagbag.py:588} INFO - Filling up the DagBag from /opt/airflow/dags/fct_avg_day_earthquake.py
[2026-07-25T16:55:18.975+0000] {processor.py:925} INFO - DAG(s) 'fct_avg_day_earthquake' retrieved from /opt/airflow/dags/fct_avg_day_earthquake.py
[2026-07-25T16:55:18.989+0000] {logging_mixin.py:190} INFO - [2026-07-25T16:55:18.989+0000] {dag.py:3239} INFO - Sync 1 DAGs
[2026-07-25T16:55:19.013+0000] {processor.py:208} INFO - Processing /opt/airflow/dags/fct_avg_day_earthquake.py took 0.053 seconds
[2026-07-25T16:55:49.277+0000] {processor.py:186} INFO - Started process (PID=38442) to work on /opt/airflow/dags/fct_avg_day_earthquake.py
[2026-07-25T16:55:49.278+0000] {processor.py:914} INFO - Processing file /opt/airflow/dags/fct_avg_day_earthquake.py for tasks to queue
[2026-07-25T16:55:49.278+0000] {logging_mixin.py:190} INFO - [2026-07-25T16:55:49.278+0000] {dagbag.py:588} INFO - Filling up the DagBag from /opt/airflow/dags/fct_avg_day_earthquake.py
[2026-07-25T16:55:49.285+0000] {processor.py:925} INFO - DAG(s) 'fct_avg_day_earthquake' retrieved from /opt/airflow/dags/fct_avg_day_earthquake.py
[2026-07-25T16:55:49.302+0000] {logging_mixin.py:190} INFO - [2026-07-25T16:55:49.302+0000] {dag.py:3239} INFO - Sync 1 DAGs
[2026-07-25T16:55:49.330+0000] {processor.py:208} INFO - Processing /opt/airflow/dags/fct_avg_day_earthquake.py took 0.058 seconds
[2026-07-25T16:56:19.695+0000] {processor.py:186} INFO - Started process (PID=38482) to work on /opt/airflow/dags/fct_avg_day_earthquake.py
[2026-07-25T16:56:19.696+0000] {processor.py:914} INFO - Processing file /opt/airflow/dags/fct_avg_day_earthquake.py for tasks to queue
[2026-07-25T16:56:19.696+0000] {logging_mixin.py:190} INFO - [2026-07-25T16:56:19.696+0000] {dagbag.py:588} INFO - Filling up the DagBag from /opt/airflow/dags/fct_avg_day_earthquake.py
[2026-07-25T16:56:19.703+0000] {processor.py:925} INFO - DAG(s) 'fct_avg_day_earthquake' retrieved from /opt/airflow/dags/fct_avg_day_earthquake.py
[2026-07-25T16:56:19.717+0000] {logging_mixin.py:190} INFO - [2026-07-25T16:56:19.717+0000] {dag.py:3239} INFO - Sync 1 DAGs
[2026-07-25T16:56:19.740+0000] {processor.py:208} INFO - Processing /opt/airflow/dags/fct_avg_day_earthquake.py took 0.048 seconds
[2026-07-25T16:56:50.011+0000] {processor.py:186} INFO - Started process (PID=38522) to work on /opt/airflow/dags/fct_avg_day_earthquake.py
[2026-07-25T16:56:50.012+0000] {processor.py:914} INFO - Processing file /opt/airflow/dags/fct_avg_day_earthquake.py for tasks to queue
[2026-07-25T16:56:50.013+0000] {logging_mixin.py:190} INFO - [2026-07-25T16:56:50.013+0000] {dagbag.py:588} INFO - Filling up the DagBag from /opt/airflow/dags/fct_avg_day_earthquake.py
[2026-07-25T16:56:50.020+0000] {processor.py:925} INFO - DAG(s) 'fct_avg_day_earthquake' retrieved from /opt/airflow/dags/fct_avg_day_earthquake.py
[2026-07-25T16:56:50.035+0000] {logging_mixin.py:190} INFO - [2026-07-25T16:56:50.034+0000] {dag.py:3239} INFO - Sync 1 DAGs
[2026-07-25T16:56:50.065+0000] {processor.py:208} INFO - Processing /opt/airflow/dags/fct_avg_day_earthquake.py took 0.057 seconds
[2026-07-25T16:57:20.253+0000] {processor.py:186} INFO - Started process (PID=38562) to work on /opt/airflow/dags/fct_avg_day_earthquake.py
[2026-07-25T16:57:20.254+0000] {processor.py:914} INFO - Processing file /opt/airflow/dags/fct_avg_day_earthquake.py for tasks to queue
[2026-07-25T16:57:20.254+0000] {logging_mixin.py:190} INFO - [2026-07-25T16:57:20.254+0000] {dagbag.py:588} INFO - Filling up the DagBag from /opt/airflow/dags/fct_avg_day_earthquake.py
[2026-07-25T16:57:20.261+0000] {processor.py:925} INFO - DAG(s) 'fct_avg_day_earthquake' retrieved from /opt/airflow/dags/fct_avg_day_earthquake.py
[2026-07-25T16:57:20.274+0000] {logging_mixin.py:190} INFO - [2026-07-25T16:57:20.274+0000] {dag.py:3239} INFO - Sync 1 DAGs
[2026-07-25T16:57:20.298+0000] {processor.py:208} INFO - Processing /opt/airflow/dags/fct_avg_day_earthquake.py took 0.048 seconds
[2026-07-25T16:57:50.549+0000] {processor.py:186} INFO - Started process (PID=38602) to work on /opt/airflow/dags/fct_avg_day_earthquake.py
[2026-07-25T16:57:50.552+0000] {processor.py:914} INFO - Processing file /opt/airflow/dags/fct_avg_day_earthquake.py for tasks to queue
[2026-07-25T16:57:50.553+0000] {logging_mixin.py:190} INFO - [2026-07-25T16:57:50.553+0000] {dagbag.py:588} INFO - Filling up the DagBag from /opt/airflow/dags/fct_avg_day_earthquake.py
[2026-07-25T16:57:50.560+0000] {processor.py:925} INFO - DAG(s) 'fct_avg_day_earthquake' retrieved from /opt/airflow/dags/fct_avg_day_earthquake.py
[2026-07-25T16:57:50.574+0000] {logging_mixin.py:190} INFO - [2026-07-25T16:57:50.574+0000] {dag.py:3239} INFO - Sync 1 DAGs
[2026-07-25T16:57:50.600+0000] {processor.py:208} INFO - Processing /opt/airflow/dags/fct_avg_day_earthquake.py took 0.057 seconds
[2026-07-25T16:58:20.827+0000] {processor.py:186} INFO - Started process (PID=38642) to work on /opt/airflow/dags/fct_avg_day_earthquake.py
[2026-07-25T16:58:20.828+0000] {processor.py:914} INFO - Processing file /opt/airflow/dags/fct_avg_day_earthquake.py for tasks to queue
[2026-07-25T16:58:20.829+0000] {logging_mixin.py:190} INFO - [2026-07-25T16:58:20.828+0000] {dagbag.py:588} INFO - Filling up the DagBag from /opt/airflow/dags/fct_avg_day_earthquake.py
[2026-07-25T16:58:20.836+0000] {processor.py:925} INFO - DAG(s) 'fct_avg_day_earthquake' retrieved from /opt/airflow/dags/fct_avg_day_earthquake.py
[2026-07-25T16:58:20.851+0000] {logging_mixin.py:190} INFO - [2026-07-25T16:58:20.851+0000] {dag.py:3239} INFO - Sync 1 DAGs
[2026-07-25T16:58:20.880+0000] {processor.py:208} INFO - Processing /opt/airflow/dags/fct_avg_day_earthquake.py took 0.057 seconds
[2026-07-25T16:58:51.121+0000] {processor.py:186} INFO - Started process (PID=38682) to work on /opt/airflow/dags/fct_avg_day_earthquake.py
[2026-07-25T16:58:51.124+0000] {processor.py:914} INFO - Processing file /opt/airflow/dags/fct_avg_day_earthquake.py for tasks to queue
[2026-07-25T16:58:51.125+0000] {logging_mixin.py:190} INFO - [2026-07-25T16:58:51.125+0000] {dagbag.py:588} INFO - Filling up the DagBag from /opt/airflow/dags/fct_avg_day_earthquake.py
[2026-07-25T16:58:51.132+0000] {processor.py:925} INFO - DAG(s) 'fct_avg_day_earthquake' retrieved from /opt/airflow/dags/fct_avg_day_earthquake.py
[2026-07-25T16:58:51.145+0000] {logging_mixin.py:190} INFO - [2026-07-25T16:58:51.145+0000] {dag.py:3239} INFO - Sync 1 DAGs
[2026-07-25T16:58:51.158+0000] {logging_mixin.py:190} INFO - [2026-07-25T16:58:51.158+0000] {dag.py:4180} INFO - Setting next_dagrun for fct_avg_day_earthquake to 2026-07-25 02:00:00+00:00, run_after=2026-07-26 02:00:00+00:00
[2026-07-25T16:58:51.170+0000] {processor.py:208} INFO - Processing /opt/airflow/dags/fct_avg_day_earthquake.py took 0.053 seconds
[2026-07-25T16:59:21.608+0000] {processor.py:186} INFO - Started process (PID=38722) to work on /opt/airflow/dags/fct_avg_day_earthquake.py
[2026-07-25T16:59:21.608+0000] {processor.py:914} INFO - Processing file /opt/airflow/dags/fct_avg_day_earthquake.py for tasks to queue
[2026-07-25T16:59:21.609+0000] {logging_mixin.py:190} INFO - [2026-07-25T16:59:21.609+0000] {dagbag.py:588} INFO - Filling up the DagBag from /opt/airflow/dags/fct_avg_day_earthquake.py
[2026-07-25T16:59:21.615+0000] {processor.py:925} INFO - DAG(s) 'fct_avg_day_earthquake' retrieved from /opt/airflow/dags/fct_avg_day_earthquake.py
[2026-07-25T16:59:21.627+0000] {logging_mixin.py:190} INFO - [2026-07-25T16:59:21.627+0000] {dag.py:3239} INFO - Sync 1 DAGs
[2026-07-25T16:59:21.640+0000] {logging_mixin.py:190} INFO - [2026-07-25T16:59:21.640+0000] {dag.py:4180} INFO - Setting next_dagrun for fct_avg_day_earthquake to 2026-07-25 02:00:00+00:00, run_after=2026-07-26 02:00:00+00:00
[2026-07-25T16:59:21.652+0000] {processor.py:208} INFO - Processing /opt/airflow/dags/fct_avg_day_earthquake.py took 0.048 seconds
[2026-07-25T16:59:51.931+0000] {processor.py:186} INFO - Started process (PID=38762) to work on /opt/airflow/dags/fct_avg_day_earthquake.py
[2026-07-25T16:59:51.935+0000] {processor.py:914} INFO - Processing file /opt/airflow/dags/fct_avg_day_earthquake.py for tasks to queue
[2026-07-25T16:59:51.936+0000] {logging_mixin.py:190} INFO - [2026-07-25T16:59:51.936+0000] {dagbag.py:588} INFO - Filling up the DagBag from /opt/airflow/dags/fct_avg_day_earthquake.py
[2026-07-25T16:59:51.943+0000] {processor.py:925} INFO - DAG(s) 'fct_avg_day_earthquake' retrieved from /opt/airflow/dags/fct_avg_day_earthquake.py
[2026-07-25T16:59:51.958+0000] {logging_mixin.py:190} INFO - [2026-07-25T16:59:51.958+0000] {dag.py:3239} INFO - Sync 1 DAGs
[2026-07-25T16:59:51.974+0000] {logging_mixin.py:190} INFO - [2026-07-25T16:59:51.974+0000] {dag.py:4180} INFO - Setting next_dagrun for fct_avg_day_earthquake to 2026-07-25 02:00:00+00:00, run_after=2026-07-26 02:00:00+00:00
[2026-07-25T16:59:51.987+0000] {processor.py:208} INFO - Processing /opt/airflow/dags/fct_avg_day_earthquake.py took 0.060 seconds
[2026-07-25T17:00:22.332+0000] {processor.py:186} INFO - Started process (PID=38802) to work on /opt/airflow/dags/fct_avg_day_earthquake.py
[2026-07-25T17:00:22.332+0000] {processor.py:914} INFO - Processing file /opt/airflow/dags/fct_avg_day_earthquake.py for tasks to queue
[2026-07-25T17:00:22.333+0000] {logging_mixin.py:190} INFO - [2026-07-25T17:00:22.333+0000] {dagbag.py:588} INFO - Filling up the DagBag from /opt/airflow/dags/fct_avg_day_earthquake.py
[2026-07-25T17:00:22.340+0000] {processor.py:925} INFO - DAG(s) 'fct_avg_day_earthquake' retrieved from /opt/airflow/dags/fct_avg_day_earthquake.py
[2026-07-25T17:00:22.353+0000] {logging_mixin.py:190} INFO - [2026-07-25T17:00:22.353+0000] {dag.py:3239} INFO - Sync 1 DAGs
[2026-07-25T17:00:22.370+0000] {logging_mixin.py:190} INFO - [2026-07-25T17:00:22.370+0000] {dag.py:4180} INFO - Setting next_dagrun for fct_avg_day_earthquake to 2026-07-25 02:00:00+00:00, run_after=2026-07-26 02:00:00+00:00
[2026-07-25T17:00:22.381+0000] {processor.py:208} INFO - Processing /opt/airflow/dags/fct_avg_day_earthquake.py took 0.053 seconds
[2026-07-25T17:00:52.639+0000] {processor.py:186} INFO - Started process (PID=38842) to work on /opt/airflow/dags/fct_avg_day_earthquake.py
[2026-07-25T17:00:52.642+0000] {processor.py:914} INFO - Processing file /opt/airflow/dags/fct_avg_day_earthquake.py for tasks to queue
[2026-07-25T17:00:52.643+0000] {logging_mixin.py:190} INFO - [2026-07-25T17:00:52.642+0000] {dagbag.py:588} INFO - Filling up the DagBag from /opt/airflow/dags/fct_avg_day_earthquake.py
[2026-07-25T17:00:52.650+0000] {processor.py:925} INFO - DAG(s) 'fct_avg_day_earthquake' retrieved from /opt/airflow/dags/fct_avg_day_earthquake.py
[2026-07-25T17:00:52.665+0000] {logging_mixin.py:190} INFO - [2026-07-25T17:00:52.665+0000] {dag.py:3239} INFO - Sync 1 DAGs
[2026-07-25T17:00:52.682+0000] {logging_mixin.py:190} INFO - [2026-07-25T17:00:52.681+0000] {dag.py:4180} INFO - Setting next_dagrun for fct_avg_day_earthquake to 2026-07-25 02:00:00+00:00, run_after=2026-07-26 02:00:00+00:00
[2026-07-25T17:00:52.694+0000] {processor.py:208} INFO - Processing /opt/airflow/dags/fct_avg_day_earthquake.py took 0.059 seconds
[2026-07-25T17:01:23.043+0000] {processor.py:186} INFO - Started process (PID=38882) to work on /opt/airflow/dags/fct_avg_day_earthquake.py
[2026-07-25T17:01:23.043+0000] {processor.py:914} INFO - Processing file /opt/airflow/dags/fct_avg_day_earthquake.py for tasks to queue
[2026-07-25T17:01:23.044+0000] {logging_mixin.py:190} INFO - [2026-07-25T17:01:23.044+0000] {dagbag.py:588} INFO - Filling up the DagBag from /opt/airflow/dags/fct_avg_day_earthquake.py
[2026-07-25T17:01:23.051+0000] {processor.py:925} INFO - DAG(s) 'fct_avg_day_earthquake' retrieved from /opt/airflow/dags/fct_avg_day_earthquake.py
[2026-07-25T17:01:23.065+0000] {logging_mixin.py:190} INFO - [2026-07-25T17:01:23.064+0000] {dag.py:3239} INFO - Sync 1 DAGs
[2026-07-25T17:01:23.080+0000] {logging_mixin.py:190} INFO - [2026-07-25T17:01:23.080+0000] {dag.py:4180} INFO - Setting next_dagrun for fct_avg_day_earthquake to 2026-07-25 02:00:00+00:00, run_after=2026-07-26 02:00:00+00:00
[2026-07-25T17:01:23.092+0000] {processor.py:208} INFO - Processing /opt/airflow/dags/fct_avg_day_earthquake.py took 0.052 seconds
[2026-07-25T17:01:53.399+0000] {processor.py:186} INFO - Started process (PID=38922) to work on /opt/airflow/dags/fct_avg_day_earthquake.py
[2026-07-25T17:01:53.403+0000] {processor.py:914} INFO - Processing file /opt/airflow/dags/fct_avg_day_earthquake.py for tasks to queue
[2026-07-25T17:01:53.403+0000] {logging_mixin.py:190} INFO - [2026-07-25T17:01:53.403+0000] {dagbag.py:588} INFO - Filling up the DagBag from /opt/airflow/dags/fct_avg_day_earthquake.py
[2026-07-25T17:01:53.411+0000] {processor.py:925} INFO - DAG(s) 'fct_avg_day_earthquake' retrieved from /opt/airflow/dags/fct_avg_day_earthquake.py
[2026-07-25T17:01:53.427+0000] {logging_mixin.py:190} INFO - [2026-07-25T17:01:53.427+0000] {dag.py:3239} INFO - Sync 1 DAGs
[2026-07-25T17:01:53.444+0000] {logging_mixin.py:190} INFO - [2026-07-25T17:01:53.444+0000] {dag.py:4180} INFO - Setting next_dagrun for fct_avg_day_earthquake to 2026-07-25 02:00:00+00:00, run_after=2026-07-26 02:00:00+00:00
[2026-07-25T17:01:53.457+0000] {processor.py:208} INFO - Processing /opt/airflow/dags/fct_avg_day_earthquake.py took 0.064 seconds
[2026-07-25T17:02:23.660+0000] {processor.py:186} INFO - Started process (PID=38963) to work on /opt/airflow/dags/fct_avg_day_earthquake.py
[2026-07-25T17:02:23.662+0000] {processor.py:914} INFO - Processing file /opt/airflow/dags/fct_avg_day_earthquake.py for tasks to queue
[2026-07-25T17:02:23.662+0000] {logging_mixin.py:190} INFO - [2026-07-25T17:02:23.662+0000] {dagbag.py:588} INFO - Filling up the DagBag from /opt/airflow/dags/fct_avg_day_earthquake.py
[2026-07-25T17:02:23.670+0000] {processor.py:925} INFO - DAG(s) 'fct_avg_day_earthquake' retrieved from /opt/airflow/dags/fct_avg_day_earthquake.py
[2026-07-25T17:02:23.683+0000] {logging_mixin.py:190} INFO - [2026-07-25T17:02:23.683+0000] {dag.py:3239} INFO - Sync 1 DAGs
[2026-07-25T17:02:23.698+0000] {logging_mixin.py:190} INFO - [2026-07-25T17:02:23.698+0000] {dag.py:4180} INFO - Setting next_dagrun for fct_avg_day_earthquake to 2026-07-25 02:00:00+00:00, run_after=2026-07-26 02:00:00+00:00
[2026-07-25T17:02:23.709+0000] {processor.py:208} INFO - Processing /opt/airflow/dags/fct_avg_day_earthquake.py took 0.053 seconds
[2026-07-25T17:02:53.870+0000] {processor.py:186} INFO - Started process (PID=39003) to work on /opt/airflow/dags/fct_avg_day_earthquake.py
[2026-07-25T17:02:53.873+0000] {processor.py:914} INFO - Processing file /opt/airflow/dags/fct_avg_day_earthquake.py for tasks to queue
[2026-07-25T17:02:53.874+0000] {logging_mixin.py:190} INFO - [2026-07-25T17:02:53.874+0000] {dagbag.py:588} INFO - Filling up the DagBag from /opt/airflow/dags/fct_avg_day_earthquake.py
[2026-07-25T17:02:53.884+0000] {processor.py:925} INFO - DAG(s) 'fct_avg_day_earthquake' retrieved from /opt/airflow/dags/fct_avg_day_earthquake.py
[2026-07-25T17:02:53.902+0000] {logging_mixin.py:190} INFO - [2026-07-25T17:02:53.902+0000] {dag.py:3239} INFO - Sync 1 DAGs
[2026-07-25T17:02:53.919+0000] {logging_mixin.py:190} INFO - [2026-07-25T17:02:53.919+0000] {dag.py:4180} INFO - Setting next_dagrun for fct_avg_day_earthquake to 2026-07-25 02:00:00+00:00, run_after=2026-07-26 02:00:00+00:00
[2026-07-25T17:02:53.930+0000] {processor.py:208} INFO - Processing /opt/airflow/dags/fct_avg_day_earthquake.py took 0.066 seconds
[2026-07-25T17:03:24.089+0000] {processor.py:186} INFO - Started process (PID=39043) to work on /opt/airflow/dags/fct_avg_day_earthquake.py
[2026-07-25T17:03:24.089+0000] {processor.py:914} INFO - Processing file /opt/airflow/dags/fct_avg_day_earthquake.py for tasks to queue
[2026-07-25T17:03:24.090+0000] {logging_mixin.py:190} INFO - [2026-07-25T17:03:24.090+0000] {dagbag.py:588} INFO - Filling up the DagBag from /opt/airflow/dags/fct_avg_day_earthquake.py
[2026-07-25T17:03:24.098+0000] {processor.py:925} INFO - DAG(s) 'fct_avg_day_earthquake' retrieved from /opt/airflow/dags/fct_avg_day_earthquake.py
[2026-07-25T17:03:24.113+0000] {logging_mixin.py:190} INFO - [2026-07-25T17:03:24.113+0000] {dag.py:3239} INFO - Sync 1 DAGs
[2026-07-25T17:03:24.129+0000] {logging_mixin.py:190} INFO - [2026-07-25T17:03:24.129+0000] {dag.py:4180} INFO - Setting next_dagrun for fct_avg_day_earthquake to 2026-07-25 02:00:00+00:00, run_after=2026-07-26 02:00:00+00:00
[2026-07-25T17:03:24.141+0000] {processor.py:208} INFO - Processing /opt/airflow/dags/fct_avg_day_earthquake.py took 0.057 seconds
[2026-07-25T17:03:54.353+0000] {processor.py:186} INFO - Started process (PID=39084) to work on /opt/airflow/dags/fct_avg_day_earthquake.py
[2026-07-25T17:03:54.356+0000] {processor.py:914} INFO - Processing file /opt/airflow/dags/fct_avg_day_earthquake.py for tasks to queue
[2026-07-25T17:03:54.357+0000] {logging_mixin.py:190} INFO - [2026-07-25T17:03:54.357+0000] {dagbag.py:588} INFO - Filling up the DagBag from /opt/airflow/dags/fct_avg_day_earthquake.py
[2026-07-25T17:03:54.365+0000] {processor.py:925} INFO - DAG(s) 'fct_avg_day_earthquake' retrieved from /opt/airflow/dags/fct_avg_day_earthquake.py
[2026-07-25T17:03:54.377+0000] {logging_mixin.py:190} INFO - [2026-07-25T17:03:54.377+0000] {dag.py:3239} INFO - Sync 1 DAGs
[2026-07-25T17:03:54.391+0000] {logging_mixin.py:190} INFO - [2026-07-25T17:03:54.391+0000] {dag.py:4180} INFO - Setting next_dagrun for fct_avg_day_earthquake to 2026-07-25 02:00:00+00:00, run_after=2026-07-26 02:00:00+00:00
[2026-07-25T17:03:54.403+0000] {processor.py:208} INFO - Processing /opt/airflow/dags/fct_avg_day_earthquake.py took 0.055 seconds
[2026-07-25T17:04:24.772+0000] {processor.py:186} INFO - Started process (PID=39124) to work on /opt/airflow/dags/fct_avg_day_earthquake.py
[2026-07-25T17:04:24.773+0000] {processor.py:914} INFO - Processing file /opt/airflow/dags/fct_avg_day_earthquake.py for tasks to queue
[2026-07-25T17:04:24.774+0000] {logging_mixin.py:190} INFO - [2026-07-25T17:04:24.773+0000] {dagbag.py:588} INFO - Filling up the DagBag from /opt/airflow/dags/fct_avg_day_earthquake.py
[2026-07-25T17:04:24.784+0000] {processor.py:925} INFO - DAG(s) 'fct_avg_day_earthquake' retrieved from /opt/airflow/dags/fct_avg_day_earthquake.py
[2026-07-25T17:04:24.798+0000] {logging_mixin.py:190} INFO - [2026-07-25T17:04:24.798+0000] {dag.py:3239} INFO - Sync 1 DAGs
[2026-07-25T17:04:24.812+0000] {logging_mixin.py:190} INFO - [2026-07-25T17:04:24.812+0000] {dag.py:4180} INFO - Setting next_dagrun for fct_avg_day_earthquake to 2026-07-25 02:00:00+00:00, run_after=2026-07-26 02:00:00+00:00
[2026-07-25T17:04:24.823+0000] {processor.py:208} INFO - Processing /opt/airflow/dags/fct_avg_day_earthquake.py took 0.055 seconds
[2026-07-25T17:04:55.016+0000] {processor.py:186} INFO - Started process (PID=39164) to work on /opt/airflow/dags/fct_avg_day_earthquake.py
[2026-07-25T17:04:55.019+0000] {processor.py:914} INFO - Processing file /opt/airflow/dags/fct_avg_day_earthquake.py for tasks to queue
[2026-07-25T17:04:55.020+0000] {logging_mixin.py:190} INFO - [2026-07-25T17:04:55.020+0000] {dagbag.py:588} INFO - Filling up the DagBag from /opt/airflow/dags/fct_avg_day_earthquake.py
[2026-07-25T17:04:55.027+0000] {processor.py:925} INFO - DAG(s) 'fct_avg_day_earthquake' retrieved from /opt/airflow/dags/fct_avg_day_earthquake.py
[2026-07-25T17:04:55.041+0000] {logging_mixin.py:190} INFO - [2026-07-25T17:04:55.041+0000] {dag.py:3239} INFO - Sync 1 DAGs
[2026-07-25T17:04:55.055+0000] {logging_mixin.py:190} INFO - [2026-07-25T17:04:55.055+0000] {dag.py:4180} INFO - Setting next_dagrun for fct_avg_day_earthquake to 2026-07-25 02:00:00+00:00, run_after=2026-07-26 02:00:00+00:00
[2026-07-25T17:04:55.066+0000] {processor.py:208} INFO - Processing /opt/airflow/dags/fct_avg_day_earthquake.py took 0.055 seconds
[2026-07-25T17:05:25.315+0000] {processor.py:186} INFO - Started process (PID=39204) to work on /opt/airflow/dags/fct_avg_day_earthquake.py
[2026-07-25T17:05:25.316+0000] {processor.py:914} INFO - Processing file /opt/airflow/dags/fct_avg_day_earthquake.py for tasks to queue
[2026-07-25T17:05:25.316+0000] {logging_mixin.py:190} INFO - [2026-07-25T17:05:25.316+0000] {dagbag.py:588} INFO - Filling up the DagBag from /opt/airflow/dags/fct_avg_day_earthquake.py
[2026-07-25T17:05:25.324+0000] {processor.py:925} INFO - DAG(s) 'fct_avg_day_earthquake' retrieved from /opt/airflow/dags/fct_avg_day_earthquake.py
[2026-07-25T17:05:25.337+0000] {logging_mixin.py:190} INFO - [2026-07-25T17:05:25.337+0000] {dag.py:3239} INFO - Sync 1 DAGs
[2026-07-25T17:05:25.351+0000] {logging_mixin.py:190} INFO - [2026-07-25T17:05:25.351+0000] {dag.py:4180} INFO - Setting next_dagrun for fct_avg_day_earthquake to 2026-07-25 02:00:00+00:00, run_after=2026-07-26 02:00:00+00:00
[2026-07-25T17:05:25.363+0000] {processor.py:208} INFO - Processing /opt/airflow/dags/fct_avg_day_earthquake.py took 0.052 seconds
[2026-07-25T17:05:55.568+0000] {processor.py:186} INFO - Started process (PID=39244) to work on /opt/airflow/dags/fct_avg_day_earthquake.py
[2026-07-25T17:05:55.569+0000] {processor.py:914} INFO - Processing file /opt/airflow/dags/fct_avg_day_earthquake.py for tasks to queue
[2026-07-25T17:05:55.569+0000] {logging_mixin.py:190} INFO - [2026-07-25T17:05:55.569+0000] {dagbag.py:588} INFO - Filling up the DagBag from /opt/airflow/dags/fct_avg_day_earthquake.py
[2026-07-25T17:05:55.576+0000] {processor.py:925} INFO - DAG(s) 'fct_avg_day_earthquake' retrieved from /opt/airflow/dags/fct_avg_day_earthquake.py
[2026-07-25T17:05:55.591+0000] {logging_mixin.py:190} INFO - [2026-07-25T17:05:55.591+0000] {dag.py:3239} INFO - Sync 1 DAGs
[2026-07-25T17:05:55.606+0000] {logging_mixin.py:190} INFO - [2026-07-25T17:05:55.606+0000] {dag.py:4180} INFO - Setting next_dagrun for fct_avg_day_earthquake to 2026-07-25 02:00:00+00:00, run_after=2026-07-26 02:00:00+00:00
[2026-07-25T17:05:55.618+0000] {processor.py:208} INFO - Processing /opt/airflow/dags/fct_avg_day_earthquake.py took 0.055 seconds
[2026-07-25T17:06:25.839+0000] {processor.py:186} INFO - Started process (PID=39284) to work on /opt/airflow/dags/fct_avg_day_earthquake.py
[2026-07-25T17:06:25.840+0000] {processor.py:914} INFO - Processing file /opt/airflow/dags/fct_avg_day_earthquake.py for tasks to queue
[2026-07-25T17:06:25.841+0000] {logging_mixin.py:190} INFO - [2026-07-25T17:06:25.840+0000] {dagbag.py:588} INFO - Filling up the DagBag from /opt/airflow/dags/fct_avg_day_earthquake.py
[2026-07-25T17:06:25.848+0000] {processor.py:925} INFO - DAG(s) 'fct_avg_day_earthquake' retrieved from /opt/airflow/dags/fct_avg_day_earthquake.py
[2026-07-25T17:06:25.864+0000] {logging_mixin.py:190} INFO - [2026-07-25T17:06:25.863+0000] {dag.py:3239} INFO - Sync 1 DAGs
[2026-07-25T17:06:25.880+0000] {logging_mixin.py:190} INFO - [2026-07-25T17:06:25.880+0000] {dag.py:4180} INFO - Setting next_dagrun for fct_avg_day_earthquake to 2026-07-25 02:00:00+00:00, run_after=2026-07-26 02:00:00+00:00
[2026-07-25T17:06:25.892+0000] {processor.py:208} INFO - Processing /opt/airflow/dags/fct_avg_day_earthquake.py took 0.057 seconds
[2026-07-25T17:06:56.102+0000] {processor.py:186} INFO - Started process (PID=39324) to work on /opt/airflow/dags/fct_avg_day_earthquake.py
[2026-07-25T17:06:56.104+0000] {processor.py:914} INFO - Processing file /opt/airflow/dags/fct_avg_day_earthquake.py for tasks to queue
[2026-07-25T17:06:56.104+0000] {logging_mixin.py:190} INFO - [2026-07-25T17:06:56.104+0000] {dagbag.py:588} INFO - Filling up the DagBag from /opt/airflow/dags/fct_avg_day_earthquake.py
[2026-07-25T17:06:56.111+0000] {processor.py:925} INFO - DAG(s) 'fct_avg_day_earthquake' retrieved from /opt/airflow/dags/fct_avg_day_earthquake.py
[2026-07-25T17:06:56.125+0000] {logging_mixin.py:190} INFO - [2026-07-25T17:06:56.125+0000] {dag.py:3239} INFO - Sync 1 DAGs
[2026-07-25T17:06:56.141+0000] {logging_mixin.py:190} INFO - [2026-07-25T17:06:56.141+0000] {dag.py:4180} INFO - Setting next_dagrun for fct_avg_day_earthquake to 2026-07-25 02:00:00+00:00, run_after=2026-07-26 02:00:00+00:00
[2026-07-25T17:06:56.153+0000] {processor.py:208} INFO - Processing /opt/airflow/dags/fct_avg_day_earthquake.py took 0.054 seconds
[2026-07-25T17:07:26.405+0000] {processor.py:186} INFO - Started process (PID=39364) to work on /opt/airflow/dags/fct_avg_day_earthquake.py
[2026-07-25T17:07:26.406+0000] {processor.py:914} INFO - Processing file /opt/airflow/dags/fct_avg_day_earthquake.py for tasks to queue
[2026-07-25T17:07:26.406+0000] {logging_mixin.py:190} INFO - [2026-07-25T17:07:26.406+0000] {dagbag.py:588} INFO - Filling up the DagBag from /opt/airflow/dags/fct_avg_day_earthquake.py
[2026-07-25T17:07:26.414+0000] {processor.py:925} INFO - DAG(s) 'fct_avg_day_earthquake' retrieved from /opt/airflow/dags/fct_avg_day_earthquake.py
[2026-07-25T17:07:26.428+0000] {logging_mixin.py:190} INFO - [2026-07-25T17:07:26.428+0000] {dag.py:3239} INFO - Sync 1 DAGs
[2026-07-25T17:07:26.446+0000] {logging_mixin.py:190} INFO - [2026-07-25T17:07:26.446+0000] {dag.py:4180} INFO - Setting next_dagrun for fct_avg_day_earthquake to 2026-07-25 02:00:00+00:00, run_after=2026-07-26 02:00:00+00:00
[2026-07-25T17:07:26.457+0000] {processor.py:208} INFO - Processing /opt/airflow/dags/fct_avg_day_earthquake.py took 0.058 seconds
[2026-07-25T17:07:56.644+0000] {processor.py:186} INFO - Started process (PID=39404) to work on /opt/airflow/dags/fct_avg_day_earthquake.py
[2026-07-25T17:07:56.648+0000] {processor.py:914} INFO - Processing file /opt/airflow/dags/fct_avg_day_earthquake.py for tasks to queue
[2026-07-25T17:07:56.648+0000] {logging_mixin.py:190} INFO - [2026-07-25T17:07:56.648+0000] {dagbag.py:588} INFO - Filling up the DagBag from /opt/airflow/dags/fct_avg_day_earthquake.py
[2026-07-25T17:07:56.656+0000] {processor.py:925} INFO - DAG(s) 'fct_avg_day_earthquake' retrieved from /opt/airflow/dags/fct_avg_day_earthquake.py
[2026-07-25T17:07:56.671+0000] {logging_mixin.py:190} INFO - [2026-07-25T17:07:56.671+0000] {dag.py:3239} INFO - Sync 1 DAGs
[2026-07-25T17:07:56.686+0000] {logging_mixin.py:190} INFO - [2026-07-25T17:07:56.686+0000] {dag.py:4180} INFO - Setting next_dagrun for fct_avg_day_earthquake to 2026-07-25 02:00:00+00:00, run_after=2026-07-26 02:00:00+00:00
[2026-07-25T17:07:56.699+0000] {processor.py:208} INFO - Processing /opt/airflow/dags/fct_avg_day_earthquake.py took 0.060 seconds
[2026-07-25T17:08:26.952+0000] {processor.py:186} INFO - Started process (PID=39444) to work on /opt/airflow/dags/fct_avg_day_earthquake.py
[2026-07-25T17:08:26.952+0000] {processor.py:914} INFO - Processing file /opt/airflow/dags/fct_avg_day_earthquake.py for tasks to queue
[2026-07-25T17:08:26.953+0000] {logging_mixin.py:190} INFO - [2026-07-25T17:08:26.953+0000] {dagbag.py:588} INFO - Filling up the DagBag from /opt/airflow/dags/fct_avg_day_earthquake.py
[2026-07-25T17:08:26.959+0000] {processor.py:925} INFO - DAG(s) 'fct_avg_day_earthquake' retrieved from /opt/airflow/dags/fct_avg_day_earthquake.py
[2026-07-25T17:08:26.979+0000] {logging_mixin.py:190} INFO - [2026-07-25T17:08:26.979+0000] {dag.py:3239} INFO - Sync 1 DAGs
[2026-07-25T17:08:26.995+0000] {logging_mixin.py:190} INFO - [2026-07-25T17:08:26.995+0000] {dag.py:4180} INFO - Setting next_dagrun for fct_avg_day_earthquake to 2026-07-25 02:00:00+00:00, run_after=2026-07-26 02:00:00+00:00
[2026-07-25T17:08:27.007+0000] {processor.py:208} INFO - Processing /opt/airflow/dags/fct_avg_day_earthquake.py took 0.060 seconds
[2026-07-25T17:08:57.202+0000] {processor.py:186} INFO - Started process (PID=39484) to work on /opt/airflow/dags/fct_avg_day_earthquake.py
[2026-07-25T17:08:57.205+0000] {processor.py:914} INFO - Processing file /opt/airflow/dags/fct_avg_day_earthquake.py for tasks to queue
[2026-07-25T17:08:57.206+0000] {logging_mixin.py:190} INFO - [2026-07-25T17:08:57.206+0000] {dagbag.py:588} INFO - Filling up the DagBag from /opt/airflow/dags/fct_avg_day_earthquake.py
[2026-07-25T17:08:57.213+0000] {processor.py:925} INFO - DAG(s) 'fct_avg_day_earthquake' retrieved from /opt/airflow/dags/fct_avg_day_earthquake.py
[2026-07-25T17:08:57.227+0000] {logging_mixin.py:190} INFO - [2026-07-25T17:08:57.227+0000] {dag.py:3239} INFO - Sync 1 DAGs
[2026-07-25T17:08:57.242+0000] {logging_mixin.py:190} INFO - [2026-07-25T17:08:57.242+0000] {dag.py:4180} INFO - Setting next_dagrun for fct_avg_day_earthquake to 2026-07-25 02:00:00+00:00, run_after=2026-07-26 02:00:00+00:00
[2026-07-25T17:08:57.255+0000] {processor.py:208} INFO - Processing /opt/airflow/dags/fct_avg_day_earthquake.py took 0.058 seconds
[2026-07-25T17:09:27.521+0000] {processor.py:186} INFO - Started process (PID=39524) to work on /opt/airflow/dags/fct_avg_day_earthquake.py
[2026-07-25T17:09:27.521+0000] {processor.py:914} INFO - Processing file /opt/airflow/dags/fct_avg_day_earthquake.py for tasks to queue
[2026-07-25T17:09:27.522+0000] {logging_mixin.py:190} INFO - [2026-07-25T17:09:27.522+0000] {dagbag.py:588} INFO - Filling up the DagBag from /opt/airflow/dags/fct_avg_day_earthquake.py
[2026-07-25T17:09:27.529+0000] {processor.py:925} INFO - DAG(s) 'fct_avg_day_earthquake' retrieved from /opt/airflow/dags/fct_avg_day_earthquake.py
[2026-07-25T17:09:27.542+0000] {logging_mixin.py:190} INFO - [2026-07-25T17:09:27.542+0000] {dag.py:3239} INFO - Sync 1 DAGs
[2026-07-25T17:09:27.558+0000] {logging_mixin.py:190} INFO - [2026-07-25T17:09:27.558+0000] {dag.py:4180} INFO - Setting next_dagrun for fct_avg_day_earthquake to 2026-07-25 02:00:00+00:00, run_after=2026-07-26 02:00:00+00:00
[2026-07-25T17:09:27.569+0000] {processor.py:208} INFO - Processing /opt/airflow/dags/fct_avg_day_earthquake.py took 0.054 seconds
[2026-07-25T17:09:57.773+0000] {processor.py:186} INFO - Started process (PID=39564) to work on /opt/airflow/dags/fct_avg_day_earthquake.py
[2026-07-25T17:09:57.776+0000] {processor.py:914} INFO - Processing file /opt/airflow/dags/fct_avg_day_earthquake.py for tasks to queue
[2026-07-25T17:09:57.777+0000] {logging_mixin.py:190} INFO - [2026-07-25T17:09:57.777+0000] {dagbag.py:588} INFO - Filling up the DagBag from /opt/airflow/dags/fct_avg_day_earthquake.py
[2026-07-25T17:09:57.784+0000] {processor.py:925} INFO - DAG(s) 'fct_avg_day_earthquake' retrieved from /opt/airflow/dags/fct_avg_day_earthquake.py
[2026-07-25T17:09:57.799+0000] {logging_mixin.py:190} INFO - [2026-07-25T17:09:57.799+0000] {dag.py:3239} INFO - Sync 1 DAGs
[2026-07-25T17:09:57.816+0000] {logging_mixin.py:190} INFO - [2026-07-25T17:09:57.816+0000] {dag.py:4180} INFO - Setting next_dagrun for fct_avg_day_earthquake to 2026-07-25 02:00:00+00:00, run_after=2026-07-26 02:00:00+00:00
[2026-07-25T17:09:57.831+0000] {processor.py:208} INFO - Processing /opt/airflow/dags/fct_avg_day_earthquake.py took 0.061 seconds
[2026-07-25T17:10:28.209+0000] {processor.py:186} INFO - Started process (PID=39604) to work on /opt/airflow/dags/fct_avg_day_earthquake.py
[2026-07-25T17:10:28.210+0000] {processor.py:914} INFO - Processing file /opt/airflow/dags/fct_avg_day_earthquake.py for tasks to queue
[2026-07-25T17:10:28.210+0000] {logging_mixin.py:190} INFO - [2026-07-25T17:10:28.210+0000] {dagbag.py:588} INFO - Filling up the DagBag from /opt/airflow/dags/fct_avg_day_earthquake.py
[2026-07-25T17:10:28.217+0000] {processor.py:925} INFO - DAG(s) 'fct_avg_day_earthquake' retrieved from /opt/airflow/dags/fct_avg_day_earthquake.py
[2026-07-25T17:10:28.232+0000] {logging_mixin.py:190} INFO - [2026-07-25T17:10:28.231+0000] {dag.py:3239} INFO - Sync 1 DAGs
[2026-07-25T17:10:28.250+0000] {logging_mixin.py:190} INFO - [2026-07-25T17:10:28.249+0000] {dag.py:4180} INFO - Setting next_dagrun for fct_avg_day_earthquake to 2026-07-25 02:00:00+00:00, run_after=2026-07-26 02:00:00+00:00
[2026-07-25T17:10:28.262+0000] {processor.py:208} INFO - Processing /opt/airflow/dags/fct_avg_day_earthquake.py took 0.059 seconds
[2026-07-25T17:10:58.464+0000] {processor.py:186} INFO - Started process (PID=39644) to work on /opt/airflow/dags/fct_avg_day_earthquake.py
[2026-07-25T17:10:58.468+0000] {processor.py:914} INFO - Processing file /opt/airflow/dags/fct_avg_day_earthquake.py for tasks to queue
[2026-07-25T17:10:58.469+0000] {logging_mixin.py:190} INFO - [2026-07-25T17:10:58.468+0000] {dagbag.py:588} INFO - Filling up the DagBag from /opt/airflow/dags/fct_avg_day_earthquake.py
[2026-07-25T17:10:58.478+0000] {processor.py:925} INFO - DAG(s) 'fct_avg_day_earthquake' retrieved from /opt/airflow/dags/fct_avg_day_earthquake.py
[2026-07-25T17:10:58.493+0000] {logging_mixin.py:190} INFO - [2026-07-25T17:10:58.493+0000] {dag.py:3239} INFO - Sync 1 DAGs
[2026-07-25T17:10:58.506+0000] {logging_mixin.py:190} INFO - [2026-07-25T17:10:58.506+0000] {dag.py:4180} INFO - Setting next_dagrun for fct_avg_day_earthquake to 2026-07-25 02:00:00+00:00, run_after=2026-07-26 02:00:00+00:00
[2026-07-25T17:10:58.518+0000] {processor.py:208} INFO - Processing /opt/airflow/dags/fct_avg_day_earthquake.py took 0.060 seconds
[2026-07-25T17:11:28.843+0000] {processor.py:186} INFO - Started process (PID=39684) to work on /opt/airflow/dags/fct_avg_day_earthquake.py
[2026-07-25T17:11:28.843+0000] {processor.py:914} INFO - Processing file /opt/airflow/dags/fct_avg_day_earthquake.py for tasks to queue
[2026-07-25T17:11:28.843+0000] {logging_mixin.py:190} INFO - [2026-07-25T17:11:28.843+0000] {dagbag.py:588} INFO - Filling up the DagBag from /opt/airflow/dags/fct_avg_day_earthquake.py
[2026-07-25T17:11:28.850+0000] {processor.py:925} INFO - DAG(s) 'fct_avg_day_earthquake' retrieved from /opt/airflow/dags/fct_avg_day_earthquake.py
[2026-07-25T17:11:28.862+0000] {logging_mixin.py:190} INFO - [2026-07-25T17:11:28.862+0000] {dag.py:3239} INFO - Sync 1 DAGs
[2026-07-25T17:11:28.875+0000] {logging_mixin.py:190} INFO - [2026-07-25T17:11:28.875+0000] {dag.py:4180} INFO - Setting next_dagrun for fct_avg_day_earthquake to 2026-07-25 02:00:00+00:00, run_after=2026-07-26 02:00:00+00:00
[2026-07-25T17:11:28.886+0000] {processor.py:208} INFO - Processing /opt/airflow/dags/fct_avg_day_earthquake.py took 0.046 seconds
[2026-07-25T17:11:59.288+0000] {processor.py:186} INFO - Started process (PID=39724) to work on /opt/airflow/dags/fct_avg_day_earthquake.py
[2026-07-25T17:11:59.291+0000] {processor.py:914} INFO - Processing file /opt/airflow/dags/fct_avg_day_earthquake.py for tasks to queue
[2026-07-25T17:11:59.291+0000] {logging_mixin.py:190} INFO - [2026-07-25T17:11:59.291+0000] {dagbag.py:588} INFO - Filling up the DagBag from /opt/airflow/dags/fct_avg_day_earthquake.py
[2026-07-25T17:11:59.299+0000] {processor.py:925} INFO - DAG(s) 'fct_avg_day_earthquake' retrieved from /opt/airflow/dags/fct_avg_day_earthquake.py
[2026-07-25T17:11:59.315+0000] {logging_mixin.py:190} INFO - [2026-07-25T17:11:59.315+0000] {dag.py:3239} INFO - Sync 1 DAGs
[2026-07-25T17:11:59.329+0000] {logging_mixin.py:190} INFO - [2026-07-25T17:11:59.329+0000] {dag.py:4180} INFO - Setting next_dagrun for fct_avg_day_earthquake to 2026-07-25 02:00:00+00:00, run_after=2026-07-26 02:00:00+00:00
[2026-07-25T17:11:59.339+0000] {processor.py:208} INFO - Processing /opt/airflow/dags/fct_avg_day_earthquake.py took 0.055 seconds
[2026-07-25T17:12:29.759+0000] {processor.py:186} INFO - Started process (PID=39764) to work on /opt/airflow/dags/fct_avg_day_earthquake.py
[2026-07-25T17:12:29.760+0000] {processor.py:914} INFO - Processing file /opt/airflow/dags/fct_avg_day_earthquake.py for tasks to queue
[2026-07-25T17:12:29.761+0000] {logging_mixin.py:190} INFO - [2026-07-25T17:12:29.761+0000] {dagbag.py:588} INFO - Filling up the DagBag from /opt/airflow/dags/fct_avg_day_earthquake.py
[2026-07-25T17:12:29.767+0000] {processor.py:925} INFO - DAG(s) 'fct_avg_day_earthquake' retrieved from /opt/airflow/dags/fct_avg_day_earthquake.py
[2026-07-25T17:12:29.781+0000] {logging_mixin.py:190} INFO - [2026-07-25T17:12:29.781+0000] {dag.py:3239} INFO - Sync 1 DAGs
[2026-07-25T17:12:29.795+0000] {logging_mixin.py:190} INFO - [2026-07-25T17:12:29.795+0000] {dag.py:4180} INFO - Setting next_dagrun for fct_avg_day_earthquake to 2026-07-25 02:00:00+00:00, run_after=2026-07-26 02:00:00+00:00
[2026-07-25T17:12:29.806+0000] {processor.py:208} INFO - Processing /opt/airflow/dags/fct_avg_day_earthquake.py took 0.052 seconds
[2026-07-25T17:13:00.274+0000] {processor.py:186} INFO - Started process (PID=39804) to work on /opt/airflow/dags/fct_avg_day_earthquake.py
[2026-07-25T17:13:00.275+0000] {processor.py:914} INFO - Processing file /opt/airflow/dags/fct_avg_day_earthquake.py for tasks to queue
[2026-07-25T17:13:00.275+0000] {logging_mixin.py:190} INFO - [2026-07-25T17:13:00.275+0000] {dagbag.py:588} INFO - Filling up the DagBag from /opt/airflow/dags/fct_avg_day_earthquake.py
[2026-07-25T17:13:00.281+0000] {processor.py:925} INFO - DAG(s) 'fct_avg_day_earthquake' retrieved from /opt/airflow/dags/fct_avg_day_earthquake.py
[2026-07-25T17:13:00.295+0000] {logging_mixin.py:190} INFO - [2026-07-25T17:13:00.295+0000] {dag.py:3239} INFO - Sync 1 DAGs
[2026-07-25T17:13:00.308+0000] {logging_mixin.py:190} INFO - [2026-07-25T17:13:00.308+0000] {dag.py:4180} INFO - Setting next_dagrun for fct_avg_day_earthquake to 2026-07-25 02:00:00+00:00, run_after=2026-07-26 02:00:00+00:00
[2026-07-25T17:13:00.318+0000] {processor.py:208} INFO - Processing /opt/airflow/dags/fct_avg_day_earthquake.py took 0.047 seconds
[2026-07-25T17:13:30.661+0000] {processor.py:186} INFO - Started process (PID=39844) to work on /opt/airflow/dags/fct_avg_day_earthquake.py
[2026-07-25T17:13:30.662+0000] {processor.py:914} INFO - Processing file /opt/airflow/dags/fct_avg_day_earthquake.py for tasks to queue
[2026-07-25T17:13:30.663+0000] {logging_mixin.py:190} INFO - [2026-07-25T17:13:30.662+0000] {dagbag.py:588} INFO - Filling up the DagBag from /opt/airflow/dags/fct_avg_day_earthquake.py
[2026-07-25T17:13:30.670+0000] {processor.py:925} INFO - DAG(s) 'fct_avg_day_earthquake' retrieved from /opt/airflow/dags/fct_avg_day_earthquake.py
[2026-07-25T17:13:30.685+0000] {logging_mixin.py:190} INFO - [2026-07-25T17:13:30.684+0000] {dag.py:3239} INFO - Sync 1 DAGs
[2026-07-25T17:13:30.699+0000] {logging_mixin.py:190} INFO - [2026-07-25T17:13:30.699+0000] {dag.py:4180} INFO - Setting next_dagrun for fct_avg_day_earthquake to 2026-07-25 02:00:00+00:00, run_after=2026-07-26 02:00:00+00:00
[2026-07-25T17:13:30.713+0000] {processor.py:208} INFO - Processing /opt/airflow/dags/fct_avg_day_earthquake.py took 0.058 seconds
[2026-07-25T17:14:01.044+0000] {processor.py:186} INFO - Started process (PID=39890) to work on /opt/airflow/dags/fct_avg_day_earthquake.py
[2026-07-25T17:14:01.047+0000] {processor.py:914} INFO - Processing file /opt/airflow/dags/fct_avg_day_earthquake.py for tasks to queue
[2026-07-25T17:14:01.048+0000] {logging_mixin.py:190} INFO - [2026-07-25T17:14:01.048+0000] {dagbag.py:588} INFO - Filling up the DagBag from /opt/airflow/dags/fct_avg_day_earthquake.py
[2026-07-25T17:14:01.056+0000] {processor.py:925} INFO - DAG(s) 'fct_avg_day_earthquake' retrieved from /opt/airflow/dags/fct_avg_day_earthquake.py
[2026-07-25T17:14:01.073+0000] {logging_mixin.py:190} INFO - [2026-07-25T17:14:01.073+0000] {dag.py:3239} INFO - Sync 1 DAGs
[2026-07-25T17:14:01.088+0000] {logging_mixin.py:190} INFO - [2026-07-25T17:14:01.088+0000] {dag.py:4180} INFO - Setting next_dagrun for fct_avg_day_earthquake to 2026-07-25 02:00:00+00:00, run_after=2026-07-26 02:00:00+00:00
[2026-07-25T17:14:01.100+0000] {processor.py:208} INFO - Processing /opt/airflow/dags/fct_avg_day_earthquake.py took 0.060 seconds
[2026-07-25T17:14:31.565+0000] {processor.py:186} INFO - Started process (PID=39930) to work on /opt/airflow/dags/fct_avg_day_earthquake.py
[2026-07-25T17:14:31.566+0000] {processor.py:914} INFO - Processing file /opt/airflow/dags/fct_avg_day_earthquake.py for tasks to queue
[2026-07-25T17:14:31.566+0000] {logging_mixin.py:190} INFO - [2026-07-25T17:14:31.566+0000] {dagbag.py:588} INFO - Filling up the DagBag from /opt/airflow/dags/fct_avg_day_earthquake.py
[2026-07-25T17:14:31.572+0000] {processor.py:925} INFO - DAG(s) 'fct_avg_day_earthquake' retrieved from /opt/airflow/dags/fct_avg_day_earthquake.py
[2026-07-25T17:14:31.585+0000] {logging_mixin.py:190} INFO - [2026-07-25T17:14:31.585+0000] {dag.py:3239} INFO - Sync 1 DAGs
[2026-07-25T17:14:31.599+0000] {logging_mixin.py:190} INFO - [2026-07-25T17:14:31.599+0000] {dag.py:4180} INFO - Setting next_dagrun for fct_avg_day_earthquake to 2026-07-25 02:00:00+00:00, run_after=2026-07-26 02:00:00+00:00
[2026-07-25T17:14:31.609+0000] {processor.py:208} INFO - Processing /opt/airflow/dags/fct_avg_day_earthquake.py took 0.047 seconds
[2026-07-25T17:15:02.034+0000] {processor.py:186} INFO - Started process (PID=39970) to work on /opt/airflow/dags/fct_avg_day_earthquake.py
[2026-07-25T17:15:02.038+0000] {processor.py:914} INFO - Processing file /opt/airflow/dags/fct_avg_day_earthquake.py for tasks to queue
[2026-07-25T17:15:02.040+0000] {logging_mixin.py:190} INFO - [2026-07-25T17:15:02.039+0000] {dagbag.py:588} INFO - Filling up the DagBag from /opt/airflow/dags/fct_avg_day_earthquake.py
[2026-07-25T17:15:02.049+0000] {processor.py:925} INFO - DAG(s) 'fct_avg_day_earthquake' retrieved from /opt/airflow/dags/fct_avg_day_earthquake.py
[2026-07-25T17:15:02.065+0000] {logging_mixin.py:190} INFO - [2026-07-25T17:15:02.065+0000] {dag.py:3239} INFO - Sync 1 DAGs
[2026-07-25T17:15:02.078+0000] {logging_mixin.py:190} INFO - [2026-07-25T17:15:02.078+0000] {dag.py:4180} INFO - Setting next_dagrun for fct_avg_day_earthquake to 2026-07-25 02:00:00+00:00, run_after=2026-07-26 02:00:00+00:00
[2026-07-25T17:15:02.088+0000] {processor.py:208} INFO - Processing /opt/airflow/dags/fct_avg_day_earthquake.py took 0.060 seconds
[2026-07-25T17:15:32.462+0000] {processor.py:186} INFO - Started process (PID=40010) to work on /opt/airflow/dags/fct_avg_day_earthquake.py
[2026-07-25T17:15:32.462+0000] {processor.py:914} INFO - Processing file /opt/airflow/dags/fct_avg_day_earthquake.py for tasks to queue
[2026-07-25T17:15:32.463+0000] {logging_mixin.py:190} INFO - [2026-07-25T17:15:32.463+0000] {dagbag.py:588} INFO - Filling up the DagBag from /opt/airflow/dags/fct_avg_day_earthquake.py
[2026-07-25T17:15:32.469+0000] {processor.py:925} INFO - DAG(s) 'fct_avg_day_earthquake' retrieved from /opt/airflow/dags/fct_avg_day_earthquake.py
[2026-07-25T17:15:32.486+0000] {logging_mixin.py:190} INFO - [2026-07-25T17:15:32.486+0000] {dag.py:3239} INFO - Sync 1 DAGs
[2026-07-25T17:15:32.501+0000] {logging_mixin.py:190} INFO - [2026-07-25T17:15:32.501+0000] {dag.py:4180} INFO - Setting next_dagrun for fct_avg_day_earthquake to 2026-07-25 02:00:00+00:00, run_after=2026-07-26 02:00:00+00:00
[2026-07-25T17:15:32.512+0000] {processor.py:208} INFO - Processing /opt/airflow/dags/fct_avg_day_earthquake.py took 0.055 seconds
[2026-07-25T17:16:02.941+0000] {processor.py:186} INFO - Started process (PID=40050) to work on /opt/airflow/dags/fct_avg_day_earthquake.py
[2026-07-25T17:16:02.944+0000] {processor.py:914} INFO - Processing file /opt/airflow/dags/fct_avg_day_earthquake.py for tasks to queue
[2026-07-25T17:16:02.945+0000] {logging_mixin.py:190} INFO - [2026-07-25T17:16:02.945+0000] {dagbag.py:588} INFO - Filling up the DagBag from /opt/airflow/dags/fct_avg_day_earthquake.py
[2026-07-25T17:16:02.955+0000] {processor.py:925} INFO - DAG(s) 'fct_avg_day_earthquake' retrieved from /opt/airflow/dags/fct_avg_day_earthquake.py
[2026-07-25T17:16:02.969+0000] {logging_mixin.py:190} INFO - [2026-07-25T17:16:02.969+0000] {dag.py:3239} INFO - Sync 1 DAGs
[2026-07-25T17:16:02.982+0000] {logging_mixin.py:190} INFO - [2026-07-25T17:16:02.982+0000] {dag.py:4180} INFO - Setting next_dagrun for fct_avg_day_earthquake to 2026-07-25 02:00:00+00:00, run_after=2026-07-26 02:00:00+00:00
[2026-07-25T17:16:02.994+0000] {processor.py:208} INFO - Processing /opt/airflow/dags/fct_avg_day_earthquake.py took 0.056 seconds
[2026-07-25T17:16:33.415+0000] {processor.py:186} INFO - Started process (PID=40090) to work on /opt/airflow/dags/fct_avg_day_earthquake.py
[2026-07-25T17:16:33.415+0000] {processor.py:914} INFO - Processing file /opt/airflow/dags/fct_avg_day_earthquake.py for tasks to queue
[2026-07-25T17:16:33.416+0000] {logging_mixin.py:190} INFO - [2026-07-25T17:16:33.415+0000] {dagbag.py:588} INFO - Filling up the DagBag from /opt/airflow/dags/fct_avg_day_earthquake.py
[2026-07-25T17:16:33.421+0000] {processor.py:925} INFO - DAG(s) 'fct_avg_day_earthquake' retrieved from /opt/airflow/dags/fct_avg_day_earthquake.py
[2026-07-25T17:16:33.435+0000] {logging_mixin.py:190} INFO - [2026-07-25T17:16:33.435+0000] {dag.py:3239} INFO - Sync 1 DAGs
[2026-07-25T17:16:33.449+0000] {logging_mixin.py:190} INFO - [2026-07-25T17:16:33.449+0000] {dag.py:4180} INFO - Setting next_dagrun for fct_avg_day_earthquake to 2026-07-25 02:00:00+00:00, run_after=2026-07-26 02:00:00+00:00
[2026-07-25T17:16:33.461+0000] {processor.py:208} INFO - Processing /opt/airflow/dags/fct_avg_day_earthquake.py took 0.051 seconds
[2026-07-25T17:17:03.878+0000] {processor.py:186} INFO - Started process (PID=40131) to work on /opt/airflow/dags/fct_avg_day_earthquake.py
[2026-07-25T17:17:03.881+0000] {processor.py:914} INFO - Processing file /opt/airflow/dags/fct_avg_day_earthquake.py for tasks to queue
[2026-07-25T17:17:03.882+0000] {logging_mixin.py:190} INFO - [2026-07-25T17:17:03.882+0000] {dagbag.py:588} INFO - Filling up the DagBag from /opt/airflow/dags/fct_avg_day_earthquake.py
[2026-07-25T17:17:03.888+0000] {processor.py:925} INFO - DAG(s) 'fct_avg_day_earthquake' retrieved from /opt/airflow/dags/fct_avg_day_earthquake.py
[2026-07-25T17:17:03.903+0000] {logging_mixin.py:190} INFO - [2026-07-25T17:17:03.903+0000] {dag.py:3239} INFO - Sync 1 DAGs
[2026-07-25T17:17:03.917+0000] {logging_mixin.py:190} INFO - [2026-07-25T17:17:03.917+0000] {dag.py:4180} INFO - Setting next_dagrun for fct_avg_day_earthquake to 2026-07-25 02:00:00+00:00, run_after=2026-07-26 02:00:00+00:00
[2026-07-25T17:17:03.929+0000] {processor.py:208} INFO - Processing /opt/airflow/dags/fct_avg_day_earthquake.py took 0.054 seconds
[2026-07-25T17:17:34.300+0000] {processor.py:186} INFO - Started process (PID=40171) to work on /opt/airflow/dags/fct_avg_day_earthquake.py
[2026-07-25T17:17:34.301+0000] {processor.py:914} INFO - Processing file /opt/airflow/dags/fct_avg_day_earthquake.py for tasks to queue
[2026-07-25T17:17:34.302+0000] {logging_mixin.py:190} INFO - [2026-07-25T17:17:34.302+0000] {dagbag.py:588} INFO - Filling up the DagBag from /opt/airflow/dags/fct_avg_day_earthquake.py
[2026-07-25T17:17:34.309+0000] {processor.py:925} INFO - DAG(s) 'fct_avg_day_earthquake' retrieved from /opt/airflow/dags/fct_avg_day_earthquake.py
[2026-07-25T17:17:34.326+0000] {logging_mixin.py:190} INFO - [2026-07-25T17:17:34.325+0000] {dag.py:3239} INFO - Sync 1 DAGs
[2026-07-25T17:17:34.343+0000] {logging_mixin.py:190} INFO - [2026-07-25T17:17:34.342+0000] {dag.py:4180} INFO - Setting next_dagrun for fct_avg_day_earthquake to 2026-07-25 02:00:00+00:00, run_after=2026-07-26 02:00:00+00:00
[2026-07-25T17:17:34.354+0000] {processor.py:208} INFO - Processing /opt/airflow/dags/fct_avg_day_earthquake.py took 0.059 seconds
[2026-07-25T17:18:04.735+0000] {processor.py:186} INFO - Started process (PID=40211) to work on /opt/airflow/dags/fct_avg_day_earthquake.py
[2026-07-25T17:18:04.735+0000] {processor.py:914} INFO - Processing file /opt/airflow/dags/fct_avg_day_earthquake.py for tasks to queue
[2026-07-25T17:18:04.735+0000] {logging_mixin.py:190} INFO - [2026-07-25T17:18:04.735+0000] {dagbag.py:588} INFO - Filling up the DagBag from /opt/airflow/dags/fct_avg_day_earthquake.py
[2026-07-25T17:18:04.741+0000] {processor.py:925} INFO - DAG(s) 'fct_avg_day_earthquake' retrieved from /opt/airflow/dags/fct_avg_day_earthquake.py
[2026-07-25T17:18:04.755+0000] {logging_mixin.py:190} INFO - [2026-07-25T17:18:04.755+0000] {dag.py:3239} INFO - Sync 1 DAGs
[2026-07-25T17:18:04.768+0000] {logging_mixin.py:190} INFO - [2026-07-25T17:18:04.768+0000] {dag.py:4180} INFO - Setting next_dagrun for fct_avg_day_earthquake to 2026-07-25 02:00:00+00:00, run_after=2026-07-26 02:00:00+00:00
[2026-07-25T17:18:04.780+0000] {processor.py:208} INFO - Processing /opt/airflow/dags/fct_avg_day_earthquake.py took 0.048 seconds
[2026-07-25T17:18:35.202+0000] {processor.py:186} INFO - Started process (PID=40251) to work on /opt/airflow/dags/fct_avg_day_earthquake.py
[2026-07-25T17:18:35.205+0000] {processor.py:914} INFO - Processing file /opt/airflow/dags/fct_avg_day_earthquake.py for tasks to queue
[2026-07-25T17:18:35.206+0000] {logging_mixin.py:190} INFO - [2026-07-25T17:18:35.206+0000] {dagbag.py:588} INFO - Filling up the DagBag from /opt/airflow/dags/fct_avg_day_earthquake.py
[2026-07-25T17:18:35.213+0000] {processor.py:925} INFO - DAG(s) 'fct_avg_day_earthquake' retrieved from /opt/airflow/dags/fct_avg_day_earthquake.py
[2026-07-25T17:18:35.230+0000] {logging_mixin.py:190} INFO - [2026-07-25T17:18:35.230+0000] {dag.py:3239} INFO - Sync 1 DAGs
[2026-07-25T17:18:35.245+0000] {logging_mixin.py:190} INFO - [2026-07-25T17:18:35.245+0000] {dag.py:4180} INFO - Setting next_dagrun for fct_avg_day_earthquake to 2026-07-25 02:00:00+00:00, run_after=2026-07-26 02:00:00+00:00
[2026-07-25T17:18:35.257+0000] {processor.py:208} INFO - Processing /opt/airflow/dags/fct_avg_day_earthquake.py took 0.060 seconds
[2026-07-25T17:19:05.533+0000] {processor.py:186} INFO - Started process (PID=40291) to work on /opt/airflow/dags/fct_avg_day_earthquake.py
[2026-07-25T17:19:05.533+0000] {processor.py:914} INFO - Processing file /opt/airflow/dags/fct_avg_day_earthquake.py for tasks to queue
[2026-07-25T17:19:05.534+0000] {logging_mixin.py:190} INFO - [2026-07-25T17:19:05.534+0000] {dagbag.py:588} INFO - Filling up the DagBag from /opt/airflow/dags/fct_avg_day_earthquake.py
[2026-07-25T17:19:05.540+0000] {processor.py:925} INFO - DAG(s) 'fct_avg_day_earthquake' retrieved from /opt/airflow/dags/fct_avg_day_earthquake.py
[2026-07-25T17:19:05.554+0000] {logging_mixin.py:190} INFO - [2026-07-25T17:19:05.554+0000] {dag.py:3239} INFO - Sync 1 DAGs
[2026-07-25T17:19:05.570+0000] {logging_mixin.py:190} INFO - [2026-07-25T17:19:05.569+0000] {dag.py:4180} INFO - Setting next_dagrun for fct_avg_day_earthquake to 2026-07-25 02:00:00+00:00, run_after=2026-07-26 02:00:00+00:00
[2026-07-25T17:19:05.580+0000] {processor.py:208} INFO - Processing /opt/airflow/dags/fct_avg_day_earthquake.py took 0.052 seconds
[2026-07-25T17:19:35.900+0000] {processor.py:186} INFO - Started process (PID=40331) to work on /opt/airflow/dags/fct_avg_day_earthquake.py
[2026-07-25T17:19:35.903+0000] {processor.py:914} INFO - Processing file /opt/airflow/dags/fct_avg_day_earthquake.py for tasks to queue
[2026-07-25T17:19:35.903+0000] {logging_mixin.py:190} INFO - [2026-07-25T17:19:35.903+0000] {dagbag.py:588} INFO - Filling up the DagBag from /opt/airflow/dags/fct_avg_day_earthquake.py
[2026-07-25T17:19:35.911+0000] {processor.py:925} INFO - DAG(s) 'fct_avg_day_earthquake' retrieved from /opt/airflow/dags/fct_avg_day_earthquake.py
[2026-07-25T17:19:35.924+0000] {logging_mixin.py:190} INFO - [2026-07-25T17:19:35.924+0000] {dag.py:3239} INFO - Sync 1 DAGs
[2026-07-25T17:19:35.938+0000] {logging_mixin.py:190} INFO - [2026-07-25T17:19:35.938+0000] {dag.py:4180} INFO - Setting next_dagrun for fct_avg_day_earthquake to 2026-07-25 02:00:00+00:00, run_after=2026-07-26 02:00:00+00:00
[2026-07-25T17:19:35.951+0000] {processor.py:208} INFO - Processing /opt/airflow/dags/fct_avg_day_earthquake.py took 0.056 seconds
[2026-07-25T17:20:06.255+0000] {processor.py:186} INFO - Started process (PID=40371) to work on /opt/airflow/dags/fct_avg_day_earthquake.py
[2026-07-25T17:20:06.256+0000] {processor.py:914} INFO - Processing file /opt/airflow/dags/fct_avg_day_earthquake.py for tasks to queue
[2026-07-25T17:20:06.256+0000] {logging_mixin.py:190} INFO - [2026-07-25T17:20:06.256+0000] {dagbag.py:588} INFO - Filling up the DagBag from /opt/airflow/dags/fct_avg_day_earthquake.py
[2026-07-25T17:20:06.263+0000] {processor.py:925} INFO - DAG(s) 'fct_avg_day_earthquake' retrieved from /opt/airflow/dags/fct_avg_day_earthquake.py
[2026-07-25T17:20:06.280+0000] {logging_mixin.py:190} INFO - [2026-07-25T17:20:06.280+0000] {dag.py:3239} INFO - Sync 1 DAGs
[2026-07-25T17:20:06.293+0000] {logging_mixin.py:190} INFO - [2026-07-25T17:20:06.293+0000] {dag.py:4180} INFO - Setting next_dagrun for fct_avg_day_earthquake to 2026-07-25 02:00:00+00:00, run_after=2026-07-26 02:00:00+00:00
[2026-07-25T17:20:06.303+0000] {processor.py:208} INFO - Processing /opt/airflow/dags/fct_avg_day_earthquake.py took 0.052 seconds
[2026-07-25T17:20:36.617+0000] {processor.py:186} INFO - Started process (PID=40411) to work on /opt/airflow/dags/fct_avg_day_earthquake.py
[2026-07-25T17:20:36.618+0000] {processor.py:914} INFO - Processing file /opt/airflow/dags/fct_avg_day_earthquake.py for tasks to queue
[2026-07-25T17:20:36.619+0000] {logging_mixin.py:190} INFO - [2026-07-25T17:20:36.619+0000] {dagbag.py:588} INFO - Filling up the DagBag from /opt/airflow/dags/fct_avg_day_earthquake.py
[2026-07-25T17:20:36.626+0000] {processor.py:925} INFO - DAG(s) 'fct_avg_day_earthquake' retrieved from /opt/airflow/dags/fct_avg_day_earthquake.py
[2026-07-25T17:20:36.640+0000] {logging_mixin.py:190} INFO - [2026-07-25T17:20:36.640+0000] {dag.py:3239} INFO - Sync 1 DAGs
[2026-07-25T17:20:36.749+0000] {logging_mixin.py:190} INFO - [2026-07-25T17:20:36.748+0000] {dag.py:4180} INFO - Setting next_dagrun for fct_avg_day_earthquake to 2026-07-25 02:00:00+00:00, run_after=2026-07-26 02:00:00+00:00
[2026-07-25T17:20:36.763+0000] {processor.py:208} INFO - Processing /opt/airflow/dags/fct_avg_day_earthquake.py took 0.152 seconds
[2026-07-25T17:21:07.130+0000] {processor.py:186} INFO - Started process (PID=40451) to work on /opt/airflow/dags/fct_avg_day_earthquake.py
[2026-07-25T17:21:07.130+0000] {processor.py:914} INFO - Processing file /opt/airflow/dags/fct_avg_day_earthquake.py for tasks to queue
[2026-07-25T17:21:07.131+0000] {logging_mixin.py:190} INFO - [2026-07-25T17:21:07.131+0000] {dagbag.py:588} INFO - Filling up the DagBag from /opt/airflow/dags/fct_avg_day_earthquake.py
[2026-07-25T17:21:07.137+0000] {processor.py:925} INFO - DAG(s) 'fct_avg_day_earthquake' retrieved from /opt/airflow/dags/fct_avg_day_earthquake.py
[2026-07-25T17:21:07.151+0000] {logging_mixin.py:190} INFO - [2026-07-25T17:21:07.151+0000] {dag.py:3239} INFO - Sync 1 DAGs
[2026-07-25T17:21:07.166+0000] {logging_mixin.py:190} INFO - [2026-07-25T17:21:07.166+0000] {dag.py:4180} INFO - Setting next_dagrun for fct_avg_day_earthquake to 2026-07-25 02:00:00+00:00, run_after=2026-07-26 02:00:00+00:00
[2026-07-25T17:21:07.178+0000] {processor.py:208} INFO - Processing /opt/airflow/dags/fct_avg_day_earthquake.py took 0.052 seconds
[2026-07-25T17:21:37.486+0000] {processor.py:186} INFO - Started process (PID=40491) to work on /opt/airflow/dags/fct_avg_day_earthquake.py
[2026-07-25T17:21:37.490+0000] {processor.py:914} INFO - Processing file /opt/airflow/dags/fct_avg_day_earthquake.py for tasks to queue
[2026-07-25T17:21:37.491+0000] {logging_mixin.py:190} INFO - [2026-07-25T17:21:37.490+0000] {dagbag.py:588} INFO - Filling up the DagBag from /opt/airflow/dags/fct_avg_day_earthquake.py
[2026-07-25T17:21:37.497+0000] {processor.py:925} INFO - DAG(s) 'fct_avg_day_earthquake' retrieved from /opt/airflow/dags/fct_avg_day_earthquake.py
[2026-07-25T17:21:37.510+0000] {logging_mixin.py:190} INFO - [2026-07-25T17:21:37.510+0000] {dag.py:3239} INFO - Sync 1 DAGs
[2026-07-25T17:21:37.523+0000] {logging_mixin.py:190} INFO - [2026-07-25T17:21:37.523+0000] {dag.py:4180} INFO - Setting next_dagrun for fct_avg_day_earthquake to 2026-07-25 02:00:00+00:00, run_after=2026-07-26 02:00:00+00:00
[2026-07-25T17:21:37.535+0000] {processor.py:208} INFO - Processing /opt/airflow/dags/fct_avg_day_earthquake.py took 0.054 seconds
