[2026-07-25T14:59:53.834+0000] {processor.py:186} INFO - Started process (PID=29408) to work on /opt/airflow/dags/raw_from_s3_to_pg.py
[2026-07-25T14:59:53.834+0000] {processor.py:914} INFO - Processing file /opt/airflow/dags/raw_from_s3_to_pg.py for tasks to queue
[2026-07-25T14:59:53.835+0000] {logging_mixin.py:190} INFO - [2026-07-25T14:59:53.835+0000] {dagbag.py:588} INFO - Filling up the DagBag from /opt/airflow/dags/raw_from_s3_to_pg.py
[2026-07-25T14:59:53.879+0000] {processor.py:925} INFO - DAG(s) 'raw_from_s3_to_pg' retrieved from /opt/airflow/dags/raw_from_s3_to_pg.py
[2026-07-25T14:59:53.887+0000] {logging_mixin.py:190} INFO - [2026-07-25T14:59:53.887+0000] {dag.py:3239} INFO - Sync 1 DAGs
[2026-07-25T14:59:53.908+0000] {processor.py:208} INFO - Processing /opt/airflow/dags/raw_from_s3_to_pg.py took 0.079 seconds
[2026-07-25T15:00:24.145+0000] {processor.py:186} INFO - Started process (PID=29450) to work on /opt/airflow/dags/raw_from_s3_to_pg.py
[2026-07-25T15:00:24.148+0000] {processor.py:914} INFO - Processing file /opt/airflow/dags/raw_from_s3_to_pg.py for tasks to queue
[2026-07-25T15:00:24.150+0000] {logging_mixin.py:190} INFO - [2026-07-25T15:00:24.150+0000] {dagbag.py:588} INFO - Filling up the DagBag from /opt/airflow/dags/raw_from_s3_to_pg.py
[2026-07-25T15:00:24.191+0000] {processor.py:925} INFO - DAG(s) 'raw_from_s3_to_pg' retrieved from /opt/airflow/dags/raw_from_s3_to_pg.py
[2026-07-25T15:00:24.198+0000] {logging_mixin.py:190} INFO - [2026-07-25T15:00:24.198+0000] {dag.py:3239} INFO - Sync 1 DAGs
[2026-07-25T15:00:24.222+0000] {processor.py:208} INFO - Processing /opt/airflow/dags/raw_from_s3_to_pg.py took 0.080 seconds
[2026-07-25T15:00:54.490+0000] {processor.py:186} INFO - Started process (PID=29488) to work on /opt/airflow/dags/raw_from_s3_to_pg.py
[2026-07-25T15:00:54.493+0000] {processor.py:914} INFO - Processing file /opt/airflow/dags/raw_from_s3_to_pg.py for tasks to queue
[2026-07-25T15:00:54.494+0000] {logging_mixin.py:190} INFO - [2026-07-25T15:00:54.494+0000] {dagbag.py:588} INFO - Filling up the DagBag from /opt/airflow/dags/raw_from_s3_to_pg.py
[2026-07-25T15:00:54.536+0000] {processor.py:925} INFO - DAG(s) 'raw_from_s3_to_pg' retrieved from /opt/airflow/dags/raw_from_s3_to_pg.py
[2026-07-25T15:00:54.545+0000] {logging_mixin.py:190} INFO - [2026-07-25T15:00:54.545+0000] {dag.py:3239} INFO - Sync 1 DAGs
[2026-07-25T15:00:54.566+0000] {processor.py:208} INFO - Processing /opt/airflow/dags/raw_from_s3_to_pg.py took 0.081 seconds
[2026-07-25T15:01:24.828+0000] {processor.py:186} INFO - Started process (PID=29526) to work on /opt/airflow/dags/raw_from_s3_to_pg.py
[2026-07-25T15:01:24.828+0000] {processor.py:914} INFO - Processing file /opt/airflow/dags/raw_from_s3_to_pg.py for tasks to queue
[2026-07-25T15:01:24.830+0000] {logging_mixin.py:190} INFO - [2026-07-25T15:01:24.830+0000] {dagbag.py:588} INFO - Filling up the DagBag from /opt/airflow/dags/raw_from_s3_to_pg.py
[2026-07-25T15:01:24.870+0000] {processor.py:925} INFO - DAG(s) 'raw_from_s3_to_pg' retrieved from /opt/airflow/dags/raw_from_s3_to_pg.py
[2026-07-25T15:01:24.876+0000] {logging_mixin.py:190} INFO - [2026-07-25T15:01:24.876+0000] {dag.py:3239} INFO - Sync 1 DAGs
[2026-07-25T15:01:24.906+0000] {processor.py:208} INFO - Processing /opt/airflow/dags/raw_from_s3_to_pg.py took 0.082 seconds
[2026-07-25T15:01:55.219+0000] {processor.py:186} INFO - Started process (PID=29564) to work on /opt/airflow/dags/raw_from_s3_to_pg.py
[2026-07-25T15:01:55.219+0000] {processor.py:914} INFO - Processing file /opt/airflow/dags/raw_from_s3_to_pg.py for tasks to queue
[2026-07-25T15:01:55.221+0000] {logging_mixin.py:190} INFO - [2026-07-25T15:01:55.221+0000] {dagbag.py:588} INFO - Filling up the DagBag from /opt/airflow/dags/raw_from_s3_to_pg.py
[2026-07-25T15:01:55.267+0000] {processor.py:925} INFO - DAG(s) 'raw_from_s3_to_pg' retrieved from /opt/airflow/dags/raw_from_s3_to_pg.py
[2026-07-25T15:01:55.273+0000] {logging_mixin.py:190} INFO - [2026-07-25T15:01:55.273+0000] {dag.py:3239} INFO - Sync 1 DAGs
[2026-07-25T15:01:55.295+0000] {processor.py:208} INFO - Processing /opt/airflow/dags/raw_from_s3_to_pg.py took 0.080 seconds
[2026-07-25T15:02:25.714+0000] {processor.py:186} INFO - Started process (PID=29602) to work on /opt/airflow/dags/raw_from_s3_to_pg.py
[2026-07-25T15:02:25.717+0000] {processor.py:914} INFO - Processing file /opt/airflow/dags/raw_from_s3_to_pg.py for tasks to queue
[2026-07-25T15:02:25.719+0000] {logging_mixin.py:190} INFO - [2026-07-25T15:02:25.718+0000] {dagbag.py:588} INFO - Filling up the DagBag from /opt/airflow/dags/raw_from_s3_to_pg.py
[2026-07-25T15:02:25.756+0000] {processor.py:925} INFO - DAG(s) 'raw_from_s3_to_pg' retrieved from /opt/airflow/dags/raw_from_s3_to_pg.py
[2026-07-25T15:02:25.763+0000] {logging_mixin.py:190} INFO - [2026-07-25T15:02:25.762+0000] {dag.py:3239} INFO - Sync 1 DAGs
[2026-07-25T15:02:25.783+0000] {processor.py:208} INFO - Processing /opt/airflow/dags/raw_from_s3_to_pg.py took 0.073 seconds
[2026-07-25T15:02:56.197+0000] {processor.py:186} INFO - Started process (PID=29640) to work on /opt/airflow/dags/raw_from_s3_to_pg.py
[2026-07-25T15:02:56.198+0000] {processor.py:914} INFO - Processing file /opt/airflow/dags/raw_from_s3_to_pg.py for tasks to queue
[2026-07-25T15:02:56.199+0000] {logging_mixin.py:190} INFO - [2026-07-25T15:02:56.199+0000] {dagbag.py:588} INFO - Filling up the DagBag from /opt/airflow/dags/raw_from_s3_to_pg.py
[2026-07-25T15:02:56.238+0000] {processor.py:925} INFO - DAG(s) 'raw_from_s3_to_pg' retrieved from /opt/airflow/dags/raw_from_s3_to_pg.py
[2026-07-25T15:02:56.245+0000] {logging_mixin.py:190} INFO - [2026-07-25T15:02:56.245+0000] {dag.py:3239} INFO - Sync 1 DAGs
[2026-07-25T15:02:56.266+0000] {processor.py:208} INFO - Processing /opt/airflow/dags/raw_from_s3_to_pg.py took 0.073 seconds
[2026-07-25T15:03:26.581+0000] {processor.py:186} INFO - Started process (PID=29678) to work on /opt/airflow/dags/raw_from_s3_to_pg.py
[2026-07-25T15:03:26.584+0000] {processor.py:914} INFO - Processing file /opt/airflow/dags/raw_from_s3_to_pg.py for tasks to queue
[2026-07-25T15:03:26.585+0000] {logging_mixin.py:190} INFO - [2026-07-25T15:03:26.585+0000] {dagbag.py:588} INFO - Filling up the DagBag from /opt/airflow/dags/raw_from_s3_to_pg.py
[2026-07-25T15:03:26.622+0000] {processor.py:925} INFO - DAG(s) 'raw_from_s3_to_pg' retrieved from /opt/airflow/dags/raw_from_s3_to_pg.py
[2026-07-25T15:03:26.628+0000] {logging_mixin.py:190} INFO - [2026-07-25T15:03:26.628+0000] {dag.py:3239} INFO - Sync 1 DAGs
[2026-07-25T15:03:26.652+0000] {processor.py:208} INFO - Processing /opt/airflow/dags/raw_from_s3_to_pg.py took 0.074 seconds
[2026-07-25T15:03:57.005+0000] {processor.py:186} INFO - Started process (PID=29716) to work on /opt/airflow/dags/raw_from_s3_to_pg.py
[2026-07-25T15:03:57.005+0000] {processor.py:914} INFO - Processing file /opt/airflow/dags/raw_from_s3_to_pg.py for tasks to queue
[2026-07-25T15:03:57.006+0000] {logging_mixin.py:190} INFO - [2026-07-25T15:03:57.006+0000] {dagbag.py:588} INFO - Filling up the DagBag from /opt/airflow/dags/raw_from_s3_to_pg.py
[2026-07-25T15:03:57.047+0000] {processor.py:925} INFO - DAG(s) 'raw_from_s3_to_pg' retrieved from /opt/airflow/dags/raw_from_s3_to_pg.py
[2026-07-25T15:03:57.054+0000] {logging_mixin.py:190} INFO - [2026-07-25T15:03:57.054+0000] {dag.py:3239} INFO - Sync 1 DAGs
[2026-07-25T15:03:57.077+0000] {processor.py:208} INFO - Processing /opt/airflow/dags/raw_from_s3_to_pg.py took 0.075 seconds
[2026-07-25T15:04:27.512+0000] {processor.py:186} INFO - Started process (PID=29754) to work on /opt/airflow/dags/raw_from_s3_to_pg.py
[2026-07-25T15:04:27.515+0000] {processor.py:914} INFO - Processing file /opt/airflow/dags/raw_from_s3_to_pg.py for tasks to queue
[2026-07-25T15:04:27.516+0000] {logging_mixin.py:190} INFO - [2026-07-25T15:04:27.516+0000] {dagbag.py:588} INFO - Filling up the DagBag from /opt/airflow/dags/raw_from_s3_to_pg.py
[2026-07-25T15:04:27.553+0000] {processor.py:925} INFO - DAG(s) 'raw_from_s3_to_pg' retrieved from /opt/airflow/dags/raw_from_s3_to_pg.py
[2026-07-25T15:04:27.559+0000] {logging_mixin.py:190} INFO - [2026-07-25T15:04:27.559+0000] {dag.py:3239} INFO - Sync 1 DAGs
[2026-07-25T15:04:27.581+0000] {processor.py:208} INFO - Processing /opt/airflow/dags/raw_from_s3_to_pg.py took 0.073 seconds
[2026-07-25T15:04:57.953+0000] {processor.py:186} INFO - Started process (PID=29792) to work on /opt/airflow/dags/raw_from_s3_to_pg.py
[2026-07-25T15:04:57.954+0000] {processor.py:914} INFO - Processing file /opt/airflow/dags/raw_from_s3_to_pg.py for tasks to queue
[2026-07-25T15:04:57.955+0000] {logging_mixin.py:190} INFO - [2026-07-25T15:04:57.955+0000] {dagbag.py:588} INFO - Filling up the DagBag from /opt/airflow/dags/raw_from_s3_to_pg.py
[2026-07-25T15:04:57.994+0000] {processor.py:925} INFO - DAG(s) 'raw_from_s3_to_pg' retrieved from /opt/airflow/dags/raw_from_s3_to_pg.py
[2026-07-25T15:04:58.000+0000] {logging_mixin.py:190} INFO - [2026-07-25T15:04:58.000+0000] {dag.py:3239} INFO - Sync 1 DAGs
[2026-07-25T15:04:58.022+0000] {processor.py:208} INFO - Processing /opt/airflow/dags/raw_from_s3_to_pg.py took 0.071 seconds
[2026-07-25T15:05:28.429+0000] {processor.py:186} INFO - Started process (PID=29830) to work on /opt/airflow/dags/raw_from_s3_to_pg.py
[2026-07-25T15:05:28.432+0000] {processor.py:914} INFO - Processing file /opt/airflow/dags/raw_from_s3_to_pg.py for tasks to queue
[2026-07-25T15:05:28.433+0000] {logging_mixin.py:190} INFO - [2026-07-25T15:05:28.433+0000] {dagbag.py:588} INFO - Filling up the DagBag from /opt/airflow/dags/raw_from_s3_to_pg.py
[2026-07-25T15:05:28.469+0000] {processor.py:925} INFO - DAG(s) 'raw_from_s3_to_pg' retrieved from /opt/airflow/dags/raw_from_s3_to_pg.py
[2026-07-25T15:05:28.475+0000] {logging_mixin.py:190} INFO - [2026-07-25T15:05:28.475+0000] {dag.py:3239} INFO - Sync 1 DAGs
[2026-07-25T15:05:28.496+0000] {processor.py:208} INFO - Processing /opt/airflow/dags/raw_from_s3_to_pg.py took 0.070 seconds
[2026-07-25T15:05:58.834+0000] {processor.py:186} INFO - Started process (PID=29868) to work on /opt/airflow/dags/raw_from_s3_to_pg.py
[2026-07-25T15:05:58.834+0000] {processor.py:914} INFO - Processing file /opt/airflow/dags/raw_from_s3_to_pg.py for tasks to queue
[2026-07-25T15:05:58.835+0000] {logging_mixin.py:190} INFO - [2026-07-25T15:05:58.835+0000] {dagbag.py:588} INFO - Filling up the DagBag from /opt/airflow/dags/raw_from_s3_to_pg.py
[2026-07-25T15:05:58.871+0000] {processor.py:925} INFO - DAG(s) 'raw_from_s3_to_pg' retrieved from /opt/airflow/dags/raw_from_s3_to_pg.py
[2026-07-25T15:05:58.878+0000] {logging_mixin.py:190} INFO - [2026-07-25T15:05:58.877+0000] {dag.py:3239} INFO - Sync 1 DAGs
[2026-07-25T15:05:58.899+0000] {processor.py:208} INFO - Processing /opt/airflow/dags/raw_from_s3_to_pg.py took 0.068 seconds
[2026-07-25T15:06:29.239+0000] {processor.py:186} INFO - Started process (PID=29906) to work on /opt/airflow/dags/raw_from_s3_to_pg.py
[2026-07-25T15:06:29.243+0000] {processor.py:914} INFO - Processing file /opt/airflow/dags/raw_from_s3_to_pg.py for tasks to queue
[2026-07-25T15:06:29.244+0000] {logging_mixin.py:190} INFO - [2026-07-25T15:06:29.243+0000] {dagbag.py:588} INFO - Filling up the DagBag from /opt/airflow/dags/raw_from_s3_to_pg.py
[2026-07-25T15:06:29.282+0000] {processor.py:925} INFO - DAG(s) 'raw_from_s3_to_pg' retrieved from /opt/airflow/dags/raw_from_s3_to_pg.py
[2026-07-25T15:06:29.288+0000] {logging_mixin.py:190} INFO - [2026-07-25T15:06:29.288+0000] {dag.py:3239} INFO - Sync 1 DAGs
[2026-07-25T15:06:29.309+0000] {processor.py:208} INFO - Processing /opt/airflow/dags/raw_from_s3_to_pg.py took 0.073 seconds
[2026-07-25T15:06:59.737+0000] {processor.py:186} INFO - Started process (PID=29944) to work on /opt/airflow/dags/raw_from_s3_to_pg.py
[2026-07-25T15:06:59.738+0000] {processor.py:914} INFO - Processing file /opt/airflow/dags/raw_from_s3_to_pg.py for tasks to queue
[2026-07-25T15:06:59.739+0000] {logging_mixin.py:190} INFO - [2026-07-25T15:06:59.739+0000] {dagbag.py:588} INFO - Filling up the DagBag from /opt/airflow/dags/raw_from_s3_to_pg.py
[2026-07-25T15:06:59.776+0000] {processor.py:925} INFO - DAG(s) 'raw_from_s3_to_pg' retrieved from /opt/airflow/dags/raw_from_s3_to_pg.py
[2026-07-25T15:06:59.782+0000] {logging_mixin.py:190} INFO - [2026-07-25T15:06:59.782+0000] {dag.py:3239} INFO - Sync 1 DAGs
[2026-07-25T15:06:59.802+0000] {processor.py:208} INFO - Processing /opt/airflow/dags/raw_from_s3_to_pg.py took 0.068 seconds
[2026-07-25T15:07:30.086+0000] {processor.py:186} INFO - Started process (PID=29982) to work on /opt/airflow/dags/raw_from_s3_to_pg.py
[2026-07-25T15:07:30.087+0000] {processor.py:914} INFO - Processing file /opt/airflow/dags/raw_from_s3_to_pg.py for tasks to queue
[2026-07-25T15:07:30.088+0000] {logging_mixin.py:190} INFO - [2026-07-25T15:07:30.088+0000] {dagbag.py:588} INFO - Filling up the DagBag from /opt/airflow/dags/raw_from_s3_to_pg.py
[2026-07-25T15:07:30.127+0000] {processor.py:925} INFO - DAG(s) 'raw_from_s3_to_pg' retrieved from /opt/airflow/dags/raw_from_s3_to_pg.py
[2026-07-25T15:07:30.133+0000] {logging_mixin.py:190} INFO - [2026-07-25T15:07:30.133+0000] {dag.py:3239} INFO - Sync 1 DAGs
[2026-07-25T15:07:30.153+0000] {processor.py:208} INFO - Processing /opt/airflow/dags/raw_from_s3_to_pg.py took 0.072 seconds
[2026-07-25T15:08:00.562+0000] {processor.py:186} INFO - Started process (PID=30020) to work on /opt/airflow/dags/raw_from_s3_to_pg.py
[2026-07-25T15:08:00.562+0000] {processor.py:914} INFO - Processing file /opt/airflow/dags/raw_from_s3_to_pg.py for tasks to queue
[2026-07-25T15:08:00.563+0000] {logging_mixin.py:190} INFO - [2026-07-25T15:08:00.563+0000] {dagbag.py:588} INFO - Filling up the DagBag from /opt/airflow/dags/raw_from_s3_to_pg.py
[2026-07-25T15:08:00.604+0000] {processor.py:925} INFO - DAG(s) 'raw_from_s3_to_pg' retrieved from /opt/airflow/dags/raw_from_s3_to_pg.py
[2026-07-25T15:08:00.610+0000] {logging_mixin.py:190} INFO - [2026-07-25T15:08:00.610+0000] {dag.py:3239} INFO - Sync 1 DAGs
[2026-07-25T15:08:00.631+0000] {processor.py:208} INFO - Processing /opt/airflow/dags/raw_from_s3_to_pg.py took 0.074 seconds
[2026-07-25T15:08:31.058+0000] {processor.py:186} INFO - Started process (PID=30058) to work on /opt/airflow/dags/raw_from_s3_to_pg.py
[2026-07-25T15:08:31.061+0000] {processor.py:914} INFO - Processing file /opt/airflow/dags/raw_from_s3_to_pg.py for tasks to queue
[2026-07-25T15:08:31.063+0000] {logging_mixin.py:190} INFO - [2026-07-25T15:08:31.063+0000] {dagbag.py:588} INFO - Filling up the DagBag from /opt/airflow/dags/raw_from_s3_to_pg.py
[2026-07-25T15:08:31.104+0000] {processor.py:925} INFO - DAG(s) 'raw_from_s3_to_pg' retrieved from /opt/airflow/dags/raw_from_s3_to_pg.py
[2026-07-25T15:08:31.111+0000] {logging_mixin.py:190} INFO - [2026-07-25T15:08:31.111+0000] {dag.py:3239} INFO - Sync 1 DAGs
[2026-07-25T15:08:31.132+0000] {processor.py:208} INFO - Processing /opt/airflow/dags/raw_from_s3_to_pg.py took 0.079 seconds
[2026-07-25T15:09:01.487+0000] {processor.py:186} INFO - Started process (PID=30096) to work on /opt/airflow/dags/raw_from_s3_to_pg.py
[2026-07-25T15:09:01.488+0000] {processor.py:914} INFO - Processing file /opt/airflow/dags/raw_from_s3_to_pg.py for tasks to queue
[2026-07-25T15:09:01.489+0000] {logging_mixin.py:190} INFO - [2026-07-25T15:09:01.489+0000] {dagbag.py:588} INFO - Filling up the DagBag from /opt/airflow/dags/raw_from_s3_to_pg.py
[2026-07-25T15:09:01.528+0000] {processor.py:925} INFO - DAG(s) 'raw_from_s3_to_pg' retrieved from /opt/airflow/dags/raw_from_s3_to_pg.py
[2026-07-25T15:09:01.534+0000] {logging_mixin.py:190} INFO - [2026-07-25T15:09:01.534+0000] {dag.py:3239} INFO - Sync 1 DAGs
[2026-07-25T15:09:01.554+0000] {processor.py:208} INFO - Processing /opt/airflow/dags/raw_from_s3_to_pg.py took 0.070 seconds
[2026-07-25T15:09:31.911+0000] {processor.py:186} INFO - Started process (PID=30134) to work on /opt/airflow/dags/raw_from_s3_to_pg.py
[2026-07-25T15:09:31.914+0000] {processor.py:914} INFO - Processing file /opt/airflow/dags/raw_from_s3_to_pg.py for tasks to queue
[2026-07-25T15:09:31.915+0000] {logging_mixin.py:190} INFO - [2026-07-25T15:09:31.915+0000] {dagbag.py:588} INFO - Filling up the DagBag from /opt/airflow/dags/raw_from_s3_to_pg.py
[2026-07-25T15:09:31.955+0000] {processor.py:925} INFO - DAG(s) 'raw_from_s3_to_pg' retrieved from /opt/airflow/dags/raw_from_s3_to_pg.py
[2026-07-25T15:09:31.962+0000] {logging_mixin.py:190} INFO - [2026-07-25T15:09:31.962+0000] {dag.py:3239} INFO - Sync 1 DAGs
[2026-07-25T15:09:32.135+0000] {processor.py:208} INFO - Processing /opt/airflow/dags/raw_from_s3_to_pg.py took 0.228 seconds
[2026-07-25T15:10:02.312+0000] {processor.py:186} INFO - Started process (PID=30172) to work on /opt/airflow/dags/raw_from_s3_to_pg.py
[2026-07-25T15:10:02.313+0000] {processor.py:914} INFO - Processing file /opt/airflow/dags/raw_from_s3_to_pg.py for tasks to queue
[2026-07-25T15:10:02.314+0000] {logging_mixin.py:190} INFO - [2026-07-25T15:10:02.314+0000] {dagbag.py:588} INFO - Filling up the DagBag from /opt/airflow/dags/raw_from_s3_to_pg.py
[2026-07-25T15:10:02.356+0000] {processor.py:925} INFO - DAG(s) 'raw_from_s3_to_pg' retrieved from /opt/airflow/dags/raw_from_s3_to_pg.py
[2026-07-25T15:10:02.362+0000] {logging_mixin.py:190} INFO - [2026-07-25T15:10:02.362+0000] {dag.py:3239} INFO - Sync 1 DAGs
[2026-07-25T15:10:02.383+0000] {processor.py:208} INFO - Processing /opt/airflow/dags/raw_from_s3_to_pg.py took 0.076 seconds
[2026-07-25T15:10:32.693+0000] {processor.py:186} INFO - Started process (PID=30210) to work on /opt/airflow/dags/raw_from_s3_to_pg.py
[2026-07-25T15:10:32.696+0000] {processor.py:914} INFO - Processing file /opt/airflow/dags/raw_from_s3_to_pg.py for tasks to queue
[2026-07-25T15:10:32.697+0000] {logging_mixin.py:190} INFO - [2026-07-25T15:10:32.697+0000] {dagbag.py:588} INFO - Filling up the DagBag from /opt/airflow/dags/raw_from_s3_to_pg.py
[2026-07-25T15:10:32.739+0000] {processor.py:925} INFO - DAG(s) 'raw_from_s3_to_pg' retrieved from /opt/airflow/dags/raw_from_s3_to_pg.py
[2026-07-25T15:10:32.747+0000] {logging_mixin.py:190} INFO - [2026-07-25T15:10:32.747+0000] {dag.py:3239} INFO - Sync 1 DAGs
[2026-07-25T15:10:32.770+0000] {processor.py:208} INFO - Processing /opt/airflow/dags/raw_from_s3_to_pg.py took 0.082 seconds
[2026-07-25T15:11:03.100+0000] {processor.py:186} INFO - Started process (PID=30248) to work on /opt/airflow/dags/raw_from_s3_to_pg.py
[2026-07-25T15:11:03.101+0000] {processor.py:914} INFO - Processing file /opt/airflow/dags/raw_from_s3_to_pg.py for tasks to queue
[2026-07-25T15:11:03.102+0000] {logging_mixin.py:190} INFO - [2026-07-25T15:11:03.102+0000] {dagbag.py:588} INFO - Filling up the DagBag from /opt/airflow/dags/raw_from_s3_to_pg.py
[2026-07-25T15:11:03.144+0000] {processor.py:925} INFO - DAG(s) 'raw_from_s3_to_pg' retrieved from /opt/airflow/dags/raw_from_s3_to_pg.py
[2026-07-25T15:11:03.150+0000] {logging_mixin.py:190} INFO - [2026-07-25T15:11:03.150+0000] {dag.py:3239} INFO - Sync 1 DAGs
[2026-07-25T15:11:03.173+0000] {processor.py:208} INFO - Processing /opt/airflow/dags/raw_from_s3_to_pg.py took 0.078 seconds
[2026-07-25T15:11:33.584+0000] {processor.py:186} INFO - Started process (PID=30286) to work on /opt/airflow/dags/raw_from_s3_to_pg.py
[2026-07-25T15:11:33.587+0000] {processor.py:914} INFO - Processing file /opt/airflow/dags/raw_from_s3_to_pg.py for tasks to queue
[2026-07-25T15:11:33.588+0000] {logging_mixin.py:190} INFO - [2026-07-25T15:11:33.588+0000] {dagbag.py:588} INFO - Filling up the DagBag from /opt/airflow/dags/raw_from_s3_to_pg.py
[2026-07-25T15:11:33.627+0000] {processor.py:925} INFO - DAG(s) 'raw_from_s3_to_pg' retrieved from /opt/airflow/dags/raw_from_s3_to_pg.py
[2026-07-25T15:11:33.633+0000] {logging_mixin.py:190} INFO - [2026-07-25T15:11:33.632+0000] {dag.py:3239} INFO - Sync 1 DAGs
[2026-07-25T15:11:33.653+0000] {processor.py:208} INFO - Processing /opt/airflow/dags/raw_from_s3_to_pg.py took 0.072 seconds
[2026-07-25T15:12:03.967+0000] {processor.py:186} INFO - Started process (PID=30324) to work on /opt/airflow/dags/raw_from_s3_to_pg.py
[2026-07-25T15:12:03.967+0000] {processor.py:914} INFO - Processing file /opt/airflow/dags/raw_from_s3_to_pg.py for tasks to queue
[2026-07-25T15:12:03.969+0000] {logging_mixin.py:190} INFO - [2026-07-25T15:12:03.969+0000] {dagbag.py:588} INFO - Filling up the DagBag from /opt/airflow/dags/raw_from_s3_to_pg.py
[2026-07-25T15:12:04.010+0000] {processor.py:925} INFO - DAG(s) 'raw_from_s3_to_pg' retrieved from /opt/airflow/dags/raw_from_s3_to_pg.py
[2026-07-25T15:12:04.016+0000] {logging_mixin.py:190} INFO - [2026-07-25T15:12:04.016+0000] {dag.py:3239} INFO - Sync 1 DAGs
[2026-07-25T15:12:04.037+0000] {processor.py:208} INFO - Processing /opt/airflow/dags/raw_from_s3_to_pg.py took 0.075 seconds
[2026-07-25T15:12:34.348+0000] {processor.py:186} INFO - Started process (PID=30362) to work on /opt/airflow/dags/raw_from_s3_to_pg.py
[2026-07-25T15:12:34.351+0000] {processor.py:914} INFO - Processing file /opt/airflow/dags/raw_from_s3_to_pg.py for tasks to queue
[2026-07-25T15:12:34.352+0000] {logging_mixin.py:190} INFO - [2026-07-25T15:12:34.351+0000] {dagbag.py:588} INFO - Filling up the DagBag from /opt/airflow/dags/raw_from_s3_to_pg.py
[2026-07-25T15:12:34.392+0000] {processor.py:925} INFO - DAG(s) 'raw_from_s3_to_pg' retrieved from /opt/airflow/dags/raw_from_s3_to_pg.py
[2026-07-25T15:12:34.399+0000] {logging_mixin.py:190} INFO - [2026-07-25T15:12:34.399+0000] {dag.py:3239} INFO - Sync 1 DAGs
[2026-07-25T15:12:34.420+0000] {processor.py:208} INFO - Processing /opt/airflow/dags/raw_from_s3_to_pg.py took 0.075 seconds
[2026-07-25T15:13:04.756+0000] {processor.py:186} INFO - Started process (PID=30400) to work on /opt/airflow/dags/raw_from_s3_to_pg.py
[2026-07-25T15:13:04.757+0000] {processor.py:914} INFO - Processing file /opt/airflow/dags/raw_from_s3_to_pg.py for tasks to queue
[2026-07-25T15:13:04.758+0000] {logging_mixin.py:190} INFO - [2026-07-25T15:13:04.758+0000] {dagbag.py:588} INFO - Filling up the DagBag from /opt/airflow/dags/raw_from_s3_to_pg.py
[2026-07-25T15:13:04.799+0000] {processor.py:925} INFO - DAG(s) 'raw_from_s3_to_pg' retrieved from /opt/airflow/dags/raw_from_s3_to_pg.py
[2026-07-25T15:13:04.806+0000] {logging_mixin.py:190} INFO - [2026-07-25T15:13:04.805+0000] {dag.py:3239} INFO - Sync 1 DAGs
[2026-07-25T15:13:04.825+0000] {processor.py:208} INFO - Processing /opt/airflow/dags/raw_from_s3_to_pg.py took 0.072 seconds
[2026-07-25T15:13:35.195+0000] {processor.py:186} INFO - Started process (PID=30438) to work on /opt/airflow/dags/raw_from_s3_to_pg.py
[2026-07-25T15:13:35.198+0000] {processor.py:914} INFO - Processing file /opt/airflow/dags/raw_from_s3_to_pg.py for tasks to queue
[2026-07-25T15:13:35.199+0000] {logging_mixin.py:190} INFO - [2026-07-25T15:13:35.199+0000] {dagbag.py:588} INFO - Filling up the DagBag from /opt/airflow/dags/raw_from_s3_to_pg.py
[2026-07-25T15:13:35.237+0000] {processor.py:925} INFO - DAG(s) 'raw_from_s3_to_pg' retrieved from /opt/airflow/dags/raw_from_s3_to_pg.py
[2026-07-25T15:13:35.243+0000] {logging_mixin.py:190} INFO - [2026-07-25T15:13:35.243+0000] {dag.py:3239} INFO - Sync 1 DAGs
[2026-07-25T15:13:35.265+0000] {processor.py:208} INFO - Processing /opt/airflow/dags/raw_from_s3_to_pg.py took 0.073 seconds
[2026-07-25T15:14:05.629+0000] {processor.py:186} INFO - Started process (PID=30476) to work on /opt/airflow/dags/raw_from_s3_to_pg.py
[2026-07-25T15:14:05.630+0000] {processor.py:914} INFO - Processing file /opt/airflow/dags/raw_from_s3_to_pg.py for tasks to queue
[2026-07-25T15:14:05.631+0000] {logging_mixin.py:190} INFO - [2026-07-25T15:14:05.631+0000] {dagbag.py:588} INFO - Filling up the DagBag from /opt/airflow/dags/raw_from_s3_to_pg.py
[2026-07-25T15:14:05.667+0000] {processor.py:925} INFO - DAG(s) 'raw_from_s3_to_pg' retrieved from /opt/airflow/dags/raw_from_s3_to_pg.py
[2026-07-25T15:14:05.673+0000] {logging_mixin.py:190} INFO - [2026-07-25T15:14:05.673+0000] {dag.py:3239} INFO - Sync 1 DAGs
[2026-07-25T15:14:05.694+0000] {processor.py:208} INFO - Processing /opt/airflow/dags/raw_from_s3_to_pg.py took 0.068 seconds
[2026-07-25T15:14:36.012+0000] {processor.py:186} INFO - Started process (PID=30514) to work on /opt/airflow/dags/raw_from_s3_to_pg.py
[2026-07-25T15:14:36.013+0000] {processor.py:914} INFO - Processing file /opt/airflow/dags/raw_from_s3_to_pg.py for tasks to queue
[2026-07-25T15:14:36.014+0000] {logging_mixin.py:190} INFO - [2026-07-25T15:14:36.014+0000] {dagbag.py:588} INFO - Filling up the DagBag from /opt/airflow/dags/raw_from_s3_to_pg.py
[2026-07-25T15:14:36.053+0000] {processor.py:925} INFO - DAG(s) 'raw_from_s3_to_pg' retrieved from /opt/airflow/dags/raw_from_s3_to_pg.py
[2026-07-25T15:14:36.060+0000] {logging_mixin.py:190} INFO - [2026-07-25T15:14:36.060+0000] {dag.py:3239} INFO - Sync 1 DAGs
[2026-07-25T15:14:36.081+0000] {processor.py:208} INFO - Processing /opt/airflow/dags/raw_from_s3_to_pg.py took 0.074 seconds
[2026-07-25T15:15:06.390+0000] {processor.py:186} INFO - Started process (PID=30552) to work on /opt/airflow/dags/raw_from_s3_to_pg.py
[2026-07-25T15:15:06.390+0000] {processor.py:914} INFO - Processing file /opt/airflow/dags/raw_from_s3_to_pg.py for tasks to queue
[2026-07-25T15:15:06.391+0000] {logging_mixin.py:190} INFO - [2026-07-25T15:15:06.391+0000] {dagbag.py:588} INFO - Filling up the DagBag from /opt/airflow/dags/raw_from_s3_to_pg.py
[2026-07-25T15:15:06.430+0000] {processor.py:925} INFO - DAG(s) 'raw_from_s3_to_pg' retrieved from /opt/airflow/dags/raw_from_s3_to_pg.py
[2026-07-25T15:15:06.436+0000] {logging_mixin.py:190} INFO - [2026-07-25T15:15:06.435+0000] {dag.py:3239} INFO - Sync 1 DAGs
[2026-07-25T15:15:06.458+0000] {processor.py:208} INFO - Processing /opt/airflow/dags/raw_from_s3_to_pg.py took 0.072 seconds
[2026-07-25T15:15:36.837+0000] {processor.py:186} INFO - Started process (PID=30590) to work on /opt/airflow/dags/raw_from_s3_to_pg.py
[2026-07-25T15:15:36.840+0000] {processor.py:914} INFO - Processing file /opt/airflow/dags/raw_from_s3_to_pg.py for tasks to queue
[2026-07-25T15:15:36.842+0000] {logging_mixin.py:190} INFO - [2026-07-25T15:15:36.842+0000] {dagbag.py:588} INFO - Filling up the DagBag from /opt/airflow/dags/raw_from_s3_to_pg.py
[2026-07-25T15:15:36.883+0000] {processor.py:925} INFO - DAG(s) 'raw_from_s3_to_pg' retrieved from /opt/airflow/dags/raw_from_s3_to_pg.py
[2026-07-25T15:15:36.890+0000] {logging_mixin.py:190} INFO - [2026-07-25T15:15:36.890+0000] {dag.py:3239} INFO - Sync 1 DAGs
[2026-07-25T15:15:36.912+0000] {processor.py:208} INFO - Processing /opt/airflow/dags/raw_from_s3_to_pg.py took 0.079 seconds
[2026-07-25T15:16:07.336+0000] {processor.py:186} INFO - Started process (PID=30628) to work on /opt/airflow/dags/raw_from_s3_to_pg.py
[2026-07-25T15:16:07.336+0000] {processor.py:914} INFO - Processing file /opt/airflow/dags/raw_from_s3_to_pg.py for tasks to queue
[2026-07-25T15:16:07.337+0000] {logging_mixin.py:190} INFO - [2026-07-25T15:16:07.337+0000] {dagbag.py:588} INFO - Filling up the DagBag from /opt/airflow/dags/raw_from_s3_to_pg.py
[2026-07-25T15:16:07.379+0000] {processor.py:925} INFO - DAG(s) 'raw_from_s3_to_pg' retrieved from /opt/airflow/dags/raw_from_s3_to_pg.py
[2026-07-25T15:16:07.385+0000] {logging_mixin.py:190} INFO - [2026-07-25T15:16:07.385+0000] {dag.py:3239} INFO - Sync 1 DAGs
[2026-07-25T15:16:07.409+0000] {processor.py:208} INFO - Processing /opt/airflow/dags/raw_from_s3_to_pg.py took 0.077 seconds
[2026-07-25T15:16:37.833+0000] {processor.py:186} INFO - Started process (PID=30666) to work on /opt/airflow/dags/raw_from_s3_to_pg.py
[2026-07-25T15:16:37.835+0000] {processor.py:914} INFO - Processing file /opt/airflow/dags/raw_from_s3_to_pg.py for tasks to queue
[2026-07-25T15:16:37.837+0000] {logging_mixin.py:190} INFO - [2026-07-25T15:16:37.836+0000] {dagbag.py:588} INFO - Filling up the DagBag from /opt/airflow/dags/raw_from_s3_to_pg.py
[2026-07-25T15:16:37.872+0000] {processor.py:925} INFO - DAG(s) 'raw_from_s3_to_pg' retrieved from /opt/airflow/dags/raw_from_s3_to_pg.py
[2026-07-25T15:16:37.878+0000] {logging_mixin.py:190} INFO - [2026-07-25T15:16:37.878+0000] {dag.py:3239} INFO - Sync 1 DAGs
[2026-07-25T15:16:37.901+0000] {processor.py:208} INFO - Processing /opt/airflow/dags/raw_from_s3_to_pg.py took 0.072 seconds
[2026-07-25T15:17:08.265+0000] {processor.py:186} INFO - Started process (PID=30704) to work on /opt/airflow/dags/raw_from_s3_to_pg.py
[2026-07-25T15:17:08.265+0000] {processor.py:914} INFO - Processing file /opt/airflow/dags/raw_from_s3_to_pg.py for tasks to queue
[2026-07-25T15:17:08.266+0000] {logging_mixin.py:190} INFO - [2026-07-25T15:17:08.266+0000] {dagbag.py:588} INFO - Filling up the DagBag from /opt/airflow/dags/raw_from_s3_to_pg.py
[2026-07-25T15:17:08.302+0000] {processor.py:925} INFO - DAG(s) 'raw_from_s3_to_pg' retrieved from /opt/airflow/dags/raw_from_s3_to_pg.py
[2026-07-25T15:17:08.308+0000] {logging_mixin.py:190} INFO - [2026-07-25T15:17:08.307+0000] {dag.py:3239} INFO - Sync 1 DAGs
[2026-07-25T15:17:08.330+0000] {processor.py:208} INFO - Processing /opt/airflow/dags/raw_from_s3_to_pg.py took 0.068 seconds
[2026-07-25T15:17:38.660+0000] {processor.py:186} INFO - Started process (PID=30742) to work on /opt/airflow/dags/raw_from_s3_to_pg.py
[2026-07-25T15:17:38.663+0000] {processor.py:914} INFO - Processing file /opt/airflow/dags/raw_from_s3_to_pg.py for tasks to queue
[2026-07-25T15:17:38.664+0000] {logging_mixin.py:190} INFO - [2026-07-25T15:17:38.664+0000] {dagbag.py:588} INFO - Filling up the DagBag from /opt/airflow/dags/raw_from_s3_to_pg.py
[2026-07-25T15:17:38.702+0000] {processor.py:925} INFO - DAG(s) 'raw_from_s3_to_pg' retrieved from /opt/airflow/dags/raw_from_s3_to_pg.py
[2026-07-25T15:17:38.709+0000] {logging_mixin.py:190} INFO - [2026-07-25T15:17:38.709+0000] {dag.py:3239} INFO - Sync 1 DAGs
[2026-07-25T15:17:38.731+0000] {processor.py:208} INFO - Processing /opt/airflow/dags/raw_from_s3_to_pg.py took 0.076 seconds
[2026-07-25T15:18:09.018+0000] {processor.py:186} INFO - Started process (PID=30780) to work on /opt/airflow/dags/raw_from_s3_to_pg.py
[2026-07-25T15:18:09.018+0000] {processor.py:914} INFO - Processing file /opt/airflow/dags/raw_from_s3_to_pg.py for tasks to queue
[2026-07-25T15:18:09.019+0000] {logging_mixin.py:190} INFO - [2026-07-25T15:18:09.019+0000] {dagbag.py:588} INFO - Filling up the DagBag from /opt/airflow/dags/raw_from_s3_to_pg.py
[2026-07-25T15:18:09.057+0000] {processor.py:925} INFO - DAG(s) 'raw_from_s3_to_pg' retrieved from /opt/airflow/dags/raw_from_s3_to_pg.py
[2026-07-25T15:18:09.063+0000] {logging_mixin.py:190} INFO - [2026-07-25T15:18:09.063+0000] {dag.py:3239} INFO - Sync 1 DAGs
[2026-07-25T15:18:09.086+0000] {processor.py:208} INFO - Processing /opt/airflow/dags/raw_from_s3_to_pg.py took 0.071 seconds
[2026-07-25T15:18:39.404+0000] {processor.py:186} INFO - Started process (PID=30818) to work on /opt/airflow/dags/raw_from_s3_to_pg.py
[2026-07-25T15:18:39.406+0000] {processor.py:914} INFO - Processing file /opt/airflow/dags/raw_from_s3_to_pg.py for tasks to queue
[2026-07-25T15:18:39.407+0000] {logging_mixin.py:190} INFO - [2026-07-25T15:18:39.407+0000] {dagbag.py:588} INFO - Filling up the DagBag from /opt/airflow/dags/raw_from_s3_to_pg.py
[2026-07-25T15:18:39.447+0000] {processor.py:925} INFO - DAG(s) 'raw_from_s3_to_pg' retrieved from /opt/airflow/dags/raw_from_s3_to_pg.py
[2026-07-25T15:18:39.454+0000] {logging_mixin.py:190} INFO - [2026-07-25T15:18:39.454+0000] {dag.py:3239} INFO - Sync 1 DAGs
[2026-07-25T15:18:39.476+0000] {processor.py:208} INFO - Processing /opt/airflow/dags/raw_from_s3_to_pg.py took 0.076 seconds
[2026-07-25T15:19:09.894+0000] {processor.py:186} INFO - Started process (PID=30856) to work on /opt/airflow/dags/raw_from_s3_to_pg.py
[2026-07-25T15:19:09.895+0000] {processor.py:914} INFO - Processing file /opt/airflow/dags/raw_from_s3_to_pg.py for tasks to queue
[2026-07-25T15:19:09.896+0000] {logging_mixin.py:190} INFO - [2026-07-25T15:19:09.896+0000] {dagbag.py:588} INFO - Filling up the DagBag from /opt/airflow/dags/raw_from_s3_to_pg.py
[2026-07-25T15:19:09.934+0000] {processor.py:925} INFO - DAG(s) 'raw_from_s3_to_pg' retrieved from /opt/airflow/dags/raw_from_s3_to_pg.py
[2026-07-25T15:19:09.940+0000] {logging_mixin.py:190} INFO - [2026-07-25T15:19:09.940+0000] {dag.py:3239} INFO - Sync 1 DAGs
[2026-07-25T15:19:09.962+0000] {processor.py:208} INFO - Processing /opt/airflow/dags/raw_from_s3_to_pg.py took 0.071 seconds
[2026-07-25T15:19:40.240+0000] {processor.py:186} INFO - Started process (PID=30894) to work on /opt/airflow/dags/raw_from_s3_to_pg.py
[2026-07-25T15:19:40.243+0000] {processor.py:914} INFO - Processing file /opt/airflow/dags/raw_from_s3_to_pg.py for tasks to queue
[2026-07-25T15:19:40.244+0000] {logging_mixin.py:190} INFO - [2026-07-25T15:19:40.244+0000] {dagbag.py:588} INFO - Filling up the DagBag from /opt/airflow/dags/raw_from_s3_to_pg.py
[2026-07-25T15:19:40.285+0000] {processor.py:925} INFO - DAG(s) 'raw_from_s3_to_pg' retrieved from /opt/airflow/dags/raw_from_s3_to_pg.py
[2026-07-25T15:19:40.291+0000] {logging_mixin.py:190} INFO - [2026-07-25T15:19:40.291+0000] {dag.py:3239} INFO - Sync 1 DAGs
[2026-07-25T15:19:40.313+0000] {processor.py:208} INFO - Processing /opt/airflow/dags/raw_from_s3_to_pg.py took 0.077 seconds
[2026-07-25T15:20:10.669+0000] {processor.py:186} INFO - Started process (PID=30932) to work on /opt/airflow/dags/raw_from_s3_to_pg.py
[2026-07-25T15:20:10.670+0000] {processor.py:914} INFO - Processing file /opt/airflow/dags/raw_from_s3_to_pg.py for tasks to queue
[2026-07-25T15:20:10.671+0000] {logging_mixin.py:190} INFO - [2026-07-25T15:20:10.671+0000] {dagbag.py:588} INFO - Filling up the DagBag from /opt/airflow/dags/raw_from_s3_to_pg.py
[2026-07-25T15:20:10.712+0000] {processor.py:925} INFO - DAG(s) 'raw_from_s3_to_pg' retrieved from /opt/airflow/dags/raw_from_s3_to_pg.py
[2026-07-25T15:20:10.718+0000] {logging_mixin.py:190} INFO - [2026-07-25T15:20:10.718+0000] {dag.py:3239} INFO - Sync 1 DAGs
[2026-07-25T15:20:10.738+0000] {processor.py:208} INFO - Processing /opt/airflow/dags/raw_from_s3_to_pg.py took 0.074 seconds
[2026-07-25T15:20:41.057+0000] {processor.py:186} INFO - Started process (PID=30970) to work on /opt/airflow/dags/raw_from_s3_to_pg.py
[2026-07-25T15:20:41.060+0000] {processor.py:914} INFO - Processing file /opt/airflow/dags/raw_from_s3_to_pg.py for tasks to queue
[2026-07-25T15:20:41.062+0000] {logging_mixin.py:190} INFO - [2026-07-25T15:20:41.062+0000] {dagbag.py:588} INFO - Filling up the DagBag from /opt/airflow/dags/raw_from_s3_to_pg.py
[2026-07-25T15:20:41.099+0000] {processor.py:925} INFO - DAG(s) 'raw_from_s3_to_pg' retrieved from /opt/airflow/dags/raw_from_s3_to_pg.py
[2026-07-25T15:20:41.105+0000] {logging_mixin.py:190} INFO - [2026-07-25T15:20:41.105+0000] {dag.py:3239} INFO - Sync 1 DAGs
[2026-07-25T15:20:41.127+0000] {processor.py:208} INFO - Processing /opt/airflow/dags/raw_from_s3_to_pg.py took 0.074 seconds
[2026-07-25T15:21:11.366+0000] {processor.py:186} INFO - Started process (PID=31008) to work on /opt/airflow/dags/raw_from_s3_to_pg.py
[2026-07-25T15:21:11.367+0000] {processor.py:914} INFO - Processing file /opt/airflow/dags/raw_from_s3_to_pg.py for tasks to queue
[2026-07-25T15:21:11.368+0000] {logging_mixin.py:190} INFO - [2026-07-25T15:21:11.368+0000] {dagbag.py:588} INFO - Filling up the DagBag from /opt/airflow/dags/raw_from_s3_to_pg.py
[2026-07-25T15:21:11.411+0000] {processor.py:925} INFO - DAG(s) 'raw_from_s3_to_pg' retrieved from /opt/airflow/dags/raw_from_s3_to_pg.py
[2026-07-25T15:21:11.418+0000] {logging_mixin.py:190} INFO - [2026-07-25T15:21:11.418+0000] {dag.py:3239} INFO - Sync 1 DAGs
[2026-07-25T15:21:11.441+0000] {processor.py:208} INFO - Processing /opt/airflow/dags/raw_from_s3_to_pg.py took 0.080 seconds
[2026-07-25T15:21:41.599+0000] {processor.py:186} INFO - Started process (PID=31046) to work on /opt/airflow/dags/raw_from_s3_to_pg.py
[2026-07-25T15:21:41.602+0000] {processor.py:914} INFO - Processing file /opt/airflow/dags/raw_from_s3_to_pg.py for tasks to queue
[2026-07-25T15:21:41.603+0000] {logging_mixin.py:190} INFO - [2026-07-25T15:21:41.603+0000] {dagbag.py:588} INFO - Filling up the DagBag from /opt/airflow/dags/raw_from_s3_to_pg.py
[2026-07-25T15:21:41.646+0000] {processor.py:925} INFO - DAG(s) 'raw_from_s3_to_pg' retrieved from /opt/airflow/dags/raw_from_s3_to_pg.py
[2026-07-25T15:21:41.653+0000] {logging_mixin.py:190} INFO - [2026-07-25T15:21:41.653+0000] {dag.py:3239} INFO - Sync 1 DAGs
[2026-07-25T15:21:41.677+0000] {processor.py:208} INFO - Processing /opt/airflow/dags/raw_from_s3_to_pg.py took 0.082 seconds
[2026-07-25T15:22:11.910+0000] {processor.py:186} INFO - Started process (PID=31084) to work on /opt/airflow/dags/raw_from_s3_to_pg.py
[2026-07-25T15:22:11.910+0000] {processor.py:914} INFO - Processing file /opt/airflow/dags/raw_from_s3_to_pg.py for tasks to queue
[2026-07-25T15:22:11.912+0000] {logging_mixin.py:190} INFO - [2026-07-25T15:22:11.912+0000] {dagbag.py:588} INFO - Filling up the DagBag from /opt/airflow/dags/raw_from_s3_to_pg.py
[2026-07-25T15:22:11.955+0000] {processor.py:925} INFO - DAG(s) 'raw_from_s3_to_pg' retrieved from /opt/airflow/dags/raw_from_s3_to_pg.py
[2026-07-25T15:22:11.961+0000] {logging_mixin.py:190} INFO - [2026-07-25T15:22:11.961+0000] {dag.py:3239} INFO - Sync 1 DAGs
[2026-07-25T15:22:11.983+0000] {processor.py:208} INFO - Processing /opt/airflow/dags/raw_from_s3_to_pg.py took 0.079 seconds
[2026-07-25T15:22:42.270+0000] {processor.py:186} INFO - Started process (PID=31122) to work on /opt/airflow/dags/raw_from_s3_to_pg.py
[2026-07-25T15:22:42.273+0000] {processor.py:914} INFO - Processing file /opt/airflow/dags/raw_from_s3_to_pg.py for tasks to queue
[2026-07-25T15:22:42.274+0000] {logging_mixin.py:190} INFO - [2026-07-25T15:22:42.274+0000] {dagbag.py:588} INFO - Filling up the DagBag from /opt/airflow/dags/raw_from_s3_to_pg.py
[2026-07-25T15:22:42.313+0000] {processor.py:925} INFO - DAG(s) 'raw_from_s3_to_pg' retrieved from /opt/airflow/dags/raw_from_s3_to_pg.py
[2026-07-25T15:22:42.320+0000] {logging_mixin.py:190} INFO - [2026-07-25T15:22:42.320+0000] {dag.py:3239} INFO - Sync 1 DAGs
[2026-07-25T15:22:42.343+0000] {processor.py:208} INFO - Processing /opt/airflow/dags/raw_from_s3_to_pg.py took 0.076 seconds
[2026-07-25T15:23:12.584+0000] {processor.py:186} INFO - Started process (PID=31160) to work on /opt/airflow/dags/raw_from_s3_to_pg.py
[2026-07-25T15:23:12.584+0000] {processor.py:914} INFO - Processing file /opt/airflow/dags/raw_from_s3_to_pg.py for tasks to queue
[2026-07-25T15:23:12.586+0000] {logging_mixin.py:190} INFO - [2026-07-25T15:23:12.586+0000] {dagbag.py:588} INFO - Filling up the DagBag from /opt/airflow/dags/raw_from_s3_to_pg.py
[2026-07-25T15:23:12.623+0000] {processor.py:925} INFO - DAG(s) 'raw_from_s3_to_pg' retrieved from /opt/airflow/dags/raw_from_s3_to_pg.py
[2026-07-25T15:23:12.629+0000] {logging_mixin.py:190} INFO - [2026-07-25T15:23:12.629+0000] {dag.py:3239} INFO - Sync 1 DAGs
[2026-07-25T15:23:12.651+0000] {processor.py:208} INFO - Processing /opt/airflow/dags/raw_from_s3_to_pg.py took 0.073 seconds
[2026-07-25T15:23:42.786+0000] {processor.py:186} INFO - Started process (PID=31198) to work on /opt/airflow/dags/raw_from_s3_to_pg.py
[2026-07-25T15:23:42.788+0000] {processor.py:914} INFO - Processing file /opt/airflow/dags/raw_from_s3_to_pg.py for tasks to queue
[2026-07-25T15:23:42.790+0000] {logging_mixin.py:190} INFO - [2026-07-25T15:23:42.789+0000] {dagbag.py:588} INFO - Filling up the DagBag from /opt/airflow/dags/raw_from_s3_to_pg.py
[2026-07-25T15:23:42.832+0000] {processor.py:925} INFO - DAG(s) 'raw_from_s3_to_pg' retrieved from /opt/airflow/dags/raw_from_s3_to_pg.py
[2026-07-25T15:23:42.839+0000] {logging_mixin.py:190} INFO - [2026-07-25T15:23:42.839+0000] {dag.py:3239} INFO - Sync 1 DAGs
[2026-07-25T15:23:42.863+0000] {processor.py:208} INFO - Processing /opt/airflow/dags/raw_from_s3_to_pg.py took 0.081 seconds
[2026-07-25T15:24:13.124+0000] {processor.py:186} INFO - Started process (PID=31236) to work on /opt/airflow/dags/raw_from_s3_to_pg.py
[2026-07-25T15:24:13.124+0000] {processor.py:914} INFO - Processing file /opt/airflow/dags/raw_from_s3_to_pg.py for tasks to queue
[2026-07-25T15:24:13.125+0000] {logging_mixin.py:190} INFO - [2026-07-25T15:24:13.125+0000] {dagbag.py:588} INFO - Filling up the DagBag from /opt/airflow/dags/raw_from_s3_to_pg.py
[2026-07-25T15:24:13.162+0000] {processor.py:925} INFO - DAG(s) 'raw_from_s3_to_pg' retrieved from /opt/airflow/dags/raw_from_s3_to_pg.py
[2026-07-25T15:24:13.168+0000] {logging_mixin.py:190} INFO - [2026-07-25T15:24:13.168+0000] {dag.py:3239} INFO - Sync 1 DAGs
[2026-07-25T15:24:13.192+0000] {processor.py:208} INFO - Processing /opt/airflow/dags/raw_from_s3_to_pg.py took 0.073 seconds
[2026-07-25T15:24:43.433+0000] {processor.py:186} INFO - Started process (PID=31274) to work on /opt/airflow/dags/raw_from_s3_to_pg.py
[2026-07-25T15:24:43.434+0000] {processor.py:914} INFO - Processing file /opt/airflow/dags/raw_from_s3_to_pg.py for tasks to queue
[2026-07-25T15:24:43.436+0000] {logging_mixin.py:190} INFO - [2026-07-25T15:24:43.436+0000] {dagbag.py:588} INFO - Filling up the DagBag from /opt/airflow/dags/raw_from_s3_to_pg.py
[2026-07-25T15:24:43.479+0000] {processor.py:925} INFO - DAG(s) 'raw_from_s3_to_pg' retrieved from /opt/airflow/dags/raw_from_s3_to_pg.py
[2026-07-25T15:24:43.485+0000] {logging_mixin.py:190} INFO - [2026-07-25T15:24:43.485+0000] {dag.py:3239} INFO - Sync 1 DAGs
[2026-07-25T15:24:43.507+0000] {processor.py:208} INFO - Processing /opt/airflow/dags/raw_from_s3_to_pg.py took 0.078 seconds
[2026-07-25T15:25:13.719+0000] {processor.py:186} INFO - Started process (PID=31312) to work on /opt/airflow/dags/raw_from_s3_to_pg.py
[2026-07-25T15:25:13.719+0000] {processor.py:914} INFO - Processing file /opt/airflow/dags/raw_from_s3_to_pg.py for tasks to queue
[2026-07-25T15:25:13.720+0000] {logging_mixin.py:190} INFO - [2026-07-25T15:25:13.720+0000] {dagbag.py:588} INFO - Filling up the DagBag from /opt/airflow/dags/raw_from_s3_to_pg.py
[2026-07-25T15:25:13.762+0000] {processor.py:925} INFO - DAG(s) 'raw_from_s3_to_pg' retrieved from /opt/airflow/dags/raw_from_s3_to_pg.py
[2026-07-25T15:25:13.769+0000] {logging_mixin.py:190} INFO - [2026-07-25T15:25:13.769+0000] {dag.py:3239} INFO - Sync 1 DAGs
[2026-07-25T15:25:13.782+0000] {logging_mixin.py:190} INFO - [2026-07-25T15:25:13.782+0000] {dag.py:4180} INFO - Setting next_dagrun for raw_from_s3_to_pg to 2026-07-25 02:00:00+00:00, run_after=2026-07-26 02:00:00+00:00
[2026-07-25T15:25:13.793+0000] {processor.py:208} INFO - Processing /opt/airflow/dags/raw_from_s3_to_pg.py took 0.079 seconds
[2026-07-25T15:25:44.044+0000] {processor.py:186} INFO - Started process (PID=31350) to work on /opt/airflow/dags/raw_from_s3_to_pg.py
[2026-07-25T15:25:44.047+0000] {processor.py:914} INFO - Processing file /opt/airflow/dags/raw_from_s3_to_pg.py for tasks to queue
[2026-07-25T15:25:44.048+0000] {logging_mixin.py:190} INFO - [2026-07-25T15:25:44.048+0000] {dagbag.py:588} INFO - Filling up the DagBag from /opt/airflow/dags/raw_from_s3_to_pg.py
[2026-07-25T15:25:44.088+0000] {processor.py:925} INFO - DAG(s) 'raw_from_s3_to_pg' retrieved from /opt/airflow/dags/raw_from_s3_to_pg.py
[2026-07-25T15:25:44.094+0000] {logging_mixin.py:190} INFO - [2026-07-25T15:25:44.094+0000] {dag.py:3239} INFO - Sync 1 DAGs
[2026-07-25T15:25:44.106+0000] {logging_mixin.py:190} INFO - [2026-07-25T15:25:44.106+0000] {dag.py:4180} INFO - Setting next_dagrun for raw_from_s3_to_pg to 2026-07-25 02:00:00+00:00, run_after=2026-07-26 02:00:00+00:00
[2026-07-25T15:25:44.116+0000] {processor.py:208} INFO - Processing /opt/airflow/dags/raw_from_s3_to_pg.py took 0.075 seconds
[2026-07-25T15:26:14.195+0000] {processor.py:186} INFO - Started process (PID=31388) to work on /opt/airflow/dags/raw_from_s3_to_pg.py
[2026-07-25T15:26:14.196+0000] {processor.py:914} INFO - Processing file /opt/airflow/dags/raw_from_s3_to_pg.py for tasks to queue
[2026-07-25T15:26:14.197+0000] {logging_mixin.py:190} INFO - [2026-07-25T15:26:14.197+0000] {dagbag.py:588} INFO - Filling up the DagBag from /opt/airflow/dags/raw_from_s3_to_pg.py
[2026-07-25T15:26:14.234+0000] {processor.py:925} INFO - DAG(s) 'raw_from_s3_to_pg' retrieved from /opt/airflow/dags/raw_from_s3_to_pg.py
[2026-07-25T15:26:14.240+0000] {logging_mixin.py:190} INFO - [2026-07-25T15:26:14.240+0000] {dag.py:3239} INFO - Sync 1 DAGs
[2026-07-25T15:26:14.252+0000] {logging_mixin.py:190} INFO - [2026-07-25T15:26:14.252+0000] {dag.py:4180} INFO - Setting next_dagrun for raw_from_s3_to_pg to 2026-07-25 02:00:00+00:00, run_after=2026-07-26 02:00:00+00:00
[2026-07-25T15:26:14.262+0000] {processor.py:208} INFO - Processing /opt/airflow/dags/raw_from_s3_to_pg.py took 0.070 seconds
[2026-07-25T15:26:44.431+0000] {processor.py:186} INFO - Started process (PID=31426) to work on /opt/airflow/dags/raw_from_s3_to_pg.py
[2026-07-25T15:26:44.434+0000] {processor.py:914} INFO - Processing file /opt/airflow/dags/raw_from_s3_to_pg.py for tasks to queue
[2026-07-25T15:26:44.435+0000] {logging_mixin.py:190} INFO - [2026-07-25T15:26:44.435+0000] {dagbag.py:588} INFO - Filling up the DagBag from /opt/airflow/dags/raw_from_s3_to_pg.py
[2026-07-25T15:26:44.478+0000] {processor.py:925} INFO - DAG(s) 'raw_from_s3_to_pg' retrieved from /opt/airflow/dags/raw_from_s3_to_pg.py
[2026-07-25T15:26:44.485+0000] {logging_mixin.py:190} INFO - [2026-07-25T15:26:44.485+0000] {dag.py:3239} INFO - Sync 1 DAGs
[2026-07-25T15:26:44.498+0000] {logging_mixin.py:190} INFO - [2026-07-25T15:26:44.498+0000] {dag.py:4180} INFO - Setting next_dagrun for raw_from_s3_to_pg to 2026-07-25 02:00:00+00:00, run_after=2026-07-26 02:00:00+00:00
[2026-07-25T15:26:44.511+0000] {processor.py:208} INFO - Processing /opt/airflow/dags/raw_from_s3_to_pg.py took 0.083 seconds
[2026-07-25T15:27:14.569+0000] {processor.py:186} INFO - Started process (PID=31464) to work on /opt/airflow/dags/raw_from_s3_to_pg.py
[2026-07-25T15:27:14.569+0000] {processor.py:914} INFO - Processing file /opt/airflow/dags/raw_from_s3_to_pg.py for tasks to queue
[2026-07-25T15:27:14.570+0000] {logging_mixin.py:190} INFO - [2026-07-25T15:27:14.570+0000] {dagbag.py:588} INFO - Filling up the DagBag from /opt/airflow/dags/raw_from_s3_to_pg.py
[2026-07-25T15:27:14.614+0000] {processor.py:925} INFO - DAG(s) 'raw_from_s3_to_pg' retrieved from /opt/airflow/dags/raw_from_s3_to_pg.py
[2026-07-25T15:27:14.622+0000] {logging_mixin.py:190} INFO - [2026-07-25T15:27:14.622+0000] {dag.py:3239} INFO - Sync 1 DAGs
[2026-07-25T15:27:14.636+0000] {logging_mixin.py:190} INFO - [2026-07-25T15:27:14.636+0000] {dag.py:4180} INFO - Setting next_dagrun for raw_from_s3_to_pg to 2026-07-25 02:00:00+00:00, run_after=2026-07-26 02:00:00+00:00
[2026-07-25T15:27:14.648+0000] {processor.py:208} INFO - Processing /opt/airflow/dags/raw_from_s3_to_pg.py took 0.082 seconds
[2026-07-25T15:27:44.786+0000] {processor.py:186} INFO - Started process (PID=31502) to work on /opt/airflow/dags/raw_from_s3_to_pg.py
[2026-07-25T15:27:44.787+0000] {processor.py:914} INFO - Processing file /opt/airflow/dags/raw_from_s3_to_pg.py for tasks to queue
[2026-07-25T15:27:44.789+0000] {logging_mixin.py:190} INFO - [2026-07-25T15:27:44.788+0000] {dagbag.py:588} INFO - Filling up the DagBag from /opt/airflow/dags/raw_from_s3_to_pg.py
[2026-07-25T15:27:44.831+0000] {processor.py:925} INFO - DAG(s) 'raw_from_s3_to_pg' retrieved from /opt/airflow/dags/raw_from_s3_to_pg.py
[2026-07-25T15:27:44.838+0000] {logging_mixin.py:190} INFO - [2026-07-25T15:27:44.838+0000] {dag.py:3239} INFO - Sync 1 DAGs
[2026-07-25T15:27:44.851+0000] {logging_mixin.py:190} INFO - [2026-07-25T15:27:44.851+0000] {dag.py:4180} INFO - Setting next_dagrun for raw_from_s3_to_pg to 2026-07-25 02:00:00+00:00, run_after=2026-07-26 02:00:00+00:00
[2026-07-25T15:27:44.862+0000] {processor.py:208} INFO - Processing /opt/airflow/dags/raw_from_s3_to_pg.py took 0.081 seconds
[2026-07-25T15:28:14.933+0000] {processor.py:186} INFO - Started process (PID=31540) to work on /opt/airflow/dags/raw_from_s3_to_pg.py
[2026-07-25T15:28:14.933+0000] {processor.py:914} INFO - Processing file /opt/airflow/dags/raw_from_s3_to_pg.py for tasks to queue
[2026-07-25T15:28:14.934+0000] {logging_mixin.py:190} INFO - [2026-07-25T15:28:14.934+0000] {dagbag.py:588} INFO - Filling up the DagBag from /opt/airflow/dags/raw_from_s3_to_pg.py
[2026-07-25T15:28:14.977+0000] {processor.py:925} INFO - DAG(s) 'raw_from_s3_to_pg' retrieved from /opt/airflow/dags/raw_from_s3_to_pg.py
[2026-07-25T15:28:14.985+0000] {logging_mixin.py:190} INFO - [2026-07-25T15:28:14.985+0000] {dag.py:3239} INFO - Sync 1 DAGs
[2026-07-25T15:28:14.999+0000] {logging_mixin.py:190} INFO - [2026-07-25T15:28:14.999+0000] {dag.py:4180} INFO - Setting next_dagrun for raw_from_s3_to_pg to 2026-07-25 02:00:00+00:00, run_after=2026-07-26 02:00:00+00:00
[2026-07-25T15:28:15.010+0000] {processor.py:208} INFO - Processing /opt/airflow/dags/raw_from_s3_to_pg.py took 0.082 seconds
[2026-07-25T15:28:45.173+0000] {processor.py:186} INFO - Started process (PID=31578) to work on /opt/airflow/dags/raw_from_s3_to_pg.py
[2026-07-25T15:28:45.176+0000] {processor.py:914} INFO - Processing file /opt/airflow/dags/raw_from_s3_to_pg.py for tasks to queue
[2026-07-25T15:28:45.178+0000] {logging_mixin.py:190} INFO - [2026-07-25T15:28:45.178+0000] {dagbag.py:588} INFO - Filling up the DagBag from /opt/airflow/dags/raw_from_s3_to_pg.py
[2026-07-25T15:28:45.222+0000] {processor.py:925} INFO - DAG(s) 'raw_from_s3_to_pg' retrieved from /opt/airflow/dags/raw_from_s3_to_pg.py
[2026-07-25T15:28:45.230+0000] {logging_mixin.py:190} INFO - [2026-07-25T15:28:45.229+0000] {dag.py:3239} INFO - Sync 1 DAGs
[2026-07-25T15:28:45.243+0000] {logging_mixin.py:190} INFO - [2026-07-25T15:28:45.243+0000] {dag.py:4180} INFO - Setting next_dagrun for raw_from_s3_to_pg to 2026-07-25 02:00:00+00:00, run_after=2026-07-26 02:00:00+00:00
[2026-07-25T15:28:45.257+0000] {processor.py:208} INFO - Processing /opt/airflow/dags/raw_from_s3_to_pg.py took 0.089 seconds
[2026-07-25T15:29:15.324+0000] {processor.py:186} INFO - Started process (PID=31616) to work on /opt/airflow/dags/raw_from_s3_to_pg.py
[2026-07-25T15:29:15.324+0000] {processor.py:914} INFO - Processing file /opt/airflow/dags/raw_from_s3_to_pg.py for tasks to queue
[2026-07-25T15:29:15.326+0000] {logging_mixin.py:190} INFO - [2026-07-25T15:29:15.326+0000] {dagbag.py:588} INFO - Filling up the DagBag from /opt/airflow/dags/raw_from_s3_to_pg.py
[2026-07-25T15:29:15.367+0000] {processor.py:925} INFO - DAG(s) 'raw_from_s3_to_pg' retrieved from /opt/airflow/dags/raw_from_s3_to_pg.py
[2026-07-25T15:29:15.373+0000] {logging_mixin.py:190} INFO - [2026-07-25T15:29:15.373+0000] {dag.py:3239} INFO - Sync 1 DAGs
[2026-07-25T15:29:15.387+0000] {logging_mixin.py:190} INFO - [2026-07-25T15:29:15.387+0000] {dag.py:4180} INFO - Setting next_dagrun for raw_from_s3_to_pg to 2026-07-25 02:00:00+00:00, run_after=2026-07-26 02:00:00+00:00
[2026-07-25T15:29:15.399+0000] {processor.py:208} INFO - Processing /opt/airflow/dags/raw_from_s3_to_pg.py took 0.079 seconds
[2026-07-25T15:29:45.557+0000] {processor.py:186} INFO - Started process (PID=31654) to work on /opt/airflow/dags/raw_from_s3_to_pg.py
[2026-07-25T15:29:45.560+0000] {processor.py:914} INFO - Processing file /opt/airflow/dags/raw_from_s3_to_pg.py for tasks to queue
[2026-07-25T15:29:45.562+0000] {logging_mixin.py:190} INFO - [2026-07-25T15:29:45.562+0000] {dagbag.py:588} INFO - Filling up the DagBag from /opt/airflow/dags/raw_from_s3_to_pg.py
[2026-07-25T15:29:45.605+0000] {processor.py:925} INFO - DAG(s) 'raw_from_s3_to_pg' retrieved from /opt/airflow/dags/raw_from_s3_to_pg.py
[2026-07-25T15:29:45.612+0000] {logging_mixin.py:190} INFO - [2026-07-25T15:29:45.612+0000] {dag.py:3239} INFO - Sync 1 DAGs
[2026-07-25T15:29:45.627+0000] {logging_mixin.py:190} INFO - [2026-07-25T15:29:45.627+0000] {dag.py:4180} INFO - Setting next_dagrun for raw_from_s3_to_pg to 2026-07-25 02:00:00+00:00, run_after=2026-07-26 02:00:00+00:00
[2026-07-25T15:29:45.639+0000] {processor.py:208} INFO - Processing /opt/airflow/dags/raw_from_s3_to_pg.py took 0.086 seconds
[2026-07-25T15:30:15.715+0000] {processor.py:186} INFO - Started process (PID=31692) to work on /opt/airflow/dags/raw_from_s3_to_pg.py
[2026-07-25T15:30:15.715+0000] {processor.py:914} INFO - Processing file /opt/airflow/dags/raw_from_s3_to_pg.py for tasks to queue
[2026-07-25T15:30:15.716+0000] {logging_mixin.py:190} INFO - [2026-07-25T15:30:15.716+0000] {dagbag.py:588} INFO - Filling up the DagBag from /opt/airflow/dags/raw_from_s3_to_pg.py
[2026-07-25T15:30:15.759+0000] {processor.py:925} INFO - DAG(s) 'raw_from_s3_to_pg' retrieved from /opt/airflow/dags/raw_from_s3_to_pg.py
[2026-07-25T15:30:15.766+0000] {logging_mixin.py:190} INFO - [2026-07-25T15:30:15.766+0000] {dag.py:3239} INFO - Sync 1 DAGs
[2026-07-25T15:30:15.781+0000] {logging_mixin.py:190} INFO - [2026-07-25T15:30:15.781+0000] {dag.py:4180} INFO - Setting next_dagrun for raw_from_s3_to_pg to 2026-07-25 02:00:00+00:00, run_after=2026-07-26 02:00:00+00:00
[2026-07-25T15:30:15.791+0000] {processor.py:208} INFO - Processing /opt/airflow/dags/raw_from_s3_to_pg.py took 0.080 seconds
[2026-07-25T15:30:46.032+0000] {processor.py:186} INFO - Started process (PID=31730) to work on /opt/airflow/dags/raw_from_s3_to_pg.py
[2026-07-25T15:30:46.035+0000] {processor.py:914} INFO - Processing file /opt/airflow/dags/raw_from_s3_to_pg.py for tasks to queue
[2026-07-25T15:30:46.036+0000] {logging_mixin.py:190} INFO - [2026-07-25T15:30:46.036+0000] {dagbag.py:588} INFO - Filling up the DagBag from /opt/airflow/dags/raw_from_s3_to_pg.py
[2026-07-25T15:30:46.077+0000] {processor.py:925} INFO - DAG(s) 'raw_from_s3_to_pg' retrieved from /opt/airflow/dags/raw_from_s3_to_pg.py
[2026-07-25T15:30:46.084+0000] {logging_mixin.py:190} INFO - [2026-07-25T15:30:46.084+0000] {dag.py:3239} INFO - Sync 1 DAGs
[2026-07-25T15:30:46.096+0000] {logging_mixin.py:190} INFO - [2026-07-25T15:30:46.096+0000] {dag.py:4180} INFO - Setting next_dagrun for raw_from_s3_to_pg to 2026-07-25 02:00:00+00:00, run_after=2026-07-26 02:00:00+00:00
[2026-07-25T15:30:46.108+0000] {processor.py:208} INFO - Processing /opt/airflow/dags/raw_from_s3_to_pg.py took 0.079 seconds
[2026-07-25T15:31:16.309+0000] {processor.py:186} INFO - Started process (PID=31768) to work on /opt/airflow/dags/raw_from_s3_to_pg.py
[2026-07-25T15:31:16.310+0000] {processor.py:914} INFO - Processing file /opt/airflow/dags/raw_from_s3_to_pg.py for tasks to queue
[2026-07-25T15:31:16.311+0000] {logging_mixin.py:190} INFO - [2026-07-25T15:31:16.311+0000] {dagbag.py:588} INFO - Filling up the DagBag from /opt/airflow/dags/raw_from_s3_to_pg.py
[2026-07-25T15:31:16.353+0000] {processor.py:925} INFO - DAG(s) 'raw_from_s3_to_pg' retrieved from /opt/airflow/dags/raw_from_s3_to_pg.py
[2026-07-25T15:31:16.360+0000] {logging_mixin.py:190} INFO - [2026-07-25T15:31:16.360+0000] {dag.py:3239} INFO - Sync 1 DAGs
[2026-07-25T15:31:16.374+0000] {logging_mixin.py:190} INFO - [2026-07-25T15:31:16.374+0000] {dag.py:4180} INFO - Setting next_dagrun for raw_from_s3_to_pg to 2026-07-25 02:00:00+00:00, run_after=2026-07-26 02:00:00+00:00
[2026-07-25T15:31:16.385+0000] {processor.py:208} INFO - Processing /opt/airflow/dags/raw_from_s3_to_pg.py took 0.083 seconds
[2026-07-25T15:31:46.594+0000] {processor.py:186} INFO - Started process (PID=31807) to work on /opt/airflow/dags/raw_from_s3_to_pg.py
[2026-07-25T15:31:46.597+0000] {processor.py:914} INFO - Processing file /opt/airflow/dags/raw_from_s3_to_pg.py for tasks to queue
[2026-07-25T15:31:46.598+0000] {logging_mixin.py:190} INFO - [2026-07-25T15:31:46.598+0000] {dagbag.py:588} INFO - Filling up the DagBag from /opt/airflow/dags/raw_from_s3_to_pg.py
[2026-07-25T15:31:46.643+0000] {processor.py:925} INFO - DAG(s) 'raw_from_s3_to_pg' retrieved from /opt/airflow/dags/raw_from_s3_to_pg.py
[2026-07-25T15:31:46.650+0000] {logging_mixin.py:190} INFO - [2026-07-25T15:31:46.649+0000] {dag.py:3239} INFO - Sync 1 DAGs
[2026-07-25T15:31:46.662+0000] {logging_mixin.py:190} INFO - [2026-07-25T15:31:46.662+0000] {dag.py:4180} INFO - Setting next_dagrun for raw_from_s3_to_pg to 2026-07-25 02:00:00+00:00, run_after=2026-07-26 02:00:00+00:00
[2026-07-25T15:31:46.675+0000] {processor.py:208} INFO - Processing /opt/airflow/dags/raw_from_s3_to_pg.py took 0.085 seconds
[2026-07-25T15:32:16.879+0000] {processor.py:186} INFO - Started process (PID=31845) to work on /opt/airflow/dags/raw_from_s3_to_pg.py
[2026-07-25T15:32:16.880+0000] {processor.py:914} INFO - Processing file /opt/airflow/dags/raw_from_s3_to_pg.py for tasks to queue
[2026-07-25T15:32:16.881+0000] {logging_mixin.py:190} INFO - [2026-07-25T15:32:16.881+0000] {dagbag.py:588} INFO - Filling up the DagBag from /opt/airflow/dags/raw_from_s3_to_pg.py
[2026-07-25T15:32:16.925+0000] {processor.py:925} INFO - DAG(s) 'raw_from_s3_to_pg' retrieved from /opt/airflow/dags/raw_from_s3_to_pg.py
[2026-07-25T15:32:16.932+0000] {logging_mixin.py:190} INFO - [2026-07-25T15:32:16.932+0000] {dag.py:3239} INFO - Sync 1 DAGs
[2026-07-25T15:32:16.947+0000] {logging_mixin.py:190} INFO - [2026-07-25T15:32:16.947+0000] {dag.py:4180} INFO - Setting next_dagrun for raw_from_s3_to_pg to 2026-07-25 02:00:00+00:00, run_after=2026-07-26 02:00:00+00:00
[2026-07-25T15:32:16.957+0000] {processor.py:208} INFO - Processing /opt/airflow/dags/raw_from_s3_to_pg.py took 0.082 seconds
[2026-07-25T15:32:47.172+0000] {processor.py:186} INFO - Started process (PID=31889) to work on /opt/airflow/dags/raw_from_s3_to_pg.py
[2026-07-25T15:32:47.173+0000] {processor.py:914} INFO - Processing file /opt/airflow/dags/raw_from_s3_to_pg.py for tasks to queue
[2026-07-25T15:32:47.175+0000] {logging_mixin.py:190} INFO - [2026-07-25T15:32:47.174+0000] {dagbag.py:588} INFO - Filling up the DagBag from /opt/airflow/dags/raw_from_s3_to_pg.py
[2026-07-25T15:32:47.217+0000] {processor.py:925} INFO - DAG(s) 'raw_from_s3_to_pg' retrieved from /opt/airflow/dags/raw_from_s3_to_pg.py
[2026-07-25T15:32:47.224+0000] {logging_mixin.py:190} INFO - [2026-07-25T15:32:47.224+0000] {dag.py:3239} INFO - Sync 1 DAGs
[2026-07-25T15:32:47.237+0000] {logging_mixin.py:190} INFO - [2026-07-25T15:32:47.237+0000] {dag.py:4180} INFO - Setting next_dagrun for raw_from_s3_to_pg to 2026-07-25 02:00:00+00:00, run_after=2026-07-26 02:00:00+00:00
[2026-07-25T15:32:47.249+0000] {processor.py:208} INFO - Processing /opt/airflow/dags/raw_from_s3_to_pg.py took 0.082 seconds
[2026-07-25T15:33:17.502+0000] {processor.py:186} INFO - Started process (PID=31926) to work on /opt/airflow/dags/raw_from_s3_to_pg.py
[2026-07-25T15:33:17.502+0000] {processor.py:914} INFO - Processing file /opt/airflow/dags/raw_from_s3_to_pg.py for tasks to queue
[2026-07-25T15:33:17.505+0000] {logging_mixin.py:190} INFO - [2026-07-25T15:33:17.504+0000] {dagbag.py:588} INFO - Filling up the DagBag from /opt/airflow/dags/raw_from_s3_to_pg.py
[2026-07-25T15:33:17.546+0000] {processor.py:925} INFO - DAG(s) 'raw_from_s3_to_pg' retrieved from /opt/airflow/dags/raw_from_s3_to_pg.py
[2026-07-25T15:33:17.553+0000] {logging_mixin.py:190} INFO - [2026-07-25T15:33:17.552+0000] {dag.py:3239} INFO - Sync 1 DAGs
[2026-07-25T15:33:17.564+0000] {logging_mixin.py:190} INFO - [2026-07-25T15:33:17.564+0000] {dag.py:4180} INFO - Setting next_dagrun for raw_from_s3_to_pg to 2026-07-25 02:00:00+00:00, run_after=2026-07-26 02:00:00+00:00
[2026-07-25T15:33:17.575+0000] {processor.py:208} INFO - Processing /opt/airflow/dags/raw_from_s3_to_pg.py took 0.077 seconds
[2026-07-25T15:33:47.774+0000] {processor.py:186} INFO - Started process (PID=31964) to work on /opt/airflow/dags/raw_from_s3_to_pg.py
[2026-07-25T15:33:47.777+0000] {processor.py:914} INFO - Processing file /opt/airflow/dags/raw_from_s3_to_pg.py for tasks to queue
[2026-07-25T15:33:47.779+0000] {logging_mixin.py:190} INFO - [2026-07-25T15:33:47.778+0000] {dagbag.py:588} INFO - Filling up the DagBag from /opt/airflow/dags/raw_from_s3_to_pg.py
[2026-07-25T15:33:47.819+0000] {processor.py:925} INFO - DAG(s) 'raw_from_s3_to_pg' retrieved from /opt/airflow/dags/raw_from_s3_to_pg.py
[2026-07-25T15:33:47.825+0000] {logging_mixin.py:190} INFO - [2026-07-25T15:33:47.825+0000] {dag.py:3239} INFO - Sync 1 DAGs
[2026-07-25T15:33:47.837+0000] {logging_mixin.py:190} INFO - [2026-07-25T15:33:47.837+0000] {dag.py:4180} INFO - Setting next_dagrun for raw_from_s3_to_pg to 2026-07-25 02:00:00+00:00, run_after=2026-07-26 02:00:00+00:00
[2026-07-25T15:33:47.848+0000] {processor.py:208} INFO - Processing /opt/airflow/dags/raw_from_s3_to_pg.py took 0.083 seconds
[2026-07-25T15:34:17.980+0000] {processor.py:186} INFO - Started process (PID=31996) to work on /opt/airflow/dags/raw_from_s3_to_pg.py
[2026-07-25T15:34:17.980+0000] {processor.py:914} INFO - Processing file /opt/airflow/dags/raw_from_s3_to_pg.py for tasks to queue
[2026-07-25T15:34:17.982+0000] {logging_mixin.py:190} INFO - [2026-07-25T15:34:17.981+0000] {dagbag.py:588} INFO - Filling up the DagBag from /opt/airflow/dags/raw_from_s3_to_pg.py
[2026-07-25T15:34:18.023+0000] {processor.py:925} INFO - DAG(s) 'raw_from_s3_to_pg' retrieved from /opt/airflow/dags/raw_from_s3_to_pg.py
[2026-07-25T15:34:18.030+0000] {logging_mixin.py:190} INFO - [2026-07-25T15:34:18.029+0000] {dag.py:3239} INFO - Sync 1 DAGs
[2026-07-25T15:34:18.042+0000] {logging_mixin.py:190} INFO - [2026-07-25T15:34:18.042+0000] {dag.py:4180} INFO - Setting next_dagrun for raw_from_s3_to_pg to 2026-07-25 02:00:00+00:00, run_after=2026-07-26 02:00:00+00:00
[2026-07-25T15:34:18.053+0000] {processor.py:208} INFO - Processing /opt/airflow/dags/raw_from_s3_to_pg.py took 0.079 seconds
[2026-07-25T15:34:48.322+0000] {processor.py:186} INFO - Started process (PID=32040) to work on /opt/airflow/dags/raw_from_s3_to_pg.py
[2026-07-25T15:34:48.323+0000] {processor.py:914} INFO - Processing file /opt/airflow/dags/raw_from_s3_to_pg.py for tasks to queue
[2026-07-25T15:34:48.324+0000] {logging_mixin.py:190} INFO - [2026-07-25T15:34:48.324+0000] {dagbag.py:588} INFO - Filling up the DagBag from /opt/airflow/dags/raw_from_s3_to_pg.py
[2026-07-25T15:34:48.365+0000] {processor.py:925} INFO - DAG(s) 'raw_from_s3_to_pg' retrieved from /opt/airflow/dags/raw_from_s3_to_pg.py
[2026-07-25T15:34:48.371+0000] {logging_mixin.py:190} INFO - [2026-07-25T15:34:48.371+0000] {dag.py:3239} INFO - Sync 1 DAGs
[2026-07-25T15:34:48.382+0000] {logging_mixin.py:190} INFO - [2026-07-25T15:34:48.382+0000] {dag.py:4180} INFO - Setting next_dagrun for raw_from_s3_to_pg to 2026-07-25 02:00:00+00:00, run_after=2026-07-26 02:00:00+00:00
[2026-07-25T15:34:48.393+0000] {processor.py:208} INFO - Processing /opt/airflow/dags/raw_from_s3_to_pg.py took 0.075 seconds
[2026-07-25T15:35:18.765+0000] {processor.py:186} INFO - Started process (PID=32079) to work on /opt/airflow/dags/raw_from_s3_to_pg.py
[2026-07-25T15:35:18.765+0000] {processor.py:914} INFO - Processing file /opt/airflow/dags/raw_from_s3_to_pg.py for tasks to queue
[2026-07-25T15:35:18.766+0000] {logging_mixin.py:190} INFO - [2026-07-25T15:35:18.766+0000] {dagbag.py:588} INFO - Filling up the DagBag from /opt/airflow/dags/raw_from_s3_to_pg.py
[2026-07-25T15:35:18.810+0000] {processor.py:925} INFO - DAG(s) 'raw_from_s3_to_pg' retrieved from /opt/airflow/dags/raw_from_s3_to_pg.py
[2026-07-25T15:35:18.818+0000] {logging_mixin.py:190} INFO - [2026-07-25T15:35:18.818+0000] {dag.py:3239} INFO - Sync 1 DAGs
[2026-07-25T15:35:18.830+0000] {logging_mixin.py:190} INFO - [2026-07-25T15:35:18.830+0000] {dag.py:4180} INFO - Setting next_dagrun for raw_from_s3_to_pg to 2026-07-25 02:00:00+00:00, run_after=2026-07-26 02:00:00+00:00
[2026-07-25T15:35:18.839+0000] {processor.py:208} INFO - Processing /opt/airflow/dags/raw_from_s3_to_pg.py took 0.079 seconds
[2026-07-25T15:35:49.158+0000] {processor.py:186} INFO - Started process (PID=32118) to work on /opt/airflow/dags/raw_from_s3_to_pg.py
[2026-07-25T15:35:49.161+0000] {processor.py:914} INFO - Processing file /opt/airflow/dags/raw_from_s3_to_pg.py for tasks to queue
[2026-07-25T15:35:49.163+0000] {logging_mixin.py:190} INFO - [2026-07-25T15:35:49.163+0000] {dagbag.py:588} INFO - Filling up the DagBag from /opt/airflow/dags/raw_from_s3_to_pg.py
[2026-07-25T15:35:49.202+0000] {processor.py:925} INFO - DAG(s) 'raw_from_s3_to_pg' retrieved from /opt/airflow/dags/raw_from_s3_to_pg.py
[2026-07-25T15:35:49.208+0000] {logging_mixin.py:190} INFO - [2026-07-25T15:35:49.208+0000] {dag.py:3239} INFO - Sync 1 DAGs
[2026-07-25T15:35:49.220+0000] {logging_mixin.py:190} INFO - [2026-07-25T15:35:49.220+0000] {dag.py:4180} INFO - Setting next_dagrun for raw_from_s3_to_pg to 2026-07-25 02:00:00+00:00, run_after=2026-07-26 02:00:00+00:00
[2026-07-25T15:35:49.231+0000] {processor.py:208} INFO - Processing /opt/airflow/dags/raw_from_s3_to_pg.py took 0.077 seconds
[2026-07-25T15:36:19.587+0000] {processor.py:186} INFO - Started process (PID=32157) to work on /opt/airflow/dags/raw_from_s3_to_pg.py
[2026-07-25T15:36:19.588+0000] {processor.py:914} INFO - Processing file /opt/airflow/dags/raw_from_s3_to_pg.py for tasks to queue
[2026-07-25T15:36:19.589+0000] {logging_mixin.py:190} INFO - [2026-07-25T15:36:19.589+0000] {dagbag.py:588} INFO - Filling up the DagBag from /opt/airflow/dags/raw_from_s3_to_pg.py
[2026-07-25T15:36:19.629+0000] {processor.py:925} INFO - DAG(s) 'raw_from_s3_to_pg' retrieved from /opt/airflow/dags/raw_from_s3_to_pg.py
[2026-07-25T15:36:19.636+0000] {logging_mixin.py:190} INFO - [2026-07-25T15:36:19.636+0000] {dag.py:3239} INFO - Sync 1 DAGs
[2026-07-25T15:36:19.648+0000] {logging_mixin.py:190} INFO - [2026-07-25T15:36:19.648+0000] {dag.py:4180} INFO - Setting next_dagrun for raw_from_s3_to_pg to 2026-07-25 02:00:00+00:00, run_after=2026-07-26 02:00:00+00:00
[2026-07-25T15:36:19.659+0000] {processor.py:208} INFO - Processing /opt/airflow/dags/raw_from_s3_to_pg.py took 0.075 seconds
[2026-07-25T15:36:50.040+0000] {processor.py:186} INFO - Started process (PID=32196) to work on /opt/airflow/dags/raw_from_s3_to_pg.py
[2026-07-25T15:36:50.044+0000] {processor.py:914} INFO - Processing file /opt/airflow/dags/raw_from_s3_to_pg.py for tasks to queue
[2026-07-25T15:36:50.045+0000] {logging_mixin.py:190} INFO - [2026-07-25T15:36:50.045+0000] {dagbag.py:588} INFO - Filling up the DagBag from /opt/airflow/dags/raw_from_s3_to_pg.py
[2026-07-25T15:36:50.087+0000] {processor.py:925} INFO - DAG(s) 'raw_from_s3_to_pg' retrieved from /opt/airflow/dags/raw_from_s3_to_pg.py
[2026-07-25T15:36:50.093+0000] {logging_mixin.py:190} INFO - [2026-07-25T15:36:50.093+0000] {dag.py:3239} INFO - Sync 1 DAGs
[2026-07-25T15:36:50.107+0000] {logging_mixin.py:190} INFO - [2026-07-25T15:36:50.107+0000] {dag.py:4180} INFO - Setting next_dagrun for raw_from_s3_to_pg to 2026-07-25 02:00:00+00:00, run_after=2026-07-26 02:00:00+00:00
[2026-07-25T15:36:50.117+0000] {processor.py:208} INFO - Processing /opt/airflow/dags/raw_from_s3_to_pg.py took 0.081 seconds
[2026-07-25T15:37:20.418+0000] {processor.py:186} INFO - Started process (PID=32235) to work on /opt/airflow/dags/raw_from_s3_to_pg.py
[2026-07-25T15:37:20.418+0000] {processor.py:914} INFO - Processing file /opt/airflow/dags/raw_from_s3_to_pg.py for tasks to queue
[2026-07-25T15:37:20.419+0000] {logging_mixin.py:190} INFO - [2026-07-25T15:37:20.419+0000] {dagbag.py:588} INFO - Filling up the DagBag from /opt/airflow/dags/raw_from_s3_to_pg.py
[2026-07-25T15:37:20.461+0000] {processor.py:925} INFO - DAG(s) 'raw_from_s3_to_pg' retrieved from /opt/airflow/dags/raw_from_s3_to_pg.py
[2026-07-25T15:37:20.468+0000] {logging_mixin.py:190} INFO - [2026-07-25T15:37:20.468+0000] {dag.py:3239} INFO - Sync 1 DAGs
[2026-07-25T15:37:20.479+0000] {logging_mixin.py:190} INFO - [2026-07-25T15:37:20.479+0000] {dag.py:4180} INFO - Setting next_dagrun for raw_from_s3_to_pg to 2026-07-25 02:00:00+00:00, run_after=2026-07-26 02:00:00+00:00
[2026-07-25T15:37:20.489+0000] {processor.py:208} INFO - Processing /opt/airflow/dags/raw_from_s3_to_pg.py took 0.075 seconds
[2026-07-25T15:37:50.903+0000] {processor.py:186} INFO - Started process (PID=32274) to work on /opt/airflow/dags/raw_from_s3_to_pg.py
[2026-07-25T15:37:50.906+0000] {processor.py:914} INFO - Processing file /opt/airflow/dags/raw_from_s3_to_pg.py for tasks to queue
[2026-07-25T15:37:50.907+0000] {logging_mixin.py:190} INFO - [2026-07-25T15:37:50.907+0000] {dagbag.py:588} INFO - Filling up the DagBag from /opt/airflow/dags/raw_from_s3_to_pg.py
[2026-07-25T15:37:50.946+0000] {processor.py:925} INFO - DAG(s) 'raw_from_s3_to_pg' retrieved from /opt/airflow/dags/raw_from_s3_to_pg.py
[2026-07-25T15:37:50.952+0000] {logging_mixin.py:190} INFO - [2026-07-25T15:37:50.952+0000] {dag.py:3239} INFO - Sync 1 DAGs
[2026-07-25T15:37:50.964+0000] {logging_mixin.py:190} INFO - [2026-07-25T15:37:50.964+0000] {dag.py:4180} INFO - Setting next_dagrun for raw_from_s3_to_pg to 2026-07-25 02:00:00+00:00, run_after=2026-07-26 02:00:00+00:00
[2026-07-25T15:37:50.974+0000] {processor.py:208} INFO - Processing /opt/airflow/dags/raw_from_s3_to_pg.py took 0.075 seconds
[2026-07-25T15:38:21.372+0000] {processor.py:186} INFO - Started process (PID=32313) to work on /opt/airflow/dags/raw_from_s3_to_pg.py
[2026-07-25T15:38:21.373+0000] {processor.py:914} INFO - Processing file /opt/airflow/dags/raw_from_s3_to_pg.py for tasks to queue
[2026-07-25T15:38:21.374+0000] {logging_mixin.py:190} INFO - [2026-07-25T15:38:21.374+0000] {dagbag.py:588} INFO - Filling up the DagBag from /opt/airflow/dags/raw_from_s3_to_pg.py
[2026-07-25T15:38:21.417+0000] {processor.py:925} INFO - DAG(s) 'raw_from_s3_to_pg' retrieved from /opt/airflow/dags/raw_from_s3_to_pg.py
[2026-07-25T15:38:21.423+0000] {logging_mixin.py:190} INFO - [2026-07-25T15:38:21.423+0000] {dag.py:3239} INFO - Sync 1 DAGs
[2026-07-25T15:38:21.436+0000] {logging_mixin.py:190} INFO - [2026-07-25T15:38:21.436+0000] {dag.py:4180} INFO - Setting next_dagrun for raw_from_s3_to_pg to 2026-07-25 02:00:00+00:00, run_after=2026-07-26 02:00:00+00:00
[2026-07-25T15:38:21.445+0000] {processor.py:208} INFO - Processing /opt/airflow/dags/raw_from_s3_to_pg.py took 0.078 seconds
[2026-07-25T15:38:51.842+0000] {processor.py:186} INFO - Started process (PID=32352) to work on /opt/airflow/dags/raw_from_s3_to_pg.py
[2026-07-25T15:38:51.846+0000] {processor.py:914} INFO - Processing file /opt/airflow/dags/raw_from_s3_to_pg.py for tasks to queue
[2026-07-25T15:38:51.847+0000] {logging_mixin.py:190} INFO - [2026-07-25T15:38:51.847+0000] {dagbag.py:588} INFO - Filling up the DagBag from /opt/airflow/dags/raw_from_s3_to_pg.py
[2026-07-25T15:38:51.888+0000] {processor.py:925} INFO - DAG(s) 'raw_from_s3_to_pg' retrieved from /opt/airflow/dags/raw_from_s3_to_pg.py
[2026-07-25T15:38:51.895+0000] {logging_mixin.py:190} INFO - [2026-07-25T15:38:51.895+0000] {dag.py:3239} INFO - Sync 1 DAGs
[2026-07-25T15:38:51.907+0000] {logging_mixin.py:190} INFO - [2026-07-25T15:38:51.907+0000] {dag.py:4180} INFO - Setting next_dagrun for raw_from_s3_to_pg to 2026-07-25 02:00:00+00:00, run_after=2026-07-26 02:00:00+00:00
[2026-07-25T15:38:51.918+0000] {processor.py:208} INFO - Processing /opt/airflow/dags/raw_from_s3_to_pg.py took 0.080 seconds
[2026-07-25T15:39:22.336+0000] {processor.py:186} INFO - Started process (PID=32391) to work on /opt/airflow/dags/raw_from_s3_to_pg.py
[2026-07-25T15:39:22.337+0000] {processor.py:914} INFO - Processing file /opt/airflow/dags/raw_from_s3_to_pg.py for tasks to queue
[2026-07-25T15:39:22.338+0000] {logging_mixin.py:190} INFO - [2026-07-25T15:39:22.338+0000] {dagbag.py:588} INFO - Filling up the DagBag from /opt/airflow/dags/raw_from_s3_to_pg.py
[2026-07-25T15:39:22.379+0000] {processor.py:925} INFO - DAG(s) 'raw_from_s3_to_pg' retrieved from /opt/airflow/dags/raw_from_s3_to_pg.py
[2026-07-25T15:39:22.385+0000] {logging_mixin.py:190} INFO - [2026-07-25T15:39:22.385+0000] {dag.py:3239} INFO - Sync 1 DAGs
[2026-07-25T15:39:22.397+0000] {logging_mixin.py:190} INFO - [2026-07-25T15:39:22.397+0000] {dag.py:4180} INFO - Setting next_dagrun for raw_from_s3_to_pg to 2026-07-25 02:00:00+00:00, run_after=2026-07-26 02:00:00+00:00
[2026-07-25T15:39:22.408+0000] {processor.py:208} INFO - Processing /opt/airflow/dags/raw_from_s3_to_pg.py took 0.076 seconds
[2026-07-25T15:39:52.799+0000] {processor.py:186} INFO - Started process (PID=32430) to work on /opt/airflow/dags/raw_from_s3_to_pg.py
[2026-07-25T15:39:52.802+0000] {processor.py:914} INFO - Processing file /opt/airflow/dags/raw_from_s3_to_pg.py for tasks to queue
[2026-07-25T15:39:52.803+0000] {logging_mixin.py:190} INFO - [2026-07-25T15:39:52.803+0000] {dagbag.py:588} INFO - Filling up the DagBag from /opt/airflow/dags/raw_from_s3_to_pg.py
[2026-07-25T15:39:52.840+0000] {processor.py:925} INFO - DAG(s) 'raw_from_s3_to_pg' retrieved from /opt/airflow/dags/raw_from_s3_to_pg.py
[2026-07-25T15:39:52.847+0000] {logging_mixin.py:190} INFO - [2026-07-25T15:39:52.847+0000] {dag.py:3239} INFO - Sync 1 DAGs
[2026-07-25T15:39:52.859+0000] {logging_mixin.py:190} INFO - [2026-07-25T15:39:52.859+0000] {dag.py:4180} INFO - Setting next_dagrun for raw_from_s3_to_pg to 2026-07-25 02:00:00+00:00, run_after=2026-07-26 02:00:00+00:00
[2026-07-25T15:39:52.870+0000] {processor.py:208} INFO - Processing /opt/airflow/dags/raw_from_s3_to_pg.py took 0.074 seconds
[2026-07-25T15:40:23.237+0000] {processor.py:186} INFO - Started process (PID=32469) to work on /opt/airflow/dags/raw_from_s3_to_pg.py
[2026-07-25T15:40:23.238+0000] {processor.py:914} INFO - Processing file /opt/airflow/dags/raw_from_s3_to_pg.py for tasks to queue
[2026-07-25T15:40:23.239+0000] {logging_mixin.py:190} INFO - [2026-07-25T15:40:23.239+0000] {dagbag.py:588} INFO - Filling up the DagBag from /opt/airflow/dags/raw_from_s3_to_pg.py
[2026-07-25T15:40:23.277+0000] {processor.py:925} INFO - DAG(s) 'raw_from_s3_to_pg' retrieved from /opt/airflow/dags/raw_from_s3_to_pg.py
[2026-07-25T15:40:23.283+0000] {logging_mixin.py:190} INFO - [2026-07-25T15:40:23.283+0000] {dag.py:3239} INFO - Sync 1 DAGs
[2026-07-25T15:40:23.295+0000] {logging_mixin.py:190} INFO - [2026-07-25T15:40:23.294+0000] {dag.py:4180} INFO - Setting next_dagrun for raw_from_s3_to_pg to 2026-07-25 02:00:00+00:00, run_after=2026-07-26 02:00:00+00:00
[2026-07-25T15:40:23.305+0000] {processor.py:208} INFO - Processing /opt/airflow/dags/raw_from_s3_to_pg.py took 0.072 seconds
[2026-07-25T15:40:53.461+0000] {processor.py:186} INFO - Started process (PID=32508) to work on /opt/airflow/dags/raw_from_s3_to_pg.py
[2026-07-25T15:40:53.464+0000] {processor.py:914} INFO - Processing file /opt/airflow/dags/raw_from_s3_to_pg.py for tasks to queue
[2026-07-25T15:40:53.466+0000] {logging_mixin.py:190} INFO - [2026-07-25T15:40:53.465+0000] {dagbag.py:588} INFO - Filling up the DagBag from /opt/airflow/dags/raw_from_s3_to_pg.py
[2026-07-25T15:40:53.503+0000] {processor.py:925} INFO - DAG(s) 'raw_from_s3_to_pg' retrieved from /opt/airflow/dags/raw_from_s3_to_pg.py
[2026-07-25T15:40:53.509+0000] {logging_mixin.py:190} INFO - [2026-07-25T15:40:53.509+0000] {dag.py:3239} INFO - Sync 1 DAGs
[2026-07-25T15:40:53.521+0000] {logging_mixin.py:190} INFO - [2026-07-25T15:40:53.521+0000] {dag.py:4180} INFO - Setting next_dagrun for raw_from_s3_to_pg to 2026-07-25 02:00:00+00:00, run_after=2026-07-26 02:00:00+00:00
[2026-07-25T15:40:53.533+0000] {processor.py:208} INFO - Processing /opt/airflow/dags/raw_from_s3_to_pg.py took 0.075 seconds
[2026-07-25T15:41:23.866+0000] {processor.py:186} INFO - Started process (PID=32547) to work on /opt/airflow/dags/raw_from_s3_to_pg.py
[2026-07-25T15:41:23.866+0000] {processor.py:914} INFO - Processing file /opt/airflow/dags/raw_from_s3_to_pg.py for tasks to queue
[2026-07-25T15:41:23.868+0000] {logging_mixin.py:190} INFO - [2026-07-25T15:41:23.867+0000] {dagbag.py:588} INFO - Filling up the DagBag from /opt/airflow/dags/raw_from_s3_to_pg.py
[2026-07-25T15:41:23.911+0000] {processor.py:925} INFO - DAG(s) 'raw_from_s3_to_pg' retrieved from /opt/airflow/dags/raw_from_s3_to_pg.py
[2026-07-25T15:41:23.917+0000] {logging_mixin.py:190} INFO - [2026-07-25T15:41:23.917+0000] {dag.py:3239} INFO - Sync 1 DAGs
[2026-07-25T15:41:23.929+0000] {logging_mixin.py:190} INFO - [2026-07-25T15:41:23.929+0000] {dag.py:4180} INFO - Setting next_dagrun for raw_from_s3_to_pg to 2026-07-25 02:00:00+00:00, run_after=2026-07-26 02:00:00+00:00
[2026-07-25T15:41:23.941+0000] {processor.py:208} INFO - Processing /opt/airflow/dags/raw_from_s3_to_pg.py took 0.079 seconds
[2026-07-25T15:41:54.281+0000] {processor.py:186} INFO - Started process (PID=32586) to work on /opt/airflow/dags/raw_from_s3_to_pg.py
[2026-07-25T15:41:54.284+0000] {processor.py:914} INFO - Processing file /opt/airflow/dags/raw_from_s3_to_pg.py for tasks to queue
[2026-07-25T15:41:54.285+0000] {logging_mixin.py:190} INFO - [2026-07-25T15:41:54.285+0000] {dagbag.py:588} INFO - Filling up the DagBag from /opt/airflow/dags/raw_from_s3_to_pg.py
[2026-07-25T15:41:54.325+0000] {processor.py:925} INFO - DAG(s) 'raw_from_s3_to_pg' retrieved from /opt/airflow/dags/raw_from_s3_to_pg.py
[2026-07-25T15:41:54.332+0000] {logging_mixin.py:190} INFO - [2026-07-25T15:41:54.332+0000] {dag.py:3239} INFO - Sync 1 DAGs
[2026-07-25T15:41:54.344+0000] {logging_mixin.py:190} INFO - [2026-07-25T15:41:54.344+0000] {dag.py:4180} INFO - Setting next_dagrun for raw_from_s3_to_pg to 2026-07-25 02:00:00+00:00, run_after=2026-07-26 02:00:00+00:00
[2026-07-25T15:41:54.354+0000] {processor.py:208} INFO - Processing /opt/airflow/dags/raw_from_s3_to_pg.py took 0.077 seconds
[2026-07-25T15:42:24.661+0000] {processor.py:186} INFO - Started process (PID=32625) to work on /opt/airflow/dags/raw_from_s3_to_pg.py
[2026-07-25T15:42:24.662+0000] {processor.py:914} INFO - Processing file /opt/airflow/dags/raw_from_s3_to_pg.py for tasks to queue
[2026-07-25T15:42:24.663+0000] {logging_mixin.py:190} INFO - [2026-07-25T15:42:24.663+0000] {dagbag.py:588} INFO - Filling up the DagBag from /opt/airflow/dags/raw_from_s3_to_pg.py
[2026-07-25T15:42:24.705+0000] {processor.py:925} INFO - DAG(s) 'raw_from_s3_to_pg' retrieved from /opt/airflow/dags/raw_from_s3_to_pg.py
[2026-07-25T15:42:24.712+0000] {logging_mixin.py:190} INFO - [2026-07-25T15:42:24.712+0000] {dag.py:3239} INFO - Sync 1 DAGs
[2026-07-25T15:42:24.724+0000] {logging_mixin.py:190} INFO - [2026-07-25T15:42:24.724+0000] {dag.py:4180} INFO - Setting next_dagrun for raw_from_s3_to_pg to 2026-07-25 02:00:00+00:00, run_after=2026-07-26 02:00:00+00:00
[2026-07-25T15:42:24.733+0000] {processor.py:208} INFO - Processing /opt/airflow/dags/raw_from_s3_to_pg.py took 0.075 seconds
[2026-07-25T15:42:55.104+0000] {processor.py:186} INFO - Started process (PID=32665) to work on /opt/airflow/dags/raw_from_s3_to_pg.py
[2026-07-25T15:42:55.107+0000] {processor.py:914} INFO - Processing file /opt/airflow/dags/raw_from_s3_to_pg.py for tasks to queue
[2026-07-25T15:42:55.108+0000] {logging_mixin.py:190} INFO - [2026-07-25T15:42:55.108+0000] {dagbag.py:588} INFO - Filling up the DagBag from /opt/airflow/dags/raw_from_s3_to_pg.py
[2026-07-25T15:42:55.149+0000] {processor.py:925} INFO - DAG(s) 'raw_from_s3_to_pg' retrieved from /opt/airflow/dags/raw_from_s3_to_pg.py
[2026-07-25T15:42:55.155+0000] {logging_mixin.py:190} INFO - [2026-07-25T15:42:55.155+0000] {dag.py:3239} INFO - Sync 1 DAGs
[2026-07-25T15:42:55.167+0000] {logging_mixin.py:190} INFO - [2026-07-25T15:42:55.167+0000] {dag.py:4180} INFO - Setting next_dagrun for raw_from_s3_to_pg to 2026-07-25 02:00:00+00:00, run_after=2026-07-26 02:00:00+00:00
[2026-07-25T15:42:55.176+0000] {processor.py:208} INFO - Processing /opt/airflow/dags/raw_from_s3_to_pg.py took 0.076 seconds
[2026-07-25T15:43:25.480+0000] {processor.py:186} INFO - Started process (PID=32704) to work on /opt/airflow/dags/raw_from_s3_to_pg.py
[2026-07-25T15:43:25.480+0000] {processor.py:914} INFO - Processing file /opt/airflow/dags/raw_from_s3_to_pg.py for tasks to queue
[2026-07-25T15:43:25.481+0000] {logging_mixin.py:190} INFO - [2026-07-25T15:43:25.481+0000] {dagbag.py:588} INFO - Filling up the DagBag from /opt/airflow/dags/raw_from_s3_to_pg.py
[2026-07-25T15:43:25.520+0000] {processor.py:925} INFO - DAG(s) 'raw_from_s3_to_pg' retrieved from /opt/airflow/dags/raw_from_s3_to_pg.py
[2026-07-25T15:43:25.526+0000] {logging_mixin.py:190} INFO - [2026-07-25T15:43:25.526+0000] {dag.py:3239} INFO - Sync 1 DAGs
[2026-07-25T15:43:25.538+0000] {logging_mixin.py:190} INFO - [2026-07-25T15:43:25.538+0000] {dag.py:4180} INFO - Setting next_dagrun for raw_from_s3_to_pg to 2026-07-25 02:00:00+00:00, run_after=2026-07-26 02:00:00+00:00
[2026-07-25T15:43:25.549+0000] {processor.py:208} INFO - Processing /opt/airflow/dags/raw_from_s3_to_pg.py took 0.073 seconds
[2026-07-25T15:43:55.888+0000] {processor.py:186} INFO - Started process (PID=32743) to work on /opt/airflow/dags/raw_from_s3_to_pg.py
[2026-07-25T15:43:55.891+0000] {processor.py:914} INFO - Processing file /opt/airflow/dags/raw_from_s3_to_pg.py for tasks to queue
[2026-07-25T15:43:55.892+0000] {logging_mixin.py:190} INFO - [2026-07-25T15:43:55.892+0000] {dagbag.py:588} INFO - Filling up the DagBag from /opt/airflow/dags/raw_from_s3_to_pg.py
[2026-07-25T15:43:55.932+0000] {processor.py:925} INFO - DAG(s) 'raw_from_s3_to_pg' retrieved from /opt/airflow/dags/raw_from_s3_to_pg.py
[2026-07-25T15:43:55.939+0000] {logging_mixin.py:190} INFO - [2026-07-25T15:43:55.939+0000] {dag.py:3239} INFO - Sync 1 DAGs
[2026-07-25T15:43:55.954+0000] {logging_mixin.py:190} INFO - [2026-07-25T15:43:55.954+0000] {dag.py:4180} INFO - Setting next_dagrun for raw_from_s3_to_pg to 2026-07-25 02:00:00+00:00, run_after=2026-07-26 02:00:00+00:00
[2026-07-25T15:43:55.966+0000] {processor.py:208} INFO - Processing /opt/airflow/dags/raw_from_s3_to_pg.py took 0.081 seconds
[2026-07-25T15:44:26.278+0000] {processor.py:186} INFO - Started process (PID=32782) to work on /opt/airflow/dags/raw_from_s3_to_pg.py
[2026-07-25T15:44:26.279+0000] {processor.py:914} INFO - Processing file /opt/airflow/dags/raw_from_s3_to_pg.py for tasks to queue
[2026-07-25T15:44:26.280+0000] {logging_mixin.py:190} INFO - [2026-07-25T15:44:26.280+0000] {dagbag.py:588} INFO - Filling up the DagBag from /opt/airflow/dags/raw_from_s3_to_pg.py
[2026-07-25T15:44:26.317+0000] {processor.py:925} INFO - DAG(s) 'raw_from_s3_to_pg' retrieved from /opt/airflow/dags/raw_from_s3_to_pg.py
[2026-07-25T15:44:26.323+0000] {logging_mixin.py:190} INFO - [2026-07-25T15:44:26.323+0000] {dag.py:3239} INFO - Sync 1 DAGs
[2026-07-25T15:44:26.336+0000] {logging_mixin.py:190} INFO - [2026-07-25T15:44:26.336+0000] {dag.py:4180} INFO - Setting next_dagrun for raw_from_s3_to_pg to 2026-07-25 02:00:00+00:00, run_after=2026-07-26 02:00:00+00:00
[2026-07-25T15:44:26.347+0000] {processor.py:208} INFO - Processing /opt/airflow/dags/raw_from_s3_to_pg.py took 0.073 seconds
[2026-07-25T15:44:56.695+0000] {processor.py:186} INFO - Started process (PID=32822) to work on /opt/airflow/dags/raw_from_s3_to_pg.py
[2026-07-25T15:44:56.698+0000] {processor.py:914} INFO - Processing file /opt/airflow/dags/raw_from_s3_to_pg.py for tasks to queue
[2026-07-25T15:44:56.699+0000] {logging_mixin.py:190} INFO - [2026-07-25T15:44:56.699+0000] {dagbag.py:588} INFO - Filling up the DagBag from /opt/airflow/dags/raw_from_s3_to_pg.py
[2026-07-25T15:44:56.741+0000] {processor.py:925} INFO - DAG(s) 'raw_from_s3_to_pg' retrieved from /opt/airflow/dags/raw_from_s3_to_pg.py
[2026-07-25T15:44:56.748+0000] {logging_mixin.py:190} INFO - [2026-07-25T15:44:56.748+0000] {dag.py:3239} INFO - Sync 1 DAGs
[2026-07-25T15:44:56.761+0000] {logging_mixin.py:190} INFO - [2026-07-25T15:44:56.761+0000] {dag.py:4180} INFO - Setting next_dagrun for raw_from_s3_to_pg to 2026-07-25 02:00:00+00:00, run_after=2026-07-26 02:00:00+00:00
[2026-07-25T15:44:56.772+0000] {processor.py:208} INFO - Processing /opt/airflow/dags/raw_from_s3_to_pg.py took 0.079 seconds
[2026-07-25T15:45:27.243+0000] {processor.py:186} INFO - Started process (PID=32863) to work on /opt/airflow/dags/raw_from_s3_to_pg.py
[2026-07-25T15:45:27.244+0000] {processor.py:914} INFO - Processing file /opt/airflow/dags/raw_from_s3_to_pg.py for tasks to queue
[2026-07-25T15:45:27.245+0000] {logging_mixin.py:190} INFO - [2026-07-25T15:45:27.244+0000] {dagbag.py:588} INFO - Filling up the DagBag from /opt/airflow/dags/raw_from_s3_to_pg.py
[2026-07-25T15:45:27.284+0000] {processor.py:925} INFO - DAG(s) 'raw_from_s3_to_pg' retrieved from /opt/airflow/dags/raw_from_s3_to_pg.py
[2026-07-25T15:45:27.291+0000] {logging_mixin.py:190} INFO - [2026-07-25T15:45:27.291+0000] {dag.py:3239} INFO - Sync 1 DAGs
[2026-07-25T15:45:27.303+0000] {logging_mixin.py:190} INFO - [2026-07-25T15:45:27.303+0000] {dag.py:4180} INFO - Setting next_dagrun for raw_from_s3_to_pg to 2026-07-25 02:00:00+00:00, run_after=2026-07-26 02:00:00+00:00
[2026-07-25T15:45:27.314+0000] {processor.py:208} INFO - Processing /opt/airflow/dags/raw_from_s3_to_pg.py took 0.075 seconds
[2026-07-25T15:45:57.699+0000] {processor.py:186} INFO - Started process (PID=32903) to work on /opt/airflow/dags/raw_from_s3_to_pg.py
[2026-07-25T15:45:57.700+0000] {processor.py:914} INFO - Processing file /opt/airflow/dags/raw_from_s3_to_pg.py for tasks to queue
[2026-07-25T15:45:57.702+0000] {logging_mixin.py:190} INFO - [2026-07-25T15:45:57.701+0000] {dagbag.py:588} INFO - Filling up the DagBag from /opt/airflow/dags/raw_from_s3_to_pg.py
[2026-07-25T15:45:57.742+0000] {processor.py:925} INFO - DAG(s) 'raw_from_s3_to_pg' retrieved from /opt/airflow/dags/raw_from_s3_to_pg.py
[2026-07-25T15:45:57.749+0000] {logging_mixin.py:190} INFO - [2026-07-25T15:45:57.748+0000] {dag.py:3239} INFO - Sync 1 DAGs
[2026-07-25T15:45:57.761+0000] {logging_mixin.py:190} INFO - [2026-07-25T15:45:57.761+0000] {dag.py:4180} INFO - Setting next_dagrun for raw_from_s3_to_pg to 2026-07-25 02:00:00+00:00, run_after=2026-07-26 02:00:00+00:00
[2026-07-25T15:45:57.770+0000] {processor.py:208} INFO - Processing /opt/airflow/dags/raw_from_s3_to_pg.py took 0.075 seconds
[2026-07-25T15:46:28.243+0000] {processor.py:186} INFO - Started process (PID=32943) to work on /opt/airflow/dags/raw_from_s3_to_pg.py
[2026-07-25T15:46:28.243+0000] {processor.py:914} INFO - Processing file /opt/airflow/dags/raw_from_s3_to_pg.py for tasks to queue
[2026-07-25T15:46:28.245+0000] {logging_mixin.py:190} INFO - [2026-07-25T15:46:28.244+0000] {dagbag.py:588} INFO - Filling up the DagBag from /opt/airflow/dags/raw_from_s3_to_pg.py
[2026-07-25T15:46:28.286+0000] {processor.py:925} INFO - DAG(s) 'raw_from_s3_to_pg' retrieved from /opt/airflow/dags/raw_from_s3_to_pg.py
[2026-07-25T15:46:28.292+0000] {logging_mixin.py:190} INFO - [2026-07-25T15:46:28.292+0000] {dag.py:3239} INFO - Sync 1 DAGs
[2026-07-25T15:46:28.305+0000] {logging_mixin.py:190} INFO - [2026-07-25T15:46:28.305+0000] {dag.py:4180} INFO - Setting next_dagrun for raw_from_s3_to_pg to 2026-07-25 02:00:00+00:00, run_after=2026-07-26 02:00:00+00:00
[2026-07-25T15:46:28.314+0000] {processor.py:208} INFO - Processing /opt/airflow/dags/raw_from_s3_to_pg.py took 0.076 seconds
[2026-07-25T15:46:58.752+0000] {processor.py:186} INFO - Started process (PID=32983) to work on /opt/airflow/dags/raw_from_s3_to_pg.py
[2026-07-25T15:46:58.753+0000] {processor.py:914} INFO - Processing file /opt/airflow/dags/raw_from_s3_to_pg.py for tasks to queue
[2026-07-25T15:46:58.754+0000] {logging_mixin.py:190} INFO - [2026-07-25T15:46:58.754+0000] {dagbag.py:588} INFO - Filling up the DagBag from /opt/airflow/dags/raw_from_s3_to_pg.py
[2026-07-25T15:46:58.794+0000] {processor.py:925} INFO - DAG(s) 'raw_from_s3_to_pg' retrieved from /opt/airflow/dags/raw_from_s3_to_pg.py
[2026-07-25T15:46:58.800+0000] {logging_mixin.py:190} INFO - [2026-07-25T15:46:58.800+0000] {dag.py:3239} INFO - Sync 1 DAGs
[2026-07-25T15:46:58.812+0000] {logging_mixin.py:190} INFO - [2026-07-25T15:46:58.812+0000] {dag.py:4180} INFO - Setting next_dagrun for raw_from_s3_to_pg to 2026-07-25 02:00:00+00:00, run_after=2026-07-26 02:00:00+00:00
[2026-07-25T15:46:58.823+0000] {processor.py:208} INFO - Processing /opt/airflow/dags/raw_from_s3_to_pg.py took 0.073 seconds
[2026-07-25T15:47:29.258+0000] {processor.py:186} INFO - Started process (PID=33023) to work on /opt/airflow/dags/raw_from_s3_to_pg.py
[2026-07-25T15:47:29.258+0000] {processor.py:914} INFO - Processing file /opt/airflow/dags/raw_from_s3_to_pg.py for tasks to queue
[2026-07-25T15:47:29.260+0000] {logging_mixin.py:190} INFO - [2026-07-25T15:47:29.259+0000] {dagbag.py:588} INFO - Filling up the DagBag from /opt/airflow/dags/raw_from_s3_to_pg.py
[2026-07-25T15:47:29.304+0000] {processor.py:925} INFO - DAG(s) 'raw_from_s3_to_pg' retrieved from /opt/airflow/dags/raw_from_s3_to_pg.py
[2026-07-25T15:47:29.310+0000] {logging_mixin.py:190} INFO - [2026-07-25T15:47:29.310+0000] {dag.py:3239} INFO - Sync 1 DAGs
[2026-07-25T15:47:29.322+0000] {logging_mixin.py:190} INFO - [2026-07-25T15:47:29.322+0000] {dag.py:4180} INFO - Setting next_dagrun for raw_from_s3_to_pg to 2026-07-25 02:00:00+00:00, run_after=2026-07-26 02:00:00+00:00
[2026-07-25T15:47:29.339+0000] {processor.py:208} INFO - Processing /opt/airflow/dags/raw_from_s3_to_pg.py took 0.086 seconds
[2026-07-25T15:47:59.815+0000] {processor.py:186} INFO - Started process (PID=33063) to work on /opt/airflow/dags/raw_from_s3_to_pg.py
[2026-07-25T15:47:59.815+0000] {processor.py:914} INFO - Processing file /opt/airflow/dags/raw_from_s3_to_pg.py for tasks to queue
[2026-07-25T15:47:59.816+0000] {logging_mixin.py:190} INFO - [2026-07-25T15:47:59.816+0000] {dagbag.py:588} INFO - Filling up the DagBag from /opt/airflow/dags/raw_from_s3_to_pg.py
[2026-07-25T15:47:59.856+0000] {processor.py:925} INFO - DAG(s) 'raw_from_s3_to_pg' retrieved from /opt/airflow/dags/raw_from_s3_to_pg.py
[2026-07-25T15:47:59.863+0000] {logging_mixin.py:190} INFO - [2026-07-25T15:47:59.862+0000] {dag.py:3239} INFO - Sync 1 DAGs
[2026-07-25T15:47:59.875+0000] {logging_mixin.py:190} INFO - [2026-07-25T15:47:59.875+0000] {dag.py:4180} INFO - Setting next_dagrun for raw_from_s3_to_pg to 2026-07-25 02:00:00+00:00, run_after=2026-07-26 02:00:00+00:00
[2026-07-25T15:47:59.885+0000] {processor.py:208} INFO - Processing /opt/airflow/dags/raw_from_s3_to_pg.py took 0.074 seconds
[2026-07-25T15:48:30.362+0000] {processor.py:186} INFO - Started process (PID=33103) to work on /opt/airflow/dags/raw_from_s3_to_pg.py
[2026-07-25T15:48:30.363+0000] {processor.py:914} INFO - Processing file /opt/airflow/dags/raw_from_s3_to_pg.py for tasks to queue
[2026-07-25T15:48:30.364+0000] {logging_mixin.py:190} INFO - [2026-07-25T15:48:30.364+0000] {dagbag.py:588} INFO - Filling up the DagBag from /opt/airflow/dags/raw_from_s3_to_pg.py
[2026-07-25T15:48:30.406+0000] {processor.py:925} INFO - DAG(s) 'raw_from_s3_to_pg' retrieved from /opt/airflow/dags/raw_from_s3_to_pg.py
[2026-07-25T15:48:30.412+0000] {logging_mixin.py:190} INFO - [2026-07-25T15:48:30.412+0000] {dag.py:3239} INFO - Sync 1 DAGs
[2026-07-25T15:48:30.425+0000] {logging_mixin.py:190} INFO - [2026-07-25T15:48:30.425+0000] {dag.py:4180} INFO - Setting next_dagrun for raw_from_s3_to_pg to 2026-07-25 02:00:00+00:00, run_after=2026-07-26 02:00:00+00:00
[2026-07-25T15:48:30.436+0000] {processor.py:208} INFO - Processing /opt/airflow/dags/raw_from_s3_to_pg.py took 0.078 seconds
[2026-07-25T15:49:00.831+0000] {processor.py:186} INFO - Started process (PID=33143) to work on /opt/airflow/dags/raw_from_s3_to_pg.py
[2026-07-25T15:49:00.832+0000] {processor.py:914} INFO - Processing file /opt/airflow/dags/raw_from_s3_to_pg.py for tasks to queue
[2026-07-25T15:49:00.833+0000] {logging_mixin.py:190} INFO - [2026-07-25T15:49:00.832+0000] {dagbag.py:588} INFO - Filling up the DagBag from /opt/airflow/dags/raw_from_s3_to_pg.py
[2026-07-25T15:49:00.869+0000] {processor.py:925} INFO - DAG(s) 'raw_from_s3_to_pg' retrieved from /opt/airflow/dags/raw_from_s3_to_pg.py
[2026-07-25T15:49:00.875+0000] {logging_mixin.py:190} INFO - [2026-07-25T15:49:00.875+0000] {dag.py:3239} INFO - Sync 1 DAGs
[2026-07-25T15:49:00.887+0000] {logging_mixin.py:190} INFO - [2026-07-25T15:49:00.887+0000] {dag.py:4180} INFO - Setting next_dagrun for raw_from_s3_to_pg to 2026-07-25 02:00:00+00:00, run_after=2026-07-26 02:00:00+00:00
[2026-07-25T15:49:00.897+0000] {processor.py:208} INFO - Processing /opt/airflow/dags/raw_from_s3_to_pg.py took 0.069 seconds
[2026-07-25T15:49:31.244+0000] {processor.py:186} INFO - Started process (PID=33183) to work on /opt/airflow/dags/raw_from_s3_to_pg.py
[2026-07-25T15:49:31.244+0000] {processor.py:914} INFO - Processing file /opt/airflow/dags/raw_from_s3_to_pg.py for tasks to queue
[2026-07-25T15:49:31.245+0000] {logging_mixin.py:190} INFO - [2026-07-25T15:49:31.245+0000] {dagbag.py:588} INFO - Filling up the DagBag from /opt/airflow/dags/raw_from_s3_to_pg.py
[2026-07-25T15:49:31.282+0000] {processor.py:925} INFO - DAG(s) 'raw_from_s3_to_pg' retrieved from /opt/airflow/dags/raw_from_s3_to_pg.py
[2026-07-25T15:49:31.288+0000] {logging_mixin.py:190} INFO - [2026-07-25T15:49:31.288+0000] {dag.py:3239} INFO - Sync 1 DAGs
[2026-07-25T15:49:31.300+0000] {logging_mixin.py:190} INFO - [2026-07-25T15:49:31.300+0000] {dag.py:4180} INFO - Setting next_dagrun for raw_from_s3_to_pg to 2026-07-25 02:00:00+00:00, run_after=2026-07-26 02:00:00+00:00
[2026-07-25T15:49:31.369+0000] {processor.py:208} INFO - Processing /opt/airflow/dags/raw_from_s3_to_pg.py took 0.128 seconds
[2026-07-25T15:50:01.758+0000] {processor.py:186} INFO - Started process (PID=33223) to work on /opt/airflow/dags/raw_from_s3_to_pg.py
[2026-07-25T15:50:01.759+0000] {processor.py:914} INFO - Processing file /opt/airflow/dags/raw_from_s3_to_pg.py for tasks to queue
[2026-07-25T15:50:01.760+0000] {logging_mixin.py:190} INFO - [2026-07-25T15:50:01.760+0000] {dagbag.py:588} INFO - Filling up the DagBag from /opt/airflow/dags/raw_from_s3_to_pg.py
[2026-07-25T15:50:01.799+0000] {processor.py:925} INFO - DAG(s) 'raw_from_s3_to_pg' retrieved from /opt/airflow/dags/raw_from_s3_to_pg.py
[2026-07-25T15:50:01.805+0000] {logging_mixin.py:190} INFO - [2026-07-25T15:50:01.805+0000] {dag.py:3239} INFO - Sync 1 DAGs
[2026-07-25T15:50:01.819+0000] {logging_mixin.py:190} INFO - [2026-07-25T15:50:01.819+0000] {dag.py:4180} INFO - Setting next_dagrun for raw_from_s3_to_pg to 2026-07-25 02:00:00+00:00, run_after=2026-07-26 02:00:00+00:00
[2026-07-25T15:50:01.828+0000] {processor.py:208} INFO - Processing /opt/airflow/dags/raw_from_s3_to_pg.py took 0.073 seconds
[2026-07-25T15:50:32.302+0000] {processor.py:186} INFO - Started process (PID=33263) to work on /opt/airflow/dags/raw_from_s3_to_pg.py
[2026-07-25T15:50:32.302+0000] {processor.py:914} INFO - Processing file /opt/airflow/dags/raw_from_s3_to_pg.py for tasks to queue
[2026-07-25T15:50:32.303+0000] {logging_mixin.py:190} INFO - [2026-07-25T15:50:32.303+0000] {dagbag.py:588} INFO - Filling up the DagBag from /opt/airflow/dags/raw_from_s3_to_pg.py
[2026-07-25T15:50:32.342+0000] {processor.py:925} INFO - DAG(s) 'raw_from_s3_to_pg' retrieved from /opt/airflow/dags/raw_from_s3_to_pg.py
[2026-07-25T15:50:32.349+0000] {logging_mixin.py:190} INFO - [2026-07-25T15:50:32.348+0000] {dag.py:3239} INFO - Sync 1 DAGs
[2026-07-25T15:50:32.361+0000] {logging_mixin.py:190} INFO - [2026-07-25T15:50:32.361+0000] {dag.py:4180} INFO - Setting next_dagrun for raw_from_s3_to_pg to 2026-07-25 02:00:00+00:00, run_after=2026-07-26 02:00:00+00:00
[2026-07-25T15:50:32.370+0000] {processor.py:208} INFO - Processing /opt/airflow/dags/raw_from_s3_to_pg.py took 0.072 seconds
[2026-07-25T15:51:02.798+0000] {processor.py:186} INFO - Started process (PID=33303) to work on /opt/airflow/dags/raw_from_s3_to_pg.py
[2026-07-25T15:51:02.799+0000] {processor.py:914} INFO - Processing file /opt/airflow/dags/raw_from_s3_to_pg.py for tasks to queue
[2026-07-25T15:51:02.800+0000] {logging_mixin.py:190} INFO - [2026-07-25T15:51:02.799+0000] {dagbag.py:588} INFO - Filling up the DagBag from /opt/airflow/dags/raw_from_s3_to_pg.py
[2026-07-25T15:51:02.838+0000] {processor.py:925} INFO - DAG(s) 'raw_from_s3_to_pg' retrieved from /opt/airflow/dags/raw_from_s3_to_pg.py
[2026-07-25T15:51:02.844+0000] {logging_mixin.py:190} INFO - [2026-07-25T15:51:02.844+0000] {dag.py:3239} INFO - Sync 1 DAGs
[2026-07-25T15:51:02.856+0000] {logging_mixin.py:190} INFO - [2026-07-25T15:51:02.856+0000] {dag.py:4180} INFO - Setting next_dagrun for raw_from_s3_to_pg to 2026-07-25 02:00:00+00:00, run_after=2026-07-26 02:00:00+00:00
[2026-07-25T15:51:02.867+0000] {processor.py:208} INFO - Processing /opt/airflow/dags/raw_from_s3_to_pg.py took 0.072 seconds
[2026-07-25T15:51:33.321+0000] {processor.py:186} INFO - Started process (PID=33343) to work on /opt/airflow/dags/raw_from_s3_to_pg.py
[2026-07-25T15:51:33.321+0000] {processor.py:914} INFO - Processing file /opt/airflow/dags/raw_from_s3_to_pg.py for tasks to queue
[2026-07-25T15:51:33.323+0000] {logging_mixin.py:190} INFO - [2026-07-25T15:51:33.323+0000] {dagbag.py:588} INFO - Filling up the DagBag from /opt/airflow/dags/raw_from_s3_to_pg.py
[2026-07-25T15:51:33.365+0000] {processor.py:925} INFO - DAG(s) 'raw_from_s3_to_pg' retrieved from /opt/airflow/dags/raw_from_s3_to_pg.py
[2026-07-25T15:51:33.372+0000] {logging_mixin.py:190} INFO - [2026-07-25T15:51:33.371+0000] {dag.py:3239} INFO - Sync 1 DAGs
[2026-07-25T15:51:33.386+0000] {logging_mixin.py:190} INFO - [2026-07-25T15:51:33.385+0000] {dag.py:4180} INFO - Setting next_dagrun for raw_from_s3_to_pg to 2026-07-25 02:00:00+00:00, run_after=2026-07-26 02:00:00+00:00
[2026-07-25T15:51:33.396+0000] {processor.py:208} INFO - Processing /opt/airflow/dags/raw_from_s3_to_pg.py took 0.078 seconds
[2026-07-25T15:52:03.728+0000] {processor.py:186} INFO - Started process (PID=33383) to work on /opt/airflow/dags/raw_from_s3_to_pg.py
[2026-07-25T15:52:03.729+0000] {processor.py:914} INFO - Processing file /opt/airflow/dags/raw_from_s3_to_pg.py for tasks to queue
[2026-07-25T15:52:03.730+0000] {logging_mixin.py:190} INFO - [2026-07-25T15:52:03.730+0000] {dagbag.py:588} INFO - Filling up the DagBag from /opt/airflow/dags/raw_from_s3_to_pg.py
[2026-07-25T15:52:03.771+0000] {processor.py:925} INFO - DAG(s) 'raw_from_s3_to_pg' retrieved from /opt/airflow/dags/raw_from_s3_to_pg.py
[2026-07-25T15:52:03.779+0000] {logging_mixin.py:190} INFO - [2026-07-25T15:52:03.778+0000] {dag.py:3239} INFO - Sync 1 DAGs
[2026-07-25T15:52:03.792+0000] {logging_mixin.py:190} INFO - [2026-07-25T15:52:03.792+0000] {dag.py:4180} INFO - Setting next_dagrun for raw_from_s3_to_pg to 2026-07-25 02:00:00+00:00, run_after=2026-07-26 02:00:00+00:00
[2026-07-25T15:52:03.803+0000] {processor.py:208} INFO - Processing /opt/airflow/dags/raw_from_s3_to_pg.py took 0.079 seconds
[2026-07-25T15:52:34.264+0000] {processor.py:186} INFO - Started process (PID=33423) to work on /opt/airflow/dags/raw_from_s3_to_pg.py
[2026-07-25T15:52:34.265+0000] {processor.py:914} INFO - Processing file /opt/airflow/dags/raw_from_s3_to_pg.py for tasks to queue
[2026-07-25T15:52:34.266+0000] {logging_mixin.py:190} INFO - [2026-07-25T15:52:34.266+0000] {dagbag.py:588} INFO - Filling up the DagBag from /opt/airflow/dags/raw_from_s3_to_pg.py
[2026-07-25T15:52:34.310+0000] {processor.py:925} INFO - DAG(s) 'raw_from_s3_to_pg' retrieved from /opt/airflow/dags/raw_from_s3_to_pg.py
[2026-07-25T15:52:34.317+0000] {logging_mixin.py:190} INFO - [2026-07-25T15:52:34.317+0000] {dag.py:3239} INFO - Sync 1 DAGs
[2026-07-25T15:52:34.332+0000] {logging_mixin.py:190} INFO - [2026-07-25T15:52:34.332+0000] {dag.py:4180} INFO - Setting next_dagrun for raw_from_s3_to_pg to 2026-07-25 02:00:00+00:00, run_after=2026-07-26 02:00:00+00:00
[2026-07-25T15:52:34.342+0000] {processor.py:208} INFO - Processing /opt/airflow/dags/raw_from_s3_to_pg.py took 0.083 seconds
[2026-07-25T15:53:04.795+0000] {processor.py:186} INFO - Started process (PID=33463) to work on /opt/airflow/dags/raw_from_s3_to_pg.py
[2026-07-25T15:53:04.796+0000] {processor.py:914} INFO - Processing file /opt/airflow/dags/raw_from_s3_to_pg.py for tasks to queue
[2026-07-25T15:53:04.797+0000] {logging_mixin.py:190} INFO - [2026-07-25T15:53:04.797+0000] {dagbag.py:588} INFO - Filling up the DagBag from /opt/airflow/dags/raw_from_s3_to_pg.py
[2026-07-25T15:53:04.840+0000] {processor.py:925} INFO - DAG(s) 'raw_from_s3_to_pg' retrieved from /opt/airflow/dags/raw_from_s3_to_pg.py
[2026-07-25T15:53:04.847+0000] {logging_mixin.py:190} INFO - [2026-07-25T15:53:04.847+0000] {dag.py:3239} INFO - Sync 1 DAGs
[2026-07-25T15:53:04.859+0000] {logging_mixin.py:190} INFO - [2026-07-25T15:53:04.859+0000] {dag.py:4180} INFO - Setting next_dagrun for raw_from_s3_to_pg to 2026-07-25 02:00:00+00:00, run_after=2026-07-26 02:00:00+00:00
[2026-07-25T15:53:04.870+0000] {processor.py:208} INFO - Processing /opt/airflow/dags/raw_from_s3_to_pg.py took 0.079 seconds
[2026-07-25T15:53:35.328+0000] {processor.py:186} INFO - Started process (PID=33503) to work on /opt/airflow/dags/raw_from_s3_to_pg.py
[2026-07-25T15:53:35.328+0000] {processor.py:914} INFO - Processing file /opt/airflow/dags/raw_from_s3_to_pg.py for tasks to queue
[2026-07-25T15:53:35.329+0000] {logging_mixin.py:190} INFO - [2026-07-25T15:53:35.329+0000] {dagbag.py:588} INFO - Filling up the DagBag from /opt/airflow/dags/raw_from_s3_to_pg.py
[2026-07-25T15:53:35.370+0000] {processor.py:925} INFO - DAG(s) 'raw_from_s3_to_pg' retrieved from /opt/airflow/dags/raw_from_s3_to_pg.py
[2026-07-25T15:53:35.376+0000] {logging_mixin.py:190} INFO - [2026-07-25T15:53:35.376+0000] {dag.py:3239} INFO - Sync 1 DAGs
[2026-07-25T15:53:35.389+0000] {logging_mixin.py:190} INFO - [2026-07-25T15:53:35.389+0000] {dag.py:4180} INFO - Setting next_dagrun for raw_from_s3_to_pg to 2026-07-25 02:00:00+00:00, run_after=2026-07-26 02:00:00+00:00
[2026-07-25T15:53:35.398+0000] {processor.py:208} INFO - Processing /opt/airflow/dags/raw_from_s3_to_pg.py took 0.075 seconds
[2026-07-25T15:54:05.867+0000] {processor.py:186} INFO - Started process (PID=33543) to work on /opt/airflow/dags/raw_from_s3_to_pg.py
[2026-07-25T15:54:05.868+0000] {processor.py:914} INFO - Processing file /opt/airflow/dags/raw_from_s3_to_pg.py for tasks to queue
[2026-07-25T15:54:05.869+0000] {logging_mixin.py:190} INFO - [2026-07-25T15:54:05.869+0000] {dagbag.py:588} INFO - Filling up the DagBag from /opt/airflow/dags/raw_from_s3_to_pg.py
[2026-07-25T15:54:05.908+0000] {processor.py:925} INFO - DAG(s) 'raw_from_s3_to_pg' retrieved from /opt/airflow/dags/raw_from_s3_to_pg.py
[2026-07-25T15:54:05.914+0000] {logging_mixin.py:190} INFO - [2026-07-25T15:54:05.914+0000] {dag.py:3239} INFO - Sync 1 DAGs
[2026-07-25T15:54:05.928+0000] {logging_mixin.py:190} INFO - [2026-07-25T15:54:05.927+0000] {dag.py:4180} INFO - Setting next_dagrun for raw_from_s3_to_pg to 2026-07-25 02:00:00+00:00, run_after=2026-07-26 02:00:00+00:00
[2026-07-25T15:54:05.937+0000] {processor.py:208} INFO - Processing /opt/airflow/dags/raw_from_s3_to_pg.py took 0.073 seconds
[2026-07-25T15:54:36.384+0000] {processor.py:186} INFO - Started process (PID=33583) to work on /opt/airflow/dags/raw_from_s3_to_pg.py
[2026-07-25T15:54:36.384+0000] {processor.py:914} INFO - Processing file /opt/airflow/dags/raw_from_s3_to_pg.py for tasks to queue
[2026-07-25T15:54:36.386+0000] {logging_mixin.py:190} INFO - [2026-07-25T15:54:36.386+0000] {dagbag.py:588} INFO - Filling up the DagBag from /opt/airflow/dags/raw_from_s3_to_pg.py
[2026-07-25T15:54:36.433+0000] {processor.py:925} INFO - DAG(s) 'raw_from_s3_to_pg' retrieved from /opt/airflow/dags/raw_from_s3_to_pg.py
[2026-07-25T15:54:36.440+0000] {logging_mixin.py:190} INFO - [2026-07-25T15:54:36.439+0000] {dag.py:3239} INFO - Sync 1 DAGs
[2026-07-25T15:54:36.452+0000] {logging_mixin.py:190} INFO - [2026-07-25T15:54:36.452+0000] {dag.py:4180} INFO - Setting next_dagrun for raw_from_s3_to_pg to 2026-07-25 02:00:00+00:00, run_after=2026-07-26 02:00:00+00:00
[2026-07-25T15:54:36.462+0000] {processor.py:208} INFO - Processing /opt/airflow/dags/raw_from_s3_to_pg.py took 0.082 seconds
[2026-07-25T15:55:06.741+0000] {processor.py:186} INFO - Started process (PID=33623) to work on /opt/airflow/dags/raw_from_s3_to_pg.py
[2026-07-25T15:55:06.741+0000] {processor.py:914} INFO - Processing file /opt/airflow/dags/raw_from_s3_to_pg.py for tasks to queue
[2026-07-25T15:55:06.742+0000] {logging_mixin.py:190} INFO - [2026-07-25T15:55:06.742+0000] {dagbag.py:588} INFO - Filling up the DagBag from /opt/airflow/dags/raw_from_s3_to_pg.py
[2026-07-25T15:55:06.779+0000] {processor.py:925} INFO - DAG(s) 'raw_from_s3_to_pg' retrieved from /opt/airflow/dags/raw_from_s3_to_pg.py
[2026-07-25T15:55:06.785+0000] {logging_mixin.py:190} INFO - [2026-07-25T15:55:06.785+0000] {dag.py:3239} INFO - Sync 1 DAGs
[2026-07-25T15:55:06.797+0000] {logging_mixin.py:190} INFO - [2026-07-25T15:55:06.797+0000] {dag.py:4180} INFO - Setting next_dagrun for raw_from_s3_to_pg to 2026-07-25 02:00:00+00:00, run_after=2026-07-26 02:00:00+00:00
[2026-07-25T15:55:06.809+0000] {processor.py:208} INFO - Processing /opt/airflow/dags/raw_from_s3_to_pg.py took 0.071 seconds
[2026-07-25T15:55:37.188+0000] {processor.py:186} INFO - Started process (PID=33663) to work on /opt/airflow/dags/raw_from_s3_to_pg.py
[2026-07-25T15:55:37.346+0000] {processor.py:914} INFO - Processing file /opt/airflow/dags/raw_from_s3_to_pg.py for tasks to queue
[2026-07-25T15:55:37.352+0000] {logging_mixin.py:190} INFO - [2026-07-25T15:55:37.352+0000] {dagbag.py:588} INFO - Filling up the DagBag from /opt/airflow/dags/raw_from_s3_to_pg.py
[2026-07-25T15:55:37.393+0000] {processor.py:925} INFO - DAG(s) 'raw_from_s3_to_pg' retrieved from /opt/airflow/dags/raw_from_s3_to_pg.py
[2026-07-25T15:55:37.400+0000] {logging_mixin.py:190} INFO - [2026-07-25T15:55:37.399+0000] {dag.py:3239} INFO - Sync 1 DAGs
[2026-07-25T15:55:37.412+0000] {logging_mixin.py:190} INFO - [2026-07-25T15:55:37.412+0000] {dag.py:4180} INFO - Setting next_dagrun for raw_from_s3_to_pg to 2026-07-25 02:00:00+00:00, run_after=2026-07-26 02:00:00+00:00
[2026-07-25T15:55:37.421+0000] {processor.py:208} INFO - Processing /opt/airflow/dags/raw_from_s3_to_pg.py took 0.238 seconds
[2026-07-25T15:56:07.864+0000] {processor.py:186} INFO - Started process (PID=33703) to work on /opt/airflow/dags/raw_from_s3_to_pg.py
[2026-07-25T15:56:07.865+0000] {processor.py:914} INFO - Processing file /opt/airflow/dags/raw_from_s3_to_pg.py for tasks to queue
[2026-07-25T15:56:07.866+0000] {logging_mixin.py:190} INFO - [2026-07-25T15:56:07.866+0000] {dagbag.py:588} INFO - Filling up the DagBag from /opt/airflow/dags/raw_from_s3_to_pg.py
[2026-07-25T15:56:07.907+0000] {processor.py:925} INFO - DAG(s) 'raw_from_s3_to_pg' retrieved from /opt/airflow/dags/raw_from_s3_to_pg.py
[2026-07-25T15:56:07.914+0000] {logging_mixin.py:190} INFO - [2026-07-25T15:56:07.914+0000] {dag.py:3239} INFO - Sync 1 DAGs
[2026-07-25T15:56:07.926+0000] {logging_mixin.py:190} INFO - [2026-07-25T15:56:07.926+0000] {dag.py:4180} INFO - Setting next_dagrun for raw_from_s3_to_pg to 2026-07-25 02:00:00+00:00, run_after=2026-07-26 02:00:00+00:00
[2026-07-25T15:56:07.937+0000] {processor.py:208} INFO - Processing /opt/airflow/dags/raw_from_s3_to_pg.py took 0.077 seconds
[2026-07-25T15:56:38.419+0000] {processor.py:186} INFO - Started process (PID=33743) to work on /opt/airflow/dags/raw_from_s3_to_pg.py
[2026-07-25T15:56:38.420+0000] {processor.py:914} INFO - Processing file /opt/airflow/dags/raw_from_s3_to_pg.py for tasks to queue
[2026-07-25T15:56:38.421+0000] {logging_mixin.py:190} INFO - [2026-07-25T15:56:38.421+0000] {dagbag.py:588} INFO - Filling up the DagBag from /opt/airflow/dags/raw_from_s3_to_pg.py
[2026-07-25T15:56:38.462+0000] {processor.py:925} INFO - DAG(s) 'raw_from_s3_to_pg' retrieved from /opt/airflow/dags/raw_from_s3_to_pg.py
[2026-07-25T15:56:38.468+0000] {logging_mixin.py:190} INFO - [2026-07-25T15:56:38.468+0000] {dag.py:3239} INFO - Sync 1 DAGs
[2026-07-25T15:56:38.481+0000] {logging_mixin.py:190} INFO - [2026-07-25T15:56:38.481+0000] {dag.py:4180} INFO - Setting next_dagrun for raw_from_s3_to_pg to 2026-07-25 02:00:00+00:00, run_after=2026-07-26 02:00:00+00:00
[2026-07-25T15:56:38.491+0000] {processor.py:208} INFO - Processing /opt/airflow/dags/raw_from_s3_to_pg.py took 0.077 seconds
[2026-07-25T15:57:08.940+0000] {processor.py:186} INFO - Started process (PID=33784) to work on /opt/airflow/dags/raw_from_s3_to_pg.py
[2026-07-25T15:57:08.941+0000] {processor.py:914} INFO - Processing file /opt/airflow/dags/raw_from_s3_to_pg.py for tasks to queue
[2026-07-25T15:57:08.942+0000] {logging_mixin.py:190} INFO - [2026-07-25T15:57:08.942+0000] {dagbag.py:588} INFO - Filling up the DagBag from /opt/airflow/dags/raw_from_s3_to_pg.py
[2026-07-25T15:57:08.985+0000] {processor.py:925} INFO - DAG(s) 'raw_from_s3_to_pg' retrieved from /opt/airflow/dags/raw_from_s3_to_pg.py
[2026-07-25T15:57:08.991+0000] {logging_mixin.py:190} INFO - [2026-07-25T15:57:08.991+0000] {dag.py:3239} INFO - Sync 1 DAGs
[2026-07-25T15:57:09.003+0000] {logging_mixin.py:190} INFO - [2026-07-25T15:57:09.003+0000] {dag.py:4180} INFO - Setting next_dagrun for raw_from_s3_to_pg to 2026-07-25 02:00:00+00:00, run_after=2026-07-26 02:00:00+00:00
[2026-07-25T15:57:09.014+0000] {processor.py:208} INFO - Processing /opt/airflow/dags/raw_from_s3_to_pg.py took 0.078 seconds
[2026-07-25T15:57:39.468+0000] {processor.py:186} INFO - Started process (PID=33824) to work on /opt/airflow/dags/raw_from_s3_to_pg.py
[2026-07-25T15:57:39.469+0000] {processor.py:914} INFO - Processing file /opt/airflow/dags/raw_from_s3_to_pg.py for tasks to queue
[2026-07-25T15:57:39.470+0000] {logging_mixin.py:190} INFO - [2026-07-25T15:57:39.470+0000] {dagbag.py:588} INFO - Filling up the DagBag from /opt/airflow/dags/raw_from_s3_to_pg.py
[2026-07-25T15:57:39.510+0000] {processor.py:925} INFO - DAG(s) 'raw_from_s3_to_pg' retrieved from /opt/airflow/dags/raw_from_s3_to_pg.py
[2026-07-25T15:57:39.516+0000] {logging_mixin.py:190} INFO - [2026-07-25T15:57:39.516+0000] {dag.py:3239} INFO - Sync 1 DAGs
[2026-07-25T15:57:39.529+0000] {logging_mixin.py:190} INFO - [2026-07-25T15:57:39.529+0000] {dag.py:4180} INFO - Setting next_dagrun for raw_from_s3_to_pg to 2026-07-25 02:00:00+00:00, run_after=2026-07-26 02:00:00+00:00
[2026-07-25T15:57:39.538+0000] {processor.py:208} INFO - Processing /opt/airflow/dags/raw_from_s3_to_pg.py took 0.074 seconds
[2026-07-25T15:58:09.930+0000] {processor.py:186} INFO - Started process (PID=33864) to work on /opt/airflow/dags/raw_from_s3_to_pg.py
[2026-07-25T15:58:09.930+0000] {processor.py:914} INFO - Processing file /opt/airflow/dags/raw_from_s3_to_pg.py for tasks to queue
[2026-07-25T15:58:09.931+0000] {logging_mixin.py:190} INFO - [2026-07-25T15:58:09.931+0000] {dagbag.py:588} INFO - Filling up the DagBag from /opt/airflow/dags/raw_from_s3_to_pg.py
[2026-07-25T15:58:09.972+0000] {processor.py:925} INFO - DAG(s) 'raw_from_s3_to_pg' retrieved from /opt/airflow/dags/raw_from_s3_to_pg.py
[2026-07-25T15:58:09.978+0000] {logging_mixin.py:190} INFO - [2026-07-25T15:58:09.978+0000] {dag.py:3239} INFO - Sync 1 DAGs
[2026-07-25T15:58:09.990+0000] {logging_mixin.py:190} INFO - [2026-07-25T15:58:09.990+0000] {dag.py:4180} INFO - Setting next_dagrun for raw_from_s3_to_pg to 2026-07-25 02:00:00+00:00, run_after=2026-07-26 02:00:00+00:00
[2026-07-25T15:58:10.000+0000] {processor.py:208} INFO - Processing /opt/airflow/dags/raw_from_s3_to_pg.py took 0.074 seconds
[2026-07-25T15:58:40.352+0000] {processor.py:186} INFO - Started process (PID=33904) to work on /opt/airflow/dags/raw_from_s3_to_pg.py
[2026-07-25T15:58:40.353+0000] {processor.py:914} INFO - Processing file /opt/airflow/dags/raw_from_s3_to_pg.py for tasks to queue
[2026-07-25T15:58:40.354+0000] {logging_mixin.py:190} INFO - [2026-07-25T15:58:40.354+0000] {dagbag.py:588} INFO - Filling up the DagBag from /opt/airflow/dags/raw_from_s3_to_pg.py
[2026-07-25T15:58:40.395+0000] {processor.py:925} INFO - DAG(s) 'raw_from_s3_to_pg' retrieved from /opt/airflow/dags/raw_from_s3_to_pg.py
[2026-07-25T15:58:40.402+0000] {logging_mixin.py:190} INFO - [2026-07-25T15:58:40.402+0000] {dag.py:3239} INFO - Sync 1 DAGs
[2026-07-25T15:58:40.416+0000] {logging_mixin.py:190} INFO - [2026-07-25T15:58:40.416+0000] {dag.py:4180} INFO - Setting next_dagrun for raw_from_s3_to_pg to 2026-07-25 02:00:00+00:00, run_after=2026-07-26 02:00:00+00:00
[2026-07-25T15:58:40.427+0000] {processor.py:208} INFO - Processing /opt/airflow/dags/raw_from_s3_to_pg.py took 0.078 seconds
[2026-07-25T15:59:10.768+0000] {processor.py:186} INFO - Started process (PID=33945) to work on /opt/airflow/dags/raw_from_s3_to_pg.py
[2026-07-25T15:59:10.768+0000] {processor.py:914} INFO - Processing file /opt/airflow/dags/raw_from_s3_to_pg.py for tasks to queue
[2026-07-25T15:59:10.769+0000] {logging_mixin.py:190} INFO - [2026-07-25T15:59:10.769+0000] {dagbag.py:588} INFO - Filling up the DagBag from /opt/airflow/dags/raw_from_s3_to_pg.py
[2026-07-25T15:59:10.806+0000] {processor.py:925} INFO - DAG(s) 'raw_from_s3_to_pg' retrieved from /opt/airflow/dags/raw_from_s3_to_pg.py
[2026-07-25T15:59:10.813+0000] {logging_mixin.py:190} INFO - [2026-07-25T15:59:10.812+0000] {dag.py:3239} INFO - Sync 1 DAGs
[2026-07-25T15:59:10.825+0000] {logging_mixin.py:190} INFO - [2026-07-25T15:59:10.825+0000] {dag.py:4180} INFO - Setting next_dagrun for raw_from_s3_to_pg to 2026-07-25 02:00:00+00:00, run_after=2026-07-26 02:00:00+00:00
[2026-07-25T15:59:10.835+0000] {processor.py:208} INFO - Processing /opt/airflow/dags/raw_from_s3_to_pg.py took 0.070 seconds
[2026-07-25T15:59:41.251+0000] {processor.py:186} INFO - Started process (PID=33985) to work on /opt/airflow/dags/raw_from_s3_to_pg.py
[2026-07-25T15:59:41.252+0000] {processor.py:914} INFO - Processing file /opt/airflow/dags/raw_from_s3_to_pg.py for tasks to queue
[2026-07-25T15:59:41.253+0000] {logging_mixin.py:190} INFO - [2026-07-25T15:59:41.253+0000] {dagbag.py:588} INFO - Filling up the DagBag from /opt/airflow/dags/raw_from_s3_to_pg.py
[2026-07-25T15:59:41.293+0000] {processor.py:925} INFO - DAG(s) 'raw_from_s3_to_pg' retrieved from /opt/airflow/dags/raw_from_s3_to_pg.py
[2026-07-25T15:59:41.299+0000] {logging_mixin.py:190} INFO - [2026-07-25T15:59:41.299+0000] {dag.py:3239} INFO - Sync 1 DAGs
[2026-07-25T15:59:41.311+0000] {logging_mixin.py:190} INFO - [2026-07-25T15:59:41.311+0000] {dag.py:4180} INFO - Setting next_dagrun for raw_from_s3_to_pg to 2026-07-25 02:00:00+00:00, run_after=2026-07-26 02:00:00+00:00
[2026-07-25T15:59:41.321+0000] {processor.py:208} INFO - Processing /opt/airflow/dags/raw_from_s3_to_pg.py took 0.073 seconds
[2026-07-25T16:00:11.737+0000] {processor.py:186} INFO - Started process (PID=34025) to work on /opt/airflow/dags/raw_from_s3_to_pg.py
[2026-07-25T16:00:11.737+0000] {processor.py:914} INFO - Processing file /opt/airflow/dags/raw_from_s3_to_pg.py for tasks to queue
[2026-07-25T16:00:11.739+0000] {logging_mixin.py:190} INFO - [2026-07-25T16:00:11.739+0000] {dagbag.py:588} INFO - Filling up the DagBag from /opt/airflow/dags/raw_from_s3_to_pg.py
[2026-07-25T16:00:11.781+0000] {processor.py:925} INFO - DAG(s) 'raw_from_s3_to_pg' retrieved from /opt/airflow/dags/raw_from_s3_to_pg.py
[2026-07-25T16:00:11.787+0000] {logging_mixin.py:190} INFO - [2026-07-25T16:00:11.787+0000] {dag.py:3239} INFO - Sync 1 DAGs
[2026-07-25T16:00:11.800+0000] {logging_mixin.py:190} INFO - [2026-07-25T16:00:11.800+0000] {dag.py:4180} INFO - Setting next_dagrun for raw_from_s3_to_pg to 2026-07-25 02:00:00+00:00, run_after=2026-07-26 02:00:00+00:00
[2026-07-25T16:00:11.810+0000] {processor.py:208} INFO - Processing /opt/airflow/dags/raw_from_s3_to_pg.py took 0.077 seconds
[2026-07-25T16:00:42.120+0000] {processor.py:186} INFO - Started process (PID=34065) to work on /opt/airflow/dags/raw_from_s3_to_pg.py
[2026-07-25T16:00:42.123+0000] {processor.py:914} INFO - Processing file /opt/airflow/dags/raw_from_s3_to_pg.py for tasks to queue
[2026-07-25T16:00:42.124+0000] {logging_mixin.py:190} INFO - [2026-07-25T16:00:42.124+0000] {dagbag.py:588} INFO - Filling up the DagBag from /opt/airflow/dags/raw_from_s3_to_pg.py
[2026-07-25T16:00:42.164+0000] {processor.py:925} INFO - DAG(s) 'raw_from_s3_to_pg' retrieved from /opt/airflow/dags/raw_from_s3_to_pg.py
[2026-07-25T16:00:42.170+0000] {logging_mixin.py:190} INFO - [2026-07-25T16:00:42.170+0000] {dag.py:3239} INFO - Sync 1 DAGs
[2026-07-25T16:00:42.182+0000] {logging_mixin.py:190} INFO - [2026-07-25T16:00:42.182+0000] {dag.py:4180} INFO - Setting next_dagrun for raw_from_s3_to_pg to 2026-07-25 02:00:00+00:00, run_after=2026-07-26 02:00:00+00:00
[2026-07-25T16:00:42.192+0000] {processor.py:208} INFO - Processing /opt/airflow/dags/raw_from_s3_to_pg.py took 0.077 seconds
[2026-07-25T16:01:12.610+0000] {processor.py:186} INFO - Started process (PID=34105) to work on /opt/airflow/dags/raw_from_s3_to_pg.py
[2026-07-25T16:01:12.611+0000] {processor.py:914} INFO - Processing file /opt/airflow/dags/raw_from_s3_to_pg.py for tasks to queue
[2026-07-25T16:01:12.612+0000] {logging_mixin.py:190} INFO - [2026-07-25T16:01:12.611+0000] {dagbag.py:588} INFO - Filling up the DagBag from /opt/airflow/dags/raw_from_s3_to_pg.py
[2026-07-25T16:01:12.651+0000] {processor.py:925} INFO - DAG(s) 'raw_from_s3_to_pg' retrieved from /opt/airflow/dags/raw_from_s3_to_pg.py
[2026-07-25T16:01:12.657+0000] {logging_mixin.py:190} INFO - [2026-07-25T16:01:12.657+0000] {dag.py:3239} INFO - Sync 1 DAGs
[2026-07-25T16:01:12.670+0000] {logging_mixin.py:190} INFO - [2026-07-25T16:01:12.670+0000] {dag.py:4180} INFO - Setting next_dagrun for raw_from_s3_to_pg to 2026-07-25 02:00:00+00:00, run_after=2026-07-26 02:00:00+00:00
[2026-07-25T16:01:12.681+0000] {processor.py:208} INFO - Processing /opt/airflow/dags/raw_from_s3_to_pg.py took 0.075 seconds
[2026-07-25T16:01:43.075+0000] {processor.py:186} INFO - Started process (PID=34145) to work on /opt/airflow/dags/raw_from_s3_to_pg.py
[2026-07-25T16:01:43.078+0000] {processor.py:914} INFO - Processing file /opt/airflow/dags/raw_from_s3_to_pg.py for tasks to queue
[2026-07-25T16:01:43.079+0000] {logging_mixin.py:190} INFO - [2026-07-25T16:01:43.079+0000] {dagbag.py:588} INFO - Filling up the DagBag from /opt/airflow/dags/raw_from_s3_to_pg.py
[2026-07-25T16:01:43.120+0000] {processor.py:925} INFO - DAG(s) 'raw_from_s3_to_pg' retrieved from /opt/airflow/dags/raw_from_s3_to_pg.py
[2026-07-25T16:01:43.127+0000] {logging_mixin.py:190} INFO - [2026-07-25T16:01:43.127+0000] {dag.py:3239} INFO - Sync 1 DAGs
[2026-07-25T16:01:43.139+0000] {logging_mixin.py:190} INFO - [2026-07-25T16:01:43.139+0000] {dag.py:4180} INFO - Setting next_dagrun for raw_from_s3_to_pg to 2026-07-25 02:00:00+00:00, run_after=2026-07-26 02:00:00+00:00
[2026-07-25T16:01:43.151+0000] {processor.py:208} INFO - Processing /opt/airflow/dags/raw_from_s3_to_pg.py took 0.078 seconds
[2026-07-25T16:02:13.548+0000] {processor.py:186} INFO - Started process (PID=34185) to work on /opt/airflow/dags/raw_from_s3_to_pg.py
[2026-07-25T16:02:13.549+0000] {processor.py:914} INFO - Processing file /opt/airflow/dags/raw_from_s3_to_pg.py for tasks to queue
[2026-07-25T16:02:13.550+0000] {logging_mixin.py:190} INFO - [2026-07-25T16:02:13.549+0000] {dagbag.py:588} INFO - Filling up the DagBag from /opt/airflow/dags/raw_from_s3_to_pg.py
[2026-07-25T16:02:13.589+0000] {processor.py:925} INFO - DAG(s) 'raw_from_s3_to_pg' retrieved from /opt/airflow/dags/raw_from_s3_to_pg.py
[2026-07-25T16:02:13.595+0000] {logging_mixin.py:190} INFO - [2026-07-25T16:02:13.595+0000] {dag.py:3239} INFO - Sync 1 DAGs
[2026-07-25T16:02:13.607+0000] {logging_mixin.py:190} INFO - [2026-07-25T16:02:13.607+0000] {dag.py:4180} INFO - Setting next_dagrun for raw_from_s3_to_pg to 2026-07-25 02:00:00+00:00, run_after=2026-07-26 02:00:00+00:00
[2026-07-25T16:02:13.615+0000] {processor.py:208} INFO - Processing /opt/airflow/dags/raw_from_s3_to_pg.py took 0.071 seconds
[2026-07-25T16:02:44.013+0000] {processor.py:186} INFO - Started process (PID=34225) to work on /opt/airflow/dags/raw_from_s3_to_pg.py
[2026-07-25T16:02:44.016+0000] {processor.py:914} INFO - Processing file /opt/airflow/dags/raw_from_s3_to_pg.py for tasks to queue
[2026-07-25T16:02:44.017+0000] {logging_mixin.py:190} INFO - [2026-07-25T16:02:44.017+0000] {dagbag.py:588} INFO - Filling up the DagBag from /opt/airflow/dags/raw_from_s3_to_pg.py
[2026-07-25T16:02:44.055+0000] {processor.py:925} INFO - DAG(s) 'raw_from_s3_to_pg' retrieved from /opt/airflow/dags/raw_from_s3_to_pg.py
[2026-07-25T16:02:44.061+0000] {logging_mixin.py:190} INFO - [2026-07-25T16:02:44.061+0000] {dag.py:3239} INFO - Sync 1 DAGs
[2026-07-25T16:02:44.074+0000] {logging_mixin.py:190} INFO - [2026-07-25T16:02:44.074+0000] {dag.py:4180} INFO - Setting next_dagrun for raw_from_s3_to_pg to 2026-07-25 02:00:00+00:00, run_after=2026-07-26 02:00:00+00:00
[2026-07-25T16:02:44.084+0000] {processor.py:208} INFO - Processing /opt/airflow/dags/raw_from_s3_to_pg.py took 0.076 seconds
[2026-07-25T16:03:14.442+0000] {processor.py:186} INFO - Started process (PID=34265) to work on /opt/airflow/dags/raw_from_s3_to_pg.py
[2026-07-25T16:03:14.445+0000] {processor.py:914} INFO - Processing file /opt/airflow/dags/raw_from_s3_to_pg.py for tasks to queue
[2026-07-25T16:03:14.446+0000] {logging_mixin.py:190} INFO - [2026-07-25T16:03:14.446+0000] {dagbag.py:588} INFO - Filling up the DagBag from /opt/airflow/dags/raw_from_s3_to_pg.py
[2026-07-25T16:03:14.484+0000] {processor.py:925} INFO - DAG(s) 'raw_from_s3_to_pg' retrieved from /opt/airflow/dags/raw_from_s3_to_pg.py
[2026-07-25T16:03:14.490+0000] {logging_mixin.py:190} INFO - [2026-07-25T16:03:14.490+0000] {dag.py:3239} INFO - Sync 1 DAGs
[2026-07-25T16:03:14.503+0000] {logging_mixin.py:190} INFO - [2026-07-25T16:03:14.503+0000] {dag.py:4180} INFO - Setting next_dagrun for raw_from_s3_to_pg to 2026-07-25 02:00:00+00:00, run_after=2026-07-26 02:00:00+00:00
[2026-07-25T16:03:14.515+0000] {processor.py:208} INFO - Processing /opt/airflow/dags/raw_from_s3_to_pg.py took 0.077 seconds
[2026-07-25T16:03:44.936+0000] {processor.py:186} INFO - Started process (PID=34305) to work on /opt/airflow/dags/raw_from_s3_to_pg.py
[2026-07-25T16:03:44.936+0000] {processor.py:914} INFO - Processing file /opt/airflow/dags/raw_from_s3_to_pg.py for tasks to queue
[2026-07-25T16:03:44.937+0000] {logging_mixin.py:190} INFO - [2026-07-25T16:03:44.936+0000] {dagbag.py:588} INFO - Filling up the DagBag from /opt/airflow/dags/raw_from_s3_to_pg.py
[2026-07-25T16:03:44.975+0000] {processor.py:925} INFO - DAG(s) 'raw_from_s3_to_pg' retrieved from /opt/airflow/dags/raw_from_s3_to_pg.py
[2026-07-25T16:03:44.981+0000] {logging_mixin.py:190} INFO - [2026-07-25T16:03:44.981+0000] {dag.py:3239} INFO - Sync 1 DAGs
[2026-07-25T16:03:44.994+0000] {logging_mixin.py:190} INFO - [2026-07-25T16:03:44.994+0000] {dag.py:4180} INFO - Setting next_dagrun for raw_from_s3_to_pg to 2026-07-25 02:00:00+00:00, run_after=2026-07-26 02:00:00+00:00
[2026-07-25T16:03:45.004+0000] {processor.py:208} INFO - Processing /opt/airflow/dags/raw_from_s3_to_pg.py took 0.072 seconds
[2026-07-25T16:04:15.458+0000] {processor.py:186} INFO - Started process (PID=34345) to work on /opt/airflow/dags/raw_from_s3_to_pg.py
[2026-07-25T16:04:15.461+0000] {processor.py:914} INFO - Processing file /opt/airflow/dags/raw_from_s3_to_pg.py for tasks to queue
[2026-07-25T16:04:15.462+0000] {logging_mixin.py:190} INFO - [2026-07-25T16:04:15.462+0000] {dagbag.py:588} INFO - Filling up the DagBag from /opt/airflow/dags/raw_from_s3_to_pg.py
[2026-07-25T16:04:15.500+0000] {processor.py:925} INFO - DAG(s) 'raw_from_s3_to_pg' retrieved from /opt/airflow/dags/raw_from_s3_to_pg.py
[2026-07-25T16:04:15.506+0000] {logging_mixin.py:190} INFO - [2026-07-25T16:04:15.506+0000] {dag.py:3239} INFO - Sync 1 DAGs
[2026-07-25T16:04:15.518+0000] {logging_mixin.py:190} INFO - [2026-07-25T16:04:15.518+0000] {dag.py:4180} INFO - Setting next_dagrun for raw_from_s3_to_pg to 2026-07-25 02:00:00+00:00, run_after=2026-07-26 02:00:00+00:00
[2026-07-25T16:04:15.530+0000] {processor.py:208} INFO - Processing /opt/airflow/dags/raw_from_s3_to_pg.py took 0.075 seconds
[2026-07-25T16:04:45.957+0000] {processor.py:186} INFO - Started process (PID=34385) to work on /opt/airflow/dags/raw_from_s3_to_pg.py
[2026-07-25T16:04:45.958+0000] {processor.py:914} INFO - Processing file /opt/airflow/dags/raw_from_s3_to_pg.py for tasks to queue
[2026-07-25T16:04:45.959+0000] {logging_mixin.py:190} INFO - [2026-07-25T16:04:45.959+0000] {dagbag.py:588} INFO - Filling up the DagBag from /opt/airflow/dags/raw_from_s3_to_pg.py
[2026-07-25T16:04:45.996+0000] {processor.py:925} INFO - DAG(s) 'raw_from_s3_to_pg' retrieved from /opt/airflow/dags/raw_from_s3_to_pg.py
[2026-07-25T16:04:46.002+0000] {logging_mixin.py:190} INFO - [2026-07-25T16:04:46.002+0000] {dag.py:3239} INFO - Sync 1 DAGs
[2026-07-25T16:04:46.013+0000] {logging_mixin.py:190} INFO - [2026-07-25T16:04:46.013+0000] {dag.py:4180} INFO - Setting next_dagrun for raw_from_s3_to_pg to 2026-07-25 02:00:00+00:00, run_after=2026-07-26 02:00:00+00:00
[2026-07-25T16:04:46.024+0000] {processor.py:208} INFO - Processing /opt/airflow/dags/raw_from_s3_to_pg.py took 0.071 seconds
[2026-07-25T16:05:16.429+0000] {processor.py:186} INFO - Started process (PID=34425) to work on /opt/airflow/dags/raw_from_s3_to_pg.py
[2026-07-25T16:05:16.430+0000] {processor.py:914} INFO - Processing file /opt/airflow/dags/raw_from_s3_to_pg.py for tasks to queue
[2026-07-25T16:05:16.431+0000] {logging_mixin.py:190} INFO - [2026-07-25T16:05:16.431+0000] {dagbag.py:588} INFO - Filling up the DagBag from /opt/airflow/dags/raw_from_s3_to_pg.py
[2026-07-25T16:05:16.473+0000] {processor.py:925} INFO - DAG(s) 'raw_from_s3_to_pg' retrieved from /opt/airflow/dags/raw_from_s3_to_pg.py
[2026-07-25T16:05:16.479+0000] {logging_mixin.py:190} INFO - [2026-07-25T16:05:16.478+0000] {dag.py:3239} INFO - Sync 1 DAGs
[2026-07-25T16:05:16.491+0000] {logging_mixin.py:190} INFO - [2026-07-25T16:05:16.491+0000] {dag.py:4180} INFO - Setting next_dagrun for raw_from_s3_to_pg to 2026-07-25 02:00:00+00:00, run_after=2026-07-26 02:00:00+00:00
[2026-07-25T16:05:16.501+0000] {processor.py:208} INFO - Processing /opt/airflow/dags/raw_from_s3_to_pg.py took 0.076 seconds
[2026-07-25T16:05:46.924+0000] {processor.py:186} INFO - Started process (PID=34465) to work on /opt/airflow/dags/raw_from_s3_to_pg.py
[2026-07-25T16:05:46.924+0000] {processor.py:914} INFO - Processing file /opt/airflow/dags/raw_from_s3_to_pg.py for tasks to queue
[2026-07-25T16:05:46.924+0000] {logging_mixin.py:190} INFO - [2026-07-25T16:05:46.924+0000] {dagbag.py:588} INFO - Filling up the DagBag from /opt/airflow/dags/raw_from_s3_to_pg.py
[2026-07-25T16:05:46.966+0000] {processor.py:925} INFO - DAG(s) 'raw_from_s3_to_pg' retrieved from /opt/airflow/dags/raw_from_s3_to_pg.py
[2026-07-25T16:05:46.972+0000] {logging_mixin.py:190} INFO - [2026-07-25T16:05:46.972+0000] {dag.py:3239} INFO - Sync 1 DAGs
[2026-07-25T16:05:46.984+0000] {logging_mixin.py:190} INFO - [2026-07-25T16:05:46.984+0000] {dag.py:4180} INFO - Setting next_dagrun for raw_from_s3_to_pg to 2026-07-25 02:00:00+00:00, run_after=2026-07-26 02:00:00+00:00
[2026-07-25T16:05:46.995+0000] {processor.py:208} INFO - Processing /opt/airflow/dags/raw_from_s3_to_pg.py took 0.075 seconds
[2026-07-25T16:06:17.404+0000] {processor.py:186} INFO - Started process (PID=34505) to work on /opt/airflow/dags/raw_from_s3_to_pg.py
[2026-07-25T16:06:17.407+0000] {processor.py:914} INFO - Processing file /opt/airflow/dags/raw_from_s3_to_pg.py for tasks to queue
[2026-07-25T16:06:17.408+0000] {logging_mixin.py:190} INFO - [2026-07-25T16:06:17.408+0000] {dagbag.py:588} INFO - Filling up the DagBag from /opt/airflow/dags/raw_from_s3_to_pg.py
[2026-07-25T16:06:17.446+0000] {processor.py:925} INFO - DAG(s) 'raw_from_s3_to_pg' retrieved from /opt/airflow/dags/raw_from_s3_to_pg.py
[2026-07-25T16:06:17.453+0000] {logging_mixin.py:190} INFO - [2026-07-25T16:06:17.453+0000] {dag.py:3239} INFO - Sync 1 DAGs
[2026-07-25T16:06:17.466+0000] {logging_mixin.py:190} INFO - [2026-07-25T16:06:17.466+0000] {dag.py:4180} INFO - Setting next_dagrun for raw_from_s3_to_pg to 2026-07-25 02:00:00+00:00, run_after=2026-07-26 02:00:00+00:00
[2026-07-25T16:06:17.477+0000] {processor.py:208} INFO - Processing /opt/airflow/dags/raw_from_s3_to_pg.py took 0.078 seconds
[2026-07-25T16:06:47.861+0000] {processor.py:186} INFO - Started process (PID=34545) to work on /opt/airflow/dags/raw_from_s3_to_pg.py
[2026-07-25T16:06:47.861+0000] {processor.py:914} INFO - Processing file /opt/airflow/dags/raw_from_s3_to_pg.py for tasks to queue
[2026-07-25T16:06:47.862+0000] {logging_mixin.py:190} INFO - [2026-07-25T16:06:47.862+0000] {dagbag.py:588} INFO - Filling up the DagBag from /opt/airflow/dags/raw_from_s3_to_pg.py
[2026-07-25T16:06:47.905+0000] {processor.py:925} INFO - DAG(s) 'raw_from_s3_to_pg' retrieved from /opt/airflow/dags/raw_from_s3_to_pg.py
[2026-07-25T16:06:47.911+0000] {logging_mixin.py:190} INFO - [2026-07-25T16:06:47.911+0000] {dag.py:3239} INFO - Sync 1 DAGs
[2026-07-25T16:06:47.924+0000] {logging_mixin.py:190} INFO - [2026-07-25T16:06:47.924+0000] {dag.py:4180} INFO - Setting next_dagrun for raw_from_s3_to_pg to 2026-07-25 02:00:00+00:00, run_after=2026-07-26 02:00:00+00:00
[2026-07-25T16:06:47.937+0000] {processor.py:208} INFO - Processing /opt/airflow/dags/raw_from_s3_to_pg.py took 0.079 seconds
[2026-07-25T16:07:18.401+0000] {processor.py:186} INFO - Started process (PID=34585) to work on /opt/airflow/dags/raw_from_s3_to_pg.py
[2026-07-25T16:07:18.403+0000] {processor.py:914} INFO - Processing file /opt/airflow/dags/raw_from_s3_to_pg.py for tasks to queue
[2026-07-25T16:07:18.403+0000] {logging_mixin.py:190} INFO - [2026-07-25T16:07:18.403+0000] {dagbag.py:588} INFO - Filling up the DagBag from /opt/airflow/dags/raw_from_s3_to_pg.py
[2026-07-25T16:07:18.445+0000] {processor.py:925} INFO - DAG(s) 'raw_from_s3_to_pg' retrieved from /opt/airflow/dags/raw_from_s3_to_pg.py
[2026-07-25T16:07:18.454+0000] {logging_mixin.py:190} INFO - [2026-07-25T16:07:18.454+0000] {dag.py:3239} INFO - Sync 1 DAGs
[2026-07-25T16:07:18.468+0000] {logging_mixin.py:190} INFO - [2026-07-25T16:07:18.467+0000] {dag.py:4180} INFO - Setting next_dagrun for raw_from_s3_to_pg to 2026-07-25 02:00:00+00:00, run_after=2026-07-26 02:00:00+00:00
[2026-07-25T16:07:18.477+0000] {processor.py:208} INFO - Processing /opt/airflow/dags/raw_from_s3_to_pg.py took 0.081 seconds
[2026-07-25T16:07:48.802+0000] {processor.py:186} INFO - Started process (PID=34625) to work on /opt/airflow/dags/raw_from_s3_to_pg.py
[2026-07-25T16:07:48.802+0000] {processor.py:914} INFO - Processing file /opt/airflow/dags/raw_from_s3_to_pg.py for tasks to queue
[2026-07-25T16:07:48.803+0000] {logging_mixin.py:190} INFO - [2026-07-25T16:07:48.803+0000] {dagbag.py:588} INFO - Filling up the DagBag from /opt/airflow/dags/raw_from_s3_to_pg.py
[2026-07-25T16:07:48.849+0000] {processor.py:925} INFO - DAG(s) 'raw_from_s3_to_pg' retrieved from /opt/airflow/dags/raw_from_s3_to_pg.py
[2026-07-25T16:07:48.857+0000] {logging_mixin.py:190} INFO - [2026-07-25T16:07:48.857+0000] {dag.py:3239} INFO - Sync 1 DAGs
[2026-07-25T16:07:48.871+0000] {logging_mixin.py:190} INFO - [2026-07-25T16:07:48.870+0000] {dag.py:4180} INFO - Setting next_dagrun for raw_from_s3_to_pg to 2026-07-25 02:00:00+00:00, run_after=2026-07-26 02:00:00+00:00
[2026-07-25T16:07:48.882+0000] {processor.py:208} INFO - Processing /opt/airflow/dags/raw_from_s3_to_pg.py took 0.084 seconds
[2026-07-25T16:08:19.321+0000] {processor.py:186} INFO - Started process (PID=34665) to work on /opt/airflow/dags/raw_from_s3_to_pg.py
[2026-07-25T16:08:19.324+0000] {processor.py:914} INFO - Processing file /opt/airflow/dags/raw_from_s3_to_pg.py for tasks to queue
[2026-07-25T16:08:19.325+0000] {logging_mixin.py:190} INFO - [2026-07-25T16:08:19.325+0000] {dagbag.py:588} INFO - Filling up the DagBag from /opt/airflow/dags/raw_from_s3_to_pg.py
[2026-07-25T16:08:19.370+0000] {processor.py:925} INFO - DAG(s) 'raw_from_s3_to_pg' retrieved from /opt/airflow/dags/raw_from_s3_to_pg.py
[2026-07-25T16:08:19.377+0000] {logging_mixin.py:190} INFO - [2026-07-25T16:08:19.377+0000] {dag.py:3239} INFO - Sync 1 DAGs
[2026-07-25T16:08:19.390+0000] {logging_mixin.py:190} INFO - [2026-07-25T16:08:19.390+0000] {dag.py:4180} INFO - Setting next_dagrun for raw_from_s3_to_pg to 2026-07-25 02:00:00+00:00, run_after=2026-07-26 02:00:00+00:00
[2026-07-25T16:08:19.401+0000] {processor.py:208} INFO - Processing /opt/airflow/dags/raw_from_s3_to_pg.py took 0.084 seconds
[2026-07-25T16:08:49.866+0000] {processor.py:186} INFO - Started process (PID=34705) to work on /opt/airflow/dags/raw_from_s3_to_pg.py
[2026-07-25T16:08:49.866+0000] {processor.py:914} INFO - Processing file /opt/airflow/dags/raw_from_s3_to_pg.py for tasks to queue
[2026-07-25T16:08:49.867+0000] {logging_mixin.py:190} INFO - [2026-07-25T16:08:49.866+0000] {dagbag.py:588} INFO - Filling up the DagBag from /opt/airflow/dags/raw_from_s3_to_pg.py
[2026-07-25T16:08:49.908+0000] {processor.py:925} INFO - DAG(s) 'raw_from_s3_to_pg' retrieved from /opt/airflow/dags/raw_from_s3_to_pg.py
[2026-07-25T16:08:49.914+0000] {logging_mixin.py:190} INFO - [2026-07-25T16:08:49.914+0000] {dag.py:3239} INFO - Sync 1 DAGs
[2026-07-25T16:08:49.927+0000] {logging_mixin.py:190} INFO - [2026-07-25T16:08:49.926+0000] {dag.py:4180} INFO - Setting next_dagrun for raw_from_s3_to_pg to 2026-07-25 02:00:00+00:00, run_after=2026-07-26 02:00:00+00:00
[2026-07-25T16:08:49.936+0000] {processor.py:208} INFO - Processing /opt/airflow/dags/raw_from_s3_to_pg.py took 0.074 seconds
[2026-07-25T16:09:20.319+0000] {processor.py:186} INFO - Started process (PID=34745) to work on /opt/airflow/dags/raw_from_s3_to_pg.py
[2026-07-25T16:09:20.320+0000] {processor.py:914} INFO - Processing file /opt/airflow/dags/raw_from_s3_to_pg.py for tasks to queue
[2026-07-25T16:09:20.321+0000] {logging_mixin.py:190} INFO - [2026-07-25T16:09:20.321+0000] {dagbag.py:588} INFO - Filling up the DagBag from /opt/airflow/dags/raw_from_s3_to_pg.py
[2026-07-25T16:09:20.366+0000] {processor.py:925} INFO - DAG(s) 'raw_from_s3_to_pg' retrieved from /opt/airflow/dags/raw_from_s3_to_pg.py
[2026-07-25T16:09:20.372+0000] {logging_mixin.py:190} INFO - [2026-07-25T16:09:20.372+0000] {dag.py:3239} INFO - Sync 1 DAGs
[2026-07-25T16:09:20.385+0000] {logging_mixin.py:190} INFO - [2026-07-25T16:09:20.385+0000] {dag.py:4180} INFO - Setting next_dagrun for raw_from_s3_to_pg to 2026-07-25 02:00:00+00:00, run_after=2026-07-26 02:00:00+00:00
[2026-07-25T16:09:20.394+0000] {processor.py:208} INFO - Processing /opt/airflow/dags/raw_from_s3_to_pg.py took 0.079 seconds
[2026-07-25T16:09:50.846+0000] {processor.py:186} INFO - Started process (PID=34785) to work on /opt/airflow/dags/raw_from_s3_to_pg.py
[2026-07-25T16:09:50.847+0000] {processor.py:914} INFO - Processing file /opt/airflow/dags/raw_from_s3_to_pg.py for tasks to queue
[2026-07-25T16:09:50.848+0000] {logging_mixin.py:190} INFO - [2026-07-25T16:09:50.847+0000] {dagbag.py:588} INFO - Filling up the DagBag from /opt/airflow/dags/raw_from_s3_to_pg.py
[2026-07-25T16:09:50.888+0000] {processor.py:925} INFO - DAG(s) 'raw_from_s3_to_pg' retrieved from /opt/airflow/dags/raw_from_s3_to_pg.py
[2026-07-25T16:09:50.895+0000] {logging_mixin.py:190} INFO - [2026-07-25T16:09:50.895+0000] {dag.py:3239} INFO - Sync 1 DAGs
[2026-07-25T16:09:50.907+0000] {logging_mixin.py:190} INFO - [2026-07-25T16:09:50.907+0000] {dag.py:4180} INFO - Setting next_dagrun for raw_from_s3_to_pg to 2026-07-25 02:00:00+00:00, run_after=2026-07-26 02:00:00+00:00
[2026-07-25T16:09:50.916+0000] {processor.py:208} INFO - Processing /opt/airflow/dags/raw_from_s3_to_pg.py took 0.073 seconds
[2026-07-25T16:10:21.356+0000] {processor.py:186} INFO - Started process (PID=34825) to work on /opt/airflow/dags/raw_from_s3_to_pg.py
[2026-07-25T16:10:21.359+0000] {processor.py:914} INFO - Processing file /opt/airflow/dags/raw_from_s3_to_pg.py for tasks to queue
[2026-07-25T16:10:21.360+0000] {logging_mixin.py:190} INFO - [2026-07-25T16:10:21.359+0000] {dagbag.py:588} INFO - Filling up the DagBag from /opt/airflow/dags/raw_from_s3_to_pg.py
[2026-07-25T16:10:21.400+0000] {processor.py:925} INFO - DAG(s) 'raw_from_s3_to_pg' retrieved from /opt/airflow/dags/raw_from_s3_to_pg.py
[2026-07-25T16:10:21.406+0000] {logging_mixin.py:190} INFO - [2026-07-25T16:10:21.406+0000] {dag.py:3239} INFO - Sync 1 DAGs
[2026-07-25T16:10:21.418+0000] {logging_mixin.py:190} INFO - [2026-07-25T16:10:21.418+0000] {dag.py:4180} INFO - Setting next_dagrun for raw_from_s3_to_pg to 2026-07-25 02:00:00+00:00, run_after=2026-07-26 02:00:00+00:00
[2026-07-25T16:10:21.430+0000] {processor.py:208} INFO - Processing /opt/airflow/dags/raw_from_s3_to_pg.py took 0.077 seconds
[2026-07-25T16:10:51.903+0000] {processor.py:186} INFO - Started process (PID=34865) to work on /opt/airflow/dags/raw_from_s3_to_pg.py
[2026-07-25T16:10:51.904+0000] {processor.py:914} INFO - Processing file /opt/airflow/dags/raw_from_s3_to_pg.py for tasks to queue
[2026-07-25T16:10:51.905+0000] {logging_mixin.py:190} INFO - [2026-07-25T16:10:51.904+0000] {dagbag.py:588} INFO - Filling up the DagBag from /opt/airflow/dags/raw_from_s3_to_pg.py
[2026-07-25T16:10:51.944+0000] {processor.py:925} INFO - DAG(s) 'raw_from_s3_to_pg' retrieved from /opt/airflow/dags/raw_from_s3_to_pg.py
[2026-07-25T16:10:51.950+0000] {logging_mixin.py:190} INFO - [2026-07-25T16:10:51.950+0000] {dag.py:3239} INFO - Sync 1 DAGs
[2026-07-25T16:10:51.963+0000] {logging_mixin.py:190} INFO - [2026-07-25T16:10:51.963+0000] {dag.py:4180} INFO - Setting next_dagrun for raw_from_s3_to_pg to 2026-07-25 02:00:00+00:00, run_after=2026-07-26 02:00:00+00:00
[2026-07-25T16:10:51.973+0000] {processor.py:208} INFO - Processing /opt/airflow/dags/raw_from_s3_to_pg.py took 0.074 seconds
[2026-07-25T16:11:22.408+0000] {processor.py:186} INFO - Started process (PID=34905) to work on /opt/airflow/dags/raw_from_s3_to_pg.py
[2026-07-25T16:11:22.411+0000] {processor.py:914} INFO - Processing file /opt/airflow/dags/raw_from_s3_to_pg.py for tasks to queue
[2026-07-25T16:11:22.411+0000] {logging_mixin.py:190} INFO - [2026-07-25T16:11:22.411+0000] {dagbag.py:588} INFO - Filling up the DagBag from /opt/airflow/dags/raw_from_s3_to_pg.py
[2026-07-25T16:11:22.453+0000] {processor.py:925} INFO - DAG(s) 'raw_from_s3_to_pg' retrieved from /opt/airflow/dags/raw_from_s3_to_pg.py
[2026-07-25T16:11:22.462+0000] {logging_mixin.py:190} INFO - [2026-07-25T16:11:22.462+0000] {dag.py:3239} INFO - Sync 1 DAGs
[2026-07-25T16:11:22.475+0000] {logging_mixin.py:190} INFO - [2026-07-25T16:11:22.474+0000] {dag.py:4180} INFO - Setting next_dagrun for raw_from_s3_to_pg to 2026-07-25 02:00:00+00:00, run_after=2026-07-26 02:00:00+00:00
[2026-07-25T16:11:22.484+0000] {processor.py:208} INFO - Processing /opt/airflow/dags/raw_from_s3_to_pg.py took 0.080 seconds
[2026-07-25T16:11:52.897+0000] {processor.py:186} INFO - Started process (PID=34945) to work on /opt/airflow/dags/raw_from_s3_to_pg.py
[2026-07-25T16:11:52.897+0000] {processor.py:914} INFO - Processing file /opt/airflow/dags/raw_from_s3_to_pg.py for tasks to queue
[2026-07-25T16:11:52.898+0000] {logging_mixin.py:190} INFO - [2026-07-25T16:11:52.898+0000] {dagbag.py:588} INFO - Filling up the DagBag from /opt/airflow/dags/raw_from_s3_to_pg.py
[2026-07-25T16:11:52.936+0000] {processor.py:925} INFO - DAG(s) 'raw_from_s3_to_pg' retrieved from /opt/airflow/dags/raw_from_s3_to_pg.py
[2026-07-25T16:11:52.942+0000] {logging_mixin.py:190} INFO - [2026-07-25T16:11:52.942+0000] {dag.py:3239} INFO - Sync 1 DAGs
[2026-07-25T16:11:52.954+0000] {logging_mixin.py:190} INFO - [2026-07-25T16:11:52.954+0000] {dag.py:4180} INFO - Setting next_dagrun for raw_from_s3_to_pg to 2026-07-25 02:00:00+00:00, run_after=2026-07-26 02:00:00+00:00
[2026-07-25T16:11:52.966+0000] {processor.py:208} INFO - Processing /opt/airflow/dags/raw_from_s3_to_pg.py took 0.073 seconds
[2026-07-25T16:12:23.357+0000] {processor.py:186} INFO - Started process (PID=34991) to work on /opt/airflow/dags/raw_from_s3_to_pg.py
[2026-07-25T16:12:23.358+0000] {processor.py:914} INFO - Processing file /opt/airflow/dags/raw_from_s3_to_pg.py for tasks to queue
[2026-07-25T16:12:23.358+0000] {logging_mixin.py:190} INFO - [2026-07-25T16:12:23.358+0000] {dagbag.py:588} INFO - Filling up the DagBag from /opt/airflow/dags/raw_from_s3_to_pg.py
[2026-07-25T16:12:23.396+0000] {processor.py:925} INFO - DAG(s) 'raw_from_s3_to_pg' retrieved from /opt/airflow/dags/raw_from_s3_to_pg.py
[2026-07-25T16:12:23.402+0000] {logging_mixin.py:190} INFO - [2026-07-25T16:12:23.401+0000] {dag.py:3239} INFO - Sync 1 DAGs
[2026-07-25T16:12:23.414+0000] {logging_mixin.py:190} INFO - [2026-07-25T16:12:23.414+0000] {dag.py:4180} INFO - Setting next_dagrun for raw_from_s3_to_pg to 2026-07-25 02:00:00+00:00, run_after=2026-07-26 02:00:00+00:00
[2026-07-25T16:12:23.424+0000] {processor.py:208} INFO - Processing /opt/airflow/dags/raw_from_s3_to_pg.py took 0.071 seconds
[2026-07-25T16:12:53.881+0000] {processor.py:186} INFO - Started process (PID=35031) to work on /opt/airflow/dags/raw_from_s3_to_pg.py
[2026-07-25T16:12:53.882+0000] {processor.py:914} INFO - Processing file /opt/airflow/dags/raw_from_s3_to_pg.py for tasks to queue
[2026-07-25T16:12:53.882+0000] {logging_mixin.py:190} INFO - [2026-07-25T16:12:53.882+0000] {dagbag.py:588} INFO - Filling up the DagBag from /opt/airflow/dags/raw_from_s3_to_pg.py
[2026-07-25T16:12:53.918+0000] {processor.py:925} INFO - DAG(s) 'raw_from_s3_to_pg' retrieved from /opt/airflow/dags/raw_from_s3_to_pg.py
[2026-07-25T16:12:53.924+0000] {logging_mixin.py:190} INFO - [2026-07-25T16:12:53.924+0000] {dag.py:3239} INFO - Sync 1 DAGs
[2026-07-25T16:12:53.937+0000] {logging_mixin.py:190} INFO - [2026-07-25T16:12:53.937+0000] {dag.py:4180} INFO - Setting next_dagrun for raw_from_s3_to_pg to 2026-07-25 02:00:00+00:00, run_after=2026-07-26 02:00:00+00:00
[2026-07-25T16:12:53.949+0000] {processor.py:208} INFO - Processing /opt/airflow/dags/raw_from_s3_to_pg.py took 0.071 seconds
[2026-07-25T16:13:24.406+0000] {processor.py:186} INFO - Started process (PID=35071) to work on /opt/airflow/dags/raw_from_s3_to_pg.py
[2026-07-25T16:13:24.406+0000] {processor.py:914} INFO - Processing file /opt/airflow/dags/raw_from_s3_to_pg.py for tasks to queue
[2026-07-25T16:13:24.407+0000] {logging_mixin.py:190} INFO - [2026-07-25T16:13:24.407+0000] {dagbag.py:588} INFO - Filling up the DagBag from /opt/airflow/dags/raw_from_s3_to_pg.py
[2026-07-25T16:13:24.446+0000] {processor.py:925} INFO - DAG(s) 'raw_from_s3_to_pg' retrieved from /opt/airflow/dags/raw_from_s3_to_pg.py
[2026-07-25T16:13:24.452+0000] {logging_mixin.py:190} INFO - [2026-07-25T16:13:24.451+0000] {dag.py:3239} INFO - Sync 1 DAGs
[2026-07-25T16:13:24.464+0000] {logging_mixin.py:190} INFO - [2026-07-25T16:13:24.464+0000] {dag.py:4180} INFO - Setting next_dagrun for raw_from_s3_to_pg to 2026-07-25 02:00:00+00:00, run_after=2026-07-26 02:00:00+00:00
[2026-07-25T16:13:24.475+0000] {processor.py:208} INFO - Processing /opt/airflow/dags/raw_from_s3_to_pg.py took 0.072 seconds
[2026-07-25T16:13:54.916+0000] {processor.py:186} INFO - Started process (PID=35111) to work on /opt/airflow/dags/raw_from_s3_to_pg.py
[2026-07-25T16:13:54.919+0000] {processor.py:914} INFO - Processing file /opt/airflow/dags/raw_from_s3_to_pg.py for tasks to queue
[2026-07-25T16:13:54.920+0000] {logging_mixin.py:190} INFO - [2026-07-25T16:13:54.920+0000] {dagbag.py:588} INFO - Filling up the DagBag from /opt/airflow/dags/raw_from_s3_to_pg.py
[2026-07-25T16:13:54.959+0000] {processor.py:925} INFO - DAG(s) 'raw_from_s3_to_pg' retrieved from /opt/airflow/dags/raw_from_s3_to_pg.py
[2026-07-25T16:13:54.966+0000] {logging_mixin.py:190} INFO - [2026-07-25T16:13:54.966+0000] {dag.py:3239} INFO - Sync 1 DAGs
[2026-07-25T16:13:54.979+0000] {logging_mixin.py:190} INFO - [2026-07-25T16:13:54.978+0000] {dag.py:4180} INFO - Setting next_dagrun for raw_from_s3_to_pg to 2026-07-25 02:00:00+00:00, run_after=2026-07-26 02:00:00+00:00
[2026-07-25T16:13:54.988+0000] {processor.py:208} INFO - Processing /opt/airflow/dags/raw_from_s3_to_pg.py took 0.075 seconds
[2026-07-25T16:14:25.455+0000] {processor.py:186} INFO - Started process (PID=35151) to work on /opt/airflow/dags/raw_from_s3_to_pg.py
[2026-07-25T16:14:25.456+0000] {processor.py:914} INFO - Processing file /opt/airflow/dags/raw_from_s3_to_pg.py for tasks to queue
[2026-07-25T16:14:25.456+0000] {logging_mixin.py:190} INFO - [2026-07-25T16:14:25.456+0000] {dagbag.py:588} INFO - Filling up the DagBag from /opt/airflow/dags/raw_from_s3_to_pg.py
[2026-07-25T16:14:25.493+0000] {processor.py:925} INFO - DAG(s) 'raw_from_s3_to_pg' retrieved from /opt/airflow/dags/raw_from_s3_to_pg.py
[2026-07-25T16:14:25.499+0000] {logging_mixin.py:190} INFO - [2026-07-25T16:14:25.499+0000] {dag.py:3239} INFO - Sync 1 DAGs
[2026-07-25T16:14:25.512+0000] {logging_mixin.py:190} INFO - [2026-07-25T16:14:25.512+0000] {dag.py:4180} INFO - Setting next_dagrun for raw_from_s3_to_pg to 2026-07-25 02:00:00+00:00, run_after=2026-07-26 02:00:00+00:00
[2026-07-25T16:14:25.523+0000] {processor.py:208} INFO - Processing /opt/airflow/dags/raw_from_s3_to_pg.py took 0.070 seconds
[2026-07-25T16:14:55.846+0000] {processor.py:186} INFO - Started process (PID=35191) to work on /opt/airflow/dags/raw_from_s3_to_pg.py
[2026-07-25T16:14:55.846+0000] {processor.py:914} INFO - Processing file /opt/airflow/dags/raw_from_s3_to_pg.py for tasks to queue
[2026-07-25T16:14:55.847+0000] {logging_mixin.py:190} INFO - [2026-07-25T16:14:55.847+0000] {dagbag.py:588} INFO - Filling up the DagBag from /opt/airflow/dags/raw_from_s3_to_pg.py
[2026-07-25T16:14:55.890+0000] {processor.py:925} INFO - DAG(s) 'raw_from_s3_to_pg' retrieved from /opt/airflow/dags/raw_from_s3_to_pg.py
[2026-07-25T16:14:55.896+0000] {logging_mixin.py:190} INFO - [2026-07-25T16:14:55.896+0000] {dag.py:3239} INFO - Sync 1 DAGs
[2026-07-25T16:14:55.908+0000] {logging_mixin.py:190} INFO - [2026-07-25T16:14:55.908+0000] {dag.py:4180} INFO - Setting next_dagrun for raw_from_s3_to_pg to 2026-07-25 02:00:00+00:00, run_after=2026-07-26 02:00:00+00:00
[2026-07-25T16:14:55.920+0000] {processor.py:208} INFO - Processing /opt/airflow/dags/raw_from_s3_to_pg.py took 0.079 seconds
[2026-07-25T16:15:26.302+0000] {processor.py:186} INFO - Started process (PID=35231) to work on /opt/airflow/dags/raw_from_s3_to_pg.py
[2026-07-25T16:15:26.305+0000] {processor.py:914} INFO - Processing file /opt/airflow/dags/raw_from_s3_to_pg.py for tasks to queue
[2026-07-25T16:15:26.306+0000] {logging_mixin.py:190} INFO - [2026-07-25T16:15:26.306+0000] {dagbag.py:588} INFO - Filling up the DagBag from /opt/airflow/dags/raw_from_s3_to_pg.py
[2026-07-25T16:15:26.347+0000] {processor.py:925} INFO - DAG(s) 'raw_from_s3_to_pg' retrieved from /opt/airflow/dags/raw_from_s3_to_pg.py
[2026-07-25T16:15:26.354+0000] {logging_mixin.py:190} INFO - [2026-07-25T16:15:26.354+0000] {dag.py:3239} INFO - Sync 1 DAGs
[2026-07-25T16:15:26.366+0000] {logging_mixin.py:190} INFO - [2026-07-25T16:15:26.366+0000] {dag.py:4180} INFO - Setting next_dagrun for raw_from_s3_to_pg to 2026-07-25 02:00:00+00:00, run_after=2026-07-26 02:00:00+00:00
[2026-07-25T16:15:26.377+0000] {processor.py:208} INFO - Processing /opt/airflow/dags/raw_from_s3_to_pg.py took 0.080 seconds
[2026-07-25T16:15:56.844+0000] {processor.py:186} INFO - Started process (PID=35271) to work on /opt/airflow/dags/raw_from_s3_to_pg.py
[2026-07-25T16:15:56.844+0000] {processor.py:914} INFO - Processing file /opt/airflow/dags/raw_from_s3_to_pg.py for tasks to queue
[2026-07-25T16:15:56.845+0000] {logging_mixin.py:190} INFO - [2026-07-25T16:15:56.845+0000] {dagbag.py:588} INFO - Filling up the DagBag from /opt/airflow/dags/raw_from_s3_to_pg.py
[2026-07-25T16:15:56.883+0000] {processor.py:925} INFO - DAG(s) 'raw_from_s3_to_pg' retrieved from /opt/airflow/dags/raw_from_s3_to_pg.py
[2026-07-25T16:15:56.889+0000] {logging_mixin.py:190} INFO - [2026-07-25T16:15:56.888+0000] {dag.py:3239} INFO - Sync 1 DAGs
[2026-07-25T16:15:56.901+0000] {logging_mixin.py:190} INFO - [2026-07-25T16:15:56.901+0000] {dag.py:4180} INFO - Setting next_dagrun for raw_from_s3_to_pg to 2026-07-25 02:00:00+00:00, run_after=2026-07-26 02:00:00+00:00
[2026-07-25T16:15:56.911+0000] {processor.py:208} INFO - Processing /opt/airflow/dags/raw_from_s3_to_pg.py took 0.071 seconds
[2026-07-25T16:16:27.350+0000] {processor.py:186} INFO - Started process (PID=35311) to work on /opt/airflow/dags/raw_from_s3_to_pg.py
[2026-07-25T16:16:27.352+0000] {processor.py:914} INFO - Processing file /opt/airflow/dags/raw_from_s3_to_pg.py for tasks to queue
[2026-07-25T16:16:27.352+0000] {logging_mixin.py:190} INFO - [2026-07-25T16:16:27.352+0000] {dagbag.py:588} INFO - Filling up the DagBag from /opt/airflow/dags/raw_from_s3_to_pg.py
[2026-07-25T16:16:27.397+0000] {processor.py:925} INFO - DAG(s) 'raw_from_s3_to_pg' retrieved from /opt/airflow/dags/raw_from_s3_to_pg.py
[2026-07-25T16:16:27.403+0000] {logging_mixin.py:190} INFO - [2026-07-25T16:16:27.403+0000] {dag.py:3239} INFO - Sync 1 DAGs
[2026-07-25T16:16:27.417+0000] {logging_mixin.py:190} INFO - [2026-07-25T16:16:27.416+0000] {dag.py:4180} INFO - Setting next_dagrun for raw_from_s3_to_pg to 2026-07-25 02:00:00+00:00, run_after=2026-07-26 02:00:00+00:00
[2026-07-25T16:16:27.425+0000] {processor.py:208} INFO - Processing /opt/airflow/dags/raw_from_s3_to_pg.py took 0.080 seconds
[2026-07-25T16:16:57.838+0000] {processor.py:186} INFO - Started process (PID=35351) to work on /opt/airflow/dags/raw_from_s3_to_pg.py
[2026-07-25T16:16:57.839+0000] {processor.py:914} INFO - Processing file /opt/airflow/dags/raw_from_s3_to_pg.py for tasks to queue
[2026-07-25T16:16:57.840+0000] {logging_mixin.py:190} INFO - [2026-07-25T16:16:57.840+0000] {dagbag.py:588} INFO - Filling up the DagBag from /opt/airflow/dags/raw_from_s3_to_pg.py
[2026-07-25T16:16:57.879+0000] {processor.py:925} INFO - DAG(s) 'raw_from_s3_to_pg' retrieved from /opt/airflow/dags/raw_from_s3_to_pg.py
[2026-07-25T16:16:57.885+0000] {logging_mixin.py:190} INFO - [2026-07-25T16:16:57.885+0000] {dag.py:3239} INFO - Sync 1 DAGs
[2026-07-25T16:16:57.897+0000] {logging_mixin.py:190} INFO - [2026-07-25T16:16:57.897+0000] {dag.py:4180} INFO - Setting next_dagrun for raw_from_s3_to_pg to 2026-07-25 02:00:00+00:00, run_after=2026-07-26 02:00:00+00:00
[2026-07-25T16:16:57.909+0000] {processor.py:208} INFO - Processing /opt/airflow/dags/raw_from_s3_to_pg.py took 0.074 seconds
[2026-07-25T16:17:28.309+0000] {processor.py:186} INFO - Started process (PID=35391) to work on /opt/airflow/dags/raw_from_s3_to_pg.py
[2026-07-25T16:17:28.312+0000] {processor.py:914} INFO - Processing file /opt/airflow/dags/raw_from_s3_to_pg.py for tasks to queue
[2026-07-25T16:17:28.313+0000] {logging_mixin.py:190} INFO - [2026-07-25T16:17:28.312+0000] {dagbag.py:588} INFO - Filling up the DagBag from /opt/airflow/dags/raw_from_s3_to_pg.py
[2026-07-25T16:17:28.351+0000] {processor.py:925} INFO - DAG(s) 'raw_from_s3_to_pg' retrieved from /opt/airflow/dags/raw_from_s3_to_pg.py
[2026-07-25T16:17:28.357+0000] {logging_mixin.py:190} INFO - [2026-07-25T16:17:28.357+0000] {dag.py:3239} INFO - Sync 1 DAGs
[2026-07-25T16:17:28.369+0000] {logging_mixin.py:190} INFO - [2026-07-25T16:17:28.369+0000] {dag.py:4180} INFO - Setting next_dagrun for raw_from_s3_to_pg to 2026-07-25 02:00:00+00:00, run_after=2026-07-26 02:00:00+00:00
[2026-07-25T16:17:28.379+0000] {processor.py:208} INFO - Processing /opt/airflow/dags/raw_from_s3_to_pg.py took 0.073 seconds
[2026-07-25T16:17:58.853+0000] {processor.py:186} INFO - Started process (PID=35431) to work on /opt/airflow/dags/raw_from_s3_to_pg.py
[2026-07-25T16:17:58.853+0000] {processor.py:914} INFO - Processing file /opt/airflow/dags/raw_from_s3_to_pg.py for tasks to queue
[2026-07-25T16:17:58.854+0000] {logging_mixin.py:190} INFO - [2026-07-25T16:17:58.854+0000] {dagbag.py:588} INFO - Filling up the DagBag from /opt/airflow/dags/raw_from_s3_to_pg.py
[2026-07-25T16:17:58.894+0000] {processor.py:925} INFO - DAG(s) 'raw_from_s3_to_pg' retrieved from /opt/airflow/dags/raw_from_s3_to_pg.py
[2026-07-25T16:17:58.900+0000] {logging_mixin.py:190} INFO - [2026-07-25T16:17:58.900+0000] {dag.py:3239} INFO - Sync 1 DAGs
[2026-07-25T16:17:58.913+0000] {logging_mixin.py:190} INFO - [2026-07-25T16:17:58.913+0000] {dag.py:4180} INFO - Setting next_dagrun for raw_from_s3_to_pg to 2026-07-25 02:00:00+00:00, run_after=2026-07-26 02:00:00+00:00
[2026-07-25T16:17:58.923+0000] {processor.py:208} INFO - Processing /opt/airflow/dags/raw_from_s3_to_pg.py took 0.073 seconds
[2026-07-25T16:18:29.314+0000] {processor.py:186} INFO - Started process (PID=35471) to work on /opt/airflow/dags/raw_from_s3_to_pg.py
[2026-07-25T16:18:29.317+0000] {processor.py:914} INFO - Processing file /opt/airflow/dags/raw_from_s3_to_pg.py for tasks to queue
[2026-07-25T16:18:29.318+0000] {logging_mixin.py:190} INFO - [2026-07-25T16:18:29.318+0000] {dagbag.py:588} INFO - Filling up the DagBag from /opt/airflow/dags/raw_from_s3_to_pg.py
[2026-07-25T16:18:29.357+0000] {processor.py:925} INFO - DAG(s) 'raw_from_s3_to_pg' retrieved from /opt/airflow/dags/raw_from_s3_to_pg.py
[2026-07-25T16:18:29.363+0000] {logging_mixin.py:190} INFO - [2026-07-25T16:18:29.363+0000] {dag.py:3239} INFO - Sync 1 DAGs
[2026-07-25T16:18:29.375+0000] {logging_mixin.py:190} INFO - [2026-07-25T16:18:29.375+0000] {dag.py:4180} INFO - Setting next_dagrun for raw_from_s3_to_pg to 2026-07-25 02:00:00+00:00, run_after=2026-07-26 02:00:00+00:00
[2026-07-25T16:18:29.386+0000] {processor.py:208} INFO - Processing /opt/airflow/dags/raw_from_s3_to_pg.py took 0.075 seconds
[2026-07-25T16:18:59.745+0000] {processor.py:186} INFO - Started process (PID=35511) to work on /opt/airflow/dags/raw_from_s3_to_pg.py
[2026-07-25T16:18:59.745+0000] {processor.py:914} INFO - Processing file /opt/airflow/dags/raw_from_s3_to_pg.py for tasks to queue
[2026-07-25T16:18:59.746+0000] {logging_mixin.py:190} INFO - [2026-07-25T16:18:59.745+0000] {dagbag.py:588} INFO - Filling up the DagBag from /opt/airflow/dags/raw_from_s3_to_pg.py
[2026-07-25T16:18:59.785+0000] {processor.py:925} INFO - DAG(s) 'raw_from_s3_to_pg' retrieved from /opt/airflow/dags/raw_from_s3_to_pg.py
[2026-07-25T16:18:59.792+0000] {logging_mixin.py:190} INFO - [2026-07-25T16:18:59.791+0000] {dag.py:3239} INFO - Sync 1 DAGs
[2026-07-25T16:18:59.804+0000] {logging_mixin.py:190} INFO - [2026-07-25T16:18:59.804+0000] {dag.py:4180} INFO - Setting next_dagrun for raw_from_s3_to_pg to 2026-07-25 02:00:00+00:00, run_after=2026-07-26 02:00:00+00:00
[2026-07-25T16:18:59.814+0000] {processor.py:208} INFO - Processing /opt/airflow/dags/raw_from_s3_to_pg.py took 0.074 seconds
[2026-07-25T16:19:30.249+0000] {processor.py:186} INFO - Started process (PID=35551) to work on /opt/airflow/dags/raw_from_s3_to_pg.py
[2026-07-25T16:19:30.252+0000] {processor.py:914} INFO - Processing file /opt/airflow/dags/raw_from_s3_to_pg.py for tasks to queue
[2026-07-25T16:19:30.252+0000] {logging_mixin.py:190} INFO - [2026-07-25T16:19:30.252+0000] {dagbag.py:588} INFO - Filling up the DagBag from /opt/airflow/dags/raw_from_s3_to_pg.py
[2026-07-25T16:19:30.289+0000] {processor.py:925} INFO - DAG(s) 'raw_from_s3_to_pg' retrieved from /opt/airflow/dags/raw_from_s3_to_pg.py
[2026-07-25T16:19:30.295+0000] {logging_mixin.py:190} INFO - [2026-07-25T16:19:30.295+0000] {dag.py:3239} INFO - Sync 1 DAGs
[2026-07-25T16:19:30.307+0000] {logging_mixin.py:190} INFO - [2026-07-25T16:19:30.307+0000] {dag.py:4180} INFO - Setting next_dagrun for raw_from_s3_to_pg to 2026-07-25 02:00:00+00:00, run_after=2026-07-26 02:00:00+00:00
[2026-07-25T16:19:30.318+0000] {processor.py:208} INFO - Processing /opt/airflow/dags/raw_from_s3_to_pg.py took 0.072 seconds
[2026-07-25T16:20:00.695+0000] {processor.py:186} INFO - Started process (PID=35591) to work on /opt/airflow/dags/raw_from_s3_to_pg.py
[2026-07-25T16:20:00.696+0000] {processor.py:914} INFO - Processing file /opt/airflow/dags/raw_from_s3_to_pg.py for tasks to queue
[2026-07-25T16:20:00.696+0000] {logging_mixin.py:190} INFO - [2026-07-25T16:20:00.696+0000] {dagbag.py:588} INFO - Filling up the DagBag from /opt/airflow/dags/raw_from_s3_to_pg.py
[2026-07-25T16:20:00.737+0000] {processor.py:925} INFO - DAG(s) 'raw_from_s3_to_pg' retrieved from /opt/airflow/dags/raw_from_s3_to_pg.py
[2026-07-25T16:20:00.744+0000] {logging_mixin.py:190} INFO - [2026-07-25T16:20:00.743+0000] {dag.py:3239} INFO - Sync 1 DAGs
[2026-07-25T16:20:00.757+0000] {logging_mixin.py:190} INFO - [2026-07-25T16:20:00.757+0000] {dag.py:4180} INFO - Setting next_dagrun for raw_from_s3_to_pg to 2026-07-25 02:00:00+00:00, run_after=2026-07-26 02:00:00+00:00
[2026-07-25T16:20:00.768+0000] {processor.py:208} INFO - Processing /opt/airflow/dags/raw_from_s3_to_pg.py took 0.076 seconds
[2026-07-25T16:20:31.088+0000] {processor.py:186} INFO - Started process (PID=35631) to work on /opt/airflow/dags/raw_from_s3_to_pg.py
[2026-07-25T16:20:31.091+0000] {processor.py:914} INFO - Processing file /opt/airflow/dags/raw_from_s3_to_pg.py for tasks to queue
[2026-07-25T16:20:31.092+0000] {logging_mixin.py:190} INFO - [2026-07-25T16:20:31.091+0000] {dagbag.py:588} INFO - Filling up the DagBag from /opt/airflow/dags/raw_from_s3_to_pg.py
[2026-07-25T16:20:31.128+0000] {processor.py:925} INFO - DAG(s) 'raw_from_s3_to_pg' retrieved from /opt/airflow/dags/raw_from_s3_to_pg.py
[2026-07-25T16:20:31.134+0000] {logging_mixin.py:190} INFO - [2026-07-25T16:20:31.134+0000] {dag.py:3239} INFO - Sync 1 DAGs
[2026-07-25T16:20:31.146+0000] {logging_mixin.py:190} INFO - [2026-07-25T16:20:31.145+0000] {dag.py:4180} INFO - Setting next_dagrun for raw_from_s3_to_pg to 2026-07-25 02:00:00+00:00, run_after=2026-07-26 02:00:00+00:00
[2026-07-25T16:20:31.155+0000] {processor.py:208} INFO - Processing /opt/airflow/dags/raw_from_s3_to_pg.py took 0.071 seconds
[2026-07-25T16:21:01.556+0000] {processor.py:186} INFO - Started process (PID=35671) to work on /opt/airflow/dags/raw_from_s3_to_pg.py
[2026-07-25T16:21:01.556+0000] {processor.py:914} INFO - Processing file /opt/airflow/dags/raw_from_s3_to_pg.py for tasks to queue
[2026-07-25T16:21:01.557+0000] {logging_mixin.py:190} INFO - [2026-07-25T16:21:01.557+0000] {dagbag.py:588} INFO - Filling up the DagBag from /opt/airflow/dags/raw_from_s3_to_pg.py
[2026-07-25T16:21:01.600+0000] {processor.py:925} INFO - DAG(s) 'raw_from_s3_to_pg' retrieved from /opt/airflow/dags/raw_from_s3_to_pg.py
[2026-07-25T16:21:01.607+0000] {logging_mixin.py:190} INFO - [2026-07-25T16:21:01.607+0000] {dag.py:3239} INFO - Sync 1 DAGs
[2026-07-25T16:21:01.620+0000] {logging_mixin.py:190} INFO - [2026-07-25T16:21:01.620+0000] {dag.py:4180} INFO - Setting next_dagrun for raw_from_s3_to_pg to 2026-07-25 02:00:00+00:00, run_after=2026-07-26 02:00:00+00:00
[2026-07-25T16:21:01.631+0000] {processor.py:208} INFO - Processing /opt/airflow/dags/raw_from_s3_to_pg.py took 0.080 seconds
[2026-07-25T16:21:32.050+0000] {processor.py:186} INFO - Started process (PID=35711) to work on /opt/airflow/dags/raw_from_s3_to_pg.py
[2026-07-25T16:21:32.053+0000] {processor.py:914} INFO - Processing file /opt/airflow/dags/raw_from_s3_to_pg.py for tasks to queue
[2026-07-25T16:21:32.054+0000] {logging_mixin.py:190} INFO - [2026-07-25T16:21:32.054+0000] {dagbag.py:588} INFO - Filling up the DagBag from /opt/airflow/dags/raw_from_s3_to_pg.py
[2026-07-25T16:21:32.092+0000] {processor.py:925} INFO - DAG(s) 'raw_from_s3_to_pg' retrieved from /opt/airflow/dags/raw_from_s3_to_pg.py
[2026-07-25T16:21:32.098+0000] {logging_mixin.py:190} INFO - [2026-07-25T16:21:32.098+0000] {dag.py:3239} INFO - Sync 1 DAGs
[2026-07-25T16:21:32.112+0000] {logging_mixin.py:190} INFO - [2026-07-25T16:21:32.112+0000] {dag.py:4180} INFO - Setting next_dagrun for raw_from_s3_to_pg to 2026-07-25 02:00:00+00:00, run_after=2026-07-26 02:00:00+00:00
[2026-07-25T16:21:32.125+0000] {processor.py:208} INFO - Processing /opt/airflow/dags/raw_from_s3_to_pg.py took 0.078 seconds
[2026-07-25T16:22:02.536+0000] {processor.py:186} INFO - Started process (PID=35751) to work on /opt/airflow/dags/raw_from_s3_to_pg.py
[2026-07-25T16:22:02.536+0000] {processor.py:914} INFO - Processing file /opt/airflow/dags/raw_from_s3_to_pg.py for tasks to queue
[2026-07-25T16:22:02.537+0000] {logging_mixin.py:190} INFO - [2026-07-25T16:22:02.537+0000] {dagbag.py:588} INFO - Filling up the DagBag from /opt/airflow/dags/raw_from_s3_to_pg.py
[2026-07-25T16:22:02.575+0000] {processor.py:925} INFO - DAG(s) 'raw_from_s3_to_pg' retrieved from /opt/airflow/dags/raw_from_s3_to_pg.py
[2026-07-25T16:22:02.582+0000] {logging_mixin.py:190} INFO - [2026-07-25T16:22:02.582+0000] {dag.py:3239} INFO - Sync 1 DAGs
[2026-07-25T16:22:02.595+0000] {logging_mixin.py:190} INFO - [2026-07-25T16:22:02.594+0000] {dag.py:4180} INFO - Setting next_dagrun for raw_from_s3_to_pg to 2026-07-25 02:00:00+00:00, run_after=2026-07-26 02:00:00+00:00
[2026-07-25T16:22:02.604+0000] {processor.py:208} INFO - Processing /opt/airflow/dags/raw_from_s3_to_pg.py took 0.071 seconds
[2026-07-25T16:22:33.012+0000] {processor.py:186} INFO - Started process (PID=35791) to work on /opt/airflow/dags/raw_from_s3_to_pg.py
[2026-07-25T16:22:33.015+0000] {processor.py:914} INFO - Processing file /opt/airflow/dags/raw_from_s3_to_pg.py for tasks to queue
[2026-07-25T16:22:33.016+0000] {logging_mixin.py:190} INFO - [2026-07-25T16:22:33.015+0000] {dagbag.py:588} INFO - Filling up the DagBag from /opt/airflow/dags/raw_from_s3_to_pg.py
[2026-07-25T16:22:33.060+0000] {processor.py:925} INFO - DAG(s) 'raw_from_s3_to_pg' retrieved from /opt/airflow/dags/raw_from_s3_to_pg.py
[2026-07-25T16:22:33.066+0000] {logging_mixin.py:190} INFO - [2026-07-25T16:22:33.066+0000] {dag.py:3239} INFO - Sync 1 DAGs
[2026-07-25T16:22:33.079+0000] {logging_mixin.py:190} INFO - [2026-07-25T16:22:33.078+0000] {dag.py:4180} INFO - Setting next_dagrun for raw_from_s3_to_pg to 2026-07-25 02:00:00+00:00, run_after=2026-07-26 02:00:00+00:00
[2026-07-25T16:22:33.088+0000] {processor.py:208} INFO - Processing /opt/airflow/dags/raw_from_s3_to_pg.py took 0.081 seconds
[2026-07-25T16:23:03.508+0000] {processor.py:186} INFO - Started process (PID=35831) to work on /opt/airflow/dags/raw_from_s3_to_pg.py
[2026-07-25T16:23:03.509+0000] {processor.py:914} INFO - Processing file /opt/airflow/dags/raw_from_s3_to_pg.py for tasks to queue
[2026-07-25T16:23:03.509+0000] {logging_mixin.py:190} INFO - [2026-07-25T16:23:03.509+0000] {dagbag.py:588} INFO - Filling up the DagBag from /opt/airflow/dags/raw_from_s3_to_pg.py
[2026-07-25T16:23:03.548+0000] {processor.py:925} INFO - DAG(s) 'raw_from_s3_to_pg' retrieved from /opt/airflow/dags/raw_from_s3_to_pg.py
[2026-07-25T16:23:03.554+0000] {logging_mixin.py:190} INFO - [2026-07-25T16:23:03.554+0000] {dag.py:3239} INFO - Sync 1 DAGs
[2026-07-25T16:23:03.566+0000] {logging_mixin.py:190} INFO - [2026-07-25T16:23:03.566+0000] {dag.py:4180} INFO - Setting next_dagrun for raw_from_s3_to_pg to 2026-07-25 02:00:00+00:00, run_after=2026-07-26 02:00:00+00:00
[2026-07-25T16:23:03.577+0000] {processor.py:208} INFO - Processing /opt/airflow/dags/raw_from_s3_to_pg.py took 0.073 seconds
[2026-07-25T16:23:33.959+0000] {processor.py:186} INFO - Started process (PID=35871) to work on /opt/airflow/dags/raw_from_s3_to_pg.py
[2026-07-25T16:23:33.960+0000] {processor.py:914} INFO - Processing file /opt/airflow/dags/raw_from_s3_to_pg.py for tasks to queue
[2026-07-25T16:23:33.961+0000] {logging_mixin.py:190} INFO - [2026-07-25T16:23:33.961+0000] {dagbag.py:588} INFO - Filling up the DagBag from /opt/airflow/dags/raw_from_s3_to_pg.py
[2026-07-25T16:23:33.998+0000] {processor.py:925} INFO - DAG(s) 'raw_from_s3_to_pg' retrieved from /opt/airflow/dags/raw_from_s3_to_pg.py
[2026-07-25T16:23:34.005+0000] {logging_mixin.py:190} INFO - [2026-07-25T16:23:34.004+0000] {dag.py:3239} INFO - Sync 1 DAGs
[2026-07-25T16:23:34.017+0000] {logging_mixin.py:190} INFO - [2026-07-25T16:23:34.017+0000] {dag.py:4180} INFO - Setting next_dagrun for raw_from_s3_to_pg to 2026-07-25 02:00:00+00:00, run_after=2026-07-26 02:00:00+00:00
[2026-07-25T16:23:34.029+0000] {processor.py:208} INFO - Processing /opt/airflow/dags/raw_from_s3_to_pg.py took 0.074 seconds
[2026-07-25T16:24:04.439+0000] {processor.py:186} INFO - Started process (PID=35911) to work on /opt/airflow/dags/raw_from_s3_to_pg.py
[2026-07-25T16:24:04.439+0000] {processor.py:914} INFO - Processing file /opt/airflow/dags/raw_from_s3_to_pg.py for tasks to queue
[2026-07-25T16:24:04.440+0000] {logging_mixin.py:190} INFO - [2026-07-25T16:24:04.440+0000] {dagbag.py:588} INFO - Filling up the DagBag from /opt/airflow/dags/raw_from_s3_to_pg.py
[2026-07-25T16:24:04.479+0000] {processor.py:925} INFO - DAG(s) 'raw_from_s3_to_pg' retrieved from /opt/airflow/dags/raw_from_s3_to_pg.py
[2026-07-25T16:24:04.487+0000] {logging_mixin.py:190} INFO - [2026-07-25T16:24:04.486+0000] {dag.py:3239} INFO - Sync 1 DAGs
[2026-07-25T16:24:04.499+0000] {logging_mixin.py:190} INFO - [2026-07-25T16:24:04.499+0000] {dag.py:4180} INFO - Setting next_dagrun for raw_from_s3_to_pg to 2026-07-25 02:00:00+00:00, run_after=2026-07-26 02:00:00+00:00
[2026-07-25T16:24:04.512+0000] {processor.py:208} INFO - Processing /opt/airflow/dags/raw_from_s3_to_pg.py took 0.078 seconds
[2026-07-25T16:24:34.920+0000] {processor.py:186} INFO - Started process (PID=35951) to work on /opt/airflow/dags/raw_from_s3_to_pg.py
[2026-07-25T16:24:34.923+0000] {processor.py:914} INFO - Processing file /opt/airflow/dags/raw_from_s3_to_pg.py for tasks to queue
[2026-07-25T16:24:34.924+0000] {logging_mixin.py:190} INFO - [2026-07-25T16:24:34.924+0000] {dagbag.py:588} INFO - Filling up the DagBag from /opt/airflow/dags/raw_from_s3_to_pg.py
[2026-07-25T16:24:34.965+0000] {processor.py:925} INFO - DAG(s) 'raw_from_s3_to_pg' retrieved from /opt/airflow/dags/raw_from_s3_to_pg.py
[2026-07-25T16:24:34.971+0000] {logging_mixin.py:190} INFO - [2026-07-25T16:24:34.971+0000] {dag.py:3239} INFO - Sync 1 DAGs
[2026-07-25T16:24:34.985+0000] {logging_mixin.py:190} INFO - [2026-07-25T16:24:34.984+0000] {dag.py:4180} INFO - Setting next_dagrun for raw_from_s3_to_pg to 2026-07-25 02:00:00+00:00, run_after=2026-07-26 02:00:00+00:00
[2026-07-25T16:24:34.994+0000] {processor.py:208} INFO - Processing /opt/airflow/dags/raw_from_s3_to_pg.py took 0.079 seconds
[2026-07-25T16:25:05.435+0000] {processor.py:186} INFO - Started process (PID=35991) to work on /opt/airflow/dags/raw_from_s3_to_pg.py
[2026-07-25T16:25:05.437+0000] {processor.py:914} INFO - Processing file /opt/airflow/dags/raw_from_s3_to_pg.py for tasks to queue
[2026-07-25T16:25:05.438+0000] {logging_mixin.py:190} INFO - [2026-07-25T16:25:05.438+0000] {dagbag.py:588} INFO - Filling up the DagBag from /opt/airflow/dags/raw_from_s3_to_pg.py
[2026-07-25T16:25:05.477+0000] {processor.py:925} INFO - DAG(s) 'raw_from_s3_to_pg' retrieved from /opt/airflow/dags/raw_from_s3_to_pg.py
[2026-07-25T16:25:05.483+0000] {logging_mixin.py:190} INFO - [2026-07-25T16:25:05.483+0000] {dag.py:3239} INFO - Sync 1 DAGs
[2026-07-25T16:25:05.495+0000] {logging_mixin.py:190} INFO - [2026-07-25T16:25:05.495+0000] {dag.py:4180} INFO - Setting next_dagrun for raw_from_s3_to_pg to 2026-07-25 02:00:00+00:00, run_after=2026-07-26 02:00:00+00:00
[2026-07-25T16:25:05.506+0000] {processor.py:208} INFO - Processing /opt/airflow/dags/raw_from_s3_to_pg.py took 0.074 seconds
[2026-07-25T16:25:35.867+0000] {processor.py:186} INFO - Started process (PID=36031) to work on /opt/airflow/dags/raw_from_s3_to_pg.py
[2026-07-25T16:25:35.870+0000] {processor.py:914} INFO - Processing file /opt/airflow/dags/raw_from_s3_to_pg.py for tasks to queue
[2026-07-25T16:25:35.871+0000] {logging_mixin.py:190} INFO - [2026-07-25T16:25:35.870+0000] {dagbag.py:588} INFO - Filling up the DagBag from /opt/airflow/dags/raw_from_s3_to_pg.py
[2026-07-25T16:25:35.910+0000] {processor.py:925} INFO - DAG(s) 'raw_from_s3_to_pg' retrieved from /opt/airflow/dags/raw_from_s3_to_pg.py
[2026-07-25T16:25:35.916+0000] {logging_mixin.py:190} INFO - [2026-07-25T16:25:35.916+0000] {dag.py:3239} INFO - Sync 1 DAGs
[2026-07-25T16:25:35.929+0000] {logging_mixin.py:190} INFO - [2026-07-25T16:25:35.929+0000] {dag.py:4180} INFO - Setting next_dagrun for raw_from_s3_to_pg to 2026-07-25 02:00:00+00:00, run_after=2026-07-26 02:00:00+00:00
[2026-07-25T16:25:35.939+0000] {processor.py:208} INFO - Processing /opt/airflow/dags/raw_from_s3_to_pg.py took 0.074 seconds
[2026-07-25T16:26:06.390+0000] {processor.py:186} INFO - Started process (PID=36071) to work on /opt/airflow/dags/raw_from_s3_to_pg.py
[2026-07-25T16:26:06.390+0000] {processor.py:914} INFO - Processing file /opt/airflow/dags/raw_from_s3_to_pg.py for tasks to queue
[2026-07-25T16:26:06.391+0000] {logging_mixin.py:190} INFO - [2026-07-25T16:26:06.391+0000] {dagbag.py:588} INFO - Filling up the DagBag from /opt/airflow/dags/raw_from_s3_to_pg.py
[2026-07-25T16:26:06.428+0000] {processor.py:925} INFO - DAG(s) 'raw_from_s3_to_pg' retrieved from /opt/airflow/dags/raw_from_s3_to_pg.py
[2026-07-25T16:26:06.434+0000] {logging_mixin.py:190} INFO - [2026-07-25T16:26:06.434+0000] {dag.py:3239} INFO - Sync 1 DAGs
[2026-07-25T16:26:06.446+0000] {logging_mixin.py:190} INFO - [2026-07-25T16:26:06.446+0000] {dag.py:4180} INFO - Setting next_dagrun for raw_from_s3_to_pg to 2026-07-25 02:00:00+00:00, run_after=2026-07-26 02:00:00+00:00
[2026-07-25T16:26:06.455+0000] {processor.py:208} INFO - Processing /opt/airflow/dags/raw_from_s3_to_pg.py took 0.070 seconds
[2026-07-25T16:26:36.872+0000] {processor.py:186} INFO - Started process (PID=36111) to work on /opt/airflow/dags/raw_from_s3_to_pg.py
[2026-07-25T16:26:36.872+0000] {processor.py:914} INFO - Processing file /opt/airflow/dags/raw_from_s3_to_pg.py for tasks to queue
[2026-07-25T16:26:36.873+0000] {logging_mixin.py:190} INFO - [2026-07-25T16:26:36.873+0000] {dagbag.py:588} INFO - Filling up the DagBag from /opt/airflow/dags/raw_from_s3_to_pg.py
[2026-07-25T16:26:36.911+0000] {processor.py:925} INFO - DAG(s) 'raw_from_s3_to_pg' retrieved from /opt/airflow/dags/raw_from_s3_to_pg.py
[2026-07-25T16:26:36.917+0000] {logging_mixin.py:190} INFO - [2026-07-25T16:26:36.917+0000] {dag.py:3239} INFO - Sync 1 DAGs
[2026-07-25T16:26:36.931+0000] {logging_mixin.py:190} INFO - [2026-07-25T16:26:36.931+0000] {dag.py:4180} INFO - Setting next_dagrun for raw_from_s3_to_pg to 2026-07-25 02:00:00+00:00, run_after=2026-07-26 02:00:00+00:00
[2026-07-25T16:26:36.943+0000] {processor.py:208} INFO - Processing /opt/airflow/dags/raw_from_s3_to_pg.py took 0.074 seconds
[2026-07-25T16:27:07.357+0000] {processor.py:186} INFO - Started process (PID=36151) to work on /opt/airflow/dags/raw_from_s3_to_pg.py
[2026-07-25T16:27:07.360+0000] {processor.py:914} INFO - Processing file /opt/airflow/dags/raw_from_s3_to_pg.py for tasks to queue
[2026-07-25T16:27:07.361+0000] {logging_mixin.py:190} INFO - [2026-07-25T16:27:07.361+0000] {dagbag.py:588} INFO - Filling up the DagBag from /opt/airflow/dags/raw_from_s3_to_pg.py
[2026-07-25T16:27:07.404+0000] {processor.py:925} INFO - DAG(s) 'raw_from_s3_to_pg' retrieved from /opt/airflow/dags/raw_from_s3_to_pg.py
[2026-07-25T16:27:07.410+0000] {logging_mixin.py:190} INFO - [2026-07-25T16:27:07.410+0000] {dag.py:3239} INFO - Sync 1 DAGs
[2026-07-25T16:27:07.422+0000] {logging_mixin.py:190} INFO - [2026-07-25T16:27:07.422+0000] {dag.py:4180} INFO - Setting next_dagrun for raw_from_s3_to_pg to 2026-07-25 02:00:00+00:00, run_after=2026-07-26 02:00:00+00:00
[2026-07-25T16:27:07.434+0000] {processor.py:208} INFO - Processing /opt/airflow/dags/raw_from_s3_to_pg.py took 0.081 seconds
[2026-07-25T16:27:37.872+0000] {processor.py:186} INFO - Started process (PID=36191) to work on /opt/airflow/dags/raw_from_s3_to_pg.py
[2026-07-25T16:27:37.873+0000] {processor.py:914} INFO - Processing file /opt/airflow/dags/raw_from_s3_to_pg.py for tasks to queue
[2026-07-25T16:27:37.873+0000] {logging_mixin.py:190} INFO - [2026-07-25T16:27:37.873+0000] {dagbag.py:588} INFO - Filling up the DagBag from /opt/airflow/dags/raw_from_s3_to_pg.py
[2026-07-25T16:27:37.912+0000] {processor.py:925} INFO - DAG(s) 'raw_from_s3_to_pg' retrieved from /opt/airflow/dags/raw_from_s3_to_pg.py
[2026-07-25T16:27:37.918+0000] {logging_mixin.py:190} INFO - [2026-07-25T16:27:37.918+0000] {dag.py:3239} INFO - Sync 1 DAGs
[2026-07-25T16:27:37.931+0000] {logging_mixin.py:190} INFO - [2026-07-25T16:27:37.931+0000] {dag.py:4180} INFO - Setting next_dagrun for raw_from_s3_to_pg to 2026-07-25 02:00:00+00:00, run_after=2026-07-26 02:00:00+00:00
[2026-07-25T16:27:37.943+0000] {processor.py:208} INFO - Processing /opt/airflow/dags/raw_from_s3_to_pg.py took 0.073 seconds
[2026-07-25T16:28:08.389+0000] {processor.py:186} INFO - Started process (PID=36231) to work on /opt/airflow/dags/raw_from_s3_to_pg.py
[2026-07-25T16:28:08.392+0000] {processor.py:914} INFO - Processing file /opt/airflow/dags/raw_from_s3_to_pg.py for tasks to queue
[2026-07-25T16:28:08.393+0000] {logging_mixin.py:190} INFO - [2026-07-25T16:28:08.393+0000] {dagbag.py:588} INFO - Filling up the DagBag from /opt/airflow/dags/raw_from_s3_to_pg.py
[2026-07-25T16:28:08.430+0000] {processor.py:925} INFO - DAG(s) 'raw_from_s3_to_pg' retrieved from /opt/airflow/dags/raw_from_s3_to_pg.py
[2026-07-25T16:28:08.436+0000] {logging_mixin.py:190} INFO - [2026-07-25T16:28:08.436+0000] {dag.py:3239} INFO - Sync 1 DAGs
[2026-07-25T16:28:08.448+0000] {logging_mixin.py:190} INFO - [2026-07-25T16:28:08.448+0000] {dag.py:4180} INFO - Setting next_dagrun for raw_from_s3_to_pg to 2026-07-25 02:00:00+00:00, run_after=2026-07-26 02:00:00+00:00
[2026-07-25T16:28:08.459+0000] {processor.py:208} INFO - Processing /opt/airflow/dags/raw_from_s3_to_pg.py took 0.074 seconds
[2026-07-25T16:28:38.838+0000] {processor.py:186} INFO - Started process (PID=36271) to work on /opt/airflow/dags/raw_from_s3_to_pg.py
[2026-07-25T16:28:38.838+0000] {processor.py:914} INFO - Processing file /opt/airflow/dags/raw_from_s3_to_pg.py for tasks to queue
[2026-07-25T16:28:38.839+0000] {logging_mixin.py:190} INFO - [2026-07-25T16:28:38.839+0000] {dagbag.py:588} INFO - Filling up the DagBag from /opt/airflow/dags/raw_from_s3_to_pg.py
[2026-07-25T16:28:38.879+0000] {processor.py:925} INFO - DAG(s) 'raw_from_s3_to_pg' retrieved from /opt/airflow/dags/raw_from_s3_to_pg.py
[2026-07-25T16:28:38.885+0000] {logging_mixin.py:190} INFO - [2026-07-25T16:28:38.885+0000] {dag.py:3239} INFO - Sync 1 DAGs
[2026-07-25T16:28:38.897+0000] {logging_mixin.py:190} INFO - [2026-07-25T16:28:38.897+0000] {dag.py:4180} INFO - Setting next_dagrun for raw_from_s3_to_pg to 2026-07-25 02:00:00+00:00, run_after=2026-07-26 02:00:00+00:00
[2026-07-25T16:28:38.907+0000] {processor.py:208} INFO - Processing /opt/airflow/dags/raw_from_s3_to_pg.py took 0.074 seconds
[2026-07-25T16:29:09.337+0000] {processor.py:186} INFO - Started process (PID=36311) to work on /opt/airflow/dags/raw_from_s3_to_pg.py
[2026-07-25T16:29:09.394+0000] {processor.py:914} INFO - Processing file /opt/airflow/dags/raw_from_s3_to_pg.py for tasks to queue
[2026-07-25T16:29:09.395+0000] {logging_mixin.py:190} INFO - [2026-07-25T16:29:09.395+0000] {dagbag.py:588} INFO - Filling up the DagBag from /opt/airflow/dags/raw_from_s3_to_pg.py
[2026-07-25T16:29:09.434+0000] {processor.py:925} INFO - DAG(s) 'raw_from_s3_to_pg' retrieved from /opt/airflow/dags/raw_from_s3_to_pg.py
[2026-07-25T16:29:09.441+0000] {logging_mixin.py:190} INFO - [2026-07-25T16:29:09.440+0000] {dag.py:3239} INFO - Sync 1 DAGs
[2026-07-25T16:29:09.453+0000] {logging_mixin.py:190} INFO - [2026-07-25T16:29:09.453+0000] {dag.py:4180} INFO - Setting next_dagrun for raw_from_s3_to_pg to 2026-07-25 02:00:00+00:00, run_after=2026-07-26 02:00:00+00:00
[2026-07-25T16:29:09.464+0000] {processor.py:208} INFO - Processing /opt/airflow/dags/raw_from_s3_to_pg.py took 0.130 seconds
[2026-07-25T16:29:39.797+0000] {processor.py:186} INFO - Started process (PID=36351) to work on /opt/airflow/dags/raw_from_s3_to_pg.py
[2026-07-25T16:29:39.798+0000] {processor.py:914} INFO - Processing file /opt/airflow/dags/raw_from_s3_to_pg.py for tasks to queue
[2026-07-25T16:29:39.798+0000] {logging_mixin.py:190} INFO - [2026-07-25T16:29:39.798+0000] {dagbag.py:588} INFO - Filling up the DagBag from /opt/airflow/dags/raw_from_s3_to_pg.py
[2026-07-25T16:29:39.838+0000] {processor.py:925} INFO - DAG(s) 'raw_from_s3_to_pg' retrieved from /opt/airflow/dags/raw_from_s3_to_pg.py
[2026-07-25T16:29:39.844+0000] {logging_mixin.py:190} INFO - [2026-07-25T16:29:39.844+0000] {dag.py:3239} INFO - Sync 1 DAGs
[2026-07-25T16:29:39.857+0000] {logging_mixin.py:190} INFO - [2026-07-25T16:29:39.856+0000] {dag.py:4180} INFO - Setting next_dagrun for raw_from_s3_to_pg to 2026-07-25 02:00:00+00:00, run_after=2026-07-26 02:00:00+00:00
[2026-07-25T16:29:39.867+0000] {processor.py:208} INFO - Processing /opt/airflow/dags/raw_from_s3_to_pg.py took 0.074 seconds
[2026-07-25T16:30:10.329+0000] {processor.py:186} INFO - Started process (PID=36391) to work on /opt/airflow/dags/raw_from_s3_to_pg.py
[2026-07-25T16:30:10.332+0000] {processor.py:914} INFO - Processing file /opt/airflow/dags/raw_from_s3_to_pg.py for tasks to queue
[2026-07-25T16:30:10.332+0000] {logging_mixin.py:190} INFO - [2026-07-25T16:30:10.332+0000] {dagbag.py:588} INFO - Filling up the DagBag from /opt/airflow/dags/raw_from_s3_to_pg.py
[2026-07-25T16:30:10.371+0000] {processor.py:925} INFO - DAG(s) 'raw_from_s3_to_pg' retrieved from /opt/airflow/dags/raw_from_s3_to_pg.py
[2026-07-25T16:30:10.378+0000] {logging_mixin.py:190} INFO - [2026-07-25T16:30:10.377+0000] {dag.py:3239} INFO - Sync 1 DAGs
[2026-07-25T16:30:10.390+0000] {logging_mixin.py:190} INFO - [2026-07-25T16:30:10.390+0000] {dag.py:4180} INFO - Setting next_dagrun for raw_from_s3_to_pg to 2026-07-25 02:00:00+00:00, run_after=2026-07-26 02:00:00+00:00
[2026-07-25T16:30:10.401+0000] {processor.py:208} INFO - Processing /opt/airflow/dags/raw_from_s3_to_pg.py took 0.075 seconds
[2026-07-25T16:30:40.812+0000] {processor.py:186} INFO - Started process (PID=36431) to work on /opt/airflow/dags/raw_from_s3_to_pg.py
[2026-07-25T16:30:40.813+0000] {processor.py:914} INFO - Processing file /opt/airflow/dags/raw_from_s3_to_pg.py for tasks to queue
[2026-07-25T16:30:40.813+0000] {logging_mixin.py:190} INFO - [2026-07-25T16:30:40.813+0000] {dagbag.py:588} INFO - Filling up the DagBag from /opt/airflow/dags/raw_from_s3_to_pg.py
[2026-07-25T16:30:40.854+0000] {processor.py:925} INFO - DAG(s) 'raw_from_s3_to_pg' retrieved from /opt/airflow/dags/raw_from_s3_to_pg.py
[2026-07-25T16:30:40.860+0000] {logging_mixin.py:190} INFO - [2026-07-25T16:30:40.860+0000] {dag.py:3239} INFO - Sync 1 DAGs
[2026-07-25T16:30:40.873+0000] {logging_mixin.py:190} INFO - [2026-07-25T16:30:40.872+0000] {dag.py:4180} INFO - Setting next_dagrun for raw_from_s3_to_pg to 2026-07-25 02:00:00+00:00, run_after=2026-07-26 02:00:00+00:00
[2026-07-25T16:30:40.883+0000] {processor.py:208} INFO - Processing /opt/airflow/dags/raw_from_s3_to_pg.py took 0.073 seconds
[2026-07-25T16:31:11.363+0000] {processor.py:186} INFO - Started process (PID=36471) to work on /opt/airflow/dags/raw_from_s3_to_pg.py
[2026-07-25T16:31:11.366+0000] {processor.py:914} INFO - Processing file /opt/airflow/dags/raw_from_s3_to_pg.py for tasks to queue
[2026-07-25T16:31:11.367+0000] {logging_mixin.py:190} INFO - [2026-07-25T16:31:11.367+0000] {dagbag.py:588} INFO - Filling up the DagBag from /opt/airflow/dags/raw_from_s3_to_pg.py
[2026-07-25T16:31:11.406+0000] {processor.py:925} INFO - DAG(s) 'raw_from_s3_to_pg' retrieved from /opt/airflow/dags/raw_from_s3_to_pg.py
[2026-07-25T16:31:11.412+0000] {logging_mixin.py:190} INFO - [2026-07-25T16:31:11.412+0000] {dag.py:3239} INFO - Sync 1 DAGs
[2026-07-25T16:31:11.424+0000] {logging_mixin.py:190} INFO - [2026-07-25T16:31:11.424+0000] {dag.py:4180} INFO - Setting next_dagrun for raw_from_s3_to_pg to 2026-07-25 02:00:00+00:00, run_after=2026-07-26 02:00:00+00:00
[2026-07-25T16:31:11.435+0000] {processor.py:208} INFO - Processing /opt/airflow/dags/raw_from_s3_to_pg.py took 0.075 seconds
[2026-07-25T16:31:41.737+0000] {processor.py:186} INFO - Started process (PID=36511) to work on /opt/airflow/dags/raw_from_s3_to_pg.py
[2026-07-25T16:31:41.737+0000] {processor.py:914} INFO - Processing file /opt/airflow/dags/raw_from_s3_to_pg.py for tasks to queue
[2026-07-25T16:31:41.738+0000] {logging_mixin.py:190} INFO - [2026-07-25T16:31:41.737+0000] {dagbag.py:588} INFO - Filling up the DagBag from /opt/airflow/dags/raw_from_s3_to_pg.py
[2026-07-25T16:31:41.777+0000] {processor.py:925} INFO - DAG(s) 'raw_from_s3_to_pg' retrieved from /opt/airflow/dags/raw_from_s3_to_pg.py
[2026-07-25T16:31:41.785+0000] {logging_mixin.py:190} INFO - [2026-07-25T16:31:41.785+0000] {dag.py:3239} INFO - Sync 1 DAGs
[2026-07-25T16:31:41.797+0000] {logging_mixin.py:190} INFO - [2026-07-25T16:31:41.797+0000] {dag.py:4180} INFO - Setting next_dagrun for raw_from_s3_to_pg to 2026-07-25 02:00:00+00:00, run_after=2026-07-26 02:00:00+00:00
[2026-07-25T16:31:41.807+0000] {processor.py:208} INFO - Processing /opt/airflow/dags/raw_from_s3_to_pg.py took 0.074 seconds
[2026-07-25T16:32:12.210+0000] {processor.py:186} INFO - Started process (PID=36551) to work on /opt/airflow/dags/raw_from_s3_to_pg.py
[2026-07-25T16:32:12.211+0000] {processor.py:914} INFO - Processing file /opt/airflow/dags/raw_from_s3_to_pg.py for tasks to queue
[2026-07-25T16:32:12.211+0000] {logging_mixin.py:190} INFO - [2026-07-25T16:32:12.211+0000] {dagbag.py:588} INFO - Filling up the DagBag from /opt/airflow/dags/raw_from_s3_to_pg.py
[2026-07-25T16:32:12.249+0000] {processor.py:925} INFO - DAG(s) 'raw_from_s3_to_pg' retrieved from /opt/airflow/dags/raw_from_s3_to_pg.py
[2026-07-25T16:32:12.255+0000] {logging_mixin.py:190} INFO - [2026-07-25T16:32:12.255+0000] {dag.py:3239} INFO - Sync 1 DAGs
[2026-07-25T16:32:12.267+0000] {logging_mixin.py:190} INFO - [2026-07-25T16:32:12.266+0000] {dag.py:4180} INFO - Setting next_dagrun for raw_from_s3_to_pg to 2026-07-25 02:00:00+00:00, run_after=2026-07-26 02:00:00+00:00
[2026-07-25T16:32:12.277+0000] {processor.py:208} INFO - Processing /opt/airflow/dags/raw_from_s3_to_pg.py took 0.070 seconds
[2026-07-25T16:32:42.633+0000] {processor.py:186} INFO - Started process (PID=36591) to work on /opt/airflow/dags/raw_from_s3_to_pg.py
[2026-07-25T16:32:42.634+0000] {processor.py:914} INFO - Processing file /opt/airflow/dags/raw_from_s3_to_pg.py for tasks to queue
[2026-07-25T16:32:42.634+0000] {logging_mixin.py:190} INFO - [2026-07-25T16:32:42.634+0000] {dagbag.py:588} INFO - Filling up the DagBag from /opt/airflow/dags/raw_from_s3_to_pg.py
[2026-07-25T16:32:42.676+0000] {processor.py:925} INFO - DAG(s) 'raw_from_s3_to_pg' retrieved from /opt/airflow/dags/raw_from_s3_to_pg.py
[2026-07-25T16:32:42.682+0000] {logging_mixin.py:190} INFO - [2026-07-25T16:32:42.682+0000] {dag.py:3239} INFO - Sync 1 DAGs
[2026-07-25T16:32:42.694+0000] {logging_mixin.py:190} INFO - [2026-07-25T16:32:42.694+0000] {dag.py:4180} INFO - Setting next_dagrun for raw_from_s3_to_pg to 2026-07-25 02:00:00+00:00, run_after=2026-07-26 02:00:00+00:00
[2026-07-25T16:32:42.705+0000] {processor.py:208} INFO - Processing /opt/airflow/dags/raw_from_s3_to_pg.py took 0.077 seconds
[2026-07-25T16:33:13.028+0000] {processor.py:186} INFO - Started process (PID=36631) to work on /opt/airflow/dags/raw_from_s3_to_pg.py
[2026-07-25T16:33:13.031+0000] {processor.py:914} INFO - Processing file /opt/airflow/dags/raw_from_s3_to_pg.py for tasks to queue
[2026-07-25T16:33:13.031+0000] {logging_mixin.py:190} INFO - [2026-07-25T16:33:13.031+0000] {dagbag.py:588} INFO - Filling up the DagBag from /opt/airflow/dags/raw_from_s3_to_pg.py
[2026-07-25T16:33:13.070+0000] {processor.py:925} INFO - DAG(s) 'raw_from_s3_to_pg' retrieved from /opt/airflow/dags/raw_from_s3_to_pg.py
[2026-07-25T16:33:13.076+0000] {logging_mixin.py:190} INFO - [2026-07-25T16:33:13.076+0000] {dag.py:3239} INFO - Sync 1 DAGs
[2026-07-25T16:33:13.088+0000] {logging_mixin.py:190} INFO - [2026-07-25T16:33:13.088+0000] {dag.py:4180} INFO - Setting next_dagrun for raw_from_s3_to_pg to 2026-07-25 02:00:00+00:00, run_after=2026-07-26 02:00:00+00:00
[2026-07-25T16:33:13.099+0000] {processor.py:208} INFO - Processing /opt/airflow/dags/raw_from_s3_to_pg.py took 0.074 seconds
[2026-07-25T16:33:43.336+0000] {processor.py:186} INFO - Started process (PID=36671) to work on /opt/airflow/dags/raw_from_s3_to_pg.py
[2026-07-25T16:33:43.336+0000] {processor.py:914} INFO - Processing file /opt/airflow/dags/raw_from_s3_to_pg.py for tasks to queue
[2026-07-25T16:33:43.337+0000] {logging_mixin.py:190} INFO - [2026-07-25T16:33:43.337+0000] {dagbag.py:588} INFO - Filling up the DagBag from /opt/airflow/dags/raw_from_s3_to_pg.py
[2026-07-25T16:33:43.382+0000] {processor.py:925} INFO - DAG(s) 'raw_from_s3_to_pg' retrieved from /opt/airflow/dags/raw_from_s3_to_pg.py
[2026-07-25T16:33:43.389+0000] {logging_mixin.py:190} INFO - [2026-07-25T16:33:43.389+0000] {dag.py:3239} INFO - Sync 1 DAGs
[2026-07-25T16:33:43.405+0000] {logging_mixin.py:190} INFO - [2026-07-25T16:33:43.404+0000] {dag.py:4180} INFO - Setting next_dagrun for raw_from_s3_to_pg to 2026-07-25 02:00:00+00:00, run_after=2026-07-26 02:00:00+00:00
[2026-07-25T16:33:43.416+0000] {processor.py:208} INFO - Processing /opt/airflow/dags/raw_from_s3_to_pg.py took 0.085 seconds
[2026-07-25T16:34:13.671+0000] {processor.py:186} INFO - Started process (PID=36711) to work on /opt/airflow/dags/raw_from_s3_to_pg.py
[2026-07-25T16:34:13.675+0000] {processor.py:914} INFO - Processing file /opt/airflow/dags/raw_from_s3_to_pg.py for tasks to queue
[2026-07-25T16:34:13.675+0000] {logging_mixin.py:190} INFO - [2026-07-25T16:34:13.675+0000] {dagbag.py:588} INFO - Filling up the DagBag from /opt/airflow/dags/raw_from_s3_to_pg.py
[2026-07-25T16:34:13.721+0000] {processor.py:925} INFO - DAG(s) 'raw_from_s3_to_pg' retrieved from /opt/airflow/dags/raw_from_s3_to_pg.py
[2026-07-25T16:34:13.728+0000] {logging_mixin.py:190} INFO - [2026-07-25T16:34:13.728+0000] {dag.py:3239} INFO - Sync 1 DAGs
[2026-07-25T16:34:13.741+0000] {logging_mixin.py:190} INFO - [2026-07-25T16:34:13.741+0000] {dag.py:4180} INFO - Setting next_dagrun for raw_from_s3_to_pg to 2026-07-25 02:00:00+00:00, run_after=2026-07-26 02:00:00+00:00
[2026-07-25T16:34:13.754+0000] {processor.py:208} INFO - Processing /opt/airflow/dags/raw_from_s3_to_pg.py took 0.087 seconds
[2026-07-25T16:34:44.015+0000] {processor.py:186} INFO - Started process (PID=36751) to work on /opt/airflow/dags/raw_from_s3_to_pg.py
[2026-07-25T16:34:44.016+0000] {processor.py:914} INFO - Processing file /opt/airflow/dags/raw_from_s3_to_pg.py for tasks to queue
[2026-07-25T16:34:44.016+0000] {logging_mixin.py:190} INFO - [2026-07-25T16:34:44.016+0000] {dagbag.py:588} INFO - Filling up the DagBag from /opt/airflow/dags/raw_from_s3_to_pg.py
[2026-07-25T16:34:44.059+0000] {processor.py:925} INFO - DAG(s) 'raw_from_s3_to_pg' retrieved from /opt/airflow/dags/raw_from_s3_to_pg.py
[2026-07-25T16:34:44.066+0000] {logging_mixin.py:190} INFO - [2026-07-25T16:34:44.066+0000] {dag.py:3239} INFO - Sync 1 DAGs
[2026-07-25T16:34:44.080+0000] {logging_mixin.py:190} INFO - [2026-07-25T16:34:44.080+0000] {dag.py:4180} INFO - Setting next_dagrun for raw_from_s3_to_pg to 2026-07-25 02:00:00+00:00, run_after=2026-07-26 02:00:00+00:00
[2026-07-25T16:34:44.091+0000] {processor.py:208} INFO - Processing /opt/airflow/dags/raw_from_s3_to_pg.py took 0.079 seconds
[2026-07-25T16:35:14.350+0000] {processor.py:186} INFO - Started process (PID=36791) to work on /opt/airflow/dags/raw_from_s3_to_pg.py
[2026-07-25T16:35:14.353+0000] {processor.py:914} INFO - Processing file /opt/airflow/dags/raw_from_s3_to_pg.py for tasks to queue
[2026-07-25T16:35:14.354+0000] {logging_mixin.py:190} INFO - [2026-07-25T16:35:14.354+0000] {dagbag.py:588} INFO - Filling up the DagBag from /opt/airflow/dags/raw_from_s3_to_pg.py
[2026-07-25T16:35:14.395+0000] {processor.py:925} INFO - DAG(s) 'raw_from_s3_to_pg' retrieved from /opt/airflow/dags/raw_from_s3_to_pg.py
[2026-07-25T16:35:14.402+0000] {logging_mixin.py:190} INFO - [2026-07-25T16:35:14.402+0000] {dag.py:3239} INFO - Sync 1 DAGs
[2026-07-25T16:35:14.418+0000] {logging_mixin.py:190} INFO - [2026-07-25T16:35:14.418+0000] {dag.py:4180} INFO - Setting next_dagrun for raw_from_s3_to_pg to 2026-07-25 02:00:00+00:00, run_after=2026-07-26 02:00:00+00:00
[2026-07-25T16:35:14.430+0000] {processor.py:208} INFO - Processing /opt/airflow/dags/raw_from_s3_to_pg.py took 0.086 seconds
[2026-07-25T16:35:44.680+0000] {processor.py:186} INFO - Started process (PID=36831) to work on /opt/airflow/dags/raw_from_s3_to_pg.py
[2026-07-25T16:35:44.680+0000] {processor.py:914} INFO - Processing file /opt/airflow/dags/raw_from_s3_to_pg.py for tasks to queue
[2026-07-25T16:35:44.681+0000] {logging_mixin.py:190} INFO - [2026-07-25T16:35:44.681+0000] {dagbag.py:588} INFO - Filling up the DagBag from /opt/airflow/dags/raw_from_s3_to_pg.py
[2026-07-25T16:35:44.721+0000] {processor.py:925} INFO - DAG(s) 'raw_from_s3_to_pg' retrieved from /opt/airflow/dags/raw_from_s3_to_pg.py
[2026-07-25T16:35:44.727+0000] {logging_mixin.py:190} INFO - [2026-07-25T16:35:44.727+0000] {dag.py:3239} INFO - Sync 1 DAGs
[2026-07-25T16:35:44.741+0000] {logging_mixin.py:190} INFO - [2026-07-25T16:35:44.741+0000] {dag.py:4180} INFO - Setting next_dagrun for raw_from_s3_to_pg to 2026-07-25 02:00:00+00:00, run_after=2026-07-26 02:00:00+00:00
[2026-07-25T16:35:44.752+0000] {processor.py:208} INFO - Processing /opt/airflow/dags/raw_from_s3_to_pg.py took 0.076 seconds
[2026-07-25T16:36:15.020+0000] {processor.py:186} INFO - Started process (PID=36871) to work on /opt/airflow/dags/raw_from_s3_to_pg.py
[2026-07-25T16:36:15.024+0000] {processor.py:914} INFO - Processing file /opt/airflow/dags/raw_from_s3_to_pg.py for tasks to queue
[2026-07-25T16:36:15.026+0000] {logging_mixin.py:190} INFO - [2026-07-25T16:36:15.026+0000] {dagbag.py:588} INFO - Filling up the DagBag from /opt/airflow/dags/raw_from_s3_to_pg.py
[2026-07-25T16:36:15.069+0000] {processor.py:925} INFO - DAG(s) 'raw_from_s3_to_pg' retrieved from /opt/airflow/dags/raw_from_s3_to_pg.py
[2026-07-25T16:36:15.076+0000] {logging_mixin.py:190} INFO - [2026-07-25T16:36:15.076+0000] {dag.py:3239} INFO - Sync 1 DAGs
[2026-07-25T16:36:15.089+0000] {logging_mixin.py:190} INFO - [2026-07-25T16:36:15.089+0000] {dag.py:4180} INFO - Setting next_dagrun for raw_from_s3_to_pg to 2026-07-25 02:00:00+00:00, run_after=2026-07-26 02:00:00+00:00
[2026-07-25T16:36:15.103+0000] {processor.py:208} INFO - Processing /opt/airflow/dags/raw_from_s3_to_pg.py took 0.088 seconds
[2026-07-25T16:36:45.328+0000] {processor.py:186} INFO - Started process (PID=36911) to work on /opt/airflow/dags/raw_from_s3_to_pg.py
[2026-07-25T16:36:45.328+0000] {processor.py:914} INFO - Processing file /opt/airflow/dags/raw_from_s3_to_pg.py for tasks to queue
[2026-07-25T16:36:45.329+0000] {logging_mixin.py:190} INFO - [2026-07-25T16:36:45.329+0000] {dagbag.py:588} INFO - Filling up the DagBag from /opt/airflow/dags/raw_from_s3_to_pg.py
[2026-07-25T16:36:45.369+0000] {processor.py:925} INFO - DAG(s) 'raw_from_s3_to_pg' retrieved from /opt/airflow/dags/raw_from_s3_to_pg.py
[2026-07-25T16:36:45.375+0000] {logging_mixin.py:190} INFO - [2026-07-25T16:36:45.375+0000] {dag.py:3239} INFO - Sync 1 DAGs
[2026-07-25T16:36:45.388+0000] {logging_mixin.py:190} INFO - [2026-07-25T16:36:45.388+0000] {dag.py:4180} INFO - Setting next_dagrun for raw_from_s3_to_pg to 2026-07-25 02:00:00+00:00, run_after=2026-07-26 02:00:00+00:00
[2026-07-25T16:36:45.399+0000] {processor.py:208} INFO - Processing /opt/airflow/dags/raw_from_s3_to_pg.py took 0.075 seconds
[2026-07-25T16:37:15.660+0000] {processor.py:186} INFO - Started process (PID=36951) to work on /opt/airflow/dags/raw_from_s3_to_pg.py
[2026-07-25T16:37:15.664+0000] {processor.py:914} INFO - Processing file /opt/airflow/dags/raw_from_s3_to_pg.py for tasks to queue
[2026-07-25T16:37:15.665+0000] {logging_mixin.py:190} INFO - [2026-07-25T16:37:15.664+0000] {dagbag.py:588} INFO - Filling up the DagBag from /opt/airflow/dags/raw_from_s3_to_pg.py
[2026-07-25T16:37:15.707+0000] {processor.py:925} INFO - DAG(s) 'raw_from_s3_to_pg' retrieved from /opt/airflow/dags/raw_from_s3_to_pg.py
[2026-07-25T16:37:15.715+0000] {logging_mixin.py:190} INFO - [2026-07-25T16:37:15.714+0000] {dag.py:3239} INFO - Sync 1 DAGs
[2026-07-25T16:37:15.730+0000] {logging_mixin.py:190} INFO - [2026-07-25T16:37:15.730+0000] {dag.py:4180} INFO - Setting next_dagrun for raw_from_s3_to_pg to 2026-07-25 02:00:00+00:00, run_after=2026-07-26 02:00:00+00:00
[2026-07-25T16:37:15.742+0000] {processor.py:208} INFO - Processing /opt/airflow/dags/raw_from_s3_to_pg.py took 0.089 seconds
[2026-07-25T16:37:45.971+0000] {processor.py:186} INFO - Started process (PID=36991) to work on /opt/airflow/dags/raw_from_s3_to_pg.py
[2026-07-25T16:37:45.973+0000] {processor.py:914} INFO - Processing file /opt/airflow/dags/raw_from_s3_to_pg.py for tasks to queue
[2026-07-25T16:37:45.977+0000] {logging_mixin.py:190} INFO - [2026-07-25T16:37:45.976+0000] {dagbag.py:588} INFO - Filling up the DagBag from /opt/airflow/dags/raw_from_s3_to_pg.py
[2026-07-25T16:37:46.033+0000] {processor.py:925} INFO - DAG(s) 'raw_from_s3_to_pg' retrieved from /opt/airflow/dags/raw_from_s3_to_pg.py
[2026-07-25T16:37:46.040+0000] {logging_mixin.py:190} INFO - [2026-07-25T16:37:46.040+0000] {dag.py:3239} INFO - Sync 1 DAGs
[2026-07-25T16:37:46.055+0000] {logging_mixin.py:190} INFO - [2026-07-25T16:37:46.055+0000] {dag.py:4180} INFO - Setting next_dagrun for raw_from_s3_to_pg to 2026-07-25 02:00:00+00:00, run_after=2026-07-26 02:00:00+00:00
[2026-07-25T16:37:46.066+0000] {processor.py:208} INFO - Processing /opt/airflow/dags/raw_from_s3_to_pg.py took 0.105 seconds
[2026-07-25T16:38:16.230+0000] {processor.py:186} INFO - Started process (PID=37031) to work on /opt/airflow/dags/raw_from_s3_to_pg.py
[2026-07-25T16:38:16.234+0000] {processor.py:914} INFO - Processing file /opt/airflow/dags/raw_from_s3_to_pg.py for tasks to queue
[2026-07-25T16:38:16.235+0000] {logging_mixin.py:190} INFO - [2026-07-25T16:38:16.234+0000] {dagbag.py:588} INFO - Filling up the DagBag from /opt/airflow/dags/raw_from_s3_to_pg.py
[2026-07-25T16:38:16.283+0000] {processor.py:925} INFO - DAG(s) 'raw_from_s3_to_pg' retrieved from /opt/airflow/dags/raw_from_s3_to_pg.py
[2026-07-25T16:38:16.297+0000] {logging_mixin.py:190} INFO - [2026-07-25T16:38:16.296+0000] {dag.py:3239} INFO - Sync 1 DAGs
[2026-07-25T16:38:16.329+0000] {logging_mixin.py:190} INFO - [2026-07-25T16:38:16.329+0000] {dag.py:4180} INFO - Setting next_dagrun for raw_from_s3_to_pg to 2026-07-25 02:00:00+00:00, run_after=2026-07-26 02:00:00+00:00
[2026-07-25T16:38:16.355+0000] {processor.py:208} INFO - Processing /opt/airflow/dags/raw_from_s3_to_pg.py took 0.130 seconds
[2026-07-25T16:38:46.674+0000] {processor.py:186} INFO - Started process (PID=37071) to work on /opt/airflow/dags/raw_from_s3_to_pg.py
[2026-07-25T16:38:46.675+0000] {processor.py:914} INFO - Processing file /opt/airflow/dags/raw_from_s3_to_pg.py for tasks to queue
[2026-07-25T16:38:46.676+0000] {logging_mixin.py:190} INFO - [2026-07-25T16:38:46.675+0000] {dagbag.py:588} INFO - Filling up the DagBag from /opt/airflow/dags/raw_from_s3_to_pg.py
[2026-07-25T16:38:46.721+0000] {processor.py:925} INFO - DAG(s) 'raw_from_s3_to_pg' retrieved from /opt/airflow/dags/raw_from_s3_to_pg.py
[2026-07-25T16:38:46.729+0000] {logging_mixin.py:190} INFO - [2026-07-25T16:38:46.729+0000] {dag.py:3239} INFO - Sync 1 DAGs
[2026-07-25T16:38:46.743+0000] {logging_mixin.py:190} INFO - [2026-07-25T16:38:46.743+0000] {dag.py:4180} INFO - Setting next_dagrun for raw_from_s3_to_pg to 2026-07-25 02:00:00+00:00, run_after=2026-07-26 02:00:00+00:00
[2026-07-25T16:38:46.753+0000] {processor.py:208} INFO - Processing /opt/airflow/dags/raw_from_s3_to_pg.py took 0.083 seconds
[2026-07-25T16:39:17.022+0000] {processor.py:186} INFO - Started process (PID=37111) to work on /opt/airflow/dags/raw_from_s3_to_pg.py
[2026-07-25T16:39:17.025+0000] {processor.py:914} INFO - Processing file /opt/airflow/dags/raw_from_s3_to_pg.py for tasks to queue
[2026-07-25T16:39:17.025+0000] {logging_mixin.py:190} INFO - [2026-07-25T16:39:17.025+0000] {dagbag.py:588} INFO - Filling up the DagBag from /opt/airflow/dags/raw_from_s3_to_pg.py
[2026-07-25T16:39:17.069+0000] {processor.py:925} INFO - DAG(s) 'raw_from_s3_to_pg' retrieved from /opt/airflow/dags/raw_from_s3_to_pg.py
[2026-07-25T16:39:17.077+0000] {logging_mixin.py:190} INFO - [2026-07-25T16:39:17.077+0000] {dag.py:3239} INFO - Sync 1 DAGs
[2026-07-25T16:39:17.091+0000] {logging_mixin.py:190} INFO - [2026-07-25T16:39:17.091+0000] {dag.py:4180} INFO - Setting next_dagrun for raw_from_s3_to_pg to 2026-07-25 02:00:00+00:00, run_after=2026-07-26 02:00:00+00:00
[2026-07-25T16:39:17.103+0000] {processor.py:208} INFO - Processing /opt/airflow/dags/raw_from_s3_to_pg.py took 0.085 seconds
[2026-07-25T16:39:47.343+0000] {processor.py:186} INFO - Started process (PID=37151) to work on /opt/airflow/dags/raw_from_s3_to_pg.py
[2026-07-25T16:39:47.344+0000] {processor.py:914} INFO - Processing file /opt/airflow/dags/raw_from_s3_to_pg.py for tasks to queue
[2026-07-25T16:39:47.345+0000] {logging_mixin.py:190} INFO - [2026-07-25T16:39:47.344+0000] {dagbag.py:588} INFO - Filling up the DagBag from /opt/airflow/dags/raw_from_s3_to_pg.py
[2026-07-25T16:39:47.386+0000] {processor.py:925} INFO - DAG(s) 'raw_from_s3_to_pg' retrieved from /opt/airflow/dags/raw_from_s3_to_pg.py
[2026-07-25T16:39:47.392+0000] {logging_mixin.py:190} INFO - [2026-07-25T16:39:47.392+0000] {dag.py:3239} INFO - Sync 1 DAGs
[2026-07-25T16:39:47.405+0000] {logging_mixin.py:190} INFO - [2026-07-25T16:39:47.405+0000] {dag.py:4180} INFO - Setting next_dagrun for raw_from_s3_to_pg to 2026-07-25 02:00:00+00:00, run_after=2026-07-26 02:00:00+00:00
[2026-07-25T16:39:47.415+0000] {processor.py:208} INFO - Processing /opt/airflow/dags/raw_from_s3_to_pg.py took 0.076 seconds
[2026-07-25T16:40:17.721+0000] {processor.py:186} INFO - Started process (PID=37191) to work on /opt/airflow/dags/raw_from_s3_to_pg.py
[2026-07-25T16:40:17.723+0000] {processor.py:914} INFO - Processing file /opt/airflow/dags/raw_from_s3_to_pg.py for tasks to queue
[2026-07-25T16:40:17.724+0000] {logging_mixin.py:190} INFO - [2026-07-25T16:40:17.724+0000] {dagbag.py:588} INFO - Filling up the DagBag from /opt/airflow/dags/raw_from_s3_to_pg.py
[2026-07-25T16:40:17.763+0000] {processor.py:925} INFO - DAG(s) 'raw_from_s3_to_pg' retrieved from /opt/airflow/dags/raw_from_s3_to_pg.py
[2026-07-25T16:40:17.770+0000] {logging_mixin.py:190} INFO - [2026-07-25T16:40:17.770+0000] {dag.py:3239} INFO - Sync 1 DAGs
[2026-07-25T16:40:17.783+0000] {logging_mixin.py:190} INFO - [2026-07-25T16:40:17.783+0000] {dag.py:4180} INFO - Setting next_dagrun for raw_from_s3_to_pg to 2026-07-25 02:00:00+00:00, run_after=2026-07-26 02:00:00+00:00
[2026-07-25T16:40:17.792+0000] {processor.py:208} INFO - Processing /opt/airflow/dags/raw_from_s3_to_pg.py took 0.076 seconds
[2026-07-25T16:40:48.089+0000] {processor.py:186} INFO - Started process (PID=37231) to work on /opt/airflow/dags/raw_from_s3_to_pg.py
[2026-07-25T16:40:48.089+0000] {processor.py:914} INFO - Processing file /opt/airflow/dags/raw_from_s3_to_pg.py for tasks to queue
[2026-07-25T16:40:48.090+0000] {logging_mixin.py:190} INFO - [2026-07-25T16:40:48.090+0000] {dagbag.py:588} INFO - Filling up the DagBag from /opt/airflow/dags/raw_from_s3_to_pg.py
[2026-07-25T16:40:48.132+0000] {processor.py:925} INFO - DAG(s) 'raw_from_s3_to_pg' retrieved from /opt/airflow/dags/raw_from_s3_to_pg.py
[2026-07-25T16:40:48.138+0000] {logging_mixin.py:190} INFO - [2026-07-25T16:40:48.138+0000] {dag.py:3239} INFO - Sync 1 DAGs
[2026-07-25T16:40:48.150+0000] {logging_mixin.py:190} INFO - [2026-07-25T16:40:48.150+0000] {dag.py:4180} INFO - Setting next_dagrun for raw_from_s3_to_pg to 2026-07-25 02:00:00+00:00, run_after=2026-07-26 02:00:00+00:00
[2026-07-25T16:40:48.161+0000] {processor.py:208} INFO - Processing /opt/airflow/dags/raw_from_s3_to_pg.py took 0.077 seconds
[2026-07-25T16:41:18.521+0000] {processor.py:186} INFO - Started process (PID=37271) to work on /opt/airflow/dags/raw_from_s3_to_pg.py
[2026-07-25T16:41:18.524+0000] {processor.py:914} INFO - Processing file /opt/airflow/dags/raw_from_s3_to_pg.py for tasks to queue
[2026-07-25T16:41:18.525+0000] {logging_mixin.py:190} INFO - [2026-07-25T16:41:18.525+0000] {dagbag.py:588} INFO - Filling up the DagBag from /opt/airflow/dags/raw_from_s3_to_pg.py
[2026-07-25T16:41:18.566+0000] {processor.py:925} INFO - DAG(s) 'raw_from_s3_to_pg' retrieved from /opt/airflow/dags/raw_from_s3_to_pg.py
[2026-07-25T16:41:18.572+0000] {logging_mixin.py:190} INFO - [2026-07-25T16:41:18.572+0000] {dag.py:3239} INFO - Sync 1 DAGs
[2026-07-25T16:41:18.584+0000] {logging_mixin.py:190} INFO - [2026-07-25T16:41:18.584+0000] {dag.py:4180} INFO - Setting next_dagrun for raw_from_s3_to_pg to 2026-07-25 02:00:00+00:00, run_after=2026-07-26 02:00:00+00:00
[2026-07-25T16:41:18.598+0000] {processor.py:208} INFO - Processing /opt/airflow/dags/raw_from_s3_to_pg.py took 0.082 seconds
[2026-07-25T16:41:48.882+0000] {processor.py:186} INFO - Started process (PID=37311) to work on /opt/airflow/dags/raw_from_s3_to_pg.py
[2026-07-25T16:41:48.882+0000] {processor.py:914} INFO - Processing file /opt/airflow/dags/raw_from_s3_to_pg.py for tasks to queue
[2026-07-25T16:41:48.883+0000] {logging_mixin.py:190} INFO - [2026-07-25T16:41:48.882+0000] {dagbag.py:588} INFO - Filling up the DagBag from /opt/airflow/dags/raw_from_s3_to_pg.py
[2026-07-25T16:41:48.924+0000] {processor.py:925} INFO - DAG(s) 'raw_from_s3_to_pg' retrieved from /opt/airflow/dags/raw_from_s3_to_pg.py
[2026-07-25T16:41:48.930+0000] {logging_mixin.py:190} INFO - [2026-07-25T16:41:48.930+0000] {dag.py:3239} INFO - Sync 1 DAGs
[2026-07-25T16:41:48.944+0000] {logging_mixin.py:190} INFO - [2026-07-25T16:41:48.943+0000] {dag.py:4180} INFO - Setting next_dagrun for raw_from_s3_to_pg to 2026-07-25 02:00:00+00:00, run_after=2026-07-26 02:00:00+00:00
[2026-07-25T16:41:48.954+0000] {processor.py:208} INFO - Processing /opt/airflow/dags/raw_from_s3_to_pg.py took 0.077 seconds
[2026-07-25T16:42:19.284+0000] {processor.py:186} INFO - Started process (PID=37351) to work on /opt/airflow/dags/raw_from_s3_to_pg.py
[2026-07-25T16:42:19.286+0000] {processor.py:914} INFO - Processing file /opt/airflow/dags/raw_from_s3_to_pg.py for tasks to queue
[2026-07-25T16:42:19.288+0000] {logging_mixin.py:190} INFO - [2026-07-25T16:42:19.287+0000] {dagbag.py:588} INFO - Filling up the DagBag from /opt/airflow/dags/raw_from_s3_to_pg.py
[2026-07-25T16:42:19.352+0000] {processor.py:925} INFO - DAG(s) 'raw_from_s3_to_pg' retrieved from /opt/airflow/dags/raw_from_s3_to_pg.py
[2026-07-25T16:42:19.366+0000] {logging_mixin.py:190} INFO - [2026-07-25T16:42:19.365+0000] {dag.py:3239} INFO - Sync 1 DAGs
[2026-07-25T16:42:19.389+0000] {logging_mixin.py:190} INFO - [2026-07-25T16:42:19.388+0000] {dag.py:4180} INFO - Setting next_dagrun for raw_from_s3_to_pg to 2026-07-25 02:00:00+00:00, run_after=2026-07-26 02:00:00+00:00
[2026-07-25T16:42:19.409+0000] {processor.py:208} INFO - Processing /opt/airflow/dags/raw_from_s3_to_pg.py took 0.136 seconds
[2026-07-25T16:42:49.503+0000] {processor.py:186} INFO - Started process (PID=37391) to work on /opt/airflow/dags/raw_from_s3_to_pg.py
[2026-07-25T16:42:49.504+0000] {processor.py:914} INFO - Processing file /opt/airflow/dags/raw_from_s3_to_pg.py for tasks to queue
[2026-07-25T16:42:49.505+0000] {logging_mixin.py:190} INFO - [2026-07-25T16:42:49.504+0000] {dagbag.py:588} INFO - Filling up the DagBag from /opt/airflow/dags/raw_from_s3_to_pg.py
[2026-07-25T16:42:49.545+0000] {processor.py:925} INFO - DAG(s) 'raw_from_s3_to_pg' retrieved from /opt/airflow/dags/raw_from_s3_to_pg.py
[2026-07-25T16:42:49.552+0000] {logging_mixin.py:190} INFO - [2026-07-25T16:42:49.552+0000] {dag.py:3239} INFO - Sync 1 DAGs
[2026-07-25T16:42:49.565+0000] {logging_mixin.py:190} INFO - [2026-07-25T16:42:49.565+0000] {dag.py:4180} INFO - Setting next_dagrun for raw_from_s3_to_pg to 2026-07-25 02:00:00+00:00, run_after=2026-07-26 02:00:00+00:00
[2026-07-25T16:42:49.575+0000] {processor.py:208} INFO - Processing /opt/airflow/dags/raw_from_s3_to_pg.py took 0.076 seconds
[2026-07-25T16:43:19.854+0000] {processor.py:186} INFO - Started process (PID=37431) to work on /opt/airflow/dags/raw_from_s3_to_pg.py
[2026-07-25T16:43:19.857+0000] {processor.py:914} INFO - Processing file /opt/airflow/dags/raw_from_s3_to_pg.py for tasks to queue
[2026-07-25T16:43:19.857+0000] {logging_mixin.py:190} INFO - [2026-07-25T16:43:19.857+0000] {dagbag.py:588} INFO - Filling up the DagBag from /opt/airflow/dags/raw_from_s3_to_pg.py
[2026-07-25T16:43:19.894+0000] {processor.py:925} INFO - DAG(s) 'raw_from_s3_to_pg' retrieved from /opt/airflow/dags/raw_from_s3_to_pg.py
[2026-07-25T16:43:19.900+0000] {logging_mixin.py:190} INFO - [2026-07-25T16:43:19.900+0000] {dag.py:3239} INFO - Sync 1 DAGs
[2026-07-25T16:43:19.913+0000] {logging_mixin.py:190} INFO - [2026-07-25T16:43:19.913+0000] {dag.py:4180} INFO - Setting next_dagrun for raw_from_s3_to_pg to 2026-07-25 02:00:00+00:00, run_after=2026-07-26 02:00:00+00:00
[2026-07-25T16:43:19.924+0000] {processor.py:208} INFO - Processing /opt/airflow/dags/raw_from_s3_to_pg.py took 0.074 seconds
[2026-07-25T16:43:50.111+0000] {processor.py:186} INFO - Started process (PID=37471) to work on /opt/airflow/dags/raw_from_s3_to_pg.py
[2026-07-25T16:43:50.112+0000] {processor.py:914} INFO - Processing file /opt/airflow/dags/raw_from_s3_to_pg.py for tasks to queue
[2026-07-25T16:43:50.112+0000] {logging_mixin.py:190} INFO - [2026-07-25T16:43:50.112+0000] {dagbag.py:588} INFO - Filling up the DagBag from /opt/airflow/dags/raw_from_s3_to_pg.py
[2026-07-25T16:43:50.153+0000] {processor.py:925} INFO - DAG(s) 'raw_from_s3_to_pg' retrieved from /opt/airflow/dags/raw_from_s3_to_pg.py
[2026-07-25T16:43:50.160+0000] {logging_mixin.py:190} INFO - [2026-07-25T16:43:50.160+0000] {dag.py:3239} INFO - Sync 1 DAGs
[2026-07-25T16:43:50.173+0000] {logging_mixin.py:190} INFO - [2026-07-25T16:43:50.173+0000] {dag.py:4180} INFO - Setting next_dagrun for raw_from_s3_to_pg to 2026-07-25 02:00:00+00:00, run_after=2026-07-26 02:00:00+00:00
[2026-07-25T16:43:50.186+0000] {processor.py:208} INFO - Processing /opt/airflow/dags/raw_from_s3_to_pg.py took 0.080 seconds
[2026-07-25T16:44:20.423+0000] {processor.py:186} INFO - Started process (PID=37511) to work on /opt/airflow/dags/raw_from_s3_to_pg.py
[2026-07-25T16:44:20.426+0000] {processor.py:914} INFO - Processing file /opt/airflow/dags/raw_from_s3_to_pg.py for tasks to queue
[2026-07-25T16:44:20.426+0000] {logging_mixin.py:190} INFO - [2026-07-25T16:44:20.426+0000] {dagbag.py:588} INFO - Filling up the DagBag from /opt/airflow/dags/raw_from_s3_to_pg.py
[2026-07-25T16:44:20.467+0000] {processor.py:925} INFO - DAG(s) 'raw_from_s3_to_pg' retrieved from /opt/airflow/dags/raw_from_s3_to_pg.py
[2026-07-25T16:44:20.474+0000] {logging_mixin.py:190} INFO - [2026-07-25T16:44:20.474+0000] {dag.py:3239} INFO - Sync 1 DAGs
[2026-07-25T16:44:20.489+0000] {logging_mixin.py:190} INFO - [2026-07-25T16:44:20.489+0000] {dag.py:4180} INFO - Setting next_dagrun for raw_from_s3_to_pg to 2026-07-25 02:00:00+00:00, run_after=2026-07-26 02:00:00+00:00
[2026-07-25T16:44:20.499+0000] {processor.py:208} INFO - Processing /opt/airflow/dags/raw_from_s3_to_pg.py took 0.081 seconds
[2026-07-25T16:44:50.723+0000] {processor.py:186} INFO - Started process (PID=37551) to work on /opt/airflow/dags/raw_from_s3_to_pg.py
[2026-07-25T16:44:50.724+0000] {processor.py:914} INFO - Processing file /opt/airflow/dags/raw_from_s3_to_pg.py for tasks to queue
[2026-07-25T16:44:50.725+0000] {logging_mixin.py:190} INFO - [2026-07-25T16:44:50.724+0000] {dagbag.py:588} INFO - Filling up the DagBag from /opt/airflow/dags/raw_from_s3_to_pg.py
[2026-07-25T16:44:50.767+0000] {processor.py:925} INFO - DAG(s) 'raw_from_s3_to_pg' retrieved from /opt/airflow/dags/raw_from_s3_to_pg.py
[2026-07-25T16:44:50.774+0000] {logging_mixin.py:190} INFO - [2026-07-25T16:44:50.773+0000] {dag.py:3239} INFO - Sync 1 DAGs
[2026-07-25T16:44:50.787+0000] {logging_mixin.py:190} INFO - [2026-07-25T16:44:50.787+0000] {dag.py:4180} INFO - Setting next_dagrun for raw_from_s3_to_pg to 2026-07-25 02:00:00+00:00, run_after=2026-07-26 02:00:00+00:00
[2026-07-25T16:44:50.799+0000] {processor.py:208} INFO - Processing /opt/airflow/dags/raw_from_s3_to_pg.py took 0.080 seconds
[2026-07-25T16:45:21.083+0000] {processor.py:186} INFO - Started process (PID=37591) to work on /opt/airflow/dags/raw_from_s3_to_pg.py
[2026-07-25T16:45:21.086+0000] {processor.py:914} INFO - Processing file /opt/airflow/dags/raw_from_s3_to_pg.py for tasks to queue
[2026-07-25T16:45:21.086+0000] {logging_mixin.py:190} INFO - [2026-07-25T16:45:21.086+0000] {dagbag.py:588} INFO - Filling up the DagBag from /opt/airflow/dags/raw_from_s3_to_pg.py
[2026-07-25T16:45:21.124+0000] {processor.py:925} INFO - DAG(s) 'raw_from_s3_to_pg' retrieved from /opt/airflow/dags/raw_from_s3_to_pg.py
[2026-07-25T16:45:21.131+0000] {logging_mixin.py:190} INFO - [2026-07-25T16:45:21.130+0000] {dag.py:3239} INFO - Sync 1 DAGs
[2026-07-25T16:45:21.143+0000] {logging_mixin.py:190} INFO - [2026-07-25T16:45:21.143+0000] {dag.py:4180} INFO - Setting next_dagrun for raw_from_s3_to_pg to 2026-07-25 02:00:00+00:00, run_after=2026-07-26 02:00:00+00:00
[2026-07-25T16:45:21.154+0000] {processor.py:208} INFO - Processing /opt/airflow/dags/raw_from_s3_to_pg.py took 0.075 seconds
[2026-07-25T16:45:51.396+0000] {processor.py:186} INFO - Started process (PID=37631) to work on /opt/airflow/dags/raw_from_s3_to_pg.py
[2026-07-25T16:45:51.397+0000] {processor.py:914} INFO - Processing file /opt/airflow/dags/raw_from_s3_to_pg.py for tasks to queue
[2026-07-25T16:45:51.397+0000] {logging_mixin.py:190} INFO - [2026-07-25T16:45:51.397+0000] {dagbag.py:588} INFO - Filling up the DagBag from /opt/airflow/dags/raw_from_s3_to_pg.py
[2026-07-25T16:45:51.443+0000] {processor.py:925} INFO - DAG(s) 'raw_from_s3_to_pg' retrieved from /opt/airflow/dags/raw_from_s3_to_pg.py
[2026-07-25T16:45:51.453+0000] {logging_mixin.py:190} INFO - [2026-07-25T16:45:51.452+0000] {dag.py:3239} INFO - Sync 1 DAGs
[2026-07-25T16:45:51.469+0000] {logging_mixin.py:190} INFO - [2026-07-25T16:45:51.469+0000] {dag.py:4180} INFO - Setting next_dagrun for raw_from_s3_to_pg to 2026-07-25 02:00:00+00:00, run_after=2026-07-26 02:00:00+00:00
[2026-07-25T16:45:51.479+0000] {processor.py:208} INFO - Processing /opt/airflow/dags/raw_from_s3_to_pg.py took 0.086 seconds
[2026-07-25T16:46:21.765+0000] {processor.py:186} INFO - Started process (PID=37671) to work on /opt/airflow/dags/raw_from_s3_to_pg.py
[2026-07-25T16:46:21.768+0000] {processor.py:914} INFO - Processing file /opt/airflow/dags/raw_from_s3_to_pg.py for tasks to queue
[2026-07-25T16:46:21.768+0000] {logging_mixin.py:190} INFO - [2026-07-25T16:46:21.768+0000] {dagbag.py:588} INFO - Filling up the DagBag from /opt/airflow/dags/raw_from_s3_to_pg.py
[2026-07-25T16:46:21.811+0000] {processor.py:925} INFO - DAG(s) 'raw_from_s3_to_pg' retrieved from /opt/airflow/dags/raw_from_s3_to_pg.py
[2026-07-25T16:46:21.817+0000] {logging_mixin.py:190} INFO - [2026-07-25T16:46:21.817+0000] {dag.py:3239} INFO - Sync 1 DAGs
[2026-07-25T16:46:21.830+0000] {logging_mixin.py:190} INFO - [2026-07-25T16:46:21.830+0000] {dag.py:4180} INFO - Setting next_dagrun for raw_from_s3_to_pg to 2026-07-25 02:00:00+00:00, run_after=2026-07-26 02:00:00+00:00
[2026-07-25T16:46:21.841+0000] {processor.py:208} INFO - Processing /opt/airflow/dags/raw_from_s3_to_pg.py took 0.080 seconds
[2026-07-25T16:46:52.165+0000] {processor.py:186} INFO - Started process (PID=37711) to work on /opt/airflow/dags/raw_from_s3_to_pg.py
[2026-07-25T16:46:52.166+0000] {processor.py:914} INFO - Processing file /opt/airflow/dags/raw_from_s3_to_pg.py for tasks to queue
[2026-07-25T16:46:52.166+0000] {logging_mixin.py:190} INFO - [2026-07-25T16:46:52.166+0000] {dagbag.py:588} INFO - Filling up the DagBag from /opt/airflow/dags/raw_from_s3_to_pg.py
[2026-07-25T16:46:52.207+0000] {processor.py:925} INFO - DAG(s) 'raw_from_s3_to_pg' retrieved from /opt/airflow/dags/raw_from_s3_to_pg.py
[2026-07-25T16:46:52.214+0000] {logging_mixin.py:190} INFO - [2026-07-25T16:46:52.213+0000] {dag.py:3239} INFO - Sync 1 DAGs
[2026-07-25T16:46:52.226+0000] {logging_mixin.py:190} INFO - [2026-07-25T16:46:52.226+0000] {dag.py:4180} INFO - Setting next_dagrun for raw_from_s3_to_pg to 2026-07-25 02:00:00+00:00, run_after=2026-07-26 02:00:00+00:00
[2026-07-25T16:46:52.236+0000] {processor.py:208} INFO - Processing /opt/airflow/dags/raw_from_s3_to_pg.py took 0.073 seconds
[2026-07-25T16:47:22.502+0000] {processor.py:186} INFO - Started process (PID=37751) to work on /opt/airflow/dags/raw_from_s3_to_pg.py
[2026-07-25T16:47:22.503+0000] {processor.py:914} INFO - Processing file /opt/airflow/dags/raw_from_s3_to_pg.py for tasks to queue
[2026-07-25T16:47:22.503+0000] {logging_mixin.py:190} INFO - [2026-07-25T16:47:22.503+0000] {dagbag.py:588} INFO - Filling up the DagBag from /opt/airflow/dags/raw_from_s3_to_pg.py
[2026-07-25T16:47:22.544+0000] {processor.py:925} INFO - DAG(s) 'raw_from_s3_to_pg' retrieved from /opt/airflow/dags/raw_from_s3_to_pg.py
[2026-07-25T16:47:22.553+0000] {logging_mixin.py:190} INFO - [2026-07-25T16:47:22.553+0000] {dag.py:3239} INFO - Sync 1 DAGs
[2026-07-25T16:47:22.567+0000] {logging_mixin.py:190} INFO - [2026-07-25T16:47:22.567+0000] {dag.py:4180} INFO - Setting next_dagrun for raw_from_s3_to_pg to 2026-07-25 02:00:00+00:00, run_after=2026-07-26 02:00:00+00:00
[2026-07-25T16:47:22.578+0000] {processor.py:208} INFO - Processing /opt/airflow/dags/raw_from_s3_to_pg.py took 0.081 seconds
[2026-07-25T16:47:52.838+0000] {processor.py:186} INFO - Started process (PID=37791) to work on /opt/airflow/dags/raw_from_s3_to_pg.py
[2026-07-25T16:47:52.839+0000] {processor.py:914} INFO - Processing file /opt/airflow/dags/raw_from_s3_to_pg.py for tasks to queue
[2026-07-25T16:47:52.839+0000] {logging_mixin.py:190} INFO - [2026-07-25T16:47:52.839+0000] {dagbag.py:588} INFO - Filling up the DagBag from /opt/airflow/dags/raw_from_s3_to_pg.py
[2026-07-25T16:47:52.878+0000] {processor.py:925} INFO - DAG(s) 'raw_from_s3_to_pg' retrieved from /opt/airflow/dags/raw_from_s3_to_pg.py
[2026-07-25T16:47:52.885+0000] {logging_mixin.py:190} INFO - [2026-07-25T16:47:52.885+0000] {dag.py:3239} INFO - Sync 1 DAGs
[2026-07-25T16:47:52.899+0000] {logging_mixin.py:190} INFO - [2026-07-25T16:47:52.899+0000] {dag.py:4180} INFO - Setting next_dagrun for raw_from_s3_to_pg to 2026-07-25 02:00:00+00:00, run_after=2026-07-26 02:00:00+00:00
[2026-07-25T16:47:52.909+0000] {processor.py:208} INFO - Processing /opt/airflow/dags/raw_from_s3_to_pg.py took 0.075 seconds
[2026-07-25T16:48:23.191+0000] {processor.py:186} INFO - Started process (PID=37831) to work on /opt/airflow/dags/raw_from_s3_to_pg.py
[2026-07-25T16:48:23.194+0000] {processor.py:914} INFO - Processing file /opt/airflow/dags/raw_from_s3_to_pg.py for tasks to queue
[2026-07-25T16:48:23.194+0000] {logging_mixin.py:190} INFO - [2026-07-25T16:48:23.194+0000] {dagbag.py:588} INFO - Filling up the DagBag from /opt/airflow/dags/raw_from_s3_to_pg.py
[2026-07-25T16:48:23.234+0000] {processor.py:925} INFO - DAG(s) 'raw_from_s3_to_pg' retrieved from /opt/airflow/dags/raw_from_s3_to_pg.py
[2026-07-25T16:48:23.240+0000] {logging_mixin.py:190} INFO - [2026-07-25T16:48:23.240+0000] {dag.py:3239} INFO - Sync 1 DAGs
[2026-07-25T16:48:23.254+0000] {logging_mixin.py:190} INFO - [2026-07-25T16:48:23.254+0000] {dag.py:4180} INFO - Setting next_dagrun for raw_from_s3_to_pg to 2026-07-25 02:00:00+00:00, run_after=2026-07-26 02:00:00+00:00
[2026-07-25T16:48:23.266+0000] {processor.py:208} INFO - Processing /opt/airflow/dags/raw_from_s3_to_pg.py took 0.079 seconds
[2026-07-25T16:48:53.502+0000] {processor.py:186} INFO - Started process (PID=37871) to work on /opt/airflow/dags/raw_from_s3_to_pg.py
[2026-07-25T16:48:53.503+0000] {processor.py:914} INFO - Processing file /opt/airflow/dags/raw_from_s3_to_pg.py for tasks to queue
[2026-07-25T16:48:53.504+0000] {logging_mixin.py:190} INFO - [2026-07-25T16:48:53.504+0000] {dagbag.py:588} INFO - Filling up the DagBag from /opt/airflow/dags/raw_from_s3_to_pg.py
[2026-07-25T16:48:53.548+0000] {processor.py:925} INFO - DAG(s) 'raw_from_s3_to_pg' retrieved from /opt/airflow/dags/raw_from_s3_to_pg.py
[2026-07-25T16:48:53.556+0000] {logging_mixin.py:190} INFO - [2026-07-25T16:48:53.556+0000] {dag.py:3239} INFO - Sync 1 DAGs
[2026-07-25T16:48:53.570+0000] {logging_mixin.py:190} INFO - [2026-07-25T16:48:53.570+0000] {dag.py:4180} INFO - Setting next_dagrun for raw_from_s3_to_pg to 2026-07-25 02:00:00+00:00, run_after=2026-07-26 02:00:00+00:00
[2026-07-25T16:48:53.584+0000] {processor.py:208} INFO - Processing /opt/airflow/dags/raw_from_s3_to_pg.py took 0.086 seconds
[2026-07-25T16:49:23.876+0000] {processor.py:186} INFO - Started process (PID=37912) to work on /opt/airflow/dags/raw_from_s3_to_pg.py
[2026-07-25T16:49:23.877+0000] {processor.py:914} INFO - Processing file /opt/airflow/dags/raw_from_s3_to_pg.py for tasks to queue
[2026-07-25T16:49:23.877+0000] {logging_mixin.py:190} INFO - [2026-07-25T16:49:23.877+0000] {dagbag.py:588} INFO - Filling up the DagBag from /opt/airflow/dags/raw_from_s3_to_pg.py
[2026-07-25T16:49:23.917+0000] {processor.py:925} INFO - DAG(s) 'raw_from_s3_to_pg' retrieved from /opt/airflow/dags/raw_from_s3_to_pg.py
[2026-07-25T16:49:23.924+0000] {logging_mixin.py:190} INFO - [2026-07-25T16:49:23.924+0000] {dag.py:3239} INFO - Sync 1 DAGs
[2026-07-25T16:49:23.938+0000] {logging_mixin.py:190} INFO - [2026-07-25T16:49:23.938+0000] {dag.py:4180} INFO - Setting next_dagrun for raw_from_s3_to_pg to 2026-07-25 02:00:00+00:00, run_after=2026-07-26 02:00:00+00:00
[2026-07-25T16:49:23.948+0000] {processor.py:208} INFO - Processing /opt/airflow/dags/raw_from_s3_to_pg.py took 0.075 seconds
[2026-07-25T16:49:54.254+0000] {processor.py:186} INFO - Started process (PID=37964) to work on /opt/airflow/dags/raw_from_s3_to_pg.py
[2026-07-25T16:49:54.257+0000] {processor.py:914} INFO - Processing file /opt/airflow/dags/raw_from_s3_to_pg.py for tasks to queue
[2026-07-25T16:49:54.258+0000] {logging_mixin.py:190} INFO - [2026-07-25T16:49:54.258+0000] {dagbag.py:588} INFO - Filling up the DagBag from /opt/airflow/dags/raw_from_s3_to_pg.py
[2026-07-25T16:49:54.296+0000] {processor.py:925} INFO - DAG(s) 'raw_from_s3_to_pg' retrieved from /opt/airflow/dags/raw_from_s3_to_pg.py
[2026-07-25T16:49:54.302+0000] {logging_mixin.py:190} INFO - [2026-07-25T16:49:54.302+0000] {dag.py:3239} INFO - Sync 1 DAGs
[2026-07-25T16:49:54.316+0000] {logging_mixin.py:190} INFO - [2026-07-25T16:49:54.316+0000] {dag.py:4180} INFO - Setting next_dagrun for raw_from_s3_to_pg to 2026-07-25 02:00:00+00:00, run_after=2026-07-26 02:00:00+00:00
[2026-07-25T16:49:54.327+0000] {processor.py:208} INFO - Processing /opt/airflow/dags/raw_from_s3_to_pg.py took 0.077 seconds
[2026-07-25T16:50:24.622+0000] {processor.py:186} INFO - Started process (PID=38004) to work on /opt/airflow/dags/raw_from_s3_to_pg.py
[2026-07-25T16:50:24.622+0000] {processor.py:914} INFO - Processing file /opt/airflow/dags/raw_from_s3_to_pg.py for tasks to queue
[2026-07-25T16:50:24.623+0000] {logging_mixin.py:190} INFO - [2026-07-25T16:50:24.622+0000] {dagbag.py:588} INFO - Filling up the DagBag from /opt/airflow/dags/raw_from_s3_to_pg.py
[2026-07-25T16:50:24.660+0000] {processor.py:925} INFO - DAG(s) 'raw_from_s3_to_pg' retrieved from /opt/airflow/dags/raw_from_s3_to_pg.py
[2026-07-25T16:50:24.666+0000] {logging_mixin.py:190} INFO - [2026-07-25T16:50:24.666+0000] {dag.py:3239} INFO - Sync 1 DAGs
[2026-07-25T16:50:24.679+0000] {logging_mixin.py:190} INFO - [2026-07-25T16:50:24.679+0000] {dag.py:4180} INFO - Setting next_dagrun for raw_from_s3_to_pg to 2026-07-25 02:00:00+00:00, run_after=2026-07-26 02:00:00+00:00
[2026-07-25T16:50:24.690+0000] {processor.py:208} INFO - Processing /opt/airflow/dags/raw_from_s3_to_pg.py took 0.072 seconds
[2026-07-25T16:50:54.992+0000] {processor.py:186} INFO - Started process (PID=38044) to work on /opt/airflow/dags/raw_from_s3_to_pg.py
[2026-07-25T16:50:54.995+0000] {processor.py:914} INFO - Processing file /opt/airflow/dags/raw_from_s3_to_pg.py for tasks to queue
[2026-07-25T16:50:54.995+0000] {logging_mixin.py:190} INFO - [2026-07-25T16:50:54.995+0000] {dagbag.py:588} INFO - Filling up the DagBag from /opt/airflow/dags/raw_from_s3_to_pg.py
[2026-07-25T16:50:55.035+0000] {processor.py:925} INFO - DAG(s) 'raw_from_s3_to_pg' retrieved from /opt/airflow/dags/raw_from_s3_to_pg.py
[2026-07-25T16:50:55.041+0000] {logging_mixin.py:190} INFO - [2026-07-25T16:50:55.041+0000] {dag.py:3239} INFO - Sync 1 DAGs
[2026-07-25T16:50:55.054+0000] {logging_mixin.py:190} INFO - [2026-07-25T16:50:55.054+0000] {dag.py:4180} INFO - Setting next_dagrun for raw_from_s3_to_pg to 2026-07-25 02:00:00+00:00, run_after=2026-07-26 02:00:00+00:00
[2026-07-25T16:50:55.066+0000] {processor.py:208} INFO - Processing /opt/airflow/dags/raw_from_s3_to_pg.py took 0.078 seconds
[2026-07-25T16:51:25.324+0000] {processor.py:186} INFO - Started process (PID=38084) to work on /opt/airflow/dags/raw_from_s3_to_pg.py
[2026-07-25T16:51:25.324+0000] {processor.py:914} INFO - Processing file /opt/airflow/dags/raw_from_s3_to_pg.py for tasks to queue
[2026-07-25T16:51:25.325+0000] {logging_mixin.py:190} INFO - [2026-07-25T16:51:25.325+0000] {dagbag.py:588} INFO - Filling up the DagBag from /opt/airflow/dags/raw_from_s3_to_pg.py
[2026-07-25T16:51:25.368+0000] {processor.py:925} INFO - DAG(s) 'raw_from_s3_to_pg' retrieved from /opt/airflow/dags/raw_from_s3_to_pg.py
[2026-07-25T16:51:25.375+0000] {logging_mixin.py:190} INFO - [2026-07-25T16:51:25.375+0000] {dag.py:3239} INFO - Sync 1 DAGs
[2026-07-25T16:51:25.389+0000] {logging_mixin.py:190} INFO - [2026-07-25T16:51:25.389+0000] {dag.py:4180} INFO - Setting next_dagrun for raw_from_s3_to_pg to 2026-07-25 02:00:00+00:00, run_after=2026-07-26 02:00:00+00:00
[2026-07-25T16:51:25.401+0000] {processor.py:208} INFO - Processing /opt/airflow/dags/raw_from_s3_to_pg.py took 0.082 seconds
[2026-07-25T16:51:55.672+0000] {processor.py:186} INFO - Started process (PID=38124) to work on /opt/airflow/dags/raw_from_s3_to_pg.py
[2026-07-25T16:51:55.675+0000] {processor.py:914} INFO - Processing file /opt/airflow/dags/raw_from_s3_to_pg.py for tasks to queue
[2026-07-25T16:51:55.675+0000] {logging_mixin.py:190} INFO - [2026-07-25T16:51:55.675+0000] {dagbag.py:588} INFO - Filling up the DagBag from /opt/airflow/dags/raw_from_s3_to_pg.py
[2026-07-25T16:51:55.715+0000] {processor.py:925} INFO - DAG(s) 'raw_from_s3_to_pg' retrieved from /opt/airflow/dags/raw_from_s3_to_pg.py
[2026-07-25T16:51:55.722+0000] {logging_mixin.py:190} INFO - [2026-07-25T16:51:55.722+0000] {dag.py:3239} INFO - Sync 1 DAGs
[2026-07-25T16:51:55.736+0000] {logging_mixin.py:190} INFO - [2026-07-25T16:51:55.735+0000] {dag.py:4180} INFO - Setting next_dagrun for raw_from_s3_to_pg to 2026-07-25 02:00:00+00:00, run_after=2026-07-26 02:00:00+00:00
[2026-07-25T16:51:55.745+0000] {processor.py:208} INFO - Processing /opt/airflow/dags/raw_from_s3_to_pg.py took 0.077 seconds
[2026-07-25T16:52:26.046+0000] {processor.py:186} INFO - Started process (PID=38164) to work on /opt/airflow/dags/raw_from_s3_to_pg.py
[2026-07-25T16:52:26.046+0000] {processor.py:914} INFO - Processing file /opt/airflow/dags/raw_from_s3_to_pg.py for tasks to queue
[2026-07-25T16:52:26.047+0000] {logging_mixin.py:190} INFO - [2026-07-25T16:52:26.047+0000] {dagbag.py:588} INFO - Filling up the DagBag from /opt/airflow/dags/raw_from_s3_to_pg.py
[2026-07-25T16:52:26.089+0000] {processor.py:925} INFO - DAG(s) 'raw_from_s3_to_pg' retrieved from /opt/airflow/dags/raw_from_s3_to_pg.py
[2026-07-25T16:52:26.096+0000] {logging_mixin.py:190} INFO - [2026-07-25T16:52:26.095+0000] {dag.py:3239} INFO - Sync 1 DAGs
[2026-07-25T16:52:26.110+0000] {logging_mixin.py:190} INFO - [2026-07-25T16:52:26.110+0000] {dag.py:4180} INFO - Setting next_dagrun for raw_from_s3_to_pg to 2026-07-25 02:00:00+00:00, run_after=2026-07-26 02:00:00+00:00
[2026-07-25T16:52:26.122+0000] {processor.py:208} INFO - Processing /opt/airflow/dags/raw_from_s3_to_pg.py took 0.081 seconds
[2026-07-25T16:52:56.333+0000] {processor.py:186} INFO - Started process (PID=38204) to work on /opt/airflow/dags/raw_from_s3_to_pg.py
[2026-07-25T16:52:56.337+0000] {processor.py:914} INFO - Processing file /opt/airflow/dags/raw_from_s3_to_pg.py for tasks to queue
[2026-07-25T16:52:56.337+0000] {logging_mixin.py:190} INFO - [2026-07-25T16:52:56.337+0000] {dagbag.py:588} INFO - Filling up the DagBag from /opt/airflow/dags/raw_from_s3_to_pg.py
[2026-07-25T16:52:56.379+0000] {processor.py:925} INFO - DAG(s) 'raw_from_s3_to_pg' retrieved from /opt/airflow/dags/raw_from_s3_to_pg.py
[2026-07-25T16:52:56.385+0000] {logging_mixin.py:190} INFO - [2026-07-25T16:52:56.385+0000] {dag.py:3239} INFO - Sync 1 DAGs
[2026-07-25T16:52:56.398+0000] {logging_mixin.py:190} INFO - [2026-07-25T16:52:56.398+0000] {dag.py:4180} INFO - Setting next_dagrun for raw_from_s3_to_pg to 2026-07-25 02:00:00+00:00, run_after=2026-07-26 02:00:00+00:00
[2026-07-25T16:52:56.408+0000] {processor.py:208} INFO - Processing /opt/airflow/dags/raw_from_s3_to_pg.py took 0.078 seconds
[2026-07-25T16:53:26.612+0000] {processor.py:186} INFO - Started process (PID=38244) to work on /opt/airflow/dags/raw_from_s3_to_pg.py
[2026-07-25T16:53:26.612+0000] {processor.py:914} INFO - Processing file /opt/airflow/dags/raw_from_s3_to_pg.py for tasks to queue
[2026-07-25T16:53:26.613+0000] {logging_mixin.py:190} INFO - [2026-07-25T16:53:26.612+0000] {dagbag.py:588} INFO - Filling up the DagBag from /opt/airflow/dags/raw_from_s3_to_pg.py
[2026-07-25T16:53:26.652+0000] {processor.py:925} INFO - DAG(s) 'raw_from_s3_to_pg' retrieved from /opt/airflow/dags/raw_from_s3_to_pg.py
[2026-07-25T16:53:26.659+0000] {logging_mixin.py:190} INFO - [2026-07-25T16:53:26.659+0000] {dag.py:3239} INFO - Sync 1 DAGs
[2026-07-25T16:53:26.672+0000] {logging_mixin.py:190} INFO - [2026-07-25T16:53:26.672+0000] {dag.py:4180} INFO - Setting next_dagrun for raw_from_s3_to_pg to 2026-07-25 02:00:00+00:00, run_after=2026-07-26 02:00:00+00:00
[2026-07-25T16:53:26.683+0000] {processor.py:208} INFO - Processing /opt/airflow/dags/raw_from_s3_to_pg.py took 0.075 seconds
[2026-07-25T16:53:56.915+0000] {processor.py:186} INFO - Started process (PID=38284) to work on /opt/airflow/dags/raw_from_s3_to_pg.py
[2026-07-25T16:53:56.916+0000] {processor.py:914} INFO - Processing file /opt/airflow/dags/raw_from_s3_to_pg.py for tasks to queue
[2026-07-25T16:53:56.917+0000] {logging_mixin.py:190} INFO - [2026-07-25T16:53:56.917+0000] {dagbag.py:588} INFO - Filling up the DagBag from /opt/airflow/dags/raw_from_s3_to_pg.py
[2026-07-25T16:53:56.959+0000] {processor.py:925} INFO - DAG(s) 'raw_from_s3_to_pg' retrieved from /opt/airflow/dags/raw_from_s3_to_pg.py
[2026-07-25T16:53:56.966+0000] {logging_mixin.py:190} INFO - [2026-07-25T16:53:56.966+0000] {dag.py:3239} INFO - Sync 1 DAGs
[2026-07-25T16:53:56.980+0000] {logging_mixin.py:190} INFO - [2026-07-25T16:53:56.980+0000] {dag.py:4180} INFO - Setting next_dagrun for raw_from_s3_to_pg to 2026-07-25 02:00:00+00:00, run_after=2026-07-26 02:00:00+00:00
[2026-07-25T16:53:56.991+0000] {processor.py:208} INFO - Processing /opt/airflow/dags/raw_from_s3_to_pg.py took 0.081 seconds
[2026-07-25T16:54:27.283+0000] {processor.py:186} INFO - Started process (PID=38324) to work on /opt/airflow/dags/raw_from_s3_to_pg.py
[2026-07-25T16:54:27.283+0000] {processor.py:914} INFO - Processing file /opt/airflow/dags/raw_from_s3_to_pg.py for tasks to queue
[2026-07-25T16:54:27.284+0000] {logging_mixin.py:190} INFO - [2026-07-25T16:54:27.284+0000] {dagbag.py:588} INFO - Filling up the DagBag from /opt/airflow/dags/raw_from_s3_to_pg.py
[2026-07-25T16:54:27.326+0000] {processor.py:925} INFO - DAG(s) 'raw_from_s3_to_pg' retrieved from /opt/airflow/dags/raw_from_s3_to_pg.py
[2026-07-25T16:54:27.333+0000] {logging_mixin.py:190} INFO - [2026-07-25T16:54:27.333+0000] {dag.py:3239} INFO - Sync 1 DAGs
[2026-07-25T16:54:27.346+0000] {logging_mixin.py:190} INFO - [2026-07-25T16:54:27.345+0000] {dag.py:4180} INFO - Setting next_dagrun for raw_from_s3_to_pg to 2026-07-25 02:00:00+00:00, run_after=2026-07-26 02:00:00+00:00
[2026-07-25T16:54:27.355+0000] {processor.py:208} INFO - Processing /opt/airflow/dags/raw_from_s3_to_pg.py took 0.075 seconds
[2026-07-25T16:54:57.681+0000] {processor.py:186} INFO - Started process (PID=38364) to work on /opt/airflow/dags/raw_from_s3_to_pg.py
[2026-07-25T16:54:57.684+0000] {processor.py:914} INFO - Processing file /opt/airflow/dags/raw_from_s3_to_pg.py for tasks to queue
[2026-07-25T16:54:57.685+0000] {logging_mixin.py:190} INFO - [2026-07-25T16:54:57.685+0000] {dagbag.py:588} INFO - Filling up the DagBag from /opt/airflow/dags/raw_from_s3_to_pg.py
[2026-07-25T16:54:57.728+0000] {processor.py:925} INFO - DAG(s) 'raw_from_s3_to_pg' retrieved from /opt/airflow/dags/raw_from_s3_to_pg.py
[2026-07-25T16:54:57.736+0000] {logging_mixin.py:190} INFO - [2026-07-25T16:54:57.736+0000] {dag.py:3239} INFO - Sync 1 DAGs
[2026-07-25T16:54:57.750+0000] {logging_mixin.py:190} INFO - [2026-07-25T16:54:57.749+0000] {dag.py:4180} INFO - Setting next_dagrun for raw_from_s3_to_pg to 2026-07-25 02:00:00+00:00, run_after=2026-07-26 02:00:00+00:00
[2026-07-25T16:54:57.762+0000] {processor.py:208} INFO - Processing /opt/airflow/dags/raw_from_s3_to_pg.py took 0.086 seconds
[2026-07-25T16:55:28.079+0000] {processor.py:186} INFO - Started process (PID=38404) to work on /opt/airflow/dags/raw_from_s3_to_pg.py
[2026-07-25T16:55:28.079+0000] {processor.py:914} INFO - Processing file /opt/airflow/dags/raw_from_s3_to_pg.py for tasks to queue
[2026-07-25T16:55:28.080+0000] {logging_mixin.py:190} INFO - [2026-07-25T16:55:28.080+0000] {dagbag.py:588} INFO - Filling up the DagBag from /opt/airflow/dags/raw_from_s3_to_pg.py
[2026-07-25T16:55:28.121+0000] {processor.py:925} INFO - DAG(s) 'raw_from_s3_to_pg' retrieved from /opt/airflow/dags/raw_from_s3_to_pg.py
[2026-07-25T16:55:28.127+0000] {logging_mixin.py:190} INFO - [2026-07-25T16:55:28.127+0000] {dag.py:3239} INFO - Sync 1 DAGs
[2026-07-25T16:55:28.140+0000] {logging_mixin.py:190} INFO - [2026-07-25T16:55:28.140+0000] {dag.py:4180} INFO - Setting next_dagrun for raw_from_s3_to_pg to 2026-07-25 02:00:00+00:00, run_after=2026-07-26 02:00:00+00:00
[2026-07-25T16:55:28.152+0000] {processor.py:208} INFO - Processing /opt/airflow/dags/raw_from_s3_to_pg.py took 0.077 seconds
[2026-07-25T16:55:58.391+0000] {processor.py:186} INFO - Started process (PID=38444) to work on /opt/airflow/dags/raw_from_s3_to_pg.py
[2026-07-25T16:55:58.392+0000] {processor.py:914} INFO - Processing file /opt/airflow/dags/raw_from_s3_to_pg.py for tasks to queue
[2026-07-25T16:55:58.393+0000] {logging_mixin.py:190} INFO - [2026-07-25T16:55:58.393+0000] {dagbag.py:588} INFO - Filling up the DagBag from /opt/airflow/dags/raw_from_s3_to_pg.py
[2026-07-25T16:55:58.433+0000] {processor.py:925} INFO - DAG(s) 'raw_from_s3_to_pg' retrieved from /opt/airflow/dags/raw_from_s3_to_pg.py
[2026-07-25T16:55:58.439+0000] {logging_mixin.py:190} INFO - [2026-07-25T16:55:58.439+0000] {dag.py:3239} INFO - Sync 1 DAGs
[2026-07-25T16:55:58.452+0000] {logging_mixin.py:190} INFO - [2026-07-25T16:55:58.452+0000] {dag.py:4180} INFO - Setting next_dagrun for raw_from_s3_to_pg to 2026-07-25 02:00:00+00:00, run_after=2026-07-26 02:00:00+00:00
[2026-07-25T16:55:58.462+0000] {processor.py:208} INFO - Processing /opt/airflow/dags/raw_from_s3_to_pg.py took 0.074 seconds
[2026-07-25T16:56:28.809+0000] {processor.py:186} INFO - Started process (PID=38484) to work on /opt/airflow/dags/raw_from_s3_to_pg.py
[2026-07-25T16:56:28.809+0000] {processor.py:914} INFO - Processing file /opt/airflow/dags/raw_from_s3_to_pg.py for tasks to queue
[2026-07-25T16:56:28.810+0000] {logging_mixin.py:190} INFO - [2026-07-25T16:56:28.810+0000] {dagbag.py:588} INFO - Filling up the DagBag from /opt/airflow/dags/raw_from_s3_to_pg.py
[2026-07-25T16:56:28.853+0000] {processor.py:925} INFO - DAG(s) 'raw_from_s3_to_pg' retrieved from /opt/airflow/dags/raw_from_s3_to_pg.py
[2026-07-25T16:56:28.861+0000] {logging_mixin.py:190} INFO - [2026-07-25T16:56:28.861+0000] {dag.py:3239} INFO - Sync 1 DAGs
[2026-07-25T16:56:28.876+0000] {logging_mixin.py:190} INFO - [2026-07-25T16:56:28.876+0000] {dag.py:4180} INFO - Setting next_dagrun for raw_from_s3_to_pg to 2026-07-25 02:00:00+00:00, run_after=2026-07-26 02:00:00+00:00
[2026-07-25T16:56:28.888+0000] {processor.py:208} INFO - Processing /opt/airflow/dags/raw_from_s3_to_pg.py took 0.084 seconds
[2026-07-25T16:56:59.113+0000] {processor.py:186} INFO - Started process (PID=38524) to work on /opt/airflow/dags/raw_from_s3_to_pg.py
[2026-07-25T16:56:59.114+0000] {processor.py:914} INFO - Processing file /opt/airflow/dags/raw_from_s3_to_pg.py for tasks to queue
[2026-07-25T16:56:59.115+0000] {logging_mixin.py:190} INFO - [2026-07-25T16:56:59.115+0000] {dagbag.py:588} INFO - Filling up the DagBag from /opt/airflow/dags/raw_from_s3_to_pg.py
[2026-07-25T16:56:59.159+0000] {processor.py:925} INFO - DAG(s) 'raw_from_s3_to_pg' retrieved from /opt/airflow/dags/raw_from_s3_to_pg.py
[2026-07-25T16:56:59.166+0000] {logging_mixin.py:190} INFO - [2026-07-25T16:56:59.166+0000] {dag.py:3239} INFO - Sync 1 DAGs
[2026-07-25T16:56:59.179+0000] {logging_mixin.py:190} INFO - [2026-07-25T16:56:59.179+0000] {dag.py:4180} INFO - Setting next_dagrun for raw_from_s3_to_pg to 2026-07-25 02:00:00+00:00, run_after=2026-07-26 02:00:00+00:00
[2026-07-25T16:56:59.189+0000] {processor.py:208} INFO - Processing /opt/airflow/dags/raw_from_s3_to_pg.py took 0.081 seconds
[2026-07-25T16:57:29.367+0000] {processor.py:186} INFO - Started process (PID=38570) to work on /opt/airflow/dags/raw_from_s3_to_pg.py
[2026-07-25T16:57:29.367+0000] {processor.py:914} INFO - Processing file /opt/airflow/dags/raw_from_s3_to_pg.py for tasks to queue
[2026-07-25T16:57:29.368+0000] {logging_mixin.py:190} INFO - [2026-07-25T16:57:29.368+0000] {dagbag.py:588} INFO - Filling up the DagBag from /opt/airflow/dags/raw_from_s3_to_pg.py
[2026-07-25T16:57:29.407+0000] {processor.py:925} INFO - DAG(s) 'raw_from_s3_to_pg' retrieved from /opt/airflow/dags/raw_from_s3_to_pg.py
[2026-07-25T16:57:29.414+0000] {logging_mixin.py:190} INFO - [2026-07-25T16:57:29.414+0000] {dag.py:3239} INFO - Sync 1 DAGs
[2026-07-25T16:57:29.428+0000] {logging_mixin.py:190} INFO - [2026-07-25T16:57:29.428+0000] {dag.py:4180} INFO - Setting next_dagrun for raw_from_s3_to_pg to 2026-07-25 02:00:00+00:00, run_after=2026-07-26 02:00:00+00:00
[2026-07-25T16:57:29.441+0000] {processor.py:208} INFO - Processing /opt/airflow/dags/raw_from_s3_to_pg.py took 0.078 seconds
[2026-07-25T16:57:59.669+0000] {processor.py:186} INFO - Started process (PID=38610) to work on /opt/airflow/dags/raw_from_s3_to_pg.py
[2026-07-25T16:57:59.670+0000] {processor.py:914} INFO - Processing file /opt/airflow/dags/raw_from_s3_to_pg.py for tasks to queue
[2026-07-25T16:57:59.671+0000] {logging_mixin.py:190} INFO - [2026-07-25T16:57:59.670+0000] {dagbag.py:588} INFO - Filling up the DagBag from /opt/airflow/dags/raw_from_s3_to_pg.py
[2026-07-25T16:57:59.713+0000] {processor.py:925} INFO - DAG(s) 'raw_from_s3_to_pg' retrieved from /opt/airflow/dags/raw_from_s3_to_pg.py
[2026-07-25T16:57:59.721+0000] {logging_mixin.py:190} INFO - [2026-07-25T16:57:59.721+0000] {dag.py:3239} INFO - Sync 1 DAGs
[2026-07-25T16:57:59.736+0000] {logging_mixin.py:190} INFO - [2026-07-25T16:57:59.736+0000] {dag.py:4180} INFO - Setting next_dagrun for raw_from_s3_to_pg to 2026-07-25 02:00:00+00:00, run_after=2026-07-26 02:00:00+00:00
[2026-07-25T16:57:59.748+0000] {processor.py:208} INFO - Processing /opt/airflow/dags/raw_from_s3_to_pg.py took 0.082 seconds
[2026-07-25T16:58:29.962+0000] {processor.py:186} INFO - Started process (PID=38650) to work on /opt/airflow/dags/raw_from_s3_to_pg.py
[2026-07-25T16:58:29.963+0000] {processor.py:914} INFO - Processing file /opt/airflow/dags/raw_from_s3_to_pg.py for tasks to queue
[2026-07-25T16:58:29.963+0000] {logging_mixin.py:190} INFO - [2026-07-25T16:58:29.963+0000] {dagbag.py:588} INFO - Filling up the DagBag from /opt/airflow/dags/raw_from_s3_to_pg.py
[2026-07-25T16:58:30.006+0000] {processor.py:925} INFO - DAG(s) 'raw_from_s3_to_pg' retrieved from /opt/airflow/dags/raw_from_s3_to_pg.py
[2026-07-25T16:58:30.013+0000] {logging_mixin.py:190} INFO - [2026-07-25T16:58:30.013+0000] {dag.py:3239} INFO - Sync 1 DAGs
[2026-07-25T16:58:30.028+0000] {logging_mixin.py:190} INFO - [2026-07-25T16:58:30.028+0000] {dag.py:4180} INFO - Setting next_dagrun for raw_from_s3_to_pg to 2026-07-25 02:00:00+00:00, run_after=2026-07-26 02:00:00+00:00
[2026-07-25T16:58:30.038+0000] {processor.py:208} INFO - Processing /opt/airflow/dags/raw_from_s3_to_pg.py took 0.080 seconds
[2026-07-25T16:59:00.307+0000] {processor.py:186} INFO - Started process (PID=38690) to work on /opt/airflow/dags/raw_from_s3_to_pg.py
[2026-07-25T16:59:00.310+0000] {processor.py:914} INFO - Processing file /opt/airflow/dags/raw_from_s3_to_pg.py for tasks to queue
[2026-07-25T16:59:00.311+0000] {logging_mixin.py:190} INFO - [2026-07-25T16:59:00.311+0000] {dagbag.py:588} INFO - Filling up the DagBag from /opt/airflow/dags/raw_from_s3_to_pg.py
[2026-07-25T16:59:00.350+0000] {processor.py:925} INFO - DAG(s) 'raw_from_s3_to_pg' retrieved from /opt/airflow/dags/raw_from_s3_to_pg.py
[2026-07-25T16:59:00.356+0000] {logging_mixin.py:190} INFO - [2026-07-25T16:59:00.356+0000] {dag.py:3239} INFO - Sync 1 DAGs
[2026-07-25T16:59:00.368+0000] {logging_mixin.py:190} INFO - [2026-07-25T16:59:00.368+0000] {dag.py:4180} INFO - Setting next_dagrun for raw_from_s3_to_pg to 2026-07-25 02:00:00+00:00, run_after=2026-07-26 02:00:00+00:00
[2026-07-25T16:59:00.379+0000] {processor.py:208} INFO - Processing /opt/airflow/dags/raw_from_s3_to_pg.py took 0.075 seconds
[2026-07-25T16:59:30.732+0000] {processor.py:186} INFO - Started process (PID=38730) to work on /opt/airflow/dags/raw_from_s3_to_pg.py
[2026-07-25T16:59:30.732+0000] {processor.py:914} INFO - Processing file /opt/airflow/dags/raw_from_s3_to_pg.py for tasks to queue
[2026-07-25T16:59:30.733+0000] {logging_mixin.py:190} INFO - [2026-07-25T16:59:30.733+0000] {dagbag.py:588} INFO - Filling up the DagBag from /opt/airflow/dags/raw_from_s3_to_pg.py
[2026-07-25T16:59:30.775+0000] {processor.py:925} INFO - DAG(s) 'raw_from_s3_to_pg' retrieved from /opt/airflow/dags/raw_from_s3_to_pg.py
[2026-07-25T16:59:30.782+0000] {logging_mixin.py:190} INFO - [2026-07-25T16:59:30.782+0000] {dag.py:3239} INFO - Sync 1 DAGs
[2026-07-25T16:59:30.796+0000] {logging_mixin.py:190} INFO - [2026-07-25T16:59:30.795+0000] {dag.py:4180} INFO - Setting next_dagrun for raw_from_s3_to_pg to 2026-07-25 02:00:00+00:00, run_after=2026-07-26 02:00:00+00:00
[2026-07-25T16:59:30.807+0000] {processor.py:208} INFO - Processing /opt/airflow/dags/raw_from_s3_to_pg.py took 0.080 seconds
[2026-07-25T17:00:01.079+0000] {processor.py:186} INFO - Started process (PID=38770) to work on /opt/airflow/dags/raw_from_s3_to_pg.py
[2026-07-25T17:00:01.082+0000] {processor.py:914} INFO - Processing file /opt/airflow/dags/raw_from_s3_to_pg.py for tasks to queue
[2026-07-25T17:00:01.083+0000] {logging_mixin.py:190} INFO - [2026-07-25T17:00:01.082+0000] {dagbag.py:588} INFO - Filling up the DagBag from /opt/airflow/dags/raw_from_s3_to_pg.py
[2026-07-25T17:00:01.122+0000] {processor.py:925} INFO - DAG(s) 'raw_from_s3_to_pg' retrieved from /opt/airflow/dags/raw_from_s3_to_pg.py
[2026-07-25T17:00:01.128+0000] {logging_mixin.py:190} INFO - [2026-07-25T17:00:01.128+0000] {dag.py:3239} INFO - Sync 1 DAGs
[2026-07-25T17:00:01.141+0000] {logging_mixin.py:190} INFO - [2026-07-25T17:00:01.141+0000] {dag.py:4180} INFO - Setting next_dagrun for raw_from_s3_to_pg to 2026-07-25 02:00:00+00:00, run_after=2026-07-26 02:00:00+00:00
[2026-07-25T17:00:01.154+0000] {processor.py:208} INFO - Processing /opt/airflow/dags/raw_from_s3_to_pg.py took 0.078 seconds
[2026-07-25T17:00:31.457+0000] {processor.py:186} INFO - Started process (PID=38810) to work on /opt/airflow/dags/raw_from_s3_to_pg.py
[2026-07-25T17:00:31.457+0000] {processor.py:914} INFO - Processing file /opt/airflow/dags/raw_from_s3_to_pg.py for tasks to queue
[2026-07-25T17:00:31.458+0000] {logging_mixin.py:190} INFO - [2026-07-25T17:00:31.458+0000] {dagbag.py:588} INFO - Filling up the DagBag from /opt/airflow/dags/raw_from_s3_to_pg.py
[2026-07-25T17:00:31.498+0000] {processor.py:925} INFO - DAG(s) 'raw_from_s3_to_pg' retrieved from /opt/airflow/dags/raw_from_s3_to_pg.py
[2026-07-25T17:00:31.505+0000] {logging_mixin.py:190} INFO - [2026-07-25T17:00:31.505+0000] {dag.py:3239} INFO - Sync 1 DAGs
[2026-07-25T17:00:31.518+0000] {logging_mixin.py:190} INFO - [2026-07-25T17:00:31.517+0000] {dag.py:4180} INFO - Setting next_dagrun for raw_from_s3_to_pg to 2026-07-25 02:00:00+00:00, run_after=2026-07-26 02:00:00+00:00
[2026-07-25T17:00:31.528+0000] {processor.py:208} INFO - Processing /opt/airflow/dags/raw_from_s3_to_pg.py took 0.075 seconds
[2026-07-25T17:01:01.791+0000] {processor.py:186} INFO - Started process (PID=38850) to work on /opt/airflow/dags/raw_from_s3_to_pg.py
[2026-07-25T17:01:01.794+0000] {processor.py:914} INFO - Processing file /opt/airflow/dags/raw_from_s3_to_pg.py for tasks to queue
[2026-07-25T17:01:01.795+0000] {logging_mixin.py:190} INFO - [2026-07-25T17:01:01.795+0000] {dagbag.py:588} INFO - Filling up the DagBag from /opt/airflow/dags/raw_from_s3_to_pg.py
[2026-07-25T17:01:01.835+0000] {processor.py:925} INFO - DAG(s) 'raw_from_s3_to_pg' retrieved from /opt/airflow/dags/raw_from_s3_to_pg.py
[2026-07-25T17:01:01.841+0000] {logging_mixin.py:190} INFO - [2026-07-25T17:01:01.841+0000] {dag.py:3239} INFO - Sync 1 DAGs
[2026-07-25T17:01:01.853+0000] {logging_mixin.py:190} INFO - [2026-07-25T17:01:01.853+0000] {dag.py:4180} INFO - Setting next_dagrun for raw_from_s3_to_pg to 2026-07-25 02:00:00+00:00, run_after=2026-07-26 02:00:00+00:00
[2026-07-25T17:01:01.862+0000] {processor.py:208} INFO - Processing /opt/airflow/dags/raw_from_s3_to_pg.py took 0.075 seconds
[2026-07-25T17:01:32.194+0000] {processor.py:186} INFO - Started process (PID=38890) to work on /opt/airflow/dags/raw_from_s3_to_pg.py
[2026-07-25T17:01:32.194+0000] {processor.py:914} INFO - Processing file /opt/airflow/dags/raw_from_s3_to_pg.py for tasks to queue
[2026-07-25T17:01:32.195+0000] {logging_mixin.py:190} INFO - [2026-07-25T17:01:32.195+0000] {dagbag.py:588} INFO - Filling up the DagBag from /opt/airflow/dags/raw_from_s3_to_pg.py
[2026-07-25T17:01:32.236+0000] {processor.py:925} INFO - DAG(s) 'raw_from_s3_to_pg' retrieved from /opt/airflow/dags/raw_from_s3_to_pg.py
[2026-07-25T17:01:32.242+0000] {logging_mixin.py:190} INFO - [2026-07-25T17:01:32.242+0000] {dag.py:3239} INFO - Sync 1 DAGs
[2026-07-25T17:01:32.255+0000] {logging_mixin.py:190} INFO - [2026-07-25T17:01:32.255+0000] {dag.py:4180} INFO - Setting next_dagrun for raw_from_s3_to_pg to 2026-07-25 02:00:00+00:00, run_after=2026-07-26 02:00:00+00:00
[2026-07-25T17:01:32.265+0000] {processor.py:208} INFO - Processing /opt/airflow/dags/raw_from_s3_to_pg.py took 0.075 seconds
[2026-07-25T17:02:02.537+0000] {processor.py:186} INFO - Started process (PID=38931) to work on /opt/airflow/dags/raw_from_s3_to_pg.py
[2026-07-25T17:02:02.541+0000] {processor.py:914} INFO - Processing file /opt/airflow/dags/raw_from_s3_to_pg.py for tasks to queue
[2026-07-25T17:02:02.542+0000] {logging_mixin.py:190} INFO - [2026-07-25T17:02:02.542+0000] {dagbag.py:588} INFO - Filling up the DagBag from /opt/airflow/dags/raw_from_s3_to_pg.py
[2026-07-25T17:02:02.580+0000] {processor.py:925} INFO - DAG(s) 'raw_from_s3_to_pg' retrieved from /opt/airflow/dags/raw_from_s3_to_pg.py
[2026-07-25T17:02:02.587+0000] {logging_mixin.py:190} INFO - [2026-07-25T17:02:02.587+0000] {dag.py:3239} INFO - Sync 1 DAGs
[2026-07-25T17:02:02.694+0000] {logging_mixin.py:190} INFO - [2026-07-25T17:02:02.694+0000] {dag.py:4180} INFO - Setting next_dagrun for raw_from_s3_to_pg to 2026-07-25 02:00:00+00:00, run_after=2026-07-26 02:00:00+00:00
[2026-07-25T17:02:02.861+0000] {processor.py:208} INFO - Processing /opt/airflow/dags/raw_from_s3_to_pg.py took 0.329 seconds
[2026-07-25T17:02:33.769+0000] {processor.py:186} INFO - Started process (PID=38971) to work on /opt/airflow/dags/raw_from_s3_to_pg.py
[2026-07-25T17:02:33.769+0000] {processor.py:914} INFO - Processing file /opt/airflow/dags/raw_from_s3_to_pg.py for tasks to queue
[2026-07-25T17:02:33.770+0000] {logging_mixin.py:190} INFO - [2026-07-25T17:02:33.769+0000] {dagbag.py:588} INFO - Filling up the DagBag from /opt/airflow/dags/raw_from_s3_to_pg.py
[2026-07-25T17:02:33.815+0000] {processor.py:925} INFO - DAG(s) 'raw_from_s3_to_pg' retrieved from /opt/airflow/dags/raw_from_s3_to_pg.py
[2026-07-25T17:02:33.823+0000] {logging_mixin.py:190} INFO - [2026-07-25T17:02:33.823+0000] {dag.py:3239} INFO - Sync 1 DAGs
[2026-07-25T17:02:33.837+0000] {logging_mixin.py:190} INFO - [2026-07-25T17:02:33.837+0000] {dag.py:4180} INFO - Setting next_dagrun for raw_from_s3_to_pg to 2026-07-25 02:00:00+00:00, run_after=2026-07-26 02:00:00+00:00
[2026-07-25T17:02:33.849+0000] {processor.py:208} INFO - Processing /opt/airflow/dags/raw_from_s3_to_pg.py took 0.084 seconds
[2026-07-25T17:03:03.927+0000] {processor.py:186} INFO - Started process (PID=39011) to work on /opt/airflow/dags/raw_from_s3_to_pg.py
[2026-07-25T17:03:03.928+0000] {processor.py:914} INFO - Processing file /opt/airflow/dags/raw_from_s3_to_pg.py for tasks to queue
[2026-07-25T17:03:03.929+0000] {logging_mixin.py:190} INFO - [2026-07-25T17:03:03.929+0000] {dagbag.py:588} INFO - Filling up the DagBag from /opt/airflow/dags/raw_from_s3_to_pg.py
[2026-07-25T17:03:03.968+0000] {processor.py:925} INFO - DAG(s) 'raw_from_s3_to_pg' retrieved from /opt/airflow/dags/raw_from_s3_to_pg.py
[2026-07-25T17:03:03.974+0000] {logging_mixin.py:190} INFO - [2026-07-25T17:03:03.974+0000] {dag.py:3239} INFO - Sync 1 DAGs
[2026-07-25T17:03:03.986+0000] {logging_mixin.py:190} INFO - [2026-07-25T17:03:03.986+0000] {dag.py:4180} INFO - Setting next_dagrun for raw_from_s3_to_pg to 2026-07-25 02:00:00+00:00, run_after=2026-07-26 02:00:00+00:00
[2026-07-25T17:03:03.998+0000] {processor.py:208} INFO - Processing /opt/airflow/dags/raw_from_s3_to_pg.py took 0.075 seconds
[2026-07-25T17:03:34.208+0000] {processor.py:186} INFO - Started process (PID=39052) to work on /opt/airflow/dags/raw_from_s3_to_pg.py
[2026-07-25T17:03:34.208+0000] {processor.py:914} INFO - Processing file /opt/airflow/dags/raw_from_s3_to_pg.py for tasks to queue
[2026-07-25T17:03:34.209+0000] {logging_mixin.py:190} INFO - [2026-07-25T17:03:34.209+0000] {dagbag.py:588} INFO - Filling up the DagBag from /opt/airflow/dags/raw_from_s3_to_pg.py
[2026-07-25T17:03:34.248+0000] {processor.py:925} INFO - DAG(s) 'raw_from_s3_to_pg' retrieved from /opt/airflow/dags/raw_from_s3_to_pg.py
[2026-07-25T17:03:34.254+0000] {logging_mixin.py:190} INFO - [2026-07-25T17:03:34.254+0000] {dag.py:3239} INFO - Sync 1 DAGs
[2026-07-25T17:03:34.267+0000] {logging_mixin.py:190} INFO - [2026-07-25T17:03:34.267+0000] {dag.py:4180} INFO - Setting next_dagrun for raw_from_s3_to_pg to 2026-07-25 02:00:00+00:00, run_after=2026-07-26 02:00:00+00:00
[2026-07-25T17:03:34.278+0000] {processor.py:208} INFO - Processing /opt/airflow/dags/raw_from_s3_to_pg.py took 0.073 seconds
[2026-07-25T17:04:04.466+0000] {processor.py:186} INFO - Started process (PID=39092) to work on /opt/airflow/dags/raw_from_s3_to_pg.py
[2026-07-25T17:04:04.469+0000] {processor.py:914} INFO - Processing file /opt/airflow/dags/raw_from_s3_to_pg.py for tasks to queue
[2026-07-25T17:04:04.470+0000] {logging_mixin.py:190} INFO - [2026-07-25T17:04:04.469+0000] {dagbag.py:588} INFO - Filling up the DagBag from /opt/airflow/dags/raw_from_s3_to_pg.py
[2026-07-25T17:04:04.509+0000] {processor.py:925} INFO - DAG(s) 'raw_from_s3_to_pg' retrieved from /opt/airflow/dags/raw_from_s3_to_pg.py
[2026-07-25T17:04:04.516+0000] {logging_mixin.py:190} INFO - [2026-07-25T17:04:04.516+0000] {dag.py:3239} INFO - Sync 1 DAGs
[2026-07-25T17:04:04.618+0000] {logging_mixin.py:190} INFO - [2026-07-25T17:04:04.618+0000] {dag.py:4180} INFO - Setting next_dagrun for raw_from_s3_to_pg to 2026-07-25 02:00:00+00:00, run_after=2026-07-26 02:00:00+00:00
[2026-07-25T17:04:04.631+0000] {processor.py:208} INFO - Processing /opt/airflow/dags/raw_from_s3_to_pg.py took 0.170 seconds
[2026-07-25T17:04:34.896+0000] {processor.py:186} INFO - Started process (PID=39132) to work on /opt/airflow/dags/raw_from_s3_to_pg.py
[2026-07-25T17:04:34.897+0000] {processor.py:914} INFO - Processing file /opt/airflow/dags/raw_from_s3_to_pg.py for tasks to queue
[2026-07-25T17:04:34.898+0000] {logging_mixin.py:190} INFO - [2026-07-25T17:04:34.897+0000] {dagbag.py:588} INFO - Filling up the DagBag from /opt/airflow/dags/raw_from_s3_to_pg.py
[2026-07-25T17:04:34.937+0000] {processor.py:925} INFO - DAG(s) 'raw_from_s3_to_pg' retrieved from /opt/airflow/dags/raw_from_s3_to_pg.py
[2026-07-25T17:04:34.944+0000] {logging_mixin.py:190} INFO - [2026-07-25T17:04:34.944+0000] {dag.py:3239} INFO - Sync 1 DAGs
[2026-07-25T17:04:34.958+0000] {logging_mixin.py:190} INFO - [2026-07-25T17:04:34.958+0000] {dag.py:4180} INFO - Setting next_dagrun for raw_from_s3_to_pg to 2026-07-25 02:00:00+00:00, run_after=2026-07-26 02:00:00+00:00
[2026-07-25T17:04:34.968+0000] {processor.py:208} INFO - Processing /opt/airflow/dags/raw_from_s3_to_pg.py took 0.077 seconds
[2026-07-25T17:05:05.157+0000] {processor.py:186} INFO - Started process (PID=39172) to work on /opt/airflow/dags/raw_from_s3_to_pg.py
[2026-07-25T17:05:05.160+0000] {processor.py:914} INFO - Processing file /opt/airflow/dags/raw_from_s3_to_pg.py for tasks to queue
[2026-07-25T17:05:05.161+0000] {logging_mixin.py:190} INFO - [2026-07-25T17:05:05.161+0000] {dagbag.py:588} INFO - Filling up the DagBag from /opt/airflow/dags/raw_from_s3_to_pg.py
[2026-07-25T17:05:05.202+0000] {processor.py:925} INFO - DAG(s) 'raw_from_s3_to_pg' retrieved from /opt/airflow/dags/raw_from_s3_to_pg.py
[2026-07-25T17:05:05.211+0000] {logging_mixin.py:190} INFO - [2026-07-25T17:05:05.211+0000] {dag.py:3239} INFO - Sync 1 DAGs
[2026-07-25T17:05:05.226+0000] {logging_mixin.py:190} INFO - [2026-07-25T17:05:05.226+0000] {dag.py:4180} INFO - Setting next_dagrun for raw_from_s3_to_pg to 2026-07-25 02:00:00+00:00, run_after=2026-07-26 02:00:00+00:00
[2026-07-25T17:05:05.238+0000] {processor.py:208} INFO - Processing /opt/airflow/dags/raw_from_s3_to_pg.py took 0.086 seconds
[2026-07-25T17:05:35.431+0000] {processor.py:186} INFO - Started process (PID=39212) to work on /opt/airflow/dags/raw_from_s3_to_pg.py
[2026-07-25T17:05:35.431+0000] {processor.py:914} INFO - Processing file /opt/airflow/dags/raw_from_s3_to_pg.py for tasks to queue
[2026-07-25T17:05:35.432+0000] {logging_mixin.py:190} INFO - [2026-07-25T17:05:35.431+0000] {dagbag.py:588} INFO - Filling up the DagBag from /opt/airflow/dags/raw_from_s3_to_pg.py
[2026-07-25T17:05:35.473+0000] {processor.py:925} INFO - DAG(s) 'raw_from_s3_to_pg' retrieved from /opt/airflow/dags/raw_from_s3_to_pg.py
[2026-07-25T17:05:35.481+0000] {logging_mixin.py:190} INFO - [2026-07-25T17:05:35.481+0000] {dag.py:3239} INFO - Sync 1 DAGs
[2026-07-25T17:05:35.496+0000] {logging_mixin.py:190} INFO - [2026-07-25T17:05:35.496+0000] {dag.py:4180} INFO - Setting next_dagrun for raw_from_s3_to_pg to 2026-07-25 02:00:00+00:00, run_after=2026-07-26 02:00:00+00:00
[2026-07-25T17:05:35.506+0000] {processor.py:208} INFO - Processing /opt/airflow/dags/raw_from_s3_to_pg.py took 0.079 seconds
[2026-07-25T17:06:05.679+0000] {processor.py:186} INFO - Started process (PID=39252) to work on /opt/airflow/dags/raw_from_s3_to_pg.py
[2026-07-25T17:06:05.682+0000] {processor.py:914} INFO - Processing file /opt/airflow/dags/raw_from_s3_to_pg.py for tasks to queue
[2026-07-25T17:06:05.683+0000] {logging_mixin.py:190} INFO - [2026-07-25T17:06:05.683+0000] {dagbag.py:588} INFO - Filling up the DagBag from /opt/airflow/dags/raw_from_s3_to_pg.py
[2026-07-25T17:06:05.725+0000] {processor.py:925} INFO - DAG(s) 'raw_from_s3_to_pg' retrieved from /opt/airflow/dags/raw_from_s3_to_pg.py
[2026-07-25T17:06:05.732+0000] {logging_mixin.py:190} INFO - [2026-07-25T17:06:05.732+0000] {dag.py:3239} INFO - Sync 1 DAGs
[2026-07-25T17:06:05.839+0000] {logging_mixin.py:190} INFO - [2026-07-25T17:06:05.839+0000] {dag.py:4180} INFO - Setting next_dagrun for raw_from_s3_to_pg to 2026-07-25 02:00:00+00:00, run_after=2026-07-26 02:00:00+00:00
[2026-07-25T17:06:05.853+0000] {processor.py:208} INFO - Processing /opt/airflow/dags/raw_from_s3_to_pg.py took 0.179 seconds
[2026-07-25T17:06:35.964+0000] {processor.py:186} INFO - Started process (PID=39292) to work on /opt/airflow/dags/raw_from_s3_to_pg.py
[2026-07-25T17:06:35.964+0000] {processor.py:914} INFO - Processing file /opt/airflow/dags/raw_from_s3_to_pg.py for tasks to queue
[2026-07-25T17:06:35.965+0000] {logging_mixin.py:190} INFO - [2026-07-25T17:06:35.965+0000] {dagbag.py:588} INFO - Filling up the DagBag from /opt/airflow/dags/raw_from_s3_to_pg.py
[2026-07-25T17:06:36.005+0000] {processor.py:925} INFO - DAG(s) 'raw_from_s3_to_pg' retrieved from /opt/airflow/dags/raw_from_s3_to_pg.py
[2026-07-25T17:06:36.012+0000] {logging_mixin.py:190} INFO - [2026-07-25T17:06:36.011+0000] {dag.py:3239} INFO - Sync 1 DAGs
[2026-07-25T17:06:36.025+0000] {logging_mixin.py:190} INFO - [2026-07-25T17:06:36.025+0000] {dag.py:4180} INFO - Setting next_dagrun for raw_from_s3_to_pg to 2026-07-25 02:00:00+00:00, run_after=2026-07-26 02:00:00+00:00
[2026-07-25T17:06:36.037+0000] {processor.py:208} INFO - Processing /opt/airflow/dags/raw_from_s3_to_pg.py took 0.076 seconds
[2026-07-25T17:07:06.239+0000] {processor.py:186} INFO - Started process (PID=39332) to work on /opt/airflow/dags/raw_from_s3_to_pg.py
[2026-07-25T17:07:06.242+0000] {processor.py:914} INFO - Processing file /opt/airflow/dags/raw_from_s3_to_pg.py for tasks to queue
[2026-07-25T17:07:06.243+0000] {logging_mixin.py:190} INFO - [2026-07-25T17:07:06.243+0000] {dagbag.py:588} INFO - Filling up the DagBag from /opt/airflow/dags/raw_from_s3_to_pg.py
[2026-07-25T17:07:06.282+0000] {processor.py:925} INFO - DAG(s) 'raw_from_s3_to_pg' retrieved from /opt/airflow/dags/raw_from_s3_to_pg.py
[2026-07-25T17:07:06.288+0000] {logging_mixin.py:190} INFO - [2026-07-25T17:07:06.288+0000] {dag.py:3239} INFO - Sync 1 DAGs
[2026-07-25T17:07:06.302+0000] {logging_mixin.py:190} INFO - [2026-07-25T17:07:06.301+0000] {dag.py:4180} INFO - Setting next_dagrun for raw_from_s3_to_pg to 2026-07-25 02:00:00+00:00, run_after=2026-07-26 02:00:00+00:00
[2026-07-25T17:07:06.312+0000] {processor.py:208} INFO - Processing /opt/airflow/dags/raw_from_s3_to_pg.py took 0.077 seconds
[2026-07-25T17:07:36.523+0000] {processor.py:186} INFO - Started process (PID=39372) to work on /opt/airflow/dags/raw_from_s3_to_pg.py
[2026-07-25T17:07:36.524+0000] {processor.py:914} INFO - Processing file /opt/airflow/dags/raw_from_s3_to_pg.py for tasks to queue
[2026-07-25T17:07:36.525+0000] {logging_mixin.py:190} INFO - [2026-07-25T17:07:36.524+0000] {dagbag.py:588} INFO - Filling up the DagBag from /opt/airflow/dags/raw_from_s3_to_pg.py
[2026-07-25T17:07:36.569+0000] {processor.py:925} INFO - DAG(s) 'raw_from_s3_to_pg' retrieved from /opt/airflow/dags/raw_from_s3_to_pg.py
[2026-07-25T17:07:36.578+0000] {logging_mixin.py:190} INFO - [2026-07-25T17:07:36.578+0000] {dag.py:3239} INFO - Sync 1 DAGs
[2026-07-25T17:07:36.594+0000] {logging_mixin.py:190} INFO - [2026-07-25T17:07:36.594+0000] {dag.py:4180} INFO - Setting next_dagrun for raw_from_s3_to_pg to 2026-07-25 02:00:00+00:00, run_after=2026-07-26 02:00:00+00:00
[2026-07-25T17:07:36.604+0000] {processor.py:208} INFO - Processing /opt/airflow/dags/raw_from_s3_to_pg.py took 0.086 seconds
[2026-07-25T17:08:06.786+0000] {processor.py:186} INFO - Started process (PID=39412) to work on /opt/airflow/dags/raw_from_s3_to_pg.py
[2026-07-25T17:08:06.789+0000] {processor.py:914} INFO - Processing file /opt/airflow/dags/raw_from_s3_to_pg.py for tasks to queue
[2026-07-25T17:08:06.790+0000] {logging_mixin.py:190} INFO - [2026-07-25T17:08:06.789+0000] {dagbag.py:588} INFO - Filling up the DagBag from /opt/airflow/dags/raw_from_s3_to_pg.py
[2026-07-25T17:08:06.834+0000] {processor.py:925} INFO - DAG(s) 'raw_from_s3_to_pg' retrieved from /opt/airflow/dags/raw_from_s3_to_pg.py
[2026-07-25T17:08:06.842+0000] {logging_mixin.py:190} INFO - [2026-07-25T17:08:06.842+0000] {dag.py:3239} INFO - Sync 1 DAGs
[2026-07-25T17:08:06.961+0000] {logging_mixin.py:190} INFO - [2026-07-25T17:08:06.961+0000] {dag.py:4180} INFO - Setting next_dagrun for raw_from_s3_to_pg to 2026-07-25 02:00:00+00:00, run_after=2026-07-26 02:00:00+00:00
[2026-07-25T17:08:06.975+0000] {processor.py:208} INFO - Processing /opt/airflow/dags/raw_from_s3_to_pg.py took 0.196 seconds
[2026-07-25T17:08:37.068+0000] {processor.py:186} INFO - Started process (PID=39452) to work on /opt/airflow/dags/raw_from_s3_to_pg.py
[2026-07-25T17:08:37.069+0000] {processor.py:914} INFO - Processing file /opt/airflow/dags/raw_from_s3_to_pg.py for tasks to queue
[2026-07-25T17:08:37.069+0000] {logging_mixin.py:190} INFO - [2026-07-25T17:08:37.069+0000] {dagbag.py:588} INFO - Filling up the DagBag from /opt/airflow/dags/raw_from_s3_to_pg.py
[2026-07-25T17:08:37.111+0000] {processor.py:925} INFO - DAG(s) 'raw_from_s3_to_pg' retrieved from /opt/airflow/dags/raw_from_s3_to_pg.py
[2026-07-25T17:08:37.118+0000] {logging_mixin.py:190} INFO - [2026-07-25T17:08:37.118+0000] {dag.py:3239} INFO - Sync 1 DAGs
[2026-07-25T17:08:37.133+0000] {logging_mixin.py:190} INFO - [2026-07-25T17:08:37.133+0000] {dag.py:4180} INFO - Setting next_dagrun for raw_from_s3_to_pg to 2026-07-25 02:00:00+00:00, run_after=2026-07-26 02:00:00+00:00
[2026-07-25T17:08:37.144+0000] {processor.py:208} INFO - Processing /opt/airflow/dags/raw_from_s3_to_pg.py took 0.080 seconds
[2026-07-25T17:09:07.315+0000] {processor.py:186} INFO - Started process (PID=39492) to work on /opt/airflow/dags/raw_from_s3_to_pg.py
[2026-07-25T17:09:07.319+0000] {processor.py:914} INFO - Processing file /opt/airflow/dags/raw_from_s3_to_pg.py for tasks to queue
[2026-07-25T17:09:07.320+0000] {logging_mixin.py:190} INFO - [2026-07-25T17:09:07.319+0000] {dagbag.py:588} INFO - Filling up the DagBag from /opt/airflow/dags/raw_from_s3_to_pg.py
[2026-07-25T17:09:07.361+0000] {processor.py:925} INFO - DAG(s) 'raw_from_s3_to_pg' retrieved from /opt/airflow/dags/raw_from_s3_to_pg.py
[2026-07-25T17:09:07.367+0000] {logging_mixin.py:190} INFO - [2026-07-25T17:09:07.367+0000] {dag.py:3239} INFO - Sync 1 DAGs
[2026-07-25T17:09:07.381+0000] {logging_mixin.py:190} INFO - [2026-07-25T17:09:07.381+0000] {dag.py:4180} INFO - Setting next_dagrun for raw_from_s3_to_pg to 2026-07-25 02:00:00+00:00, run_after=2026-07-26 02:00:00+00:00
[2026-07-25T17:09:07.395+0000] {processor.py:208} INFO - Processing /opt/airflow/dags/raw_from_s3_to_pg.py took 0.084 seconds
[2026-07-25T17:09:37.629+0000] {processor.py:186} INFO - Started process (PID=39532) to work on /opt/airflow/dags/raw_from_s3_to_pg.py
[2026-07-25T17:09:37.630+0000] {processor.py:914} INFO - Processing file /opt/airflow/dags/raw_from_s3_to_pg.py for tasks to queue
[2026-07-25T17:09:37.631+0000] {logging_mixin.py:190} INFO - [2026-07-25T17:09:37.630+0000] {dagbag.py:588} INFO - Filling up the DagBag from /opt/airflow/dags/raw_from_s3_to_pg.py
[2026-07-25T17:09:37.677+0000] {processor.py:925} INFO - DAG(s) 'raw_from_s3_to_pg' retrieved from /opt/airflow/dags/raw_from_s3_to_pg.py
[2026-07-25T17:09:37.685+0000] {logging_mixin.py:190} INFO - [2026-07-25T17:09:37.684+0000] {dag.py:3239} INFO - Sync 1 DAGs
[2026-07-25T17:09:37.699+0000] {logging_mixin.py:190} INFO - [2026-07-25T17:09:37.698+0000] {dag.py:4180} INFO - Setting next_dagrun for raw_from_s3_to_pg to 2026-07-25 02:00:00+00:00, run_after=2026-07-26 02:00:00+00:00
[2026-07-25T17:09:37.710+0000] {processor.py:208} INFO - Processing /opt/airflow/dags/raw_from_s3_to_pg.py took 0.085 seconds
[2026-07-25T17:10:07.895+0000] {processor.py:186} INFO - Started process (PID=39572) to work on /opt/airflow/dags/raw_from_s3_to_pg.py
[2026-07-25T17:10:07.898+0000] {processor.py:914} INFO - Processing file /opt/airflow/dags/raw_from_s3_to_pg.py for tasks to queue
[2026-07-25T17:10:07.898+0000] {logging_mixin.py:190} INFO - [2026-07-25T17:10:07.898+0000] {dagbag.py:588} INFO - Filling up the DagBag from /opt/airflow/dags/raw_from_s3_to_pg.py
[2026-07-25T17:10:07.943+0000] {processor.py:925} INFO - DAG(s) 'raw_from_s3_to_pg' retrieved from /opt/airflow/dags/raw_from_s3_to_pg.py
[2026-07-25T17:10:07.950+0000] {logging_mixin.py:190} INFO - [2026-07-25T17:10:07.950+0000] {dag.py:3239} INFO - Sync 1 DAGs
[2026-07-25T17:10:08.067+0000] {logging_mixin.py:190} INFO - [2026-07-25T17:10:08.067+0000] {dag.py:4180} INFO - Setting next_dagrun for raw_from_s3_to_pg to 2026-07-25 02:00:00+00:00, run_after=2026-07-26 02:00:00+00:00
[2026-07-25T17:10:08.081+0000] {processor.py:208} INFO - Processing /opt/airflow/dags/raw_from_s3_to_pg.py took 0.189 seconds
[2026-07-25T17:10:38.329+0000] {processor.py:186} INFO - Started process (PID=39612) to work on /opt/airflow/dags/raw_from_s3_to_pg.py
[2026-07-25T17:10:38.329+0000] {processor.py:914} INFO - Processing file /opt/airflow/dags/raw_from_s3_to_pg.py for tasks to queue
[2026-07-25T17:10:38.330+0000] {logging_mixin.py:190} INFO - [2026-07-25T17:10:38.330+0000] {dagbag.py:588} INFO - Filling up the DagBag from /opt/airflow/dags/raw_from_s3_to_pg.py
[2026-07-25T17:10:38.369+0000] {processor.py:925} INFO - DAG(s) 'raw_from_s3_to_pg' retrieved from /opt/airflow/dags/raw_from_s3_to_pg.py
[2026-07-25T17:10:38.377+0000] {logging_mixin.py:190} INFO - [2026-07-25T17:10:38.376+0000] {dag.py:3239} INFO - Sync 1 DAGs
[2026-07-25T17:10:38.391+0000] {logging_mixin.py:190} INFO - [2026-07-25T17:10:38.391+0000] {dag.py:4180} INFO - Setting next_dagrun for raw_from_s3_to_pg to 2026-07-25 02:00:00+00:00, run_after=2026-07-26 02:00:00+00:00
[2026-07-25T17:10:38.403+0000] {processor.py:208} INFO - Processing /opt/airflow/dags/raw_from_s3_to_pg.py took 0.078 seconds
[2026-07-25T17:11:08.584+0000] {processor.py:186} INFO - Started process (PID=39652) to work on /opt/airflow/dags/raw_from_s3_to_pg.py
[2026-07-25T17:11:08.587+0000] {processor.py:914} INFO - Processing file /opt/airflow/dags/raw_from_s3_to_pg.py for tasks to queue
[2026-07-25T17:11:08.588+0000] {logging_mixin.py:190} INFO - [2026-07-25T17:11:08.588+0000] {dagbag.py:588} INFO - Filling up the DagBag from /opt/airflow/dags/raw_from_s3_to_pg.py
[2026-07-25T17:11:08.628+0000] {processor.py:925} INFO - DAG(s) 'raw_from_s3_to_pg' retrieved from /opt/airflow/dags/raw_from_s3_to_pg.py
[2026-07-25T17:11:08.634+0000] {logging_mixin.py:190} INFO - [2026-07-25T17:11:08.634+0000] {dag.py:3239} INFO - Sync 1 DAGs
[2026-07-25T17:11:08.647+0000] {logging_mixin.py:190} INFO - [2026-07-25T17:11:08.647+0000] {dag.py:4180} INFO - Setting next_dagrun for raw_from_s3_to_pg to 2026-07-25 02:00:00+00:00, run_after=2026-07-26 02:00:00+00:00
[2026-07-25T17:11:08.658+0000] {processor.py:208} INFO - Processing /opt/airflow/dags/raw_from_s3_to_pg.py took 0.077 seconds
[2026-07-25T17:11:39.019+0000] {processor.py:186} INFO - Started process (PID=39692) to work on /opt/airflow/dags/raw_from_s3_to_pg.py
[2026-07-25T17:11:39.019+0000] {processor.py:914} INFO - Processing file /opt/airflow/dags/raw_from_s3_to_pg.py for tasks to queue
[2026-07-25T17:11:39.020+0000] {logging_mixin.py:190} INFO - [2026-07-25T17:11:39.019+0000] {dagbag.py:588} INFO - Filling up the DagBag from /opt/airflow/dags/raw_from_s3_to_pg.py
[2026-07-25T17:11:39.057+0000] {processor.py:925} INFO - DAG(s) 'raw_from_s3_to_pg' retrieved from /opt/airflow/dags/raw_from_s3_to_pg.py
[2026-07-25T17:11:39.064+0000] {logging_mixin.py:190} INFO - [2026-07-25T17:11:39.063+0000] {dag.py:3239} INFO - Sync 1 DAGs
[2026-07-25T17:11:39.076+0000] {logging_mixin.py:190} INFO - [2026-07-25T17:11:39.076+0000] {dag.py:4180} INFO - Setting next_dagrun for raw_from_s3_to_pg to 2026-07-25 02:00:00+00:00, run_after=2026-07-26 02:00:00+00:00
[2026-07-25T17:11:39.086+0000] {processor.py:208} INFO - Processing /opt/airflow/dags/raw_from_s3_to_pg.py took 0.070 seconds
[2026-07-25T17:12:09.466+0000] {processor.py:186} INFO - Started process (PID=39732) to work on /opt/airflow/dags/raw_from_s3_to_pg.py
[2026-07-25T17:12:09.467+0000] {processor.py:914} INFO - Processing file /opt/airflow/dags/raw_from_s3_to_pg.py for tasks to queue
[2026-07-25T17:12:09.468+0000] {logging_mixin.py:190} INFO - [2026-07-25T17:12:09.468+0000] {dagbag.py:588} INFO - Filling up the DagBag from /opt/airflow/dags/raw_from_s3_to_pg.py
[2026-07-25T17:12:09.511+0000] {processor.py:925} INFO - DAG(s) 'raw_from_s3_to_pg' retrieved from /opt/airflow/dags/raw_from_s3_to_pg.py
[2026-07-25T17:12:09.518+0000] {logging_mixin.py:190} INFO - [2026-07-25T17:12:09.518+0000] {dag.py:3239} INFO - Sync 1 DAGs
[2026-07-25T17:12:09.630+0000] {logging_mixin.py:190} INFO - [2026-07-25T17:12:09.630+0000] {dag.py:4180} INFO - Setting next_dagrun for raw_from_s3_to_pg to 2026-07-25 02:00:00+00:00, run_after=2026-07-26 02:00:00+00:00
[2026-07-25T17:12:09.642+0000] {processor.py:208} INFO - Processing /opt/airflow/dags/raw_from_s3_to_pg.py took 0.180 seconds
[2026-07-25T17:12:39.946+0000] {processor.py:186} INFO - Started process (PID=39772) to work on /opt/airflow/dags/raw_from_s3_to_pg.py
[2026-07-25T17:12:39.947+0000] {processor.py:914} INFO - Processing file /opt/airflow/dags/raw_from_s3_to_pg.py for tasks to queue
[2026-07-25T17:12:39.947+0000] {logging_mixin.py:190} INFO - [2026-07-25T17:12:39.947+0000] {dagbag.py:588} INFO - Filling up the DagBag from /opt/airflow/dags/raw_from_s3_to_pg.py
[2026-07-25T17:12:39.989+0000] {processor.py:925} INFO - DAG(s) 'raw_from_s3_to_pg' retrieved from /opt/airflow/dags/raw_from_s3_to_pg.py
[2026-07-25T17:12:39.996+0000] {logging_mixin.py:190} INFO - [2026-07-25T17:12:39.996+0000] {dag.py:3239} INFO - Sync 1 DAGs
[2026-07-25T17:12:40.008+0000] {logging_mixin.py:190} INFO - [2026-07-25T17:12:40.008+0000] {dag.py:4180} INFO - Setting next_dagrun for raw_from_s3_to_pg to 2026-07-25 02:00:00+00:00, run_after=2026-07-26 02:00:00+00:00
[2026-07-25T17:12:40.018+0000] {processor.py:208} INFO - Processing /opt/airflow/dags/raw_from_s3_to_pg.py took 0.076 seconds
[2026-07-25T17:13:10.401+0000] {processor.py:186} INFO - Started process (PID=39812) to work on /opt/airflow/dags/raw_from_s3_to_pg.py
[2026-07-25T17:13:10.404+0000] {processor.py:914} INFO - Processing file /opt/airflow/dags/raw_from_s3_to_pg.py for tasks to queue
[2026-07-25T17:13:10.405+0000] {logging_mixin.py:190} INFO - [2026-07-25T17:13:10.405+0000] {dagbag.py:588} INFO - Filling up the DagBag from /opt/airflow/dags/raw_from_s3_to_pg.py
[2026-07-25T17:13:10.448+0000] {processor.py:925} INFO - DAG(s) 'raw_from_s3_to_pg' retrieved from /opt/airflow/dags/raw_from_s3_to_pg.py
[2026-07-25T17:13:10.454+0000] {logging_mixin.py:190} INFO - [2026-07-25T17:13:10.454+0000] {dag.py:3239} INFO - Sync 1 DAGs
[2026-07-25T17:13:10.467+0000] {logging_mixin.py:190} INFO - [2026-07-25T17:13:10.467+0000] {dag.py:4180} INFO - Setting next_dagrun for raw_from_s3_to_pg to 2026-07-25 02:00:00+00:00, run_after=2026-07-26 02:00:00+00:00
[2026-07-25T17:13:10.479+0000] {processor.py:208} INFO - Processing /opt/airflow/dags/raw_from_s3_to_pg.py took 0.082 seconds
[2026-07-25T17:13:40.806+0000] {processor.py:186} INFO - Started process (PID=39852) to work on /opt/airflow/dags/raw_from_s3_to_pg.py
[2026-07-25T17:13:40.806+0000] {processor.py:914} INFO - Processing file /opt/airflow/dags/raw_from_s3_to_pg.py for tasks to queue
[2026-07-25T17:13:40.807+0000] {logging_mixin.py:190} INFO - [2026-07-25T17:13:40.807+0000] {dagbag.py:588} INFO - Filling up the DagBag from /opt/airflow/dags/raw_from_s3_to_pg.py
[2026-07-25T17:13:40.847+0000] {processor.py:925} INFO - DAG(s) 'raw_from_s3_to_pg' retrieved from /opt/airflow/dags/raw_from_s3_to_pg.py
[2026-07-25T17:13:40.854+0000] {logging_mixin.py:190} INFO - [2026-07-25T17:13:40.854+0000] {dag.py:3239} INFO - Sync 1 DAGs
[2026-07-25T17:13:40.866+0000] {logging_mixin.py:190} INFO - [2026-07-25T17:13:40.866+0000] {dag.py:4180} INFO - Setting next_dagrun for raw_from_s3_to_pg to 2026-07-25 02:00:00+00:00, run_after=2026-07-26 02:00:00+00:00
[2026-07-25T17:13:40.877+0000] {processor.py:208} INFO - Processing /opt/airflow/dags/raw_from_s3_to_pg.py took 0.074 seconds
[2026-07-25T17:14:11.237+0000] {processor.py:186} INFO - Started process (PID=39892) to work on /opt/airflow/dags/raw_from_s3_to_pg.py
[2026-07-25T17:14:11.240+0000] {processor.py:914} INFO - Processing file /opt/airflow/dags/raw_from_s3_to_pg.py for tasks to queue
[2026-07-25T17:14:11.241+0000] {logging_mixin.py:190} INFO - [2026-07-25T17:14:11.240+0000] {dagbag.py:588} INFO - Filling up the DagBag from /opt/airflow/dags/raw_from_s3_to_pg.py
[2026-07-25T17:14:11.280+0000] {processor.py:925} INFO - DAG(s) 'raw_from_s3_to_pg' retrieved from /opt/airflow/dags/raw_from_s3_to_pg.py
[2026-07-25T17:14:11.286+0000] {logging_mixin.py:190} INFO - [2026-07-25T17:14:11.286+0000] {dag.py:3239} INFO - Sync 1 DAGs
[2026-07-25T17:14:11.385+0000] {logging_mixin.py:190} INFO - [2026-07-25T17:14:11.385+0000] {dag.py:4180} INFO - Setting next_dagrun for raw_from_s3_to_pg to 2026-07-25 02:00:00+00:00, run_after=2026-07-26 02:00:00+00:00
[2026-07-25T17:14:11.395+0000] {processor.py:208} INFO - Processing /opt/airflow/dags/raw_from_s3_to_pg.py took 0.161 seconds
[2026-07-25T17:14:41.728+0000] {processor.py:186} INFO - Started process (PID=39932) to work on /opt/airflow/dags/raw_from_s3_to_pg.py
[2026-07-25T17:14:41.728+0000] {processor.py:914} INFO - Processing file /opt/airflow/dags/raw_from_s3_to_pg.py for tasks to queue
[2026-07-25T17:14:41.729+0000] {logging_mixin.py:190} INFO - [2026-07-25T17:14:41.729+0000] {dagbag.py:588} INFO - Filling up the DagBag from /opt/airflow/dags/raw_from_s3_to_pg.py
[2026-07-25T17:14:41.767+0000] {processor.py:925} INFO - DAG(s) 'raw_from_s3_to_pg' retrieved from /opt/airflow/dags/raw_from_s3_to_pg.py
[2026-07-25T17:14:41.773+0000] {logging_mixin.py:190} INFO - [2026-07-25T17:14:41.773+0000] {dag.py:3239} INFO - Sync 1 DAGs
[2026-07-25T17:14:41.785+0000] {logging_mixin.py:190} INFO - [2026-07-25T17:14:41.785+0000] {dag.py:4180} INFO - Setting next_dagrun for raw_from_s3_to_pg to 2026-07-25 02:00:00+00:00, run_after=2026-07-26 02:00:00+00:00
[2026-07-25T17:14:41.796+0000] {processor.py:208} INFO - Processing /opt/airflow/dags/raw_from_s3_to_pg.py took 0.071 seconds
[2026-07-25T17:15:12.190+0000] {processor.py:186} INFO - Started process (PID=39972) to work on /opt/airflow/dags/raw_from_s3_to_pg.py
[2026-07-25T17:15:12.193+0000] {processor.py:914} INFO - Processing file /opt/airflow/dags/raw_from_s3_to_pg.py for tasks to queue
[2026-07-25T17:15:12.193+0000] {logging_mixin.py:190} INFO - [2026-07-25T17:15:12.193+0000] {dagbag.py:588} INFO - Filling up the DagBag from /opt/airflow/dags/raw_from_s3_to_pg.py
[2026-07-25T17:15:12.232+0000] {processor.py:925} INFO - DAG(s) 'raw_from_s3_to_pg' retrieved from /opt/airflow/dags/raw_from_s3_to_pg.py
[2026-07-25T17:15:12.238+0000] {logging_mixin.py:190} INFO - [2026-07-25T17:15:12.238+0000] {dag.py:3239} INFO - Sync 1 DAGs
[2026-07-25T17:15:12.251+0000] {logging_mixin.py:190} INFO - [2026-07-25T17:15:12.251+0000] {dag.py:4180} INFO - Setting next_dagrun for raw_from_s3_to_pg to 2026-07-25 02:00:00+00:00, run_after=2026-07-26 02:00:00+00:00
[2026-07-25T17:15:12.262+0000] {processor.py:208} INFO - Processing /opt/airflow/dags/raw_from_s3_to_pg.py took 0.075 seconds
[2026-07-25T17:15:42.648+0000] {processor.py:186} INFO - Started process (PID=40012) to work on /opt/airflow/dags/raw_from_s3_to_pg.py
[2026-07-25T17:15:42.649+0000] {processor.py:914} INFO - Processing file /opt/airflow/dags/raw_from_s3_to_pg.py for tasks to queue
[2026-07-25T17:15:42.649+0000] {logging_mixin.py:190} INFO - [2026-07-25T17:15:42.649+0000] {dagbag.py:588} INFO - Filling up the DagBag from /opt/airflow/dags/raw_from_s3_to_pg.py
[2026-07-25T17:15:42.691+0000] {processor.py:925} INFO - DAG(s) 'raw_from_s3_to_pg' retrieved from /opt/airflow/dags/raw_from_s3_to_pg.py
[2026-07-25T17:15:42.697+0000] {logging_mixin.py:190} INFO - [2026-07-25T17:15:42.696+0000] {dag.py:3239} INFO - Sync 1 DAGs
[2026-07-25T17:15:42.709+0000] {logging_mixin.py:190} INFO - [2026-07-25T17:15:42.708+0000] {dag.py:4180} INFO - Setting next_dagrun for raw_from_s3_to_pg to 2026-07-25 02:00:00+00:00, run_after=2026-07-26 02:00:00+00:00
[2026-07-25T17:15:42.718+0000] {processor.py:208} INFO - Processing /opt/airflow/dags/raw_from_s3_to_pg.py took 0.074 seconds
[2026-07-25T17:16:13.122+0000] {processor.py:186} INFO - Started process (PID=40052) to work on /opt/airflow/dags/raw_from_s3_to_pg.py
[2026-07-25T17:16:13.125+0000] {processor.py:914} INFO - Processing file /opt/airflow/dags/raw_from_s3_to_pg.py for tasks to queue
[2026-07-25T17:16:13.126+0000] {logging_mixin.py:190} INFO - [2026-07-25T17:16:13.126+0000] {dagbag.py:588} INFO - Filling up the DagBag from /opt/airflow/dags/raw_from_s3_to_pg.py
[2026-07-25T17:16:13.164+0000] {processor.py:925} INFO - DAG(s) 'raw_from_s3_to_pg' retrieved from /opt/airflow/dags/raw_from_s3_to_pg.py
[2026-07-25T17:16:13.170+0000] {logging_mixin.py:190} INFO - [2026-07-25T17:16:13.170+0000] {dag.py:3239} INFO - Sync 1 DAGs
[2026-07-25T17:16:13.266+0000] {logging_mixin.py:190} INFO - [2026-07-25T17:16:13.266+0000] {dag.py:4180} INFO - Setting next_dagrun for raw_from_s3_to_pg to 2026-07-25 02:00:00+00:00, run_after=2026-07-26 02:00:00+00:00
[2026-07-25T17:16:13.279+0000] {processor.py:208} INFO - Processing /opt/airflow/dags/raw_from_s3_to_pg.py took 0.160 seconds
[2026-07-25T17:16:43.565+0000] {processor.py:186} INFO - Started process (PID=40092) to work on /opt/airflow/dags/raw_from_s3_to_pg.py
[2026-07-25T17:16:43.566+0000] {processor.py:914} INFO - Processing file /opt/airflow/dags/raw_from_s3_to_pg.py for tasks to queue
[2026-07-25T17:16:43.567+0000] {logging_mixin.py:190} INFO - [2026-07-25T17:16:43.566+0000] {dagbag.py:588} INFO - Filling up the DagBag from /opt/airflow/dags/raw_from_s3_to_pg.py
[2026-07-25T17:16:43.607+0000] {processor.py:925} INFO - DAG(s) 'raw_from_s3_to_pg' retrieved from /opt/airflow/dags/raw_from_s3_to_pg.py
[2026-07-25T17:16:43.613+0000] {logging_mixin.py:190} INFO - [2026-07-25T17:16:43.613+0000] {dag.py:3239} INFO - Sync 1 DAGs
[2026-07-25T17:16:43.626+0000] {logging_mixin.py:190} INFO - [2026-07-25T17:16:43.626+0000] {dag.py:4180} INFO - Setting next_dagrun for raw_from_s3_to_pg to 2026-07-25 02:00:00+00:00, run_after=2026-07-26 02:00:00+00:00
[2026-07-25T17:16:43.637+0000] {processor.py:208} INFO - Processing /opt/airflow/dags/raw_from_s3_to_pg.py took 0.076 seconds
[2026-07-25T17:17:14.027+0000] {processor.py:186} INFO - Started process (PID=40133) to work on /opt/airflow/dags/raw_from_s3_to_pg.py
[2026-07-25T17:17:14.030+0000] {processor.py:914} INFO - Processing file /opt/airflow/dags/raw_from_s3_to_pg.py for tasks to queue
[2026-07-25T17:17:14.031+0000] {logging_mixin.py:190} INFO - [2026-07-25T17:17:14.031+0000] {dagbag.py:588} INFO - Filling up the DagBag from /opt/airflow/dags/raw_from_s3_to_pg.py
[2026-07-25T17:17:14.074+0000] {processor.py:925} INFO - DAG(s) 'raw_from_s3_to_pg' retrieved from /opt/airflow/dags/raw_from_s3_to_pg.py
[2026-07-25T17:17:14.081+0000] {logging_mixin.py:190} INFO - [2026-07-25T17:17:14.080+0000] {dag.py:3239} INFO - Sync 1 DAGs
[2026-07-25T17:17:14.094+0000] {logging_mixin.py:190} INFO - [2026-07-25T17:17:14.094+0000] {dag.py:4180} INFO - Setting next_dagrun for raw_from_s3_to_pg to 2026-07-25 02:00:00+00:00, run_after=2026-07-26 02:00:00+00:00
[2026-07-25T17:17:14.105+0000] {processor.py:208} INFO - Processing /opt/airflow/dags/raw_from_s3_to_pg.py took 0.083 seconds
[2026-07-25T17:17:44.451+0000] {processor.py:186} INFO - Started process (PID=40173) to work on /opt/airflow/dags/raw_from_s3_to_pg.py
[2026-07-25T17:17:44.452+0000] {processor.py:914} INFO - Processing file /opt/airflow/dags/raw_from_s3_to_pg.py for tasks to queue
[2026-07-25T17:17:44.453+0000] {logging_mixin.py:190} INFO - [2026-07-25T17:17:44.453+0000] {dagbag.py:588} INFO - Filling up the DagBag from /opt/airflow/dags/raw_from_s3_to_pg.py
[2026-07-25T17:17:44.494+0000] {processor.py:925} INFO - DAG(s) 'raw_from_s3_to_pg' retrieved from /opt/airflow/dags/raw_from_s3_to_pg.py
[2026-07-25T17:17:44.500+0000] {logging_mixin.py:190} INFO - [2026-07-25T17:17:44.500+0000] {dag.py:3239} INFO - Sync 1 DAGs
[2026-07-25T17:17:44.513+0000] {logging_mixin.py:190} INFO - [2026-07-25T17:17:44.513+0000] {dag.py:4180} INFO - Setting next_dagrun for raw_from_s3_to_pg to 2026-07-25 02:00:00+00:00, run_after=2026-07-26 02:00:00+00:00
[2026-07-25T17:17:44.523+0000] {processor.py:208} INFO - Processing /opt/airflow/dags/raw_from_s3_to_pg.py took 0.076 seconds
[2026-07-25T17:18:14.915+0000] {processor.py:186} INFO - Started process (PID=40213) to work on /opt/airflow/dags/raw_from_s3_to_pg.py
[2026-07-25T17:18:14.915+0000] {processor.py:914} INFO - Processing file /opt/airflow/dags/raw_from_s3_to_pg.py for tasks to queue
[2026-07-25T17:18:14.916+0000] {logging_mixin.py:190} INFO - [2026-07-25T17:18:14.916+0000] {dagbag.py:588} INFO - Filling up the DagBag from /opt/airflow/dags/raw_from_s3_to_pg.py
[2026-07-25T17:18:14.955+0000] {processor.py:925} INFO - DAG(s) 'raw_from_s3_to_pg' retrieved from /opt/airflow/dags/raw_from_s3_to_pg.py
[2026-07-25T17:18:14.962+0000] {logging_mixin.py:190} INFO - [2026-07-25T17:18:14.962+0000] {dag.py:3239} INFO - Sync 1 DAGs
[2026-07-25T17:18:15.075+0000] {logging_mixin.py:190} INFO - [2026-07-25T17:18:15.075+0000] {dag.py:4180} INFO - Setting next_dagrun for raw_from_s3_to_pg to 2026-07-25 02:00:00+00:00, run_after=2026-07-26 02:00:00+00:00
[2026-07-25T17:18:15.090+0000] {processor.py:208} INFO - Processing /opt/airflow/dags/raw_from_s3_to_pg.py took 0.179 seconds
[2026-07-25T17:18:45.399+0000] {processor.py:186} INFO - Started process (PID=40253) to work on /opt/airflow/dags/raw_from_s3_to_pg.py
[2026-07-25T17:18:45.402+0000] {processor.py:914} INFO - Processing file /opt/airflow/dags/raw_from_s3_to_pg.py for tasks to queue
[2026-07-25T17:18:45.403+0000] {logging_mixin.py:190} INFO - [2026-07-25T17:18:45.402+0000] {dagbag.py:588} INFO - Filling up the DagBag from /opt/airflow/dags/raw_from_s3_to_pg.py
[2026-07-25T17:18:45.443+0000] {processor.py:925} INFO - DAG(s) 'raw_from_s3_to_pg' retrieved from /opt/airflow/dags/raw_from_s3_to_pg.py
[2026-07-25T17:18:45.450+0000] {logging_mixin.py:190} INFO - [2026-07-25T17:18:45.450+0000] {dag.py:3239} INFO - Sync 1 DAGs
[2026-07-25T17:18:45.464+0000] {logging_mixin.py:190} INFO - [2026-07-25T17:18:45.464+0000] {dag.py:4180} INFO - Setting next_dagrun for raw_from_s3_to_pg to 2026-07-25 02:00:00+00:00, run_after=2026-07-26 02:00:00+00:00
[2026-07-25T17:18:45.476+0000] {processor.py:208} INFO - Processing /opt/airflow/dags/raw_from_s3_to_pg.py took 0.080 seconds
[2026-07-25T17:19:15.679+0000] {processor.py:186} INFO - Started process (PID=40293) to work on /opt/airflow/dags/raw_from_s3_to_pg.py
[2026-07-25T17:19:15.679+0000] {processor.py:914} INFO - Processing file /opt/airflow/dags/raw_from_s3_to_pg.py for tasks to queue
[2026-07-25T17:19:15.680+0000] {logging_mixin.py:190} INFO - [2026-07-25T17:19:15.680+0000] {dagbag.py:588} INFO - Filling up the DagBag from /opt/airflow/dags/raw_from_s3_to_pg.py
[2026-07-25T17:19:15.721+0000] {processor.py:925} INFO - DAG(s) 'raw_from_s3_to_pg' retrieved from /opt/airflow/dags/raw_from_s3_to_pg.py
[2026-07-25T17:19:15.728+0000] {logging_mixin.py:190} INFO - [2026-07-25T17:19:15.727+0000] {dag.py:3239} INFO - Sync 1 DAGs
[2026-07-25T17:19:15.740+0000] {logging_mixin.py:190} INFO - [2026-07-25T17:19:15.740+0000] {dag.py:4180} INFO - Setting next_dagrun for raw_from_s3_to_pg to 2026-07-25 02:00:00+00:00, run_after=2026-07-26 02:00:00+00:00
[2026-07-25T17:19:15.751+0000] {processor.py:208} INFO - Processing /opt/airflow/dags/raw_from_s3_to_pg.py took 0.076 seconds
[2026-07-25T17:19:46.072+0000] {processor.py:186} INFO - Started process (PID=40333) to work on /opt/airflow/dags/raw_from_s3_to_pg.py
[2026-07-25T17:19:46.075+0000] {processor.py:914} INFO - Processing file /opt/airflow/dags/raw_from_s3_to_pg.py for tasks to queue
[2026-07-25T17:19:46.076+0000] {logging_mixin.py:190} INFO - [2026-07-25T17:19:46.076+0000] {dagbag.py:588} INFO - Filling up the DagBag from /opt/airflow/dags/raw_from_s3_to_pg.py
[2026-07-25T17:19:46.112+0000] {processor.py:925} INFO - DAG(s) 'raw_from_s3_to_pg' retrieved from /opt/airflow/dags/raw_from_s3_to_pg.py
[2026-07-25T17:19:46.118+0000] {logging_mixin.py:190} INFO - [2026-07-25T17:19:46.118+0000] {dag.py:3239} INFO - Sync 1 DAGs
[2026-07-25T17:19:46.131+0000] {logging_mixin.py:190} INFO - [2026-07-25T17:19:46.131+0000] {dag.py:4180} INFO - Setting next_dagrun for raw_from_s3_to_pg to 2026-07-25 02:00:00+00:00, run_after=2026-07-26 02:00:00+00:00
[2026-07-25T17:19:46.144+0000] {processor.py:208} INFO - Processing /opt/airflow/dags/raw_from_s3_to_pg.py took 0.075 seconds
[2026-07-25T17:20:16.409+0000] {processor.py:186} INFO - Started process (PID=40373) to work on /opt/airflow/dags/raw_from_s3_to_pg.py
[2026-07-25T17:20:16.409+0000] {processor.py:914} INFO - Processing file /opt/airflow/dags/raw_from_s3_to_pg.py for tasks to queue
[2026-07-25T17:20:16.410+0000] {logging_mixin.py:190} INFO - [2026-07-25T17:20:16.410+0000] {dagbag.py:588} INFO - Filling up the DagBag from /opt/airflow/dags/raw_from_s3_to_pg.py
[2026-07-25T17:20:16.452+0000] {processor.py:925} INFO - DAG(s) 'raw_from_s3_to_pg' retrieved from /opt/airflow/dags/raw_from_s3_to_pg.py
[2026-07-25T17:20:16.459+0000] {logging_mixin.py:190} INFO - [2026-07-25T17:20:16.459+0000] {dag.py:3239} INFO - Sync 1 DAGs
[2026-07-25T17:20:16.557+0000] {logging_mixin.py:190} INFO - [2026-07-25T17:20:16.557+0000] {dag.py:4180} INFO - Setting next_dagrun for raw_from_s3_to_pg to 2026-07-25 02:00:00+00:00, run_after=2026-07-26 02:00:00+00:00
[2026-07-25T17:20:16.567+0000] {processor.py:208} INFO - Processing /opt/airflow/dags/raw_from_s3_to_pg.py took 0.163 seconds
[2026-07-25T17:20:46.874+0000] {processor.py:186} INFO - Started process (PID=40413) to work on /opt/airflow/dags/raw_from_s3_to_pg.py
[2026-07-25T17:20:46.877+0000] {processor.py:914} INFO - Processing file /opt/airflow/dags/raw_from_s3_to_pg.py for tasks to queue
[2026-07-25T17:20:46.878+0000] {logging_mixin.py:190} INFO - [2026-07-25T17:20:46.878+0000] {dagbag.py:588} INFO - Filling up the DagBag from /opt/airflow/dags/raw_from_s3_to_pg.py
[2026-07-25T17:20:46.918+0000] {processor.py:925} INFO - DAG(s) 'raw_from_s3_to_pg' retrieved from /opt/airflow/dags/raw_from_s3_to_pg.py
[2026-07-25T17:20:46.925+0000] {logging_mixin.py:190} INFO - [2026-07-25T17:20:46.925+0000] {dag.py:3239} INFO - Sync 1 DAGs
[2026-07-25T17:20:46.938+0000] {logging_mixin.py:190} INFO - [2026-07-25T17:20:46.938+0000] {dag.py:4180} INFO - Setting next_dagrun for raw_from_s3_to_pg to 2026-07-25 02:00:00+00:00, run_after=2026-07-26 02:00:00+00:00
[2026-07-25T17:20:46.949+0000] {processor.py:208} INFO - Processing /opt/airflow/dags/raw_from_s3_to_pg.py took 0.079 seconds
[2026-07-25T17:21:17.252+0000] {processor.py:186} INFO - Started process (PID=40453) to work on /opt/airflow/dags/raw_from_s3_to_pg.py
[2026-07-25T17:21:17.253+0000] {processor.py:914} INFO - Processing file /opt/airflow/dags/raw_from_s3_to_pg.py for tasks to queue
[2026-07-25T17:21:17.254+0000] {logging_mixin.py:190} INFO - [2026-07-25T17:21:17.253+0000] {dagbag.py:588} INFO - Filling up the DagBag from /opt/airflow/dags/raw_from_s3_to_pg.py
[2026-07-25T17:21:17.295+0000] {processor.py:925} INFO - DAG(s) 'raw_from_s3_to_pg' retrieved from /opt/airflow/dags/raw_from_s3_to_pg.py
[2026-07-25T17:21:17.302+0000] {logging_mixin.py:190} INFO - [2026-07-25T17:21:17.301+0000] {dag.py:3239} INFO - Sync 1 DAGs
[2026-07-25T17:21:17.315+0000] {logging_mixin.py:190} INFO - [2026-07-25T17:21:17.315+0000] {dag.py:4180} INFO - Setting next_dagrun for raw_from_s3_to_pg to 2026-07-25 02:00:00+00:00, run_after=2026-07-26 02:00:00+00:00
[2026-07-25T17:21:17.327+0000] {processor.py:208} INFO - Processing /opt/airflow/dags/raw_from_s3_to_pg.py took 0.079 seconds
