[2026-07-25T14:59:53.837+0000] {processor.py:186} INFO - Started process (PID=29409) to work on /opt/airflow/dags/row_from_api_to_s3.py
[2026-07-25T14:59:53.837+0000] {processor.py:914} INFO - Processing file /opt/airflow/dags/row_from_api_to_s3.py for tasks to queue
[2026-07-25T14:59:53.838+0000] {logging_mixin.py:190} INFO - [2026-07-25T14:59:53.838+0000] {dagbag.py:588} INFO - Filling up the DagBag from /opt/airflow/dags/row_from_api_to_s3.py
[2026-07-25T14:59:53.876+0000] {processor.py:925} INFO - DAG(s) 'raw_from_api_to_s3' retrieved from /opt/airflow/dags/row_from_api_to_s3.py
[2026-07-25T14:59:53.882+0000] {logging_mixin.py:190} INFO - [2026-07-25T14:59:53.881+0000] {dag.py:3239} INFO - Sync 1 DAGs
[2026-07-25T14:59:53.904+0000] {processor.py:208} INFO - Processing /opt/airflow/dags/row_from_api_to_s3.py took 0.071 seconds
[2026-07-25T15:00:24.151+0000] {processor.py:186} INFO - Started process (PID=29451) to work on /opt/airflow/dags/row_from_api_to_s3.py
[2026-07-25T15:00:24.152+0000] {processor.py:914} INFO - Processing file /opt/airflow/dags/row_from_api_to_s3.py for tasks to queue
[2026-07-25T15:00:24.153+0000] {logging_mixin.py:190} INFO - [2026-07-25T15:00:24.153+0000] {dagbag.py:588} INFO - Filling up the DagBag from /opt/airflow/dags/row_from_api_to_s3.py
[2026-07-25T15:00:24.191+0000] {processor.py:925} INFO - DAG(s) 'raw_from_api_to_s3' retrieved from /opt/airflow/dags/row_from_api_to_s3.py
[2026-07-25T15:00:24.198+0000] {logging_mixin.py:190} INFO - [2026-07-25T15:00:24.198+0000] {dag.py:3239} INFO - Sync 1 DAGs
[2026-07-25T15:00:24.223+0000] {processor.py:208} INFO - Processing /opt/airflow/dags/row_from_api_to_s3.py took 0.076 seconds
[2026-07-25T15:00:54.492+0000] {processor.py:186} INFO - Started process (PID=29489) to work on /opt/airflow/dags/row_from_api_to_s3.py
[2026-07-25T15:00:54.493+0000] {processor.py:914} INFO - Processing file /opt/airflow/dags/row_from_api_to_s3.py for tasks to queue
[2026-07-25T15:00:54.494+0000] {logging_mixin.py:190} INFO - [2026-07-25T15:00:54.494+0000] {dagbag.py:588} INFO - Filling up the DagBag from /opt/airflow/dags/row_from_api_to_s3.py
[2026-07-25T15:00:54.532+0000] {processor.py:925} INFO - DAG(s) 'raw_from_api_to_s3' retrieved from /opt/airflow/dags/row_from_api_to_s3.py
[2026-07-25T15:00:54.538+0000] {logging_mixin.py:190} INFO - [2026-07-25T15:00:54.538+0000] {dag.py:3239} INFO - Sync 1 DAGs
[2026-07-25T15:00:54.562+0000] {processor.py:208} INFO - Processing /opt/airflow/dags/row_from_api_to_s3.py took 0.073 seconds
[2026-07-25T15:01:24.832+0000] {processor.py:186} INFO - Started process (PID=29527) to work on /opt/airflow/dags/row_from_api_to_s3.py
[2026-07-25T15:01:24.832+0000] {processor.py:914} INFO - Processing file /opt/airflow/dags/row_from_api_to_s3.py for tasks to queue
[2026-07-25T15:01:24.834+0000] {logging_mixin.py:190} INFO - [2026-07-25T15:01:24.834+0000] {dagbag.py:588} INFO - Filling up the DagBag from /opt/airflow/dags/row_from_api_to_s3.py
[2026-07-25T15:01:24.871+0000] {processor.py:925} INFO - DAG(s) 'raw_from_api_to_s3' retrieved from /opt/airflow/dags/row_from_api_to_s3.py
[2026-07-25T15:01:24.876+0000] {logging_mixin.py:190} INFO - [2026-07-25T15:01:24.876+0000] {dag.py:3239} INFO - Sync 1 DAGs
[2026-07-25T15:01:24.907+0000] {processor.py:208} INFO - Processing /opt/airflow/dags/row_from_api_to_s3.py took 0.080 seconds
[2026-07-25T15:01:55.222+0000] {processor.py:186} INFO - Started process (PID=29565) to work on /opt/airflow/dags/row_from_api_to_s3.py
[2026-07-25T15:01:55.222+0000] {processor.py:914} INFO - Processing file /opt/airflow/dags/row_from_api_to_s3.py for tasks to queue
[2026-07-25T15:01:55.223+0000] {logging_mixin.py:190} INFO - [2026-07-25T15:01:55.223+0000] {dagbag.py:588} INFO - Filling up the DagBag from /opt/airflow/dags/row_from_api_to_s3.py
[2026-07-25T15:01:55.261+0000] {processor.py:925} INFO - DAG(s) 'raw_from_api_to_s3' retrieved from /opt/airflow/dags/row_from_api_to_s3.py
[2026-07-25T15:01:55.267+0000] {logging_mixin.py:190} INFO - [2026-07-25T15:01:55.267+0000] {dag.py:3239} INFO - Sync 1 DAGs
[2026-07-25T15:01:55.291+0000] {processor.py:208} INFO - Processing /opt/airflow/dags/row_from_api_to_s3.py took 0.073 seconds
[2026-07-25T15:02:25.717+0000] {processor.py:186} INFO - Started process (PID=29603) to work on /opt/airflow/dags/row_from_api_to_s3.py
[2026-07-25T15:02:25.718+0000] {processor.py:914} INFO - Processing file /opt/airflow/dags/row_from_api_to_s3.py for tasks to queue
[2026-07-25T15:02:25.720+0000] {logging_mixin.py:190} INFO - [2026-07-25T15:02:25.719+0000] {dagbag.py:588} INFO - Filling up the DagBag from /opt/airflow/dags/row_from_api_to_s3.py
[2026-07-25T15:02:25.758+0000] {processor.py:925} INFO - DAG(s) 'raw_from_api_to_s3' retrieved from /opt/airflow/dags/row_from_api_to_s3.py
[2026-07-25T15:02:25.764+0000] {logging_mixin.py:190} INFO - [2026-07-25T15:02:25.764+0000] {dag.py:3239} INFO - Sync 1 DAGs
[2026-07-25T15:02:25.785+0000] {processor.py:208} INFO - Processing /opt/airflow/dags/row_from_api_to_s3.py took 0.071 seconds
[2026-07-25T15:02:56.200+0000] {processor.py:186} INFO - Started process (PID=29641) to work on /opt/airflow/dags/row_from_api_to_s3.py
[2026-07-25T15:02:56.200+0000] {processor.py:914} INFO - Processing file /opt/airflow/dags/row_from_api_to_s3.py for tasks to queue
[2026-07-25T15:02:56.201+0000] {logging_mixin.py:190} INFO - [2026-07-25T15:02:56.201+0000] {dagbag.py:588} INFO - Filling up the DagBag from /opt/airflow/dags/row_from_api_to_s3.py
[2026-07-25T15:02:56.237+0000] {processor.py:925} INFO - DAG(s) 'raw_from_api_to_s3' retrieved from /opt/airflow/dags/row_from_api_to_s3.py
[2026-07-25T15:02:56.243+0000] {logging_mixin.py:190} INFO - [2026-07-25T15:02:56.243+0000] {dag.py:3239} INFO - Sync 1 DAGs
[2026-07-25T15:02:56.265+0000] {processor.py:208} INFO - Processing /opt/airflow/dags/row_from_api_to_s3.py took 0.068 seconds
[2026-07-25T15:03:26.586+0000] {processor.py:186} INFO - Started process (PID=29679) to work on /opt/airflow/dags/row_from_api_to_s3.py
[2026-07-25T15:03:26.586+0000] {processor.py:914} INFO - Processing file /opt/airflow/dags/row_from_api_to_s3.py for tasks to queue
[2026-07-25T15:03:26.587+0000] {logging_mixin.py:190} INFO - [2026-07-25T15:03:26.587+0000] {dagbag.py:588} INFO - Filling up the DagBag from /opt/airflow/dags/row_from_api_to_s3.py
[2026-07-25T15:03:26.623+0000] {processor.py:925} INFO - DAG(s) 'raw_from_api_to_s3' retrieved from /opt/airflow/dags/row_from_api_to_s3.py
[2026-07-25T15:03:26.628+0000] {logging_mixin.py:190} INFO - [2026-07-25T15:03:26.628+0000] {dag.py:3239} INFO - Sync 1 DAGs
[2026-07-25T15:03:26.651+0000] {processor.py:208} INFO - Processing /opt/airflow/dags/row_from_api_to_s3.py took 0.070 seconds
[2026-07-25T15:03:57.010+0000] {processor.py:186} INFO - Started process (PID=29717) to work on /opt/airflow/dags/row_from_api_to_s3.py
[2026-07-25T15:03:57.010+0000] {processor.py:914} INFO - Processing file /opt/airflow/dags/row_from_api_to_s3.py for tasks to queue
[2026-07-25T15:03:57.011+0000] {logging_mixin.py:190} INFO - [2026-07-25T15:03:57.011+0000] {dagbag.py:588} INFO - Filling up the DagBag from /opt/airflow/dags/row_from_api_to_s3.py
[2026-07-25T15:03:57.048+0000] {processor.py:925} INFO - DAG(s) 'raw_from_api_to_s3' retrieved from /opt/airflow/dags/row_from_api_to_s3.py
[2026-07-25T15:03:57.055+0000] {logging_mixin.py:190} INFO - [2026-07-25T15:03:57.054+0000] {dag.py:3239} INFO - Sync 1 DAGs
[2026-07-25T15:03:57.075+0000] {processor.py:208} INFO - Processing /opt/airflow/dags/row_from_api_to_s3.py took 0.070 seconds
[2026-07-25T15:04:27.516+0000] {processor.py:186} INFO - Started process (PID=29755) to work on /opt/airflow/dags/row_from_api_to_s3.py
[2026-07-25T15:04:27.517+0000] {processor.py:914} INFO - Processing file /opt/airflow/dags/row_from_api_to_s3.py for tasks to queue
[2026-07-25T15:04:27.518+0000] {logging_mixin.py:190} INFO - [2026-07-25T15:04:27.518+0000] {dagbag.py:588} INFO - Filling up the DagBag from /opt/airflow/dags/row_from_api_to_s3.py
[2026-07-25T15:04:27.553+0000] {processor.py:925} INFO - DAG(s) 'raw_from_api_to_s3' retrieved from /opt/airflow/dags/row_from_api_to_s3.py
[2026-07-25T15:04:27.559+0000] {logging_mixin.py:190} INFO - [2026-07-25T15:04:27.559+0000] {dag.py:3239} INFO - Sync 1 DAGs
[2026-07-25T15:04:27.582+0000] {processor.py:208} INFO - Processing /opt/airflow/dags/row_from_api_to_s3.py took 0.070 seconds
[2026-07-25T15:04:57.958+0000] {processor.py:186} INFO - Started process (PID=29793) to work on /opt/airflow/dags/row_from_api_to_s3.py
[2026-07-25T15:04:57.958+0000] {processor.py:914} INFO - Processing file /opt/airflow/dags/row_from_api_to_s3.py for tasks to queue
[2026-07-25T15:04:57.959+0000] {logging_mixin.py:190} INFO - [2026-07-25T15:04:57.959+0000] {dagbag.py:588} INFO - Filling up the DagBag from /opt/airflow/dags/row_from_api_to_s3.py
[2026-07-25T15:04:57.991+0000] {processor.py:925} INFO - DAG(s) 'raw_from_api_to_s3' retrieved from /opt/airflow/dags/row_from_api_to_s3.py
[2026-07-25T15:04:57.997+0000] {logging_mixin.py:190} INFO - [2026-07-25T15:04:57.997+0000] {dag.py:3239} INFO - Sync 1 DAGs
[2026-07-25T15:04:58.017+0000] {processor.py:208} INFO - Processing /opt/airflow/dags/row_from_api_to_s3.py took 0.063 seconds
[2026-07-25T15:05:28.433+0000] {processor.py:186} INFO - Started process (PID=29831) to work on /opt/airflow/dags/row_from_api_to_s3.py
[2026-07-25T15:05:28.434+0000] {processor.py:914} INFO - Processing file /opt/airflow/dags/row_from_api_to_s3.py for tasks to queue
[2026-07-25T15:05:28.435+0000] {logging_mixin.py:190} INFO - [2026-07-25T15:05:28.434+0000] {dagbag.py:588} INFO - Filling up the DagBag from /opt/airflow/dags/row_from_api_to_s3.py
[2026-07-25T15:05:28.470+0000] {processor.py:925} INFO - DAG(s) 'raw_from_api_to_s3' retrieved from /opt/airflow/dags/row_from_api_to_s3.py
[2026-07-25T15:05:28.477+0000] {logging_mixin.py:190} INFO - [2026-07-25T15:05:28.477+0000] {dag.py:3239} INFO - Sync 1 DAGs
[2026-07-25T15:05:28.498+0000] {processor.py:208} INFO - Processing /opt/airflow/dags/row_from_api_to_s3.py took 0.068 seconds
[2026-07-25T15:05:58.838+0000] {processor.py:186} INFO - Started process (PID=29869) to work on /opt/airflow/dags/row_from_api_to_s3.py
[2026-07-25T15:05:58.838+0000] {processor.py:914} INFO - Processing file /opt/airflow/dags/row_from_api_to_s3.py for tasks to queue
[2026-07-25T15:05:58.839+0000] {logging_mixin.py:190} INFO - [2026-07-25T15:05:58.839+0000] {dagbag.py:588} INFO - Filling up the DagBag from /opt/airflow/dags/row_from_api_to_s3.py
[2026-07-25T15:05:58.873+0000] {processor.py:925} INFO - DAG(s) 'raw_from_api_to_s3' retrieved from /opt/airflow/dags/row_from_api_to_s3.py
[2026-07-25T15:05:58.879+0000] {logging_mixin.py:190} INFO - [2026-07-25T15:05:58.879+0000] {dag.py:3239} INFO - Sync 1 DAGs
[2026-07-25T15:05:58.900+0000] {processor.py:208} INFO - Processing /opt/airflow/dags/row_from_api_to_s3.py took 0.065 seconds
[2026-07-25T15:06:29.242+0000] {processor.py:186} INFO - Started process (PID=29907) to work on /opt/airflow/dags/row_from_api_to_s3.py
[2026-07-25T15:06:29.242+0000] {processor.py:914} INFO - Processing file /opt/airflow/dags/row_from_api_to_s3.py for tasks to queue
[2026-07-25T15:06:29.243+0000] {logging_mixin.py:190} INFO - [2026-07-25T15:06:29.243+0000] {dagbag.py:588} INFO - Filling up the DagBag from /opt/airflow/dags/row_from_api_to_s3.py
[2026-07-25T15:06:29.278+0000] {processor.py:925} INFO - DAG(s) 'raw_from_api_to_s3' retrieved from /opt/airflow/dags/row_from_api_to_s3.py
[2026-07-25T15:06:29.284+0000] {logging_mixin.py:190} INFO - [2026-07-25T15:06:29.284+0000] {dag.py:3239} INFO - Sync 1 DAGs
[2026-07-25T15:06:29.306+0000] {processor.py:208} INFO - Processing /opt/airflow/dags/row_from_api_to_s3.py took 0.067 seconds
[2026-07-25T15:06:59.741+0000] {processor.py:186} INFO - Started process (PID=29945) to work on /opt/airflow/dags/row_from_api_to_s3.py
[2026-07-25T15:06:59.741+0000] {processor.py:914} INFO - Processing file /opt/airflow/dags/row_from_api_to_s3.py for tasks to queue
[2026-07-25T15:06:59.742+0000] {logging_mixin.py:190} INFO - [2026-07-25T15:06:59.742+0000] {dagbag.py:588} INFO - Filling up the DagBag from /opt/airflow/dags/row_from_api_to_s3.py
[2026-07-25T15:06:59.775+0000] {processor.py:925} INFO - DAG(s) 'raw_from_api_to_s3' retrieved from /opt/airflow/dags/row_from_api_to_s3.py
[2026-07-25T15:06:59.781+0000] {logging_mixin.py:190} INFO - [2026-07-25T15:06:59.781+0000] {dag.py:3239} INFO - Sync 1 DAGs
[2026-07-25T15:06:59.804+0000] {processor.py:208} INFO - Processing /opt/airflow/dags/row_from_api_to_s3.py took 0.066 seconds
[2026-07-25T15:07:30.088+0000] {processor.py:186} INFO - Started process (PID=29983) to work on /opt/airflow/dags/row_from_api_to_s3.py
[2026-07-25T15:07:30.089+0000] {processor.py:914} INFO - Processing file /opt/airflow/dags/row_from_api_to_s3.py for tasks to queue
[2026-07-25T15:07:30.090+0000] {logging_mixin.py:190} INFO - [2026-07-25T15:07:30.090+0000] {dagbag.py:588} INFO - Filling up the DagBag from /opt/airflow/dags/row_from_api_to_s3.py
[2026-07-25T15:07:30.130+0000] {processor.py:925} INFO - DAG(s) 'raw_from_api_to_s3' retrieved from /opt/airflow/dags/row_from_api_to_s3.py
[2026-07-25T15:07:30.137+0000] {logging_mixin.py:190} INFO - [2026-07-25T15:07:30.137+0000] {dag.py:3239} INFO - Sync 1 DAGs
[2026-07-25T15:07:30.158+0000] {processor.py:208} INFO - Processing /opt/airflow/dags/row_from_api_to_s3.py took 0.073 seconds
[2026-07-25T15:08:00.564+0000] {processor.py:186} INFO - Started process (PID=30021) to work on /opt/airflow/dags/row_from_api_to_s3.py
[2026-07-25T15:08:00.564+0000] {processor.py:914} INFO - Processing file /opt/airflow/dags/row_from_api_to_s3.py for tasks to queue
[2026-07-25T15:08:00.566+0000] {logging_mixin.py:190} INFO - [2026-07-25T15:08:00.566+0000] {dagbag.py:588} INFO - Filling up the DagBag from /opt/airflow/dags/row_from_api_to_s3.py
[2026-07-25T15:08:00.599+0000] {processor.py:925} INFO - DAG(s) 'raw_from_api_to_s3' retrieved from /opt/airflow/dags/row_from_api_to_s3.py
[2026-07-25T15:08:00.605+0000] {logging_mixin.py:190} INFO - [2026-07-25T15:08:00.605+0000] {dag.py:3239} INFO - Sync 1 DAGs
[2026-07-25T15:08:00.627+0000] {processor.py:208} INFO - Processing /opt/airflow/dags/row_from_api_to_s3.py took 0.066 seconds
[2026-07-25T15:08:31.061+0000] {processor.py:186} INFO - Started process (PID=30059) to work on /opt/airflow/dags/row_from_api_to_s3.py
[2026-07-25T15:08:31.061+0000] {processor.py:914} INFO - Processing file /opt/airflow/dags/row_from_api_to_s3.py for tasks to queue
[2026-07-25T15:08:31.062+0000] {logging_mixin.py:190} INFO - [2026-07-25T15:08:31.062+0000] {dagbag.py:588} INFO - Filling up the DagBag from /opt/airflow/dags/row_from_api_to_s3.py
[2026-07-25T15:08:31.103+0000] {processor.py:925} INFO - DAG(s) 'raw_from_api_to_s3' retrieved from /opt/airflow/dags/row_from_api_to_s3.py
[2026-07-25T15:08:31.110+0000] {logging_mixin.py:190} INFO - [2026-07-25T15:08:31.110+0000] {dag.py:3239} INFO - Sync 1 DAGs
[2026-07-25T15:08:31.132+0000] {processor.py:208} INFO - Processing /opt/airflow/dags/row_from_api_to_s3.py took 0.075 seconds
[2026-07-25T15:09:01.491+0000] {processor.py:186} INFO - Started process (PID=30097) to work on /opt/airflow/dags/row_from_api_to_s3.py
[2026-07-25T15:09:01.491+0000] {processor.py:914} INFO - Processing file /opt/airflow/dags/row_from_api_to_s3.py for tasks to queue
[2026-07-25T15:09:01.492+0000] {logging_mixin.py:190} INFO - [2026-07-25T15:09:01.492+0000] {dagbag.py:588} INFO - Filling up the DagBag from /opt/airflow/dags/row_from_api_to_s3.py
[2026-07-25T15:09:01.526+0000] {processor.py:925} INFO - DAG(s) 'raw_from_api_to_s3' retrieved from /opt/airflow/dags/row_from_api_to_s3.py
[2026-07-25T15:09:01.532+0000] {logging_mixin.py:190} INFO - [2026-07-25T15:09:01.532+0000] {dag.py:3239} INFO - Sync 1 DAGs
[2026-07-25T15:09:01.555+0000] {processor.py:208} INFO - Processing /opt/airflow/dags/row_from_api_to_s3.py took 0.067 seconds
[2026-07-25T15:09:31.915+0000] {processor.py:186} INFO - Started process (PID=30135) to work on /opt/airflow/dags/row_from_api_to_s3.py
[2026-07-25T15:09:31.916+0000] {processor.py:914} INFO - Processing file /opt/airflow/dags/row_from_api_to_s3.py for tasks to queue
[2026-07-25T15:09:31.917+0000] {logging_mixin.py:190} INFO - [2026-07-25T15:09:31.917+0000] {dagbag.py:588} INFO - Filling up the DagBag from /opt/airflow/dags/row_from_api_to_s3.py
[2026-07-25T15:09:31.950+0000] {processor.py:925} INFO - DAG(s) 'raw_from_api_to_s3' retrieved from /opt/airflow/dags/row_from_api_to_s3.py
[2026-07-25T15:09:31.956+0000] {logging_mixin.py:190} INFO - [2026-07-25T15:09:31.956+0000] {dag.py:3239} INFO - Sync 1 DAGs
[2026-07-25T15:09:32.135+0000] {processor.py:208} INFO - Processing /opt/airflow/dags/row_from_api_to_s3.py took 0.223 seconds
[2026-07-25T15:10:02.315+0000] {processor.py:186} INFO - Started process (PID=30173) to work on /opt/airflow/dags/row_from_api_to_s3.py
[2026-07-25T15:10:02.315+0000] {processor.py:914} INFO - Processing file /opt/airflow/dags/row_from_api_to_s3.py for tasks to queue
[2026-07-25T15:10:02.316+0000] {logging_mixin.py:190} INFO - [2026-07-25T15:10:02.316+0000] {dagbag.py:588} INFO - Filling up the DagBag from /opt/airflow/dags/row_from_api_to_s3.py
[2026-07-25T15:10:02.352+0000] {processor.py:925} INFO - DAG(s) 'raw_from_api_to_s3' retrieved from /opt/airflow/dags/row_from_api_to_s3.py
[2026-07-25T15:10:02.358+0000] {logging_mixin.py:190} INFO - [2026-07-25T15:10:02.358+0000] {dag.py:3239} INFO - Sync 1 DAGs
[2026-07-25T15:10:02.379+0000] {processor.py:208} INFO - Processing /opt/airflow/dags/row_from_api_to_s3.py took 0.067 seconds
[2026-07-25T15:10:32.696+0000] {processor.py:186} INFO - Started process (PID=30211) to work on /opt/airflow/dags/row_from_api_to_s3.py
[2026-07-25T15:10:32.696+0000] {processor.py:914} INFO - Processing file /opt/airflow/dags/row_from_api_to_s3.py for tasks to queue
[2026-07-25T15:10:32.697+0000] {logging_mixin.py:190} INFO - [2026-07-25T15:10:32.697+0000] {dagbag.py:588} INFO - Filling up the DagBag from /opt/airflow/dags/row_from_api_to_s3.py
[2026-07-25T15:10:32.735+0000] {processor.py:925} INFO - DAG(s) 'raw_from_api_to_s3' retrieved from /opt/airflow/dags/row_from_api_to_s3.py
[2026-07-25T15:10:32.741+0000] {logging_mixin.py:190} INFO - [2026-07-25T15:10:32.740+0000] {dag.py:3239} INFO - Sync 1 DAGs
[2026-07-25T15:10:32.762+0000] {processor.py:208} INFO - Processing /opt/airflow/dags/row_from_api_to_s3.py took 0.070 seconds
[2026-07-25T15:11:03.104+0000] {processor.py:186} INFO - Started process (PID=30249) to work on /opt/airflow/dags/row_from_api_to_s3.py
[2026-07-25T15:11:03.104+0000] {processor.py:914} INFO - Processing file /opt/airflow/dags/row_from_api_to_s3.py for tasks to queue
[2026-07-25T15:11:03.106+0000] {logging_mixin.py:190} INFO - [2026-07-25T15:11:03.105+0000] {dagbag.py:588} INFO - Filling up the DagBag from /opt/airflow/dags/row_from_api_to_s3.py
[2026-07-25T15:11:03.147+0000] {processor.py:925} INFO - DAG(s) 'raw_from_api_to_s3' retrieved from /opt/airflow/dags/row_from_api_to_s3.py
[2026-07-25T15:11:03.154+0000] {logging_mixin.py:190} INFO - [2026-07-25T15:11:03.154+0000] {dag.py:3239} INFO - Sync 1 DAGs
[2026-07-25T15:11:03.176+0000] {processor.py:208} INFO - Processing /opt/airflow/dags/row_from_api_to_s3.py took 0.076 seconds
[2026-07-25T15:11:33.589+0000] {processor.py:186} INFO - Started process (PID=30287) to work on /opt/airflow/dags/row_from_api_to_s3.py
[2026-07-25T15:11:33.590+0000] {processor.py:914} INFO - Processing file /opt/airflow/dags/row_from_api_to_s3.py for tasks to queue
[2026-07-25T15:11:33.591+0000] {logging_mixin.py:190} INFO - [2026-07-25T15:11:33.590+0000] {dagbag.py:588} INFO - Filling up the DagBag from /opt/airflow/dags/row_from_api_to_s3.py
[2026-07-25T15:11:33.625+0000] {processor.py:925} INFO - DAG(s) 'raw_from_api_to_s3' retrieved from /opt/airflow/dags/row_from_api_to_s3.py
[2026-07-25T15:11:33.631+0000] {logging_mixin.py:190} INFO - [2026-07-25T15:11:33.631+0000] {dag.py:3239} INFO - Sync 1 DAGs
[2026-07-25T15:11:33.654+0000] {processor.py:208} INFO - Processing /opt/airflow/dags/row_from_api_to_s3.py took 0.069 seconds
[2026-07-25T15:12:03.970+0000] {processor.py:186} INFO - Started process (PID=30325) to work on /opt/airflow/dags/row_from_api_to_s3.py
[2026-07-25T15:12:03.971+0000] {processor.py:914} INFO - Processing file /opt/airflow/dags/row_from_api_to_s3.py for tasks to queue
[2026-07-25T15:12:03.972+0000] {logging_mixin.py:190} INFO - [2026-07-25T15:12:03.972+0000] {dagbag.py:588} INFO - Filling up the DagBag from /opt/airflow/dags/row_from_api_to_s3.py
[2026-07-25T15:12:04.010+0000] {processor.py:925} INFO - DAG(s) 'raw_from_api_to_s3' retrieved from /opt/airflow/dags/row_from_api_to_s3.py
[2026-07-25T15:12:04.017+0000] {logging_mixin.py:190} INFO - [2026-07-25T15:12:04.017+0000] {dag.py:3239} INFO - Sync 1 DAGs
[2026-07-25T15:12:04.039+0000] {processor.py:208} INFO - Processing /opt/airflow/dags/row_from_api_to_s3.py took 0.073 seconds
[2026-07-25T15:12:34.351+0000] {processor.py:186} INFO - Started process (PID=30363) to work on /opt/airflow/dags/row_from_api_to_s3.py
[2026-07-25T15:12:34.352+0000] {processor.py:914} INFO - Processing file /opt/airflow/dags/row_from_api_to_s3.py for tasks to queue
[2026-07-25T15:12:34.353+0000] {logging_mixin.py:190} INFO - [2026-07-25T15:12:34.353+0000] {dagbag.py:588} INFO - Filling up the DagBag from /opt/airflow/dags/row_from_api_to_s3.py
[2026-07-25T15:12:34.388+0000] {processor.py:925} INFO - DAG(s) 'raw_from_api_to_s3' retrieved from /opt/airflow/dags/row_from_api_to_s3.py
[2026-07-25T15:12:34.395+0000] {logging_mixin.py:190} INFO - [2026-07-25T15:12:34.394+0000] {dag.py:3239} INFO - Sync 1 DAGs
[2026-07-25T15:12:34.417+0000] {processor.py:208} INFO - Processing /opt/airflow/dags/row_from_api_to_s3.py took 0.069 seconds
[2026-07-25T15:13:04.761+0000] {processor.py:186} INFO - Started process (PID=30401) to work on /opt/airflow/dags/row_from_api_to_s3.py
[2026-07-25T15:13:04.761+0000] {processor.py:914} INFO - Processing file /opt/airflow/dags/row_from_api_to_s3.py for tasks to queue
[2026-07-25T15:13:04.762+0000] {logging_mixin.py:190} INFO - [2026-07-25T15:13:04.762+0000] {dagbag.py:588} INFO - Filling up the DagBag from /opt/airflow/dags/row_from_api_to_s3.py
[2026-07-25T15:13:04.794+0000] {processor.py:925} INFO - DAG(s) 'raw_from_api_to_s3' retrieved from /opt/airflow/dags/row_from_api_to_s3.py
[2026-07-25T15:13:04.800+0000] {logging_mixin.py:190} INFO - [2026-07-25T15:13:04.800+0000] {dag.py:3239} INFO - Sync 1 DAGs
[2026-07-25T15:13:04.821+0000] {processor.py:208} INFO - Processing /opt/airflow/dags/row_from_api_to_s3.py took 0.064 seconds
[2026-07-25T15:13:35.200+0000] {processor.py:186} INFO - Started process (PID=30439) to work on /opt/airflow/dags/row_from_api_to_s3.py
[2026-07-25T15:13:35.201+0000] {processor.py:914} INFO - Processing file /opt/airflow/dags/row_from_api_to_s3.py for tasks to queue
[2026-07-25T15:13:35.202+0000] {logging_mixin.py:190} INFO - [2026-07-25T15:13:35.202+0000] {dagbag.py:588} INFO - Filling up the DagBag from /opt/airflow/dags/row_from_api_to_s3.py
[2026-07-25T15:13:35.239+0000] {processor.py:925} INFO - DAG(s) 'raw_from_api_to_s3' retrieved from /opt/airflow/dags/row_from_api_to_s3.py
[2026-07-25T15:13:35.245+0000] {logging_mixin.py:190} INFO - [2026-07-25T15:13:35.245+0000] {dag.py:3239} INFO - Sync 1 DAGs
[2026-07-25T15:13:35.266+0000] {processor.py:208} INFO - Processing /opt/airflow/dags/row_from_api_to_s3.py took 0.070 seconds
[2026-07-25T15:14:05.634+0000] {processor.py:186} INFO - Started process (PID=30477) to work on /opt/airflow/dags/row_from_api_to_s3.py
[2026-07-25T15:14:05.634+0000] {processor.py:914} INFO - Processing file /opt/airflow/dags/row_from_api_to_s3.py for tasks to queue
[2026-07-25T15:14:05.635+0000] {logging_mixin.py:190} INFO - [2026-07-25T15:14:05.635+0000] {dagbag.py:588} INFO - Filling up the DagBag from /opt/airflow/dags/row_from_api_to_s3.py
[2026-07-25T15:14:05.670+0000] {processor.py:925} INFO - DAG(s) 'raw_from_api_to_s3' retrieved from /opt/airflow/dags/row_from_api_to_s3.py
[2026-07-25T15:14:05.676+0000] {logging_mixin.py:190} INFO - [2026-07-25T15:14:05.676+0000] {dag.py:3239} INFO - Sync 1 DAGs
[2026-07-25T15:14:05.698+0000] {processor.py:208} INFO - Processing /opt/airflow/dags/row_from_api_to_s3.py took 0.068 seconds
[2026-07-25T15:14:36.017+0000] {processor.py:186} INFO - Started process (PID=30515) to work on /opt/airflow/dags/row_from_api_to_s3.py
[2026-07-25T15:14:36.017+0000] {processor.py:914} INFO - Processing file /opt/airflow/dags/row_from_api_to_s3.py for tasks to queue
[2026-07-25T15:14:36.019+0000] {logging_mixin.py:190} INFO - [2026-07-25T15:14:36.018+0000] {dagbag.py:588} INFO - Filling up the DagBag from /opt/airflow/dags/row_from_api_to_s3.py
[2026-07-25T15:14:36.054+0000] {processor.py:925} INFO - DAG(s) 'raw_from_api_to_s3' retrieved from /opt/airflow/dags/row_from_api_to_s3.py
[2026-07-25T15:14:36.061+0000] {logging_mixin.py:190} INFO - [2026-07-25T15:14:36.061+0000] {dag.py:3239} INFO - Sync 1 DAGs
[2026-07-25T15:14:36.082+0000] {processor.py:208} INFO - Processing /opt/airflow/dags/row_from_api_to_s3.py took 0.070 seconds
[2026-07-25T15:15:06.392+0000] {processor.py:186} INFO - Started process (PID=30553) to work on /opt/airflow/dags/row_from_api_to_s3.py
[2026-07-25T15:15:06.393+0000] {processor.py:914} INFO - Processing file /opt/airflow/dags/row_from_api_to_s3.py for tasks to queue
[2026-07-25T15:15:06.394+0000] {logging_mixin.py:190} INFO - [2026-07-25T15:15:06.393+0000] {dagbag.py:588} INFO - Filling up the DagBag from /opt/airflow/dags/row_from_api_to_s3.py
[2026-07-25T15:15:06.430+0000] {processor.py:925} INFO - DAG(s) 'raw_from_api_to_s3' retrieved from /opt/airflow/dags/row_from_api_to_s3.py
[2026-07-25T15:15:06.435+0000] {logging_mixin.py:190} INFO - [2026-07-25T15:15:06.435+0000] {dag.py:3239} INFO - Sync 1 DAGs
[2026-07-25T15:15:06.457+0000] {processor.py:208} INFO - Processing /opt/airflow/dags/row_from_api_to_s3.py took 0.068 seconds
[2026-07-25T15:15:36.841+0000] {processor.py:186} INFO - Started process (PID=30591) to work on /opt/airflow/dags/row_from_api_to_s3.py
[2026-07-25T15:15:36.842+0000] {processor.py:914} INFO - Processing file /opt/airflow/dags/row_from_api_to_s3.py for tasks to queue
[2026-07-25T15:15:36.843+0000] {logging_mixin.py:190} INFO - [2026-07-25T15:15:36.843+0000] {dagbag.py:588} INFO - Filling up the DagBag from /opt/airflow/dags/row_from_api_to_s3.py
[2026-07-25T15:15:36.879+0000] {processor.py:925} INFO - DAG(s) 'raw_from_api_to_s3' retrieved from /opt/airflow/dags/row_from_api_to_s3.py
[2026-07-25T15:15:36.884+0000] {logging_mixin.py:190} INFO - [2026-07-25T15:15:36.884+0000] {dag.py:3239} INFO - Sync 1 DAGs
[2026-07-25T15:15:36.906+0000] {processor.py:208} INFO - Processing /opt/airflow/dags/row_from_api_to_s3.py took 0.069 seconds
[2026-07-25T15:16:07.339+0000] {processor.py:186} INFO - Started process (PID=30629) to work on /opt/airflow/dags/row_from_api_to_s3.py
[2026-07-25T15:16:07.339+0000] {processor.py:914} INFO - Processing file /opt/airflow/dags/row_from_api_to_s3.py for tasks to queue
[2026-07-25T15:16:07.340+0000] {logging_mixin.py:190} INFO - [2026-07-25T15:16:07.340+0000] {dagbag.py:588} INFO - Filling up the DagBag from /opt/airflow/dags/row_from_api_to_s3.py
[2026-07-25T15:16:07.374+0000] {processor.py:925} INFO - DAG(s) 'raw_from_api_to_s3' retrieved from /opt/airflow/dags/row_from_api_to_s3.py
[2026-07-25T15:16:07.379+0000] {logging_mixin.py:190} INFO - [2026-07-25T15:16:07.379+0000] {dag.py:3239} INFO - Sync 1 DAGs
[2026-07-25T15:16:07.401+0000] {processor.py:208} INFO - Processing /opt/airflow/dags/row_from_api_to_s3.py took 0.066 seconds
[2026-07-25T15:16:37.836+0000] {processor.py:186} INFO - Started process (PID=30667) to work on /opt/airflow/dags/row_from_api_to_s3.py
[2026-07-25T15:16:37.836+0000] {processor.py:914} INFO - Processing file /opt/airflow/dags/row_from_api_to_s3.py for tasks to queue
[2026-07-25T15:16:37.837+0000] {logging_mixin.py:190} INFO - [2026-07-25T15:16:37.837+0000] {dagbag.py:588} INFO - Filling up the DagBag from /opt/airflow/dags/row_from_api_to_s3.py
[2026-07-25T15:16:37.875+0000] {processor.py:925} INFO - DAG(s) 'raw_from_api_to_s3' retrieved from /opt/airflow/dags/row_from_api_to_s3.py
[2026-07-25T15:16:37.882+0000] {logging_mixin.py:190} INFO - [2026-07-25T15:16:37.882+0000] {dag.py:3239} INFO - Sync 1 DAGs
[2026-07-25T15:16:37.903+0000] {processor.py:208} INFO - Processing /opt/airflow/dags/row_from_api_to_s3.py took 0.071 seconds
[2026-07-25T15:17:08.269+0000] {processor.py:186} INFO - Started process (PID=30705) to work on /opt/airflow/dags/row_from_api_to_s3.py
[2026-07-25T15:17:08.269+0000] {processor.py:914} INFO - Processing file /opt/airflow/dags/row_from_api_to_s3.py for tasks to queue
[2026-07-25T15:17:08.270+0000] {logging_mixin.py:190} INFO - [2026-07-25T15:17:08.270+0000] {dagbag.py:588} INFO - Filling up the DagBag from /opt/airflow/dags/row_from_api_to_s3.py
[2026-07-25T15:17:08.306+0000] {processor.py:925} INFO - DAG(s) 'raw_from_api_to_s3' retrieved from /opt/airflow/dags/row_from_api_to_s3.py
[2026-07-25T15:17:08.313+0000] {logging_mixin.py:190} INFO - [2026-07-25T15:17:08.313+0000] {dag.py:3239} INFO - Sync 1 DAGs
[2026-07-25T15:17:08.334+0000] {processor.py:208} INFO - Processing /opt/airflow/dags/row_from_api_to_s3.py took 0.069 seconds
[2026-07-25T15:17:38.663+0000] {processor.py:186} INFO - Started process (PID=30743) to work on /opt/airflow/dags/row_from_api_to_s3.py
[2026-07-25T15:17:38.664+0000] {processor.py:914} INFO - Processing file /opt/airflow/dags/row_from_api_to_s3.py for tasks to queue
[2026-07-25T15:17:38.665+0000] {logging_mixin.py:190} INFO - [2026-07-25T15:17:38.665+0000] {dagbag.py:588} INFO - Filling up the DagBag from /opt/airflow/dags/row_from_api_to_s3.py
[2026-07-25T15:17:38.706+0000] {processor.py:925} INFO - DAG(s) 'raw_from_api_to_s3' retrieved from /opt/airflow/dags/row_from_api_to_s3.py
[2026-07-25T15:17:38.713+0000] {logging_mixin.py:190} INFO - [2026-07-25T15:17:38.713+0000] {dag.py:3239} INFO - Sync 1 DAGs
[2026-07-25T15:17:38.733+0000] {processor.py:208} INFO - Processing /opt/airflow/dags/row_from_api_to_s3.py took 0.074 seconds
[2026-07-25T15:18:09.022+0000] {processor.py:186} INFO - Started process (PID=30781) to work on /opt/airflow/dags/row_from_api_to_s3.py
[2026-07-25T15:18:09.023+0000] {processor.py:914} INFO - Processing file /opt/airflow/dags/row_from_api_to_s3.py for tasks to queue
[2026-07-25T15:18:09.024+0000] {logging_mixin.py:190} INFO - [2026-07-25T15:18:09.023+0000] {dagbag.py:588} INFO - Filling up the DagBag from /opt/airflow/dags/row_from_api_to_s3.py
[2026-07-25T15:18:09.059+0000] {processor.py:925} INFO - DAG(s) 'raw_from_api_to_s3' retrieved from /opt/airflow/dags/row_from_api_to_s3.py
[2026-07-25T15:18:09.065+0000] {logging_mixin.py:190} INFO - [2026-07-25T15:18:09.065+0000] {dag.py:3239} INFO - Sync 1 DAGs
[2026-07-25T15:18:09.086+0000] {processor.py:208} INFO - Processing /opt/airflow/dags/row_from_api_to_s3.py took 0.068 seconds
[2026-07-25T15:18:39.407+0000] {processor.py:186} INFO - Started process (PID=30819) to work on /opt/airflow/dags/row_from_api_to_s3.py
[2026-07-25T15:18:39.408+0000] {processor.py:914} INFO - Processing file /opt/airflow/dags/row_from_api_to_s3.py for tasks to queue
[2026-07-25T15:18:39.409+0000] {logging_mixin.py:190} INFO - [2026-07-25T15:18:39.409+0000] {dagbag.py:588} INFO - Filling up the DagBag from /opt/airflow/dags/row_from_api_to_s3.py
[2026-07-25T15:18:39.443+0000] {processor.py:925} INFO - DAG(s) 'raw_from_api_to_s3' retrieved from /opt/airflow/dags/row_from_api_to_s3.py
[2026-07-25T15:18:39.449+0000] {logging_mixin.py:190} INFO - [2026-07-25T15:18:39.449+0000] {dag.py:3239} INFO - Sync 1 DAGs
[2026-07-25T15:18:39.468+0000] {processor.py:208} INFO - Processing /opt/airflow/dags/row_from_api_to_s3.py took 0.065 seconds
[2026-07-25T15:19:09.899+0000] {processor.py:186} INFO - Started process (PID=30857) to work on /opt/airflow/dags/row_from_api_to_s3.py
[2026-07-25T15:19:09.899+0000] {processor.py:914} INFO - Processing file /opt/airflow/dags/row_from_api_to_s3.py for tasks to queue
[2026-07-25T15:19:09.900+0000] {logging_mixin.py:190} INFO - [2026-07-25T15:19:09.900+0000] {dagbag.py:588} INFO - Filling up the DagBag from /opt/airflow/dags/row_from_api_to_s3.py
[2026-07-25T15:19:09.934+0000] {processor.py:925} INFO - DAG(s) 'raw_from_api_to_s3' retrieved from /opt/airflow/dags/row_from_api_to_s3.py
[2026-07-25T15:19:09.940+0000] {logging_mixin.py:190} INFO - [2026-07-25T15:19:09.940+0000] {dag.py:3239} INFO - Sync 1 DAGs
[2026-07-25T15:19:09.961+0000] {processor.py:208} INFO - Processing /opt/airflow/dags/row_from_api_to_s3.py took 0.066 seconds
[2026-07-25T15:19:40.243+0000] {processor.py:186} INFO - Started process (PID=30895) to work on /opt/airflow/dags/row_from_api_to_s3.py
[2026-07-25T15:19:40.244+0000] {processor.py:914} INFO - Processing file /opt/airflow/dags/row_from_api_to_s3.py for tasks to queue
[2026-07-25T15:19:40.245+0000] {logging_mixin.py:190} INFO - [2026-07-25T15:19:40.245+0000] {dagbag.py:588} INFO - Filling up the DagBag from /opt/airflow/dags/row_from_api_to_s3.py
[2026-07-25T15:19:40.278+0000] {processor.py:925} INFO - DAG(s) 'raw_from_api_to_s3' retrieved from /opt/airflow/dags/row_from_api_to_s3.py
[2026-07-25T15:19:40.284+0000] {logging_mixin.py:190} INFO - [2026-07-25T15:19:40.284+0000] {dag.py:3239} INFO - Sync 1 DAGs
[2026-07-25T15:19:40.306+0000] {processor.py:208} INFO - Processing /opt/airflow/dags/row_from_api_to_s3.py took 0.066 seconds
[2026-07-25T15:20:10.672+0000] {processor.py:186} INFO - Started process (PID=30933) to work on /opt/airflow/dags/row_from_api_to_s3.py
[2026-07-25T15:20:10.672+0000] {processor.py:914} INFO - Processing file /opt/airflow/dags/row_from_api_to_s3.py for tasks to queue
[2026-07-25T15:20:10.674+0000] {logging_mixin.py:190} INFO - [2026-07-25T15:20:10.674+0000] {dagbag.py:588} INFO - Filling up the DagBag from /opt/airflow/dags/row_from_api_to_s3.py
[2026-07-25T15:20:10.709+0000] {processor.py:925} INFO - DAG(s) 'raw_from_api_to_s3' retrieved from /opt/airflow/dags/row_from_api_to_s3.py
[2026-07-25T15:20:10.715+0000] {logging_mixin.py:190} INFO - [2026-07-25T15:20:10.715+0000] {dag.py:3239} INFO - Sync 1 DAGs
[2026-07-25T15:20:10.736+0000] {processor.py:208} INFO - Processing /opt/airflow/dags/row_from_api_to_s3.py took 0.068 seconds
[2026-07-25T15:20:41.060+0000] {processor.py:186} INFO - Started process (PID=30971) to work on /opt/airflow/dags/row_from_api_to_s3.py
[2026-07-25T15:20:41.061+0000] {processor.py:914} INFO - Processing file /opt/airflow/dags/row_from_api_to_s3.py for tasks to queue
[2026-07-25T15:20:41.063+0000] {logging_mixin.py:190} INFO - [2026-07-25T15:20:41.062+0000] {dagbag.py:588} INFO - Filling up the DagBag from /opt/airflow/dags/row_from_api_to_s3.py
[2026-07-25T15:20:41.099+0000] {processor.py:925} INFO - DAG(s) 'raw_from_api_to_s3' retrieved from /opt/airflow/dags/row_from_api_to_s3.py
[2026-07-25T15:20:41.105+0000] {logging_mixin.py:190} INFO - [2026-07-25T15:20:41.105+0000] {dag.py:3239} INFO - Sync 1 DAGs
[2026-07-25T15:20:41.128+0000] {processor.py:208} INFO - Processing /opt/airflow/dags/row_from_api_to_s3.py took 0.072 seconds
[2026-07-25T15:21:11.370+0000] {processor.py:186} INFO - Started process (PID=31009) to work on /opt/airflow/dags/row_from_api_to_s3.py
[2026-07-25T15:21:11.370+0000] {processor.py:914} INFO - Processing file /opt/airflow/dags/row_from_api_to_s3.py for tasks to queue
[2026-07-25T15:21:11.371+0000] {logging_mixin.py:190} INFO - [2026-07-25T15:21:11.371+0000] {dagbag.py:588} INFO - Filling up the DagBag from /opt/airflow/dags/row_from_api_to_s3.py
[2026-07-25T15:21:11.412+0000] {processor.py:925} INFO - DAG(s) 'raw_from_api_to_s3' retrieved from /opt/airflow/dags/row_from_api_to_s3.py
[2026-07-25T15:21:11.419+0000] {logging_mixin.py:190} INFO - [2026-07-25T15:21:11.419+0000] {dag.py:3239} INFO - Sync 1 DAGs
[2026-07-25T15:21:11.443+0000] {processor.py:208} INFO - Processing /opt/airflow/dags/row_from_api_to_s3.py took 0.077 seconds
[2026-07-25T15:21:41.604+0000] {processor.py:186} INFO - Started process (PID=31047) to work on /opt/airflow/dags/row_from_api_to_s3.py
[2026-07-25T15:21:41.605+0000] {processor.py:914} INFO - Processing file /opt/airflow/dags/row_from_api_to_s3.py for tasks to queue
[2026-07-25T15:21:41.606+0000] {logging_mixin.py:190} INFO - [2026-07-25T15:21:41.606+0000] {dagbag.py:588} INFO - Filling up the DagBag from /opt/airflow/dags/row_from_api_to_s3.py
[2026-07-25T15:21:41.645+0000] {processor.py:925} INFO - DAG(s) 'raw_from_api_to_s3' retrieved from /opt/airflow/dags/row_from_api_to_s3.py
[2026-07-25T15:21:41.652+0000] {logging_mixin.py:190} INFO - [2026-07-25T15:21:41.651+0000] {dag.py:3239} INFO - Sync 1 DAGs
[2026-07-25T15:21:41.676+0000] {processor.py:208} INFO - Processing /opt/airflow/dags/row_from_api_to_s3.py took 0.075 seconds
[2026-07-25T15:22:11.913+0000] {processor.py:186} INFO - Started process (PID=31085) to work on /opt/airflow/dags/row_from_api_to_s3.py
[2026-07-25T15:22:11.913+0000] {processor.py:914} INFO - Processing file /opt/airflow/dags/row_from_api_to_s3.py for tasks to queue
[2026-07-25T15:22:11.915+0000] {logging_mixin.py:190} INFO - [2026-07-25T15:22:11.914+0000] {dagbag.py:588} INFO - Filling up the DagBag from /opt/airflow/dags/row_from_api_to_s3.py
[2026-07-25T15:22:11.954+0000] {processor.py:925} INFO - DAG(s) 'raw_from_api_to_s3' retrieved from /opt/airflow/dags/row_from_api_to_s3.py
[2026-07-25T15:22:11.960+0000] {logging_mixin.py:190} INFO - [2026-07-25T15:22:11.960+0000] {dag.py:3239} INFO - Sync 1 DAGs
[2026-07-25T15:22:11.983+0000] {processor.py:208} INFO - Processing /opt/airflow/dags/row_from_api_to_s3.py took 0.074 seconds
[2026-07-25T15:22:42.275+0000] {processor.py:186} INFO - Started process (PID=31123) to work on /opt/airflow/dags/row_from_api_to_s3.py
[2026-07-25T15:22:42.276+0000] {processor.py:914} INFO - Processing file /opt/airflow/dags/row_from_api_to_s3.py for tasks to queue
[2026-07-25T15:22:42.277+0000] {logging_mixin.py:190} INFO - [2026-07-25T15:22:42.276+0000] {dagbag.py:588} INFO - Filling up the DagBag from /opt/airflow/dags/row_from_api_to_s3.py
[2026-07-25T15:22:42.314+0000] {processor.py:925} INFO - DAG(s) 'raw_from_api_to_s3' retrieved from /opt/airflow/dags/row_from_api_to_s3.py
[2026-07-25T15:22:42.320+0000] {logging_mixin.py:190} INFO - [2026-07-25T15:22:42.320+0000] {dag.py:3239} INFO - Sync 1 DAGs
[2026-07-25T15:22:42.342+0000] {processor.py:208} INFO - Processing /opt/airflow/dags/row_from_api_to_s3.py took 0.070 seconds
[2026-07-25T15:23:12.586+0000] {processor.py:186} INFO - Started process (PID=31161) to work on /opt/airflow/dags/row_from_api_to_s3.py
[2026-07-25T15:23:12.586+0000] {processor.py:914} INFO - Processing file /opt/airflow/dags/row_from_api_to_s3.py for tasks to queue
[2026-07-25T15:23:12.587+0000] {logging_mixin.py:190} INFO - [2026-07-25T15:23:12.587+0000] {dagbag.py:588} INFO - Filling up the DagBag from /opt/airflow/dags/row_from_api_to_s3.py
[2026-07-25T15:23:12.625+0000] {processor.py:925} INFO - DAG(s) 'raw_from_api_to_s3' retrieved from /opt/airflow/dags/row_from_api_to_s3.py
[2026-07-25T15:23:12.631+0000] {logging_mixin.py:190} INFO - [2026-07-25T15:23:12.631+0000] {dag.py:3239} INFO - Sync 1 DAGs
[2026-07-25T15:23:12.652+0000] {processor.py:208} INFO - Processing /opt/airflow/dags/row_from_api_to_s3.py took 0.070 seconds
[2026-07-25T15:23:42.790+0000] {processor.py:186} INFO - Started process (PID=31199) to work on /opt/airflow/dags/row_from_api_to_s3.py
[2026-07-25T15:23:42.791+0000] {processor.py:914} INFO - Processing file /opt/airflow/dags/row_from_api_to_s3.py for tasks to queue
[2026-07-25T15:23:42.792+0000] {logging_mixin.py:190} INFO - [2026-07-25T15:23:42.792+0000] {dagbag.py:588} INFO - Filling up the DagBag from /opt/airflow/dags/row_from_api_to_s3.py
[2026-07-25T15:23:42.831+0000] {processor.py:925} INFO - DAG(s) 'raw_from_api_to_s3' retrieved from /opt/airflow/dags/row_from_api_to_s3.py
[2026-07-25T15:23:42.837+0000] {logging_mixin.py:190} INFO - [2026-07-25T15:23:42.837+0000] {dag.py:3239} INFO - Sync 1 DAGs
[2026-07-25T15:23:42.864+0000] {processor.py:208} INFO - Processing /opt/airflow/dags/row_from_api_to_s3.py took 0.078 seconds
[2026-07-25T15:24:13.126+0000] {processor.py:186} INFO - Started process (PID=31237) to work on /opt/airflow/dags/row_from_api_to_s3.py
[2026-07-25T15:24:13.126+0000] {processor.py:914} INFO - Processing file /opt/airflow/dags/row_from_api_to_s3.py for tasks to queue
[2026-07-25T15:24:13.128+0000] {logging_mixin.py:190} INFO - [2026-07-25T15:24:13.127+0000] {dagbag.py:588} INFO - Filling up the DagBag from /opt/airflow/dags/row_from_api_to_s3.py
[2026-07-25T15:24:13.162+0000] {processor.py:925} INFO - DAG(s) 'raw_from_api_to_s3' retrieved from /opt/airflow/dags/row_from_api_to_s3.py
[2026-07-25T15:24:13.168+0000] {logging_mixin.py:190} INFO - [2026-07-25T15:24:13.168+0000] {dag.py:3239} INFO - Sync 1 DAGs
[2026-07-25T15:24:13.189+0000] {processor.py:208} INFO - Processing /opt/airflow/dags/row_from_api_to_s3.py took 0.065 seconds
[2026-07-25T15:24:43.438+0000] {processor.py:186} INFO - Started process (PID=31275) to work on /opt/airflow/dags/row_from_api_to_s3.py
[2026-07-25T15:24:43.438+0000] {processor.py:914} INFO - Processing file /opt/airflow/dags/row_from_api_to_s3.py for tasks to queue
[2026-07-25T15:24:43.440+0000] {logging_mixin.py:190} INFO - [2026-07-25T15:24:43.439+0000] {dagbag.py:588} INFO - Filling up the DagBag from /opt/airflow/dags/row_from_api_to_s3.py
[2026-07-25T15:24:43.479+0000] {processor.py:925} INFO - DAG(s) 'raw_from_api_to_s3' retrieved from /opt/airflow/dags/row_from_api_to_s3.py
[2026-07-25T15:24:43.485+0000] {logging_mixin.py:190} INFO - [2026-07-25T15:24:43.485+0000] {dag.py:3239} INFO - Sync 1 DAGs
[2026-07-25T15:24:43.509+0000] {processor.py:208} INFO - Processing /opt/airflow/dags/row_from_api_to_s3.py took 0.075 seconds
[2026-07-25T15:25:13.724+0000] {processor.py:186} INFO - Started process (PID=31313) to work on /opt/airflow/dags/row_from_api_to_s3.py
[2026-07-25T15:25:13.725+0000] {processor.py:914} INFO - Processing file /opt/airflow/dags/row_from_api_to_s3.py for tasks to queue
[2026-07-25T15:25:13.726+0000] {logging_mixin.py:190} INFO - [2026-07-25T15:25:13.726+0000] {dagbag.py:588} INFO - Filling up the DagBag from /opt/airflow/dags/row_from_api_to_s3.py
[2026-07-25T15:25:13.763+0000] {processor.py:925} INFO - DAG(s) 'raw_from_api_to_s3' retrieved from /opt/airflow/dags/row_from_api_to_s3.py
[2026-07-25T15:25:13.769+0000] {logging_mixin.py:190} INFO - [2026-07-25T15:25:13.769+0000] {dag.py:3239} INFO - Sync 1 DAGs
[2026-07-25T15:25:13.782+0000] {logging_mixin.py:190} INFO - [2026-07-25T15:25:13.782+0000] {dag.py:4180} INFO - Setting next_dagrun for raw_from_api_to_s3 to 2026-07-25 02:00:00+00:00, run_after=2026-07-26 02:00:00+00:00
[2026-07-25T15:25:13.793+0000] {processor.py:208} INFO - Processing /opt/airflow/dags/row_from_api_to_s3.py took 0.074 seconds
[2026-07-25T15:25:44.049+0000] {processor.py:186} INFO - Started process (PID=31351) to work on /opt/airflow/dags/row_from_api_to_s3.py
[2026-07-25T15:25:44.049+0000] {processor.py:914} INFO - Processing file /opt/airflow/dags/row_from_api_to_s3.py for tasks to queue
[2026-07-25T15:25:44.050+0000] {logging_mixin.py:190} INFO - [2026-07-25T15:25:44.050+0000] {dagbag.py:588} INFO - Filling up the DagBag from /opt/airflow/dags/row_from_api_to_s3.py
[2026-07-25T15:25:44.089+0000] {processor.py:925} INFO - DAG(s) 'raw_from_api_to_s3' retrieved from /opt/airflow/dags/row_from_api_to_s3.py
[2026-07-25T15:25:44.095+0000] {logging_mixin.py:190} INFO - [2026-07-25T15:25:44.095+0000] {dag.py:3239} INFO - Sync 1 DAGs
[2026-07-25T15:25:44.107+0000] {logging_mixin.py:190} INFO - [2026-07-25T15:25:44.107+0000] {dag.py:4180} INFO - Setting next_dagrun for raw_from_api_to_s3 to 2026-07-25 02:00:00+00:00, run_after=2026-07-26 02:00:00+00:00
[2026-07-25T15:25:44.117+0000] {processor.py:208} INFO - Processing /opt/airflow/dags/row_from_api_to_s3.py took 0.072 seconds
[2026-07-25T15:26:14.201+0000] {processor.py:186} INFO - Started process (PID=31389) to work on /opt/airflow/dags/row_from_api_to_s3.py
[2026-07-25T15:26:14.201+0000] {processor.py:914} INFO - Processing file /opt/airflow/dags/row_from_api_to_s3.py for tasks to queue
[2026-07-25T15:26:14.202+0000] {logging_mixin.py:190} INFO - [2026-07-25T15:26:14.202+0000] {dagbag.py:588} INFO - Filling up the DagBag from /opt/airflow/dags/row_from_api_to_s3.py
[2026-07-25T15:26:14.240+0000] {processor.py:925} INFO - DAG(s) 'raw_from_api_to_s3' retrieved from /opt/airflow/dags/row_from_api_to_s3.py
[2026-07-25T15:26:14.246+0000] {logging_mixin.py:190} INFO - [2026-07-25T15:26:14.246+0000] {dag.py:3239} INFO - Sync 1 DAGs
[2026-07-25T15:26:14.258+0000] {logging_mixin.py:190} INFO - [2026-07-25T15:26:14.258+0000] {dag.py:4180} INFO - Setting next_dagrun for raw_from_api_to_s3 to 2026-07-25 02:00:00+00:00, run_after=2026-07-26 02:00:00+00:00
[2026-07-25T15:26:14.268+0000] {processor.py:208} INFO - Processing /opt/airflow/dags/row_from_api_to_s3.py took 0.071 seconds
[2026-07-25T15:26:44.435+0000] {processor.py:186} INFO - Started process (PID=31427) to work on /opt/airflow/dags/row_from_api_to_s3.py
[2026-07-25T15:26:44.436+0000] {processor.py:914} INFO - Processing file /opt/airflow/dags/row_from_api_to_s3.py for tasks to queue
[2026-07-25T15:26:44.437+0000] {logging_mixin.py:190} INFO - [2026-07-25T15:26:44.437+0000] {dagbag.py:588} INFO - Filling up the DagBag from /opt/airflow/dags/row_from_api_to_s3.py
[2026-07-25T15:26:44.477+0000] {processor.py:925} INFO - DAG(s) 'raw_from_api_to_s3' retrieved from /opt/airflow/dags/row_from_api_to_s3.py
[2026-07-25T15:26:44.484+0000] {logging_mixin.py:190} INFO - [2026-07-25T15:26:44.484+0000] {dag.py:3239} INFO - Sync 1 DAGs
[2026-07-25T15:26:44.497+0000] {logging_mixin.py:190} INFO - [2026-07-25T15:26:44.497+0000] {dag.py:4180} INFO - Setting next_dagrun for raw_from_api_to_s3 to 2026-07-25 02:00:00+00:00, run_after=2026-07-26 02:00:00+00:00
[2026-07-25T15:26:44.511+0000] {processor.py:208} INFO - Processing /opt/airflow/dags/row_from_api_to_s3.py took 0.080 seconds
[2026-07-25T15:27:14.573+0000] {processor.py:186} INFO - Started process (PID=31465) to work on /opt/airflow/dags/row_from_api_to_s3.py
[2026-07-25T15:27:14.574+0000] {processor.py:914} INFO - Processing file /opt/airflow/dags/row_from_api_to_s3.py for tasks to queue
[2026-07-25T15:27:14.575+0000] {logging_mixin.py:190} INFO - [2026-07-25T15:27:14.575+0000] {dagbag.py:588} INFO - Filling up the DagBag from /opt/airflow/dags/row_from_api_to_s3.py
[2026-07-25T15:27:14.614+0000] {processor.py:925} INFO - DAG(s) 'raw_from_api_to_s3' retrieved from /opt/airflow/dags/row_from_api_to_s3.py
[2026-07-25T15:27:14.621+0000] {logging_mixin.py:190} INFO - [2026-07-25T15:27:14.621+0000] {dag.py:3239} INFO - Sync 1 DAGs
[2026-07-25T15:27:14.636+0000] {logging_mixin.py:190} INFO - [2026-07-25T15:27:14.636+0000] {dag.py:4180} INFO - Setting next_dagrun for raw_from_api_to_s3 to 2026-07-25 02:00:00+00:00, run_after=2026-07-26 02:00:00+00:00
[2026-07-25T15:27:14.647+0000] {processor.py:208} INFO - Processing /opt/airflow/dags/row_from_api_to_s3.py took 0.078 seconds
[2026-07-25T15:27:44.790+0000] {processor.py:186} INFO - Started process (PID=31503) to work on /opt/airflow/dags/row_from_api_to_s3.py
[2026-07-25T15:27:44.791+0000] {processor.py:914} INFO - Processing file /opt/airflow/dags/row_from_api_to_s3.py for tasks to queue
[2026-07-25T15:27:44.792+0000] {logging_mixin.py:190} INFO - [2026-07-25T15:27:44.792+0000] {dagbag.py:588} INFO - Filling up the DagBag from /opt/airflow/dags/row_from_api_to_s3.py
[2026-07-25T15:27:44.830+0000] {processor.py:925} INFO - DAG(s) 'raw_from_api_to_s3' retrieved from /opt/airflow/dags/row_from_api_to_s3.py
[2026-07-25T15:27:44.837+0000] {logging_mixin.py:190} INFO - [2026-07-25T15:27:44.837+0000] {dag.py:3239} INFO - Sync 1 DAGs
[2026-07-25T15:27:44.851+0000] {logging_mixin.py:190} INFO - [2026-07-25T15:27:44.851+0000] {dag.py:4180} INFO - Setting next_dagrun for raw_from_api_to_s3 to 2026-07-25 02:00:00+00:00, run_after=2026-07-26 02:00:00+00:00
[2026-07-25T15:27:44.863+0000] {processor.py:208} INFO - Processing /opt/airflow/dags/row_from_api_to_s3.py took 0.076 seconds
[2026-07-25T15:28:14.938+0000] {processor.py:186} INFO - Started process (PID=31541) to work on /opt/airflow/dags/row_from_api_to_s3.py
[2026-07-25T15:28:14.938+0000] {processor.py:914} INFO - Processing file /opt/airflow/dags/row_from_api_to_s3.py for tasks to queue
[2026-07-25T15:28:14.940+0000] {logging_mixin.py:190} INFO - [2026-07-25T15:28:14.939+0000] {dagbag.py:588} INFO - Filling up the DagBag from /opt/airflow/dags/row_from_api_to_s3.py
[2026-07-25T15:28:14.987+0000] {processor.py:925} INFO - DAG(s) 'raw_from_api_to_s3' retrieved from /opt/airflow/dags/row_from_api_to_s3.py
[2026-07-25T15:28:14.994+0000] {logging_mixin.py:190} INFO - [2026-07-25T15:28:14.994+0000] {dag.py:3239} INFO - Sync 1 DAGs
[2026-07-25T15:28:15.007+0000] {logging_mixin.py:190} INFO - [2026-07-25T15:28:15.007+0000] {dag.py:4180} INFO - Setting next_dagrun for raw_from_api_to_s3 to 2026-07-25 02:00:00+00:00, run_after=2026-07-26 02:00:00+00:00
[2026-07-25T15:28:15.018+0000] {processor.py:208} INFO - Processing /opt/airflow/dags/row_from_api_to_s3.py took 0.084 seconds
[2026-07-25T15:28:45.178+0000] {processor.py:186} INFO - Started process (PID=31579) to work on /opt/airflow/dags/row_from_api_to_s3.py
[2026-07-25T15:28:45.178+0000] {processor.py:914} INFO - Processing file /opt/airflow/dags/row_from_api_to_s3.py for tasks to queue
[2026-07-25T15:28:45.180+0000] {logging_mixin.py:190} INFO - [2026-07-25T15:28:45.180+0000] {dagbag.py:588} INFO - Filling up the DagBag from /opt/airflow/dags/row_from_api_to_s3.py
[2026-07-25T15:28:45.222+0000] {processor.py:925} INFO - DAG(s) 'raw_from_api_to_s3' retrieved from /opt/airflow/dags/row_from_api_to_s3.py
[2026-07-25T15:28:45.230+0000] {logging_mixin.py:190} INFO - [2026-07-25T15:28:45.229+0000] {dag.py:3239} INFO - Sync 1 DAGs
[2026-07-25T15:28:45.243+0000] {logging_mixin.py:190} INFO - [2026-07-25T15:28:45.243+0000] {dag.py:4180} INFO - Setting next_dagrun for raw_from_api_to_s3 to 2026-07-25 02:00:00+00:00, run_after=2026-07-26 02:00:00+00:00
[2026-07-25T15:28:45.255+0000] {processor.py:208} INFO - Processing /opt/airflow/dags/row_from_api_to_s3.py took 0.082 seconds
[2026-07-25T15:29:15.329+0000] {processor.py:186} INFO - Started process (PID=31617) to work on /opt/airflow/dags/row_from_api_to_s3.py
[2026-07-25T15:29:15.329+0000] {processor.py:914} INFO - Processing file /opt/airflow/dags/row_from_api_to_s3.py for tasks to queue
[2026-07-25T15:29:15.330+0000] {logging_mixin.py:190} INFO - [2026-07-25T15:29:15.330+0000] {dagbag.py:588} INFO - Filling up the DagBag from /opt/airflow/dags/row_from_api_to_s3.py
[2026-07-25T15:29:15.366+0000] {processor.py:925} INFO - DAG(s) 'raw_from_api_to_s3' retrieved from /opt/airflow/dags/row_from_api_to_s3.py
[2026-07-25T15:29:15.372+0000] {logging_mixin.py:190} INFO - [2026-07-25T15:29:15.372+0000] {dag.py:3239} INFO - Sync 1 DAGs
[2026-07-25T15:29:15.386+0000] {logging_mixin.py:190} INFO - [2026-07-25T15:29:15.386+0000] {dag.py:4180} INFO - Setting next_dagrun for raw_from_api_to_s3 to 2026-07-25 02:00:00+00:00, run_after=2026-07-26 02:00:00+00:00
[2026-07-25T15:29:15.396+0000] {processor.py:208} INFO - Processing /opt/airflow/dags/row_from_api_to_s3.py took 0.071 seconds
[2026-07-25T15:29:45.562+0000] {processor.py:186} INFO - Started process (PID=31655) to work on /opt/airflow/dags/row_from_api_to_s3.py
[2026-07-25T15:29:45.562+0000] {processor.py:914} INFO - Processing file /opt/airflow/dags/row_from_api_to_s3.py for tasks to queue
[2026-07-25T15:29:45.564+0000] {logging_mixin.py:190} INFO - [2026-07-25T15:29:45.564+0000] {dagbag.py:588} INFO - Filling up the DagBag from /opt/airflow/dags/row_from_api_to_s3.py
[2026-07-25T15:29:45.605+0000] {processor.py:925} INFO - DAG(s) 'raw_from_api_to_s3' retrieved from /opt/airflow/dags/row_from_api_to_s3.py
[2026-07-25T15:29:45.612+0000] {logging_mixin.py:190} INFO - [2026-07-25T15:29:45.612+0000] {dag.py:3239} INFO - Sync 1 DAGs
[2026-07-25T15:29:45.628+0000] {logging_mixin.py:190} INFO - [2026-07-25T15:29:45.628+0000] {dag.py:4180} INFO - Setting next_dagrun for raw_from_api_to_s3 to 2026-07-25 02:00:00+00:00, run_after=2026-07-26 02:00:00+00:00
[2026-07-25T15:29:45.640+0000] {processor.py:208} INFO - Processing /opt/airflow/dags/row_from_api_to_s3.py took 0.082 seconds
[2026-07-25T15:30:15.720+0000] {processor.py:186} INFO - Started process (PID=31693) to work on /opt/airflow/dags/row_from_api_to_s3.py
[2026-07-25T15:30:15.720+0000] {processor.py:914} INFO - Processing file /opt/airflow/dags/row_from_api_to_s3.py for tasks to queue
[2026-07-25T15:30:15.721+0000] {logging_mixin.py:190} INFO - [2026-07-25T15:30:15.721+0000] {dagbag.py:588} INFO - Filling up the DagBag from /opt/airflow/dags/row_from_api_to_s3.py
[2026-07-25T15:30:15.757+0000] {processor.py:925} INFO - DAG(s) 'raw_from_api_to_s3' retrieved from /opt/airflow/dags/row_from_api_to_s3.py
[2026-07-25T15:30:15.764+0000] {logging_mixin.py:190} INFO - [2026-07-25T15:30:15.763+0000] {dag.py:3239} INFO - Sync 1 DAGs
[2026-07-25T15:30:15.777+0000] {logging_mixin.py:190} INFO - [2026-07-25T15:30:15.777+0000] {dag.py:4180} INFO - Setting next_dagrun for raw_from_api_to_s3 to 2026-07-25 02:00:00+00:00, run_after=2026-07-26 02:00:00+00:00
[2026-07-25T15:30:15.786+0000] {processor.py:208} INFO - Processing /opt/airflow/dags/row_from_api_to_s3.py took 0.070 seconds
[2026-07-25T15:30:46.037+0000] {processor.py:186} INFO - Started process (PID=31731) to work on /opt/airflow/dags/row_from_api_to_s3.py
[2026-07-25T15:30:46.038+0000] {processor.py:914} INFO - Processing file /opt/airflow/dags/row_from_api_to_s3.py for tasks to queue
[2026-07-25T15:30:46.039+0000] {logging_mixin.py:190} INFO - [2026-07-25T15:30:46.039+0000] {dagbag.py:588} INFO - Filling up the DagBag from /opt/airflow/dags/row_from_api_to_s3.py
[2026-07-25T15:30:46.077+0000] {processor.py:925} INFO - DAG(s) 'raw_from_api_to_s3' retrieved from /opt/airflow/dags/row_from_api_to_s3.py
[2026-07-25T15:30:46.084+0000] {logging_mixin.py:190} INFO - [2026-07-25T15:30:46.084+0000] {dag.py:3239} INFO - Sync 1 DAGs
[2026-07-25T15:30:46.096+0000] {logging_mixin.py:190} INFO - [2026-07-25T15:30:46.096+0000] {dag.py:4180} INFO - Setting next_dagrun for raw_from_api_to_s3 to 2026-07-25 02:00:00+00:00, run_after=2026-07-26 02:00:00+00:00
[2026-07-25T15:30:46.110+0000] {processor.py:208} INFO - Processing /opt/airflow/dags/row_from_api_to_s3.py took 0.075 seconds
[2026-07-25T15:31:16.315+0000] {processor.py:186} INFO - Started process (PID=31769) to work on /opt/airflow/dags/row_from_api_to_s3.py
[2026-07-25T15:31:16.316+0000] {processor.py:914} INFO - Processing file /opt/airflow/dags/row_from_api_to_s3.py for tasks to queue
[2026-07-25T15:31:16.317+0000] {logging_mixin.py:190} INFO - [2026-07-25T15:31:16.317+0000] {dagbag.py:588} INFO - Filling up the DagBag from /opt/airflow/dags/row_from_api_to_s3.py
[2026-07-25T15:31:16.354+0000] {processor.py:925} INFO - DAG(s) 'raw_from_api_to_s3' retrieved from /opt/airflow/dags/row_from_api_to_s3.py
[2026-07-25T15:31:16.359+0000] {logging_mixin.py:190} INFO - [2026-07-25T15:31:16.359+0000] {dag.py:3239} INFO - Sync 1 DAGs
[2026-07-25T15:31:16.374+0000] {logging_mixin.py:190} INFO - [2026-07-25T15:31:16.374+0000] {dag.py:4180} INFO - Setting next_dagrun for raw_from_api_to_s3 to 2026-07-25 02:00:00+00:00, run_after=2026-07-26 02:00:00+00:00
[2026-07-25T15:31:16.385+0000] {processor.py:208} INFO - Processing /opt/airflow/dags/row_from_api_to_s3.py took 0.075 seconds
[2026-07-25T15:31:46.599+0000] {processor.py:186} INFO - Started process (PID=31808) to work on /opt/airflow/dags/row_from_api_to_s3.py
[2026-07-25T15:31:46.599+0000] {processor.py:914} INFO - Processing file /opt/airflow/dags/row_from_api_to_s3.py for tasks to queue
[2026-07-25T15:31:46.600+0000] {logging_mixin.py:190} INFO - [2026-07-25T15:31:46.600+0000] {dagbag.py:588} INFO - Filling up the DagBag from /opt/airflow/dags/row_from_api_to_s3.py
[2026-07-25T15:31:46.642+0000] {processor.py:925} INFO - DAG(s) 'raw_from_api_to_s3' retrieved from /opt/airflow/dags/row_from_api_to_s3.py
[2026-07-25T15:31:46.649+0000] {logging_mixin.py:190} INFO - [2026-07-25T15:31:46.649+0000] {dag.py:3239} INFO - Sync 1 DAGs
[2026-07-25T15:31:46.663+0000] {logging_mixin.py:190} INFO - [2026-07-25T15:31:46.663+0000] {dag.py:4180} INFO - Setting next_dagrun for raw_from_api_to_s3 to 2026-07-25 02:00:00+00:00, run_after=2026-07-26 02:00:00+00:00
[2026-07-25T15:31:46.675+0000] {processor.py:208} INFO - Processing /opt/airflow/dags/row_from_api_to_s3.py took 0.080 seconds
[2026-07-25T15:32:16.884+0000] {processor.py:186} INFO - Started process (PID=31846) to work on /opt/airflow/dags/row_from_api_to_s3.py
[2026-07-25T15:32:16.884+0000] {processor.py:914} INFO - Processing file /opt/airflow/dags/row_from_api_to_s3.py for tasks to queue
[2026-07-25T15:32:16.885+0000] {logging_mixin.py:190} INFO - [2026-07-25T15:32:16.885+0000] {dagbag.py:588} INFO - Filling up the DagBag from /opt/airflow/dags/row_from_api_to_s3.py
[2026-07-25T15:32:16.924+0000] {processor.py:925} INFO - DAG(s) 'raw_from_api_to_s3' retrieved from /opt/airflow/dags/row_from_api_to_s3.py
[2026-07-25T15:32:16.931+0000] {logging_mixin.py:190} INFO - [2026-07-25T15:32:16.930+0000] {dag.py:3239} INFO - Sync 1 DAGs
[2026-07-25T15:32:16.946+0000] {logging_mixin.py:190} INFO - [2026-07-25T15:32:16.946+0000] {dag.py:4180} INFO - Setting next_dagrun for raw_from_api_to_s3 to 2026-07-25 02:00:00+00:00, run_after=2026-07-26 02:00:00+00:00
[2026-07-25T15:32:16.956+0000] {processor.py:208} INFO - Processing /opt/airflow/dags/row_from_api_to_s3.py took 0.076 seconds
[2026-07-25T15:32:47.177+0000] {processor.py:186} INFO - Started process (PID=31890) to work on /opt/airflow/dags/row_from_api_to_s3.py
[2026-07-25T15:32:47.177+0000] {processor.py:914} INFO - Processing file /opt/airflow/dags/row_from_api_to_s3.py for tasks to queue
[2026-07-25T15:32:47.178+0000] {logging_mixin.py:190} INFO - [2026-07-25T15:32:47.178+0000] {dagbag.py:588} INFO - Filling up the DagBag from /opt/airflow/dags/row_from_api_to_s3.py
[2026-07-25T15:32:47.216+0000] {processor.py:925} INFO - DAG(s) 'raw_from_api_to_s3' retrieved from /opt/airflow/dags/row_from_api_to_s3.py
[2026-07-25T15:32:47.223+0000] {logging_mixin.py:190} INFO - [2026-07-25T15:32:47.223+0000] {dag.py:3239} INFO - Sync 1 DAGs
[2026-07-25T15:32:47.236+0000] {logging_mixin.py:190} INFO - [2026-07-25T15:32:47.236+0000] {dag.py:4180} INFO - Setting next_dagrun for raw_from_api_to_s3 to 2026-07-25 02:00:00+00:00, run_after=2026-07-26 02:00:00+00:00
[2026-07-25T15:32:47.245+0000] {processor.py:208} INFO - Processing /opt/airflow/dags/row_from_api_to_s3.py took 0.072 seconds
[2026-07-25T15:33:17.508+0000] {processor.py:186} INFO - Started process (PID=31927) to work on /opt/airflow/dags/row_from_api_to_s3.py
[2026-07-25T15:33:17.508+0000] {processor.py:914} INFO - Processing file /opt/airflow/dags/row_from_api_to_s3.py for tasks to queue
[2026-07-25T15:33:17.510+0000] {logging_mixin.py:190} INFO - [2026-07-25T15:33:17.509+0000] {dagbag.py:588} INFO - Filling up the DagBag from /opt/airflow/dags/row_from_api_to_s3.py
[2026-07-25T15:33:17.546+0000] {processor.py:925} INFO - DAG(s) 'raw_from_api_to_s3' retrieved from /opt/airflow/dags/row_from_api_to_s3.py
[2026-07-25T15:33:17.552+0000] {logging_mixin.py:190} INFO - [2026-07-25T15:33:17.552+0000] {dag.py:3239} INFO - Sync 1 DAGs
[2026-07-25T15:33:17.565+0000] {logging_mixin.py:190} INFO - [2026-07-25T15:33:17.564+0000] {dag.py:4180} INFO - Setting next_dagrun for raw_from_api_to_s3 to 2026-07-25 02:00:00+00:00, run_after=2026-07-26 02:00:00+00:00
[2026-07-25T15:33:17.576+0000] {processor.py:208} INFO - Processing /opt/airflow/dags/row_from_api_to_s3.py took 0.072 seconds
[2026-07-25T15:33:47.778+0000] {processor.py:186} INFO - Started process (PID=31965) to work on /opt/airflow/dags/row_from_api_to_s3.py
[2026-07-25T15:33:47.779+0000] {processor.py:914} INFO - Processing file /opt/airflow/dags/row_from_api_to_s3.py for tasks to queue
[2026-07-25T15:33:47.780+0000] {logging_mixin.py:190} INFO - [2026-07-25T15:33:47.780+0000] {dagbag.py:588} INFO - Filling up the DagBag from /opt/airflow/dags/row_from_api_to_s3.py
[2026-07-25T15:33:47.818+0000] {processor.py:925} INFO - DAG(s) 'raw_from_api_to_s3' retrieved from /opt/airflow/dags/row_from_api_to_s3.py
[2026-07-25T15:33:47.824+0000] {logging_mixin.py:190} INFO - [2026-07-25T15:33:47.824+0000] {dag.py:3239} INFO - Sync 1 DAGs
[2026-07-25T15:33:47.837+0000] {logging_mixin.py:190} INFO - [2026-07-25T15:33:47.837+0000] {dag.py:4180} INFO - Setting next_dagrun for raw_from_api_to_s3 to 2026-07-25 02:00:00+00:00, run_after=2026-07-26 02:00:00+00:00
[2026-07-25T15:33:47.848+0000] {processor.py:208} INFO - Processing /opt/airflow/dags/row_from_api_to_s3.py took 0.074 seconds
[2026-07-25T15:34:17.983+0000] {processor.py:186} INFO - Started process (PID=31997) to work on /opt/airflow/dags/row_from_api_to_s3.py
[2026-07-25T15:34:17.983+0000] {processor.py:914} INFO - Processing file /opt/airflow/dags/row_from_api_to_s3.py for tasks to queue
[2026-07-25T15:34:17.984+0000] {logging_mixin.py:190} INFO - [2026-07-25T15:34:17.984+0000] {dagbag.py:588} INFO - Filling up the DagBag from /opt/airflow/dags/row_from_api_to_s3.py
[2026-07-25T15:34:18.022+0000] {processor.py:925} INFO - DAG(s) 'raw_from_api_to_s3' retrieved from /opt/airflow/dags/row_from_api_to_s3.py
[2026-07-25T15:34:18.029+0000] {logging_mixin.py:190} INFO - [2026-07-25T15:34:18.029+0000] {dag.py:3239} INFO - Sync 1 DAGs
[2026-07-25T15:34:18.042+0000] {logging_mixin.py:190} INFO - [2026-07-25T15:34:18.042+0000] {dag.py:4180} INFO - Setting next_dagrun for raw_from_api_to_s3 to 2026-07-25 02:00:00+00:00, run_after=2026-07-26 02:00:00+00:00
[2026-07-25T15:34:18.052+0000] {processor.py:208} INFO - Processing /opt/airflow/dags/row_from_api_to_s3.py took 0.073 seconds
[2026-07-25T15:34:48.326+0000] {processor.py:186} INFO - Started process (PID=32041) to work on /opt/airflow/dags/row_from_api_to_s3.py
[2026-07-25T15:34:48.327+0000] {processor.py:914} INFO - Processing file /opt/airflow/dags/row_from_api_to_s3.py for tasks to queue
[2026-07-25T15:34:48.328+0000] {logging_mixin.py:190} INFO - [2026-07-25T15:34:48.328+0000] {dagbag.py:588} INFO - Filling up the DagBag from /opt/airflow/dags/row_from_api_to_s3.py
[2026-07-25T15:34:48.363+0000] {processor.py:925} INFO - DAG(s) 'raw_from_api_to_s3' retrieved from /opt/airflow/dags/row_from_api_to_s3.py
[2026-07-25T15:34:48.369+0000] {logging_mixin.py:190} INFO - [2026-07-25T15:34:48.369+0000] {dag.py:3239} INFO - Sync 1 DAGs
[2026-07-25T15:34:48.381+0000] {logging_mixin.py:190} INFO - [2026-07-25T15:34:48.381+0000] {dag.py:4180} INFO - Setting next_dagrun for raw_from_api_to_s3 to 2026-07-25 02:00:00+00:00, run_after=2026-07-26 02:00:00+00:00
[2026-07-25T15:34:48.393+0000] {processor.py:208} INFO - Processing /opt/airflow/dags/row_from_api_to_s3.py took 0.070 seconds
[2026-07-25T15:35:18.768+0000] {processor.py:186} INFO - Started process (PID=32080) to work on /opt/airflow/dags/row_from_api_to_s3.py
[2026-07-25T15:35:18.769+0000] {processor.py:914} INFO - Processing file /opt/airflow/dags/row_from_api_to_s3.py for tasks to queue
[2026-07-25T15:35:18.770+0000] {logging_mixin.py:190} INFO - [2026-07-25T15:35:18.770+0000] {dagbag.py:588} INFO - Filling up the DagBag from /opt/airflow/dags/row_from_api_to_s3.py
[2026-07-25T15:35:18.806+0000] {processor.py:925} INFO - DAG(s) 'raw_from_api_to_s3' retrieved from /opt/airflow/dags/row_from_api_to_s3.py
[2026-07-25T15:35:18.812+0000] {logging_mixin.py:190} INFO - [2026-07-25T15:35:18.812+0000] {dag.py:3239} INFO - Sync 1 DAGs
[2026-07-25T15:35:18.824+0000] {logging_mixin.py:190} INFO - [2026-07-25T15:35:18.824+0000] {dag.py:4180} INFO - Setting next_dagrun for raw_from_api_to_s3 to 2026-07-25 02:00:00+00:00, run_after=2026-07-26 02:00:00+00:00
[2026-07-25T15:35:18.834+0000] {processor.py:208} INFO - Processing /opt/airflow/dags/row_from_api_to_s3.py took 0.069 seconds
[2026-07-25T15:35:49.162+0000] {processor.py:186} INFO - Started process (PID=32119) to work on /opt/airflow/dags/row_from_api_to_s3.py
[2026-07-25T15:35:49.162+0000] {processor.py:914} INFO - Processing file /opt/airflow/dags/row_from_api_to_s3.py for tasks to queue
[2026-07-25T15:35:49.164+0000] {logging_mixin.py:190} INFO - [2026-07-25T15:35:49.163+0000] {dagbag.py:588} INFO - Filling up the DagBag from /opt/airflow/dags/row_from_api_to_s3.py
[2026-07-25T15:35:49.202+0000] {processor.py:925} INFO - DAG(s) 'raw_from_api_to_s3' retrieved from /opt/airflow/dags/row_from_api_to_s3.py
[2026-07-25T15:35:49.208+0000] {logging_mixin.py:190} INFO - [2026-07-25T15:35:49.208+0000] {dag.py:3239} INFO - Sync 1 DAGs
[2026-07-25T15:35:49.220+0000] {logging_mixin.py:190} INFO - [2026-07-25T15:35:49.220+0000] {dag.py:4180} INFO - Setting next_dagrun for raw_from_api_to_s3 to 2026-07-25 02:00:00+00:00, run_after=2026-07-26 02:00:00+00:00
[2026-07-25T15:35:49.232+0000] {processor.py:208} INFO - Processing /opt/airflow/dags/row_from_api_to_s3.py took 0.074 seconds
[2026-07-25T15:36:19.592+0000] {processor.py:186} INFO - Started process (PID=32158) to work on /opt/airflow/dags/row_from_api_to_s3.py
[2026-07-25T15:36:19.592+0000] {processor.py:914} INFO - Processing file /opt/airflow/dags/row_from_api_to_s3.py for tasks to queue
[2026-07-25T15:36:19.593+0000] {logging_mixin.py:190} INFO - [2026-07-25T15:36:19.593+0000] {dagbag.py:588} INFO - Filling up the DagBag from /opt/airflow/dags/row_from_api_to_s3.py
[2026-07-25T15:36:19.626+0000] {processor.py:925} INFO - DAG(s) 'raw_from_api_to_s3' retrieved from /opt/airflow/dags/row_from_api_to_s3.py
[2026-07-25T15:36:19.632+0000] {logging_mixin.py:190} INFO - [2026-07-25T15:36:19.632+0000] {dag.py:3239} INFO - Sync 1 DAGs
[2026-07-25T15:36:19.644+0000] {logging_mixin.py:190} INFO - [2026-07-25T15:36:19.644+0000] {dag.py:4180} INFO - Setting next_dagrun for raw_from_api_to_s3 to 2026-07-25 02:00:00+00:00, run_after=2026-07-26 02:00:00+00:00
[2026-07-25T15:36:19.655+0000] {processor.py:208} INFO - Processing /opt/airflow/dags/row_from_api_to_s3.py took 0.066 seconds
[2026-07-25T15:36:50.045+0000] {processor.py:186} INFO - Started process (PID=32197) to work on /opt/airflow/dags/row_from_api_to_s3.py
[2026-07-25T15:36:50.045+0000] {processor.py:914} INFO - Processing file /opt/airflow/dags/row_from_api_to_s3.py for tasks to queue
[2026-07-25T15:36:50.047+0000] {logging_mixin.py:190} INFO - [2026-07-25T15:36:50.046+0000] {dagbag.py:588} INFO - Filling up the DagBag from /opt/airflow/dags/row_from_api_to_s3.py
[2026-07-25T15:36:50.087+0000] {processor.py:925} INFO - DAG(s) 'raw_from_api_to_s3' retrieved from /opt/airflow/dags/row_from_api_to_s3.py
[2026-07-25T15:36:50.093+0000] {logging_mixin.py:190} INFO - [2026-07-25T15:36:50.093+0000] {dag.py:3239} INFO - Sync 1 DAGs
[2026-07-25T15:36:50.106+0000] {logging_mixin.py:190} INFO - [2026-07-25T15:36:50.106+0000] {dag.py:4180} INFO - Setting next_dagrun for raw_from_api_to_s3 to 2026-07-25 02:00:00+00:00, run_after=2026-07-26 02:00:00+00:00
[2026-07-25T15:36:50.119+0000] {processor.py:208} INFO - Processing /opt/airflow/dags/row_from_api_to_s3.py took 0.078 seconds
[2026-07-25T15:37:20.421+0000] {processor.py:186} INFO - Started process (PID=32236) to work on /opt/airflow/dags/row_from_api_to_s3.py
[2026-07-25T15:37:20.421+0000] {processor.py:914} INFO - Processing file /opt/airflow/dags/row_from_api_to_s3.py for tasks to queue
[2026-07-25T15:37:20.422+0000] {logging_mixin.py:190} INFO - [2026-07-25T15:37:20.422+0000] {dagbag.py:588} INFO - Filling up the DagBag from /opt/airflow/dags/row_from_api_to_s3.py
[2026-07-25T15:37:20.456+0000] {processor.py:925} INFO - DAG(s) 'raw_from_api_to_s3' retrieved from /opt/airflow/dags/row_from_api_to_s3.py
[2026-07-25T15:37:20.462+0000] {logging_mixin.py:190} INFO - [2026-07-25T15:37:20.462+0000] {dag.py:3239} INFO - Sync 1 DAGs
[2026-07-25T15:37:20.474+0000] {logging_mixin.py:190} INFO - [2026-07-25T15:37:20.474+0000] {dag.py:4180} INFO - Setting next_dagrun for raw_from_api_to_s3 to 2026-07-25 02:00:00+00:00, run_after=2026-07-26 02:00:00+00:00
[2026-07-25T15:37:20.483+0000] {processor.py:208} INFO - Processing /opt/airflow/dags/row_from_api_to_s3.py took 0.066 seconds
[2026-07-25T15:37:50.906+0000] {processor.py:186} INFO - Started process (PID=32275) to work on /opt/airflow/dags/row_from_api_to_s3.py
[2026-07-25T15:37:50.907+0000] {processor.py:914} INFO - Processing file /opt/airflow/dags/row_from_api_to_s3.py for tasks to queue
[2026-07-25T15:37:50.908+0000] {logging_mixin.py:190} INFO - [2026-07-25T15:37:50.908+0000] {dagbag.py:588} INFO - Filling up the DagBag from /opt/airflow/dags/row_from_api_to_s3.py
[2026-07-25T15:37:50.943+0000] {processor.py:925} INFO - DAG(s) 'raw_from_api_to_s3' retrieved from /opt/airflow/dags/row_from_api_to_s3.py
[2026-07-25T15:37:50.948+0000] {logging_mixin.py:190} INFO - [2026-07-25T15:37:50.948+0000] {dag.py:3239} INFO - Sync 1 DAGs
[2026-07-25T15:37:50.960+0000] {logging_mixin.py:190} INFO - [2026-07-25T15:37:50.960+0000] {dag.py:4180} INFO - Setting next_dagrun for raw_from_api_to_s3 to 2026-07-25 02:00:00+00:00, run_after=2026-07-26 02:00:00+00:00
[2026-07-25T15:37:50.972+0000] {processor.py:208} INFO - Processing /opt/airflow/dags/row_from_api_to_s3.py took 0.069 seconds
[2026-07-25T15:38:21.375+0000] {processor.py:186} INFO - Started process (PID=32314) to work on /opt/airflow/dags/row_from_api_to_s3.py
[2026-07-25T15:38:21.375+0000] {processor.py:914} INFO - Processing file /opt/airflow/dags/row_from_api_to_s3.py for tasks to queue
[2026-07-25T15:38:21.376+0000] {logging_mixin.py:190} INFO - [2026-07-25T15:38:21.376+0000] {dagbag.py:588} INFO - Filling up the DagBag from /opt/airflow/dags/row_from_api_to_s3.py
[2026-07-25T15:38:21.412+0000] {processor.py:925} INFO - DAG(s) 'raw_from_api_to_s3' retrieved from /opt/airflow/dags/row_from_api_to_s3.py
[2026-07-25T15:38:21.418+0000] {logging_mixin.py:190} INFO - [2026-07-25T15:38:21.418+0000] {dag.py:3239} INFO - Sync 1 DAGs
[2026-07-25T15:38:21.432+0000] {logging_mixin.py:190} INFO - [2026-07-25T15:38:21.431+0000] {dag.py:4180} INFO - Setting next_dagrun for raw_from_api_to_s3 to 2026-07-25 02:00:00+00:00, run_after=2026-07-26 02:00:00+00:00
[2026-07-25T15:38:21.441+0000] {processor.py:208} INFO - Processing /opt/airflow/dags/row_from_api_to_s3.py took 0.069 seconds
[2026-07-25T15:38:51.847+0000] {processor.py:186} INFO - Started process (PID=32353) to work on /opt/airflow/dags/row_from_api_to_s3.py
[2026-07-25T15:38:51.848+0000] {processor.py:914} INFO - Processing file /opt/airflow/dags/row_from_api_to_s3.py for tasks to queue
[2026-07-25T15:38:51.848+0000] {logging_mixin.py:190} INFO - [2026-07-25T15:38:51.848+0000] {dagbag.py:588} INFO - Filling up the DagBag from /opt/airflow/dags/row_from_api_to_s3.py
[2026-07-25T15:38:51.888+0000] {processor.py:925} INFO - DAG(s) 'raw_from_api_to_s3' retrieved from /opt/airflow/dags/row_from_api_to_s3.py
[2026-07-25T15:38:51.894+0000] {logging_mixin.py:190} INFO - [2026-07-25T15:38:51.894+0000] {dag.py:3239} INFO - Sync 1 DAGs
[2026-07-25T15:38:51.907+0000] {logging_mixin.py:190} INFO - [2026-07-25T15:38:51.907+0000] {dag.py:4180} INFO - Setting next_dagrun for raw_from_api_to_s3 to 2026-07-25 02:00:00+00:00, run_after=2026-07-26 02:00:00+00:00
[2026-07-25T15:38:51.918+0000] {processor.py:208} INFO - Processing /opt/airflow/dags/row_from_api_to_s3.py took 0.076 seconds
[2026-07-25T15:39:22.339+0000] {processor.py:186} INFO - Started process (PID=32392) to work on /opt/airflow/dags/row_from_api_to_s3.py
[2026-07-25T15:39:22.339+0000] {processor.py:914} INFO - Processing file /opt/airflow/dags/row_from_api_to_s3.py for tasks to queue
[2026-07-25T15:39:22.340+0000] {logging_mixin.py:190} INFO - [2026-07-25T15:39:22.340+0000] {dagbag.py:588} INFO - Filling up the DagBag from /opt/airflow/dags/row_from_api_to_s3.py
[2026-07-25T15:39:22.377+0000] {processor.py:925} INFO - DAG(s) 'raw_from_api_to_s3' retrieved from /opt/airflow/dags/row_from_api_to_s3.py
[2026-07-25T15:39:22.384+0000] {logging_mixin.py:190} INFO - [2026-07-25T15:39:22.383+0000] {dag.py:3239} INFO - Sync 1 DAGs
[2026-07-25T15:39:22.396+0000] {logging_mixin.py:190} INFO - [2026-07-25T15:39:22.396+0000] {dag.py:4180} INFO - Setting next_dagrun for raw_from_api_to_s3 to 2026-07-25 02:00:00+00:00, run_after=2026-07-26 02:00:00+00:00
[2026-07-25T15:39:22.406+0000] {processor.py:208} INFO - Processing /opt/airflow/dags/row_from_api_to_s3.py took 0.071 seconds
[2026-07-25T15:39:52.804+0000] {processor.py:186} INFO - Started process (PID=32431) to work on /opt/airflow/dags/row_from_api_to_s3.py
[2026-07-25T15:39:52.805+0000] {processor.py:914} INFO - Processing file /opt/airflow/dags/row_from_api_to_s3.py for tasks to queue
[2026-07-25T15:39:52.806+0000] {logging_mixin.py:190} INFO - [2026-07-25T15:39:52.806+0000] {dagbag.py:588} INFO - Filling up the DagBag from /opt/airflow/dags/row_from_api_to_s3.py
[2026-07-25T15:39:52.840+0000] {processor.py:925} INFO - DAG(s) 'raw_from_api_to_s3' retrieved from /opt/airflow/dags/row_from_api_to_s3.py
[2026-07-25T15:39:52.846+0000] {logging_mixin.py:190} INFO - [2026-07-25T15:39:52.846+0000] {dag.py:3239} INFO - Sync 1 DAGs
[2026-07-25T15:39:52.859+0000] {logging_mixin.py:190} INFO - [2026-07-25T15:39:52.859+0000] {dag.py:4180} INFO - Setting next_dagrun for raw_from_api_to_s3 to 2026-07-25 02:00:00+00:00, run_after=2026-07-26 02:00:00+00:00
[2026-07-25T15:39:52.869+0000] {processor.py:208} INFO - Processing /opt/airflow/dags/row_from_api_to_s3.py took 0.069 seconds
[2026-07-25T15:40:23.241+0000] {processor.py:186} INFO - Started process (PID=32470) to work on /opt/airflow/dags/row_from_api_to_s3.py
[2026-07-25T15:40:23.241+0000] {processor.py:914} INFO - Processing file /opt/airflow/dags/row_from_api_to_s3.py for tasks to queue
[2026-07-25T15:40:23.242+0000] {logging_mixin.py:190} INFO - [2026-07-25T15:40:23.242+0000] {dagbag.py:588} INFO - Filling up the DagBag from /opt/airflow/dags/row_from_api_to_s3.py
[2026-07-25T15:40:23.277+0000] {processor.py:925} INFO - DAG(s) 'raw_from_api_to_s3' retrieved from /opt/airflow/dags/row_from_api_to_s3.py
[2026-07-25T15:40:23.283+0000] {logging_mixin.py:190} INFO - [2026-07-25T15:40:23.283+0000] {dag.py:3239} INFO - Sync 1 DAGs
[2026-07-25T15:40:23.295+0000] {logging_mixin.py:190} INFO - [2026-07-25T15:40:23.294+0000] {dag.py:4180} INFO - Setting next_dagrun for raw_from_api_to_s3 to 2026-07-25 02:00:00+00:00, run_after=2026-07-26 02:00:00+00:00
[2026-07-25T15:40:23.305+0000] {processor.py:208} INFO - Processing /opt/airflow/dags/row_from_api_to_s3.py took 0.067 seconds
[2026-07-25T15:40:53.466+0000] {processor.py:186} INFO - Started process (PID=32509) to work on /opt/airflow/dags/row_from_api_to_s3.py
[2026-07-25T15:40:53.466+0000] {processor.py:914} INFO - Processing file /opt/airflow/dags/row_from_api_to_s3.py for tasks to queue
[2026-07-25T15:40:53.467+0000] {logging_mixin.py:190} INFO - [2026-07-25T15:40:53.467+0000] {dagbag.py:588} INFO - Filling up the DagBag from /opt/airflow/dags/row_from_api_to_s3.py
[2026-07-25T15:40:53.506+0000] {processor.py:925} INFO - DAG(s) 'raw_from_api_to_s3' retrieved from /opt/airflow/dags/row_from_api_to_s3.py
[2026-07-25T15:40:53.512+0000] {logging_mixin.py:190} INFO - [2026-07-25T15:40:53.512+0000] {dag.py:3239} INFO - Sync 1 DAGs
[2026-07-25T15:40:53.524+0000] {logging_mixin.py:190} INFO - [2026-07-25T15:40:53.524+0000] {dag.py:4180} INFO - Setting next_dagrun for raw_from_api_to_s3 to 2026-07-25 02:00:00+00:00, run_after=2026-07-26 02:00:00+00:00
[2026-07-25T15:40:53.533+0000] {processor.py:208} INFO - Processing /opt/airflow/dags/row_from_api_to_s3.py took 0.072 seconds
[2026-07-25T15:41:23.869+0000] {processor.py:186} INFO - Started process (PID=32548) to work on /opt/airflow/dags/row_from_api_to_s3.py
[2026-07-25T15:41:23.870+0000] {processor.py:914} INFO - Processing file /opt/airflow/dags/row_from_api_to_s3.py for tasks to queue
[2026-07-25T15:41:23.871+0000] {logging_mixin.py:190} INFO - [2026-07-25T15:41:23.871+0000] {dagbag.py:588} INFO - Filling up the DagBag from /opt/airflow/dags/row_from_api_to_s3.py
[2026-07-25T15:41:23.911+0000] {processor.py:925} INFO - DAG(s) 'raw_from_api_to_s3' retrieved from /opt/airflow/dags/row_from_api_to_s3.py
[2026-07-25T15:41:23.917+0000] {logging_mixin.py:190} INFO - [2026-07-25T15:41:23.917+0000] {dag.py:3239} INFO - Sync 1 DAGs
[2026-07-25T15:41:23.929+0000] {logging_mixin.py:190} INFO - [2026-07-25T15:41:23.929+0000] {dag.py:4180} INFO - Setting next_dagrun for raw_from_api_to_s3 to 2026-07-25 02:00:00+00:00, run_after=2026-07-26 02:00:00+00:00
[2026-07-25T15:41:23.940+0000] {processor.py:208} INFO - Processing /opt/airflow/dags/row_from_api_to_s3.py took 0.074 seconds
[2026-07-25T15:41:54.286+0000] {processor.py:186} INFO - Started process (PID=32587) to work on /opt/airflow/dags/row_from_api_to_s3.py
[2026-07-25T15:41:54.286+0000] {processor.py:914} INFO - Processing file /opt/airflow/dags/row_from_api_to_s3.py for tasks to queue
[2026-07-25T15:41:54.288+0000] {logging_mixin.py:190} INFO - [2026-07-25T15:41:54.288+0000] {dagbag.py:588} INFO - Filling up the DagBag from /opt/airflow/dags/row_from_api_to_s3.py
[2026-07-25T15:41:54.322+0000] {processor.py:925} INFO - DAG(s) 'raw_from_api_to_s3' retrieved from /opt/airflow/dags/row_from_api_to_s3.py
[2026-07-25T15:41:54.328+0000] {logging_mixin.py:190} INFO - [2026-07-25T15:41:54.328+0000] {dag.py:3239} INFO - Sync 1 DAGs
[2026-07-25T15:41:54.341+0000] {logging_mixin.py:190} INFO - [2026-07-25T15:41:54.341+0000] {dag.py:4180} INFO - Setting next_dagrun for raw_from_api_to_s3 to 2026-07-25 02:00:00+00:00, run_after=2026-07-26 02:00:00+00:00
[2026-07-25T15:41:54.351+0000] {processor.py:208} INFO - Processing /opt/airflow/dags/row_from_api_to_s3.py took 0.070 seconds
[2026-07-25T15:42:24.666+0000] {processor.py:186} INFO - Started process (PID=32626) to work on /opt/airflow/dags/row_from_api_to_s3.py
[2026-07-25T15:42:24.666+0000] {processor.py:914} INFO - Processing file /opt/airflow/dags/row_from_api_to_s3.py for tasks to queue
[2026-07-25T15:42:24.667+0000] {logging_mixin.py:190} INFO - [2026-07-25T15:42:24.667+0000] {dagbag.py:588} INFO - Filling up the DagBag from /opt/airflow/dags/row_from_api_to_s3.py
[2026-07-25T15:42:24.700+0000] {processor.py:925} INFO - DAG(s) 'raw_from_api_to_s3' retrieved from /opt/airflow/dags/row_from_api_to_s3.py
[2026-07-25T15:42:24.706+0000] {logging_mixin.py:190} INFO - [2026-07-25T15:42:24.706+0000] {dag.py:3239} INFO - Sync 1 DAGs
[2026-07-25T15:42:24.718+0000] {logging_mixin.py:190} INFO - [2026-07-25T15:42:24.718+0000] {dag.py:4180} INFO - Setting next_dagrun for raw_from_api_to_s3 to 2026-07-25 02:00:00+00:00, run_after=2026-07-26 02:00:00+00:00
[2026-07-25T15:42:24.728+0000] {processor.py:208} INFO - Processing /opt/airflow/dags/row_from_api_to_s3.py took 0.066 seconds
[2026-07-25T15:42:55.106+0000] {processor.py:186} INFO - Started process (PID=32666) to work on /opt/airflow/dags/row_from_api_to_s3.py
[2026-07-25T15:42:55.107+0000] {processor.py:914} INFO - Processing file /opt/airflow/dags/row_from_api_to_s3.py for tasks to queue
[2026-07-25T15:42:55.108+0000] {logging_mixin.py:190} INFO - [2026-07-25T15:42:55.108+0000] {dagbag.py:588} INFO - Filling up the DagBag from /opt/airflow/dags/row_from_api_to_s3.py
[2026-07-25T15:42:55.144+0000] {processor.py:925} INFO - DAG(s) 'raw_from_api_to_s3' retrieved from /opt/airflow/dags/row_from_api_to_s3.py
[2026-07-25T15:42:55.150+0000] {logging_mixin.py:190} INFO - [2026-07-25T15:42:55.150+0000] {dag.py:3239} INFO - Sync 1 DAGs
[2026-07-25T15:42:55.161+0000] {logging_mixin.py:190} INFO - [2026-07-25T15:42:55.161+0000] {dag.py:4180} INFO - Setting next_dagrun for raw_from_api_to_s3 to 2026-07-25 02:00:00+00:00, run_after=2026-07-26 02:00:00+00:00
[2026-07-25T15:42:55.171+0000] {processor.py:208} INFO - Processing /opt/airflow/dags/row_from_api_to_s3.py took 0.069 seconds
[2026-07-25T15:43:25.483+0000] {processor.py:186} INFO - Started process (PID=32705) to work on /opt/airflow/dags/row_from_api_to_s3.py
[2026-07-25T15:43:25.484+0000] {processor.py:914} INFO - Processing file /opt/airflow/dags/row_from_api_to_s3.py for tasks to queue
[2026-07-25T15:43:25.485+0000] {logging_mixin.py:190} INFO - [2026-07-25T15:43:25.484+0000] {dagbag.py:588} INFO - Filling up the DagBag from /opt/airflow/dags/row_from_api_to_s3.py
[2026-07-25T15:43:25.520+0000] {processor.py:925} INFO - DAG(s) 'raw_from_api_to_s3' retrieved from /opt/airflow/dags/row_from_api_to_s3.py
[2026-07-25T15:43:25.526+0000] {logging_mixin.py:190} INFO - [2026-07-25T15:43:25.526+0000] {dag.py:3239} INFO - Sync 1 DAGs
[2026-07-25T15:43:25.538+0000] {logging_mixin.py:190} INFO - [2026-07-25T15:43:25.538+0000] {dag.py:4180} INFO - Setting next_dagrun for raw_from_api_to_s3 to 2026-07-25 02:00:00+00:00, run_after=2026-07-26 02:00:00+00:00
[2026-07-25T15:43:25.548+0000] {processor.py:208} INFO - Processing /opt/airflow/dags/row_from_api_to_s3.py took 0.067 seconds
[2026-07-25T15:43:55.892+0000] {processor.py:186} INFO - Started process (PID=32744) to work on /opt/airflow/dags/row_from_api_to_s3.py
[2026-07-25T15:43:55.893+0000] {processor.py:914} INFO - Processing file /opt/airflow/dags/row_from_api_to_s3.py for tasks to queue
[2026-07-25T15:43:55.894+0000] {logging_mixin.py:190} INFO - [2026-07-25T15:43:55.894+0000] {dagbag.py:588} INFO - Filling up the DagBag from /opt/airflow/dags/row_from_api_to_s3.py
[2026-07-25T15:43:55.929+0000] {processor.py:925} INFO - DAG(s) 'raw_from_api_to_s3' retrieved from /opt/airflow/dags/row_from_api_to_s3.py
[2026-07-25T15:43:55.935+0000] {logging_mixin.py:190} INFO - [2026-07-25T15:43:55.935+0000] {dag.py:3239} INFO - Sync 1 DAGs
[2026-07-25T15:43:55.947+0000] {logging_mixin.py:190} INFO - [2026-07-25T15:43:55.947+0000] {dag.py:4180} INFO - Setting next_dagrun for raw_from_api_to_s3 to 2026-07-25 02:00:00+00:00, run_after=2026-07-26 02:00:00+00:00
[2026-07-25T15:43:55.958+0000] {processor.py:208} INFO - Processing /opt/airflow/dags/row_from_api_to_s3.py took 0.069 seconds
[2026-07-25T15:44:26.282+0000] {processor.py:186} INFO - Started process (PID=32783) to work on /opt/airflow/dags/row_from_api_to_s3.py
[2026-07-25T15:44:26.283+0000] {processor.py:914} INFO - Processing file /opt/airflow/dags/row_from_api_to_s3.py for tasks to queue
[2026-07-25T15:44:26.284+0000] {logging_mixin.py:190} INFO - [2026-07-25T15:44:26.283+0000] {dagbag.py:588} INFO - Filling up the DagBag from /opt/airflow/dags/row_from_api_to_s3.py
[2026-07-25T15:44:26.317+0000] {processor.py:925} INFO - DAG(s) 'raw_from_api_to_s3' retrieved from /opt/airflow/dags/row_from_api_to_s3.py
[2026-07-25T15:44:26.323+0000] {logging_mixin.py:190} INFO - [2026-07-25T15:44:26.323+0000] {dag.py:3239} INFO - Sync 1 DAGs
[2026-07-25T15:44:26.335+0000] {logging_mixin.py:190} INFO - [2026-07-25T15:44:26.335+0000] {dag.py:4180} INFO - Setting next_dagrun for raw_from_api_to_s3 to 2026-07-25 02:00:00+00:00, run_after=2026-07-26 02:00:00+00:00
[2026-07-25T15:44:26.345+0000] {processor.py:208} INFO - Processing /opt/airflow/dags/row_from_api_to_s3.py took 0.067 seconds
[2026-07-25T15:44:56.792+0000] {processor.py:186} INFO - Started process (PID=32838) to work on /opt/airflow/dags/row_from_api_to_s3.py
[2026-07-25T15:44:56.793+0000] {processor.py:914} INFO - Processing file /opt/airflow/dags/row_from_api_to_s3.py for tasks to queue
[2026-07-25T15:44:56.795+0000] {logging_mixin.py:190} INFO - [2026-07-25T15:44:56.794+0000] {dagbag.py:588} INFO - Filling up the DagBag from /opt/airflow/dags/row_from_api_to_s3.py
[2026-07-25T15:44:56.837+0000] {processor.py:925} INFO - DAG(s) 'raw_from_api_to_s3' retrieved from /opt/airflow/dags/row_from_api_to_s3.py
[2026-07-25T15:44:56.845+0000] {logging_mixin.py:190} INFO - [2026-07-25T15:44:56.845+0000] {dag.py:3239} INFO - Sync 1 DAGs
[2026-07-25T15:44:56.858+0000] {logging_mixin.py:190} INFO - [2026-07-25T15:44:56.858+0000] {dag.py:4180} INFO - Setting next_dagrun for raw_from_api_to_s3 to 2026-07-25 02:00:00+00:00, run_after=2026-07-26 02:00:00+00:00
[2026-07-25T15:44:56.868+0000] {processor.py:208} INFO - Processing /opt/airflow/dags/row_from_api_to_s3.py took 0.080 seconds
[2026-07-25T15:45:27.304+0000] {processor.py:186} INFO - Started process (PID=32879) to work on /opt/airflow/dags/row_from_api_to_s3.py
[2026-07-25T15:45:27.305+0000] {processor.py:914} INFO - Processing file /opt/airflow/dags/row_from_api_to_s3.py for tasks to queue
[2026-07-25T15:45:27.306+0000] {logging_mixin.py:190} INFO - [2026-07-25T15:45:27.306+0000] {dagbag.py:588} INFO - Filling up the DagBag from /opt/airflow/dags/row_from_api_to_s3.py
[2026-07-25T15:45:27.343+0000] {processor.py:925} INFO - DAG(s) 'raw_from_api_to_s3' retrieved from /opt/airflow/dags/row_from_api_to_s3.py
[2026-07-25T15:45:27.348+0000] {logging_mixin.py:190} INFO - [2026-07-25T15:45:27.348+0000] {dag.py:3239} INFO - Sync 1 DAGs
[2026-07-25T15:45:27.360+0000] {logging_mixin.py:190} INFO - [2026-07-25T15:45:27.360+0000] {dag.py:4180} INFO - Setting next_dagrun for raw_from_api_to_s3 to 2026-07-25 02:00:00+00:00, run_after=2026-07-26 02:00:00+00:00
[2026-07-25T15:45:27.371+0000] {processor.py:208} INFO - Processing /opt/airflow/dags/row_from_api_to_s3.py took 0.070 seconds
[2026-07-25T15:45:57.760+0000] {processor.py:186} INFO - Started process (PID=32919) to work on /opt/airflow/dags/row_from_api_to_s3.py
[2026-07-25T15:45:57.761+0000] {processor.py:914} INFO - Processing file /opt/airflow/dags/row_from_api_to_s3.py for tasks to queue
[2026-07-25T15:45:57.762+0000] {logging_mixin.py:190} INFO - [2026-07-25T15:45:57.762+0000] {dagbag.py:588} INFO - Filling up the DagBag from /opt/airflow/dags/row_from_api_to_s3.py
[2026-07-25T15:45:57.801+0000] {processor.py:925} INFO - DAG(s) 'raw_from_api_to_s3' retrieved from /opt/airflow/dags/row_from_api_to_s3.py
[2026-07-25T15:45:57.807+0000] {logging_mixin.py:190} INFO - [2026-07-25T15:45:57.807+0000] {dag.py:3239} INFO - Sync 1 DAGs
[2026-07-25T15:45:57.819+0000] {logging_mixin.py:190} INFO - [2026-07-25T15:45:57.819+0000] {dag.py:4180} INFO - Setting next_dagrun for raw_from_api_to_s3 to 2026-07-25 02:00:00+00:00, run_after=2026-07-26 02:00:00+00:00
[2026-07-25T15:45:57.830+0000] {processor.py:208} INFO - Processing /opt/airflow/dags/row_from_api_to_s3.py took 0.074 seconds
[2026-07-25T15:46:28.302+0000] {processor.py:186} INFO - Started process (PID=32959) to work on /opt/airflow/dags/row_from_api_to_s3.py
[2026-07-25T15:46:28.302+0000] {processor.py:914} INFO - Processing file /opt/airflow/dags/row_from_api_to_s3.py for tasks to queue
[2026-07-25T15:46:28.304+0000] {logging_mixin.py:190} INFO - [2026-07-25T15:46:28.303+0000] {dagbag.py:588} INFO - Filling up the DagBag from /opt/airflow/dags/row_from_api_to_s3.py
[2026-07-25T15:46:28.343+0000] {processor.py:925} INFO - DAG(s) 'raw_from_api_to_s3' retrieved from /opt/airflow/dags/row_from_api_to_s3.py
[2026-07-25T15:46:28.349+0000] {logging_mixin.py:190} INFO - [2026-07-25T15:46:28.349+0000] {dag.py:3239} INFO - Sync 1 DAGs
[2026-07-25T15:46:28.361+0000] {logging_mixin.py:190} INFO - [2026-07-25T15:46:28.361+0000] {dag.py:4180} INFO - Setting next_dagrun for raw_from_api_to_s3 to 2026-07-25 02:00:00+00:00, run_after=2026-07-26 02:00:00+00:00
[2026-07-25T15:46:28.371+0000] {processor.py:208} INFO - Processing /opt/airflow/dags/row_from_api_to_s3.py took 0.072 seconds
[2026-07-25T15:46:58.818+0000] {processor.py:186} INFO - Started process (PID=32999) to work on /opt/airflow/dags/row_from_api_to_s3.py
[2026-07-25T15:46:58.819+0000] {processor.py:914} INFO - Processing file /opt/airflow/dags/row_from_api_to_s3.py for tasks to queue
[2026-07-25T15:46:58.820+0000] {logging_mixin.py:190} INFO - [2026-07-25T15:46:58.820+0000] {dagbag.py:588} INFO - Filling up the DagBag from /opt/airflow/dags/row_from_api_to_s3.py
[2026-07-25T15:46:58.864+0000] {processor.py:925} INFO - DAG(s) 'raw_from_api_to_s3' retrieved from /opt/airflow/dags/row_from_api_to_s3.py
[2026-07-25T15:46:58.870+0000] {logging_mixin.py:190} INFO - [2026-07-25T15:46:58.870+0000] {dag.py:3239} INFO - Sync 1 DAGs
[2026-07-25T15:46:58.883+0000] {logging_mixin.py:190} INFO - [2026-07-25T15:46:58.883+0000] {dag.py:4180} INFO - Setting next_dagrun for raw_from_api_to_s3 to 2026-07-25 02:00:00+00:00, run_after=2026-07-26 02:00:00+00:00
[2026-07-25T15:46:58.892+0000] {processor.py:208} INFO - Processing /opt/airflow/dags/row_from_api_to_s3.py took 0.077 seconds
[2026-07-25T15:47:29.329+0000] {processor.py:186} INFO - Started process (PID=33039) to work on /opt/airflow/dags/row_from_api_to_s3.py
[2026-07-25T15:47:29.329+0000] {processor.py:914} INFO - Processing file /opt/airflow/dags/row_from_api_to_s3.py for tasks to queue
[2026-07-25T15:47:29.330+0000] {logging_mixin.py:190} INFO - [2026-07-25T15:47:29.330+0000] {dagbag.py:588} INFO - Filling up the DagBag from /opt/airflow/dags/row_from_api_to_s3.py
[2026-07-25T15:47:29.368+0000] {processor.py:925} INFO - DAG(s) 'raw_from_api_to_s3' retrieved from /opt/airflow/dags/row_from_api_to_s3.py
[2026-07-25T15:47:29.374+0000] {logging_mixin.py:190} INFO - [2026-07-25T15:47:29.373+0000] {dag.py:3239} INFO - Sync 1 DAGs
[2026-07-25T15:47:29.385+0000] {logging_mixin.py:190} INFO - [2026-07-25T15:47:29.385+0000] {dag.py:4180} INFO - Setting next_dagrun for raw_from_api_to_s3 to 2026-07-25 02:00:00+00:00, run_after=2026-07-26 02:00:00+00:00
[2026-07-25T15:47:29.410+0000] {processor.py:208} INFO - Processing /opt/airflow/dags/row_from_api_to_s3.py took 0.086 seconds
[2026-07-25T15:47:59.873+0000] {processor.py:186} INFO - Started process (PID=33079) to work on /opt/airflow/dags/row_from_api_to_s3.py
[2026-07-25T15:47:59.874+0000] {processor.py:914} INFO - Processing file /opt/airflow/dags/row_from_api_to_s3.py for tasks to queue
[2026-07-25T15:47:59.876+0000] {logging_mixin.py:190} INFO - [2026-07-25T15:47:59.875+0000] {dagbag.py:588} INFO - Filling up the DagBag from /opt/airflow/dags/row_from_api_to_s3.py
[2026-07-25T15:47:59.913+0000] {processor.py:925} INFO - DAG(s) 'raw_from_api_to_s3' retrieved from /opt/airflow/dags/row_from_api_to_s3.py
[2026-07-25T15:47:59.918+0000] {logging_mixin.py:190} INFO - [2026-07-25T15:47:59.918+0000] {dag.py:3239} INFO - Sync 1 DAGs
[2026-07-25T15:47:59.930+0000] {logging_mixin.py:190} INFO - [2026-07-25T15:47:59.930+0000] {dag.py:4180} INFO - Setting next_dagrun for raw_from_api_to_s3 to 2026-07-25 02:00:00+00:00, run_after=2026-07-26 02:00:00+00:00
[2026-07-25T15:47:59.941+0000] {processor.py:208} INFO - Processing /opt/airflow/dags/row_from_api_to_s3.py took 0.070 seconds
[2026-07-25T15:48:30.420+0000] {processor.py:186} INFO - Started process (PID=33119) to work on /opt/airflow/dags/row_from_api_to_s3.py
[2026-07-25T15:48:30.420+0000] {processor.py:914} INFO - Processing file /opt/airflow/dags/row_from_api_to_s3.py for tasks to queue
[2026-07-25T15:48:30.421+0000] {logging_mixin.py:190} INFO - [2026-07-25T15:48:30.421+0000] {dagbag.py:588} INFO - Filling up the DagBag from /opt/airflow/dags/row_from_api_to_s3.py
[2026-07-25T15:48:30.466+0000] {processor.py:925} INFO - DAG(s) 'raw_from_api_to_s3' retrieved from /opt/airflow/dags/row_from_api_to_s3.py
[2026-07-25T15:48:30.472+0000] {logging_mixin.py:190} INFO - [2026-07-25T15:48:30.472+0000] {dag.py:3239} INFO - Sync 1 DAGs
[2026-07-25T15:48:30.484+0000] {logging_mixin.py:190} INFO - [2026-07-25T15:48:30.484+0000] {dag.py:4180} INFO - Setting next_dagrun for raw_from_api_to_s3 to 2026-07-25 02:00:00+00:00, run_after=2026-07-26 02:00:00+00:00
[2026-07-25T15:48:30.494+0000] {processor.py:208} INFO - Processing /opt/airflow/dags/row_from_api_to_s3.py took 0.077 seconds
[2026-07-25T15:49:00.892+0000] {processor.py:186} INFO - Started process (PID=33159) to work on /opt/airflow/dags/row_from_api_to_s3.py
[2026-07-25T15:49:00.894+0000] {processor.py:914} INFO - Processing file /opt/airflow/dags/row_from_api_to_s3.py for tasks to queue
[2026-07-25T15:49:00.895+0000] {logging_mixin.py:190} INFO - [2026-07-25T15:49:00.895+0000] {dagbag.py:588} INFO - Filling up the DagBag from /opt/airflow/dags/row_from_api_to_s3.py
[2026-07-25T15:49:00.934+0000] {processor.py:925} INFO - DAG(s) 'raw_from_api_to_s3' retrieved from /opt/airflow/dags/row_from_api_to_s3.py
[2026-07-25T15:49:00.940+0000] {logging_mixin.py:190} INFO - [2026-07-25T15:49:00.940+0000] {dag.py:3239} INFO - Sync 1 DAGs
[2026-07-25T15:49:00.953+0000] {logging_mixin.py:190} INFO - [2026-07-25T15:49:00.953+0000] {dag.py:4180} INFO - Setting next_dagrun for raw_from_api_to_s3 to 2026-07-25 02:00:00+00:00, run_after=2026-07-26 02:00:00+00:00
[2026-07-25T15:49:00.962+0000] {processor.py:208} INFO - Processing /opt/airflow/dags/row_from_api_to_s3.py took 0.074 seconds
[2026-07-25T15:49:31.391+0000] {processor.py:186} INFO - Started process (PID=33199) to work on /opt/airflow/dags/row_from_api_to_s3.py
[2026-07-25T15:49:31.391+0000] {processor.py:914} INFO - Processing file /opt/airflow/dags/row_from_api_to_s3.py for tasks to queue
[2026-07-25T15:49:31.393+0000] {logging_mixin.py:190} INFO - [2026-07-25T15:49:31.393+0000] {dagbag.py:588} INFO - Filling up the DagBag from /opt/airflow/dags/row_from_api_to_s3.py
[2026-07-25T15:49:31.435+0000] {processor.py:925} INFO - DAG(s) 'raw_from_api_to_s3' retrieved from /opt/airflow/dags/row_from_api_to_s3.py
[2026-07-25T15:49:31.441+0000] {logging_mixin.py:190} INFO - [2026-07-25T15:49:31.441+0000] {dag.py:3239} INFO - Sync 1 DAGs
[2026-07-25T15:49:31.453+0000] {logging_mixin.py:190} INFO - [2026-07-25T15:49:31.453+0000] {dag.py:4180} INFO - Setting next_dagrun for raw_from_api_to_s3 to 2026-07-25 02:00:00+00:00, run_after=2026-07-26 02:00:00+00:00
[2026-07-25T15:49:31.462+0000] {processor.py:208} INFO - Processing /opt/airflow/dags/row_from_api_to_s3.py took 0.077 seconds
[2026-07-25T15:50:01.822+0000] {processor.py:186} INFO - Started process (PID=33239) to work on /opt/airflow/dags/row_from_api_to_s3.py
[2026-07-25T15:50:01.823+0000] {processor.py:914} INFO - Processing file /opt/airflow/dags/row_from_api_to_s3.py for tasks to queue
[2026-07-25T15:50:01.824+0000] {logging_mixin.py:190} INFO - [2026-07-25T15:50:01.824+0000] {dagbag.py:588} INFO - Filling up the DagBag from /opt/airflow/dags/row_from_api_to_s3.py
[2026-07-25T15:50:01.860+0000] {processor.py:925} INFO - DAG(s) 'raw_from_api_to_s3' retrieved from /opt/airflow/dags/row_from_api_to_s3.py
[2026-07-25T15:50:01.866+0000] {logging_mixin.py:190} INFO - [2026-07-25T15:50:01.866+0000] {dag.py:3239} INFO - Sync 1 DAGs
[2026-07-25T15:50:01.878+0000] {logging_mixin.py:190} INFO - [2026-07-25T15:50:01.878+0000] {dag.py:4180} INFO - Setting next_dagrun for raw_from_api_to_s3 to 2026-07-25 02:00:00+00:00, run_after=2026-07-26 02:00:00+00:00
[2026-07-25T15:50:01.886+0000] {processor.py:208} INFO - Processing /opt/airflow/dags/row_from_api_to_s3.py took 0.068 seconds
[2026-07-25T15:50:32.361+0000] {processor.py:186} INFO - Started process (PID=33279) to work on /opt/airflow/dags/row_from_api_to_s3.py
[2026-07-25T15:50:32.362+0000] {processor.py:914} INFO - Processing file /opt/airflow/dags/row_from_api_to_s3.py for tasks to queue
[2026-07-25T15:50:32.363+0000] {logging_mixin.py:190} INFO - [2026-07-25T15:50:32.363+0000] {dagbag.py:588} INFO - Filling up the DagBag from /opt/airflow/dags/row_from_api_to_s3.py
[2026-07-25T15:50:32.398+0000] {processor.py:925} INFO - DAG(s) 'raw_from_api_to_s3' retrieved from /opt/airflow/dags/row_from_api_to_s3.py
[2026-07-25T15:50:32.404+0000] {logging_mixin.py:190} INFO - [2026-07-25T15:50:32.404+0000] {dag.py:3239} INFO - Sync 1 DAGs
[2026-07-25T15:50:32.416+0000] {logging_mixin.py:190} INFO - [2026-07-25T15:50:32.415+0000] {dag.py:4180} INFO - Setting next_dagrun for raw_from_api_to_s3 to 2026-07-25 02:00:00+00:00, run_after=2026-07-26 02:00:00+00:00
[2026-07-25T15:50:32.425+0000] {processor.py:208} INFO - Processing /opt/airflow/dags/row_from_api_to_s3.py took 0.067 seconds
[2026-07-25T15:51:02.863+0000] {processor.py:186} INFO - Started process (PID=33319) to work on /opt/airflow/dags/row_from_api_to_s3.py
[2026-07-25T15:51:02.864+0000] {processor.py:914} INFO - Processing file /opt/airflow/dags/row_from_api_to_s3.py for tasks to queue
[2026-07-25T15:51:02.865+0000] {logging_mixin.py:190} INFO - [2026-07-25T15:51:02.865+0000] {dagbag.py:588} INFO - Filling up the DagBag from /opt/airflow/dags/row_from_api_to_s3.py
[2026-07-25T15:51:02.901+0000] {processor.py:925} INFO - DAG(s) 'raw_from_api_to_s3' retrieved from /opt/airflow/dags/row_from_api_to_s3.py
[2026-07-25T15:51:02.906+0000] {logging_mixin.py:190} INFO - [2026-07-25T15:51:02.906+0000] {dag.py:3239} INFO - Sync 1 DAGs
[2026-07-25T15:51:02.918+0000] {logging_mixin.py:190} INFO - [2026-07-25T15:51:02.918+0000] {dag.py:4180} INFO - Setting next_dagrun for raw_from_api_to_s3 to 2026-07-25 02:00:00+00:00, run_after=2026-07-26 02:00:00+00:00
[2026-07-25T15:51:02.928+0000] {processor.py:208} INFO - Processing /opt/airflow/dags/row_from_api_to_s3.py took 0.068 seconds
[2026-07-25T15:51:33.381+0000] {processor.py:186} INFO - Started process (PID=33359) to work on /opt/airflow/dags/row_from_api_to_s3.py
[2026-07-25T15:51:33.381+0000] {processor.py:914} INFO - Processing file /opt/airflow/dags/row_from_api_to_s3.py for tasks to queue
[2026-07-25T15:51:33.382+0000] {logging_mixin.py:190} INFO - [2026-07-25T15:51:33.382+0000] {dagbag.py:588} INFO - Filling up the DagBag from /opt/airflow/dags/row_from_api_to_s3.py
[2026-07-25T15:51:33.421+0000] {processor.py:925} INFO - DAG(s) 'raw_from_api_to_s3' retrieved from /opt/airflow/dags/row_from_api_to_s3.py
[2026-07-25T15:51:33.427+0000] {logging_mixin.py:190} INFO - [2026-07-25T15:51:33.427+0000] {dag.py:3239} INFO - Sync 1 DAGs
[2026-07-25T15:51:33.441+0000] {logging_mixin.py:190} INFO - [2026-07-25T15:51:33.441+0000] {dag.py:4180} INFO - Setting next_dagrun for raw_from_api_to_s3 to 2026-07-25 02:00:00+00:00, run_after=2026-07-26 02:00:00+00:00
[2026-07-25T15:51:33.450+0000] {processor.py:208} INFO - Processing /opt/airflow/dags/row_from_api_to_s3.py took 0.073 seconds
[2026-07-25T15:52:03.800+0000] {processor.py:186} INFO - Started process (PID=33399) to work on /opt/airflow/dags/row_from_api_to_s3.py
[2026-07-25T15:52:03.801+0000] {processor.py:914} INFO - Processing file /opt/airflow/dags/row_from_api_to_s3.py for tasks to queue
[2026-07-25T15:52:03.802+0000] {logging_mixin.py:190} INFO - [2026-07-25T15:52:03.802+0000] {dagbag.py:588} INFO - Filling up the DagBag from /opt/airflow/dags/row_from_api_to_s3.py
[2026-07-25T15:52:03.840+0000] {processor.py:925} INFO - DAG(s) 'raw_from_api_to_s3' retrieved from /opt/airflow/dags/row_from_api_to_s3.py
[2026-07-25T15:52:03.846+0000] {logging_mixin.py:190} INFO - [2026-07-25T15:52:03.846+0000] {dag.py:3239} INFO - Sync 1 DAGs
[2026-07-25T15:52:03.858+0000] {logging_mixin.py:190} INFO - [2026-07-25T15:52:03.858+0000] {dag.py:4180} INFO - Setting next_dagrun for raw_from_api_to_s3 to 2026-07-25 02:00:00+00:00, run_after=2026-07-26 02:00:00+00:00
[2026-07-25T15:52:03.868+0000] {processor.py:208} INFO - Processing /opt/airflow/dags/row_from_api_to_s3.py took 0.072 seconds
[2026-07-25T15:52:34.332+0000] {processor.py:186} INFO - Started process (PID=33439) to work on /opt/airflow/dags/row_from_api_to_s3.py
[2026-07-25T15:52:34.332+0000] {processor.py:914} INFO - Processing file /opt/airflow/dags/row_from_api_to_s3.py for tasks to queue
[2026-07-25T15:52:34.333+0000] {logging_mixin.py:190} INFO - [2026-07-25T15:52:34.333+0000] {dagbag.py:588} INFO - Filling up the DagBag from /opt/airflow/dags/row_from_api_to_s3.py
[2026-07-25T15:52:34.371+0000] {processor.py:925} INFO - DAG(s) 'raw_from_api_to_s3' retrieved from /opt/airflow/dags/row_from_api_to_s3.py
[2026-07-25T15:52:34.377+0000] {logging_mixin.py:190} INFO - [2026-07-25T15:52:34.376+0000] {dag.py:3239} INFO - Sync 1 DAGs
[2026-07-25T15:52:34.389+0000] {logging_mixin.py:190} INFO - [2026-07-25T15:52:34.389+0000] {dag.py:4180} INFO - Setting next_dagrun for raw_from_api_to_s3 to 2026-07-25 02:00:00+00:00, run_after=2026-07-26 02:00:00+00:00
[2026-07-25T15:52:34.398+0000] {processor.py:208} INFO - Processing /opt/airflow/dags/row_from_api_to_s3.py took 0.071 seconds
[2026-07-25T15:53:04.851+0000] {processor.py:186} INFO - Started process (PID=33479) to work on /opt/airflow/dags/row_from_api_to_s3.py
[2026-07-25T15:53:04.853+0000] {processor.py:914} INFO - Processing file /opt/airflow/dags/row_from_api_to_s3.py for tasks to queue
[2026-07-25T15:53:04.854+0000] {logging_mixin.py:190} INFO - [2026-07-25T15:53:04.854+0000] {dagbag.py:588} INFO - Filling up the DagBag from /opt/airflow/dags/row_from_api_to_s3.py
[2026-07-25T15:53:04.892+0000] {processor.py:925} INFO - DAG(s) 'raw_from_api_to_s3' retrieved from /opt/airflow/dags/row_from_api_to_s3.py
[2026-07-25T15:53:04.897+0000] {logging_mixin.py:190} INFO - [2026-07-25T15:53:04.897+0000] {dag.py:3239} INFO - Sync 1 DAGs
[2026-07-25T15:53:04.909+0000] {logging_mixin.py:190} INFO - [2026-07-25T15:53:04.909+0000] {dag.py:4180} INFO - Setting next_dagrun for raw_from_api_to_s3 to 2026-07-25 02:00:00+00:00, run_after=2026-07-26 02:00:00+00:00
[2026-07-25T15:53:04.919+0000] {processor.py:208} INFO - Processing /opt/airflow/dags/row_from_api_to_s3.py took 0.072 seconds
[2026-07-25T15:53:35.385+0000] {processor.py:186} INFO - Started process (PID=33519) to work on /opt/airflow/dags/row_from_api_to_s3.py
[2026-07-25T15:53:35.386+0000] {processor.py:914} INFO - Processing file /opt/airflow/dags/row_from_api_to_s3.py for tasks to queue
[2026-07-25T15:53:35.387+0000] {logging_mixin.py:190} INFO - [2026-07-25T15:53:35.386+0000] {dagbag.py:588} INFO - Filling up the DagBag from /opt/airflow/dags/row_from_api_to_s3.py
[2026-07-25T15:53:35.427+0000] {processor.py:925} INFO - DAG(s) 'raw_from_api_to_s3' retrieved from /opt/airflow/dags/row_from_api_to_s3.py
[2026-07-25T15:53:35.433+0000] {logging_mixin.py:190} INFO - [2026-07-25T15:53:35.433+0000] {dag.py:3239} INFO - Sync 1 DAGs
[2026-07-25T15:53:35.445+0000] {logging_mixin.py:190} INFO - [2026-07-25T15:53:35.445+0000] {dag.py:4180} INFO - Setting next_dagrun for raw_from_api_to_s3 to 2026-07-25 02:00:00+00:00, run_after=2026-07-26 02:00:00+00:00
[2026-07-25T15:53:35.455+0000] {processor.py:208} INFO - Processing /opt/airflow/dags/row_from_api_to_s3.py took 0.073 seconds
[2026-07-25T15:54:05.928+0000] {processor.py:186} INFO - Started process (PID=33559) to work on /opt/airflow/dags/row_from_api_to_s3.py
[2026-07-25T15:54:05.930+0000] {processor.py:914} INFO - Processing file /opt/airflow/dags/row_from_api_to_s3.py for tasks to queue
[2026-07-25T15:54:05.931+0000] {logging_mixin.py:190} INFO - [2026-07-25T15:54:05.931+0000] {dagbag.py:588} INFO - Filling up the DagBag from /opt/airflow/dags/row_from_api_to_s3.py
[2026-07-25T15:54:05.968+0000] {processor.py:925} INFO - DAG(s) 'raw_from_api_to_s3' retrieved from /opt/airflow/dags/row_from_api_to_s3.py
[2026-07-25T15:54:05.973+0000] {logging_mixin.py:190} INFO - [2026-07-25T15:54:05.973+0000] {dag.py:3239} INFO - Sync 1 DAGs
[2026-07-25T15:54:05.985+0000] {logging_mixin.py:190} INFO - [2026-07-25T15:54:05.985+0000] {dag.py:4180} INFO - Setting next_dagrun for raw_from_api_to_s3 to 2026-07-25 02:00:00+00:00, run_after=2026-07-26 02:00:00+00:00
[2026-07-25T15:54:05.994+0000] {processor.py:208} INFO - Processing /opt/airflow/dags/row_from_api_to_s3.py took 0.069 seconds
[2026-07-25T15:54:36.445+0000] {processor.py:186} INFO - Started process (PID=33599) to work on /opt/airflow/dags/row_from_api_to_s3.py
[2026-07-25T15:54:36.446+0000] {processor.py:914} INFO - Processing file /opt/airflow/dags/row_from_api_to_s3.py for tasks to queue
[2026-07-25T15:54:36.447+0000] {logging_mixin.py:190} INFO - [2026-07-25T15:54:36.447+0000] {dagbag.py:588} INFO - Filling up the DagBag from /opt/airflow/dags/row_from_api_to_s3.py
[2026-07-25T15:54:36.483+0000] {processor.py:925} INFO - DAG(s) 'raw_from_api_to_s3' retrieved from /opt/airflow/dags/row_from_api_to_s3.py
[2026-07-25T15:54:36.489+0000] {logging_mixin.py:190} INFO - [2026-07-25T15:54:36.489+0000] {dag.py:3239} INFO - Sync 1 DAGs
[2026-07-25T15:54:36.501+0000] {logging_mixin.py:190} INFO - [2026-07-25T15:54:36.501+0000] {dag.py:4180} INFO - Setting next_dagrun for raw_from_api_to_s3 to 2026-07-25 02:00:00+00:00, run_after=2026-07-26 02:00:00+00:00
[2026-07-25T15:54:36.511+0000] {processor.py:208} INFO - Processing /opt/airflow/dags/row_from_api_to_s3.py took 0.070 seconds
[2026-07-25T15:55:06.807+0000] {processor.py:186} INFO - Started process (PID=33639) to work on /opt/airflow/dags/row_from_api_to_s3.py
[2026-07-25T15:55:06.808+0000] {processor.py:914} INFO - Processing file /opt/airflow/dags/row_from_api_to_s3.py for tasks to queue
[2026-07-25T15:55:06.809+0000] {logging_mixin.py:190} INFO - [2026-07-25T15:55:06.808+0000] {dagbag.py:588} INFO - Filling up the DagBag from /opt/airflow/dags/row_from_api_to_s3.py
[2026-07-25T15:55:06.848+0000] {processor.py:925} INFO - DAG(s) 'raw_from_api_to_s3' retrieved from /opt/airflow/dags/row_from_api_to_s3.py
[2026-07-25T15:55:06.856+0000] {logging_mixin.py:190} INFO - [2026-07-25T15:55:06.856+0000] {dag.py:3239} INFO - Sync 1 DAGs
[2026-07-25T15:55:06.869+0000] {logging_mixin.py:190} INFO - [2026-07-25T15:55:06.869+0000] {dag.py:4180} INFO - Setting next_dagrun for raw_from_api_to_s3 to 2026-07-25 02:00:00+00:00, run_after=2026-07-26 02:00:00+00:00
[2026-07-25T15:55:06.880+0000] {processor.py:208} INFO - Processing /opt/airflow/dags/row_from_api_to_s3.py took 0.076 seconds
[2026-07-25T15:55:37.414+0000] {processor.py:186} INFO - Started process (PID=33679) to work on /opt/airflow/dags/row_from_api_to_s3.py
[2026-07-25T15:55:37.415+0000] {processor.py:914} INFO - Processing file /opt/airflow/dags/row_from_api_to_s3.py for tasks to queue
[2026-07-25T15:55:37.417+0000] {logging_mixin.py:190} INFO - [2026-07-25T15:55:37.416+0000] {dagbag.py:588} INFO - Filling up the DagBag from /opt/airflow/dags/row_from_api_to_s3.py
[2026-07-25T15:55:37.452+0000] {processor.py:925} INFO - DAG(s) 'raw_from_api_to_s3' retrieved from /opt/airflow/dags/row_from_api_to_s3.py
[2026-07-25T15:55:37.457+0000] {logging_mixin.py:190} INFO - [2026-07-25T15:55:37.457+0000] {dag.py:3239} INFO - Sync 1 DAGs
[2026-07-25T15:55:37.468+0000] {logging_mixin.py:190} INFO - [2026-07-25T15:55:37.468+0000] {dag.py:4180} INFO - Setting next_dagrun for raw_from_api_to_s3 to 2026-07-25 02:00:00+00:00, run_after=2026-07-26 02:00:00+00:00
[2026-07-25T15:55:37.477+0000] {processor.py:208} INFO - Processing /opt/airflow/dags/row_from_api_to_s3.py took 0.067 seconds
[2026-07-25T15:56:07.920+0000] {processor.py:186} INFO - Started process (PID=33719) to work on /opt/airflow/dags/row_from_api_to_s3.py
[2026-07-25T15:56:07.920+0000] {processor.py:914} INFO - Processing file /opt/airflow/dags/row_from_api_to_s3.py for tasks to queue
[2026-07-25T15:56:07.921+0000] {logging_mixin.py:190} INFO - [2026-07-25T15:56:07.921+0000] {dagbag.py:588} INFO - Filling up the DagBag from /opt/airflow/dags/row_from_api_to_s3.py
[2026-07-25T15:56:07.957+0000] {processor.py:925} INFO - DAG(s) 'raw_from_api_to_s3' retrieved from /opt/airflow/dags/row_from_api_to_s3.py
[2026-07-25T15:56:07.962+0000] {logging_mixin.py:190} INFO - [2026-07-25T15:56:07.962+0000] {dag.py:3239} INFO - Sync 1 DAGs
[2026-07-25T15:56:07.974+0000] {logging_mixin.py:190} INFO - [2026-07-25T15:56:07.974+0000] {dag.py:4180} INFO - Setting next_dagrun for raw_from_api_to_s3 to 2026-07-25 02:00:00+00:00, run_after=2026-07-26 02:00:00+00:00
[2026-07-25T15:56:07.985+0000] {processor.py:208} INFO - Processing /opt/airflow/dags/row_from_api_to_s3.py took 0.069 seconds
[2026-07-25T15:56:38.484+0000] {processor.py:186} INFO - Started process (PID=33759) to work on /opt/airflow/dags/row_from_api_to_s3.py
[2026-07-25T15:56:38.486+0000] {processor.py:914} INFO - Processing file /opt/airflow/dags/row_from_api_to_s3.py for tasks to queue
[2026-07-25T15:56:38.487+0000] {logging_mixin.py:190} INFO - [2026-07-25T15:56:38.487+0000] {dagbag.py:588} INFO - Filling up the DagBag from /opt/airflow/dags/row_from_api_to_s3.py
[2026-07-25T15:56:38.526+0000] {processor.py:925} INFO - DAG(s) 'raw_from_api_to_s3' retrieved from /opt/airflow/dags/row_from_api_to_s3.py
[2026-07-25T15:56:38.532+0000] {logging_mixin.py:190} INFO - [2026-07-25T15:56:38.531+0000] {dag.py:3239} INFO - Sync 1 DAGs
[2026-07-25T15:56:38.544+0000] {logging_mixin.py:190} INFO - [2026-07-25T15:56:38.544+0000] {dag.py:4180} INFO - Setting next_dagrun for raw_from_api_to_s3 to 2026-07-25 02:00:00+00:00, run_after=2026-07-26 02:00:00+00:00
[2026-07-25T15:56:38.555+0000] {processor.py:208} INFO - Processing /opt/airflow/dags/row_from_api_to_s3.py took 0.075 seconds
[2026-07-25T15:57:08.998+0000] {processor.py:186} INFO - Started process (PID=33800) to work on /opt/airflow/dags/row_from_api_to_s3.py
[2026-07-25T15:57:08.999+0000] {processor.py:914} INFO - Processing file /opt/airflow/dags/row_from_api_to_s3.py for tasks to queue
[2026-07-25T15:57:09.000+0000] {logging_mixin.py:190} INFO - [2026-07-25T15:57:09.000+0000] {dagbag.py:588} INFO - Filling up the DagBag from /opt/airflow/dags/row_from_api_to_s3.py
[2026-07-25T15:57:09.036+0000] {processor.py:925} INFO - DAG(s) 'raw_from_api_to_s3' retrieved from /opt/airflow/dags/row_from_api_to_s3.py
[2026-07-25T15:57:09.042+0000] {logging_mixin.py:190} INFO - [2026-07-25T15:57:09.042+0000] {dag.py:3239} INFO - Sync 1 DAGs
[2026-07-25T15:57:09.053+0000] {logging_mixin.py:190} INFO - [2026-07-25T15:57:09.053+0000] {dag.py:4180} INFO - Setting next_dagrun for raw_from_api_to_s3 to 2026-07-25 02:00:00+00:00, run_after=2026-07-26 02:00:00+00:00
[2026-07-25T15:57:09.062+0000] {processor.py:208} INFO - Processing /opt/airflow/dags/row_from_api_to_s3.py took 0.067 seconds
[2026-07-25T15:57:39.527+0000] {processor.py:186} INFO - Started process (PID=33840) to work on /opt/airflow/dags/row_from_api_to_s3.py
[2026-07-25T15:57:39.528+0000] {processor.py:914} INFO - Processing file /opt/airflow/dags/row_from_api_to_s3.py for tasks to queue
[2026-07-25T15:57:39.529+0000] {logging_mixin.py:190} INFO - [2026-07-25T15:57:39.529+0000] {dagbag.py:588} INFO - Filling up the DagBag from /opt/airflow/dags/row_from_api_to_s3.py
[2026-07-25T15:57:39.566+0000] {processor.py:925} INFO - DAG(s) 'raw_from_api_to_s3' retrieved from /opt/airflow/dags/row_from_api_to_s3.py
[2026-07-25T15:57:39.571+0000] {logging_mixin.py:190} INFO - [2026-07-25T15:57:39.571+0000] {dag.py:3239} INFO - Sync 1 DAGs
[2026-07-25T15:57:39.583+0000] {logging_mixin.py:190} INFO - [2026-07-25T15:57:39.583+0000] {dag.py:4180} INFO - Setting next_dagrun for raw_from_api_to_s3 to 2026-07-25 02:00:00+00:00, run_after=2026-07-26 02:00:00+00:00
[2026-07-25T15:57:39.593+0000] {processor.py:208} INFO - Processing /opt/airflow/dags/row_from_api_to_s3.py took 0.070 seconds
[2026-07-25T15:58:09.987+0000] {processor.py:186} INFO - Started process (PID=33880) to work on /opt/airflow/dags/row_from_api_to_s3.py
[2026-07-25T15:58:09.987+0000] {processor.py:914} INFO - Processing file /opt/airflow/dags/row_from_api_to_s3.py for tasks to queue
[2026-07-25T15:58:09.988+0000] {logging_mixin.py:190} INFO - [2026-07-25T15:58:09.988+0000] {dagbag.py:588} INFO - Filling up the DagBag from /opt/airflow/dags/row_from_api_to_s3.py
[2026-07-25T15:58:10.029+0000] {processor.py:925} INFO - DAG(s) 'raw_from_api_to_s3' retrieved from /opt/airflow/dags/row_from_api_to_s3.py
[2026-07-25T15:58:10.035+0000] {logging_mixin.py:190} INFO - [2026-07-25T15:58:10.034+0000] {dag.py:3239} INFO - Sync 1 DAGs
[2026-07-25T15:58:10.046+0000] {logging_mixin.py:190} INFO - [2026-07-25T15:58:10.046+0000] {dag.py:4180} INFO - Setting next_dagrun for raw_from_api_to_s3 to 2026-07-25 02:00:00+00:00, run_after=2026-07-26 02:00:00+00:00
[2026-07-25T15:58:10.056+0000] {processor.py:208} INFO - Processing /opt/airflow/dags/row_from_api_to_s3.py took 0.072 seconds
[2026-07-25T15:58:40.421+0000] {processor.py:186} INFO - Started process (PID=33920) to work on /opt/airflow/dags/row_from_api_to_s3.py
[2026-07-25T15:58:40.422+0000] {processor.py:914} INFO - Processing file /opt/airflow/dags/row_from_api_to_s3.py for tasks to queue
[2026-07-25T15:58:40.423+0000] {logging_mixin.py:190} INFO - [2026-07-25T15:58:40.423+0000] {dagbag.py:588} INFO - Filling up the DagBag from /opt/airflow/dags/row_from_api_to_s3.py
[2026-07-25T15:58:40.464+0000] {processor.py:925} INFO - DAG(s) 'raw_from_api_to_s3' retrieved from /opt/airflow/dags/row_from_api_to_s3.py
[2026-07-25T15:58:40.470+0000] {logging_mixin.py:190} INFO - [2026-07-25T15:58:40.470+0000] {dag.py:3239} INFO - Sync 1 DAGs
[2026-07-25T15:58:40.483+0000] {logging_mixin.py:190} INFO - [2026-07-25T15:58:40.483+0000] {dag.py:4180} INFO - Setting next_dagrun for raw_from_api_to_s3 to 2026-07-25 02:00:00+00:00, run_after=2026-07-26 02:00:00+00:00
[2026-07-25T15:58:40.497+0000] {processor.py:208} INFO - Processing /opt/airflow/dags/row_from_api_to_s3.py took 0.080 seconds
[2026-07-25T15:59:10.825+0000] {processor.py:186} INFO - Started process (PID=33961) to work on /opt/airflow/dags/row_from_api_to_s3.py
[2026-07-25T15:59:10.826+0000] {processor.py:914} INFO - Processing file /opt/airflow/dags/row_from_api_to_s3.py for tasks to queue
[2026-07-25T15:59:10.827+0000] {logging_mixin.py:190} INFO - [2026-07-25T15:59:10.827+0000] {dagbag.py:588} INFO - Filling up the DagBag from /opt/airflow/dags/row_from_api_to_s3.py
[2026-07-25T15:59:10.866+0000] {processor.py:925} INFO - DAG(s) 'raw_from_api_to_s3' retrieved from /opt/airflow/dags/row_from_api_to_s3.py
[2026-07-25T15:59:10.872+0000] {logging_mixin.py:190} INFO - [2026-07-25T15:59:10.872+0000] {dag.py:3239} INFO - Sync 1 DAGs
[2026-07-25T15:59:10.884+0000] {logging_mixin.py:190} INFO - [2026-07-25T15:59:10.884+0000] {dag.py:4180} INFO - Setting next_dagrun for raw_from_api_to_s3 to 2026-07-25 02:00:00+00:00, run_after=2026-07-26 02:00:00+00:00
[2026-07-25T15:59:10.894+0000] {processor.py:208} INFO - Processing /opt/airflow/dags/row_from_api_to_s3.py took 0.072 seconds
[2026-07-25T15:59:41.255+0000] {processor.py:186} INFO - Started process (PID=33986) to work on /opt/airflow/dags/row_from_api_to_s3.py
[2026-07-25T15:59:41.256+0000] {processor.py:914} INFO - Processing file /opt/airflow/dags/row_from_api_to_s3.py for tasks to queue
[2026-07-25T15:59:41.257+0000] {logging_mixin.py:190} INFO - [2026-07-25T15:59:41.257+0000] {dagbag.py:588} INFO - Filling up the DagBag from /opt/airflow/dags/row_from_api_to_s3.py
[2026-07-25T15:59:41.294+0000] {processor.py:925} INFO - DAG(s) 'raw_from_api_to_s3' retrieved from /opt/airflow/dags/row_from_api_to_s3.py
[2026-07-25T15:59:41.301+0000] {logging_mixin.py:190} INFO - [2026-07-25T15:59:41.301+0000] {dag.py:3239} INFO - Sync 1 DAGs
[2026-07-25T15:59:41.315+0000] {logging_mixin.py:190} INFO - [2026-07-25T15:59:41.315+0000] {dag.py:4180} INFO - Setting next_dagrun for raw_from_api_to_s3 to 2026-07-25 02:00:00+00:00, run_after=2026-07-26 02:00:00+00:00
[2026-07-25T15:59:41.325+0000] {processor.py:208} INFO - Processing /opt/airflow/dags/row_from_api_to_s3.py took 0.073 seconds
[2026-07-25T16:00:11.742+0000] {processor.py:186} INFO - Started process (PID=34026) to work on /opt/airflow/dags/row_from_api_to_s3.py
[2026-07-25T16:00:11.742+0000] {processor.py:914} INFO - Processing file /opt/airflow/dags/row_from_api_to_s3.py for tasks to queue
[2026-07-25T16:00:11.744+0000] {logging_mixin.py:190} INFO - [2026-07-25T16:00:11.743+0000] {dagbag.py:588} INFO - Filling up the DagBag from /opt/airflow/dags/row_from_api_to_s3.py
[2026-07-25T16:00:11.779+0000] {processor.py:925} INFO - DAG(s) 'raw_from_api_to_s3' retrieved from /opt/airflow/dags/row_from_api_to_s3.py
[2026-07-25T16:00:11.786+0000] {logging_mixin.py:190} INFO - [2026-07-25T16:00:11.785+0000] {dag.py:3239} INFO - Sync 1 DAGs
[2026-07-25T16:00:11.798+0000] {logging_mixin.py:190} INFO - [2026-07-25T16:00:11.798+0000] {dag.py:4180} INFO - Setting next_dagrun for raw_from_api_to_s3 to 2026-07-25 02:00:00+00:00, run_after=2026-07-26 02:00:00+00:00
[2026-07-25T16:00:11.809+0000] {processor.py:208} INFO - Processing /opt/airflow/dags/row_from_api_to_s3.py took 0.071 seconds
[2026-07-25T16:00:42.122+0000] {processor.py:186} INFO - Started process (PID=34066) to work on /opt/airflow/dags/row_from_api_to_s3.py
[2026-07-25T16:00:42.123+0000] {processor.py:914} INFO - Processing file /opt/airflow/dags/row_from_api_to_s3.py for tasks to queue
[2026-07-25T16:00:42.124+0000] {logging_mixin.py:190} INFO - [2026-07-25T16:00:42.124+0000] {dagbag.py:588} INFO - Filling up the DagBag from /opt/airflow/dags/row_from_api_to_s3.py
[2026-07-25T16:00:42.163+0000] {processor.py:925} INFO - DAG(s) 'raw_from_api_to_s3' retrieved from /opt/airflow/dags/row_from_api_to_s3.py
[2026-07-25T16:00:42.170+0000] {logging_mixin.py:190} INFO - [2026-07-25T16:00:42.170+0000] {dag.py:3239} INFO - Sync 1 DAGs
[2026-07-25T16:00:42.182+0000] {logging_mixin.py:190} INFO - [2026-07-25T16:00:42.182+0000] {dag.py:4180} INFO - Setting next_dagrun for raw_from_api_to_s3 to 2026-07-25 02:00:00+00:00, run_after=2026-07-26 02:00:00+00:00
[2026-07-25T16:00:42.193+0000] {processor.py:208} INFO - Processing /opt/airflow/dags/row_from_api_to_s3.py took 0.074 seconds
[2026-07-25T16:01:12.614+0000] {processor.py:186} INFO - Started process (PID=34106) to work on /opt/airflow/dags/row_from_api_to_s3.py
[2026-07-25T16:01:12.614+0000] {processor.py:914} INFO - Processing file /opt/airflow/dags/row_from_api_to_s3.py for tasks to queue
[2026-07-25T16:01:12.615+0000] {logging_mixin.py:190} INFO - [2026-07-25T16:01:12.614+0000] {dagbag.py:588} INFO - Filling up the DagBag from /opt/airflow/dags/row_from_api_to_s3.py
[2026-07-25T16:01:12.651+0000] {processor.py:925} INFO - DAG(s) 'raw_from_api_to_s3' retrieved from /opt/airflow/dags/row_from_api_to_s3.py
[2026-07-25T16:01:12.657+0000] {logging_mixin.py:190} INFO - [2026-07-25T16:01:12.657+0000] {dag.py:3239} INFO - Sync 1 DAGs
[2026-07-25T16:01:12.670+0000] {logging_mixin.py:190} INFO - [2026-07-25T16:01:12.670+0000] {dag.py:4180} INFO - Setting next_dagrun for raw_from_api_to_s3 to 2026-07-25 02:00:00+00:00, run_after=2026-07-26 02:00:00+00:00
[2026-07-25T16:01:12.680+0000] {processor.py:208} INFO - Processing /opt/airflow/dags/row_from_api_to_s3.py took 0.070 seconds
[2026-07-25T16:01:43.081+0000] {processor.py:186} INFO - Started process (PID=34146) to work on /opt/airflow/dags/row_from_api_to_s3.py
[2026-07-25T16:01:43.081+0000] {processor.py:914} INFO - Processing file /opt/airflow/dags/row_from_api_to_s3.py for tasks to queue
[2026-07-25T16:01:43.082+0000] {logging_mixin.py:190} INFO - [2026-07-25T16:01:43.082+0000] {dagbag.py:588} INFO - Filling up the DagBag from /opt/airflow/dags/row_from_api_to_s3.py
[2026-07-25T16:01:43.121+0000] {processor.py:925} INFO - DAG(s) 'raw_from_api_to_s3' retrieved from /opt/airflow/dags/row_from_api_to_s3.py
[2026-07-25T16:01:43.126+0000] {logging_mixin.py:190} INFO - [2026-07-25T16:01:43.126+0000] {dag.py:3239} INFO - Sync 1 DAGs
[2026-07-25T16:01:43.140+0000] {logging_mixin.py:190} INFO - [2026-07-25T16:01:43.140+0000] {dag.py:4180} INFO - Setting next_dagrun for raw_from_api_to_s3 to 2026-07-25 02:00:00+00:00, run_after=2026-07-26 02:00:00+00:00
[2026-07-25T16:01:43.150+0000] {processor.py:208} INFO - Processing /opt/airflow/dags/row_from_api_to_s3.py took 0.074 seconds
[2026-07-25T16:02:13.551+0000] {processor.py:186} INFO - Started process (PID=34186) to work on /opt/airflow/dags/row_from_api_to_s3.py
[2026-07-25T16:02:13.551+0000] {processor.py:914} INFO - Processing file /opt/airflow/dags/row_from_api_to_s3.py for tasks to queue
[2026-07-25T16:02:13.552+0000] {logging_mixin.py:190} INFO - [2026-07-25T16:02:13.552+0000] {dagbag.py:588} INFO - Filling up the DagBag from /opt/airflow/dags/row_from_api_to_s3.py
[2026-07-25T16:02:13.587+0000] {processor.py:925} INFO - DAG(s) 'raw_from_api_to_s3' retrieved from /opt/airflow/dags/row_from_api_to_s3.py
[2026-07-25T16:02:13.593+0000] {logging_mixin.py:190} INFO - [2026-07-25T16:02:13.593+0000] {dag.py:3239} INFO - Sync 1 DAGs
[2026-07-25T16:02:13.606+0000] {logging_mixin.py:190} INFO - [2026-07-25T16:02:13.606+0000] {dag.py:4180} INFO - Setting next_dagrun for raw_from_api_to_s3 to 2026-07-25 02:00:00+00:00, run_after=2026-07-26 02:00:00+00:00
[2026-07-25T16:02:13.617+0000] {processor.py:208} INFO - Processing /opt/airflow/dags/row_from_api_to_s3.py took 0.069 seconds
[2026-07-25T16:02:44.017+0000] {processor.py:186} INFO - Started process (PID=34226) to work on /opt/airflow/dags/row_from_api_to_s3.py
[2026-07-25T16:02:44.018+0000] {processor.py:914} INFO - Processing file /opt/airflow/dags/row_from_api_to_s3.py for tasks to queue
[2026-07-25T16:02:44.018+0000] {logging_mixin.py:190} INFO - [2026-07-25T16:02:44.018+0000] {dagbag.py:588} INFO - Filling up the DagBag from /opt/airflow/dags/row_from_api_to_s3.py
[2026-07-25T16:02:44.056+0000] {processor.py:925} INFO - DAG(s) 'raw_from_api_to_s3' retrieved from /opt/airflow/dags/row_from_api_to_s3.py
[2026-07-25T16:02:44.062+0000] {logging_mixin.py:190} INFO - [2026-07-25T16:02:44.062+0000] {dag.py:3239} INFO - Sync 1 DAGs
[2026-07-25T16:02:44.074+0000] {logging_mixin.py:190} INFO - [2026-07-25T16:02:44.074+0000] {dag.py:4180} INFO - Setting next_dagrun for raw_from_api_to_s3 to 2026-07-25 02:00:00+00:00, run_after=2026-07-26 02:00:00+00:00
[2026-07-25T16:02:44.085+0000] {processor.py:208} INFO - Processing /opt/airflow/dags/row_from_api_to_s3.py took 0.073 seconds
[2026-07-25T16:03:14.446+0000] {processor.py:186} INFO - Started process (PID=34266) to work on /opt/airflow/dags/row_from_api_to_s3.py
[2026-07-25T16:03:14.446+0000] {processor.py:914} INFO - Processing file /opt/airflow/dags/row_from_api_to_s3.py for tasks to queue
[2026-07-25T16:03:14.447+0000] {logging_mixin.py:190} INFO - [2026-07-25T16:03:14.447+0000] {dagbag.py:588} INFO - Filling up the DagBag from /opt/airflow/dags/row_from_api_to_s3.py
[2026-07-25T16:03:14.484+0000] {processor.py:925} INFO - DAG(s) 'raw_from_api_to_s3' retrieved from /opt/airflow/dags/row_from_api_to_s3.py
[2026-07-25T16:03:14.490+0000] {logging_mixin.py:190} INFO - [2026-07-25T16:03:14.490+0000] {dag.py:3239} INFO - Sync 1 DAGs
[2026-07-25T16:03:14.503+0000] {logging_mixin.py:190} INFO - [2026-07-25T16:03:14.503+0000] {dag.py:4180} INFO - Setting next_dagrun for raw_from_api_to_s3 to 2026-07-25 02:00:00+00:00, run_after=2026-07-26 02:00:00+00:00
[2026-07-25T16:03:14.514+0000] {processor.py:208} INFO - Processing /opt/airflow/dags/row_from_api_to_s3.py took 0.073 seconds
[2026-07-25T16:03:44.941+0000] {processor.py:186} INFO - Started process (PID=34306) to work on /opt/airflow/dags/row_from_api_to_s3.py
[2026-07-25T16:03:44.942+0000] {processor.py:914} INFO - Processing file /opt/airflow/dags/row_from_api_to_s3.py for tasks to queue
[2026-07-25T16:03:44.942+0000] {logging_mixin.py:190} INFO - [2026-07-25T16:03:44.942+0000] {dagbag.py:588} INFO - Filling up the DagBag from /opt/airflow/dags/row_from_api_to_s3.py
[2026-07-25T16:03:44.981+0000] {processor.py:925} INFO - DAG(s) 'raw_from_api_to_s3' retrieved from /opt/airflow/dags/row_from_api_to_s3.py
[2026-07-25T16:03:44.987+0000] {logging_mixin.py:190} INFO - [2026-07-25T16:03:44.987+0000] {dag.py:3239} INFO - Sync 1 DAGs
[2026-07-25T16:03:45.000+0000] {logging_mixin.py:190} INFO - [2026-07-25T16:03:45.000+0000] {dag.py:4180} INFO - Setting next_dagrun for raw_from_api_to_s3 to 2026-07-25 02:00:00+00:00, run_after=2026-07-26 02:00:00+00:00
[2026-07-25T16:03:45.009+0000] {processor.py:208} INFO - Processing /opt/airflow/dags/row_from_api_to_s3.py took 0.072 seconds
[2026-07-25T16:04:15.463+0000] {processor.py:186} INFO - Started process (PID=34346) to work on /opt/airflow/dags/row_from_api_to_s3.py
[2026-07-25T16:04:15.464+0000] {processor.py:914} INFO - Processing file /opt/airflow/dags/row_from_api_to_s3.py for tasks to queue
[2026-07-25T16:04:15.464+0000] {logging_mixin.py:190} INFO - [2026-07-25T16:04:15.464+0000] {dagbag.py:588} INFO - Filling up the DagBag from /opt/airflow/dags/row_from_api_to_s3.py
[2026-07-25T16:04:15.499+0000] {processor.py:925} INFO - DAG(s) 'raw_from_api_to_s3' retrieved from /opt/airflow/dags/row_from_api_to_s3.py
[2026-07-25T16:04:15.505+0000] {logging_mixin.py:190} INFO - [2026-07-25T16:04:15.505+0000] {dag.py:3239} INFO - Sync 1 DAGs
[2026-07-25T16:04:15.518+0000] {logging_mixin.py:190} INFO - [2026-07-25T16:04:15.517+0000] {dag.py:4180} INFO - Setting next_dagrun for raw_from_api_to_s3 to 2026-07-25 02:00:00+00:00, run_after=2026-07-26 02:00:00+00:00
[2026-07-25T16:04:15.528+0000] {processor.py:208} INFO - Processing /opt/airflow/dags/row_from_api_to_s3.py took 0.069 seconds
[2026-07-25T16:04:45.960+0000] {processor.py:186} INFO - Started process (PID=34386) to work on /opt/airflow/dags/row_from_api_to_s3.py
[2026-07-25T16:04:45.960+0000] {processor.py:914} INFO - Processing file /opt/airflow/dags/row_from_api_to_s3.py for tasks to queue
[2026-07-25T16:04:45.961+0000] {logging_mixin.py:190} INFO - [2026-07-25T16:04:45.960+0000] {dagbag.py:588} INFO - Filling up the DagBag from /opt/airflow/dags/row_from_api_to_s3.py
[2026-07-25T16:04:45.996+0000] {processor.py:925} INFO - DAG(s) 'raw_from_api_to_s3' retrieved from /opt/airflow/dags/row_from_api_to_s3.py
[2026-07-25T16:04:46.001+0000] {logging_mixin.py:190} INFO - [2026-07-25T16:04:46.001+0000] {dag.py:3239} INFO - Sync 1 DAGs
[2026-07-25T16:04:46.013+0000] {logging_mixin.py:190} INFO - [2026-07-25T16:04:46.013+0000] {dag.py:4180} INFO - Setting next_dagrun for raw_from_api_to_s3 to 2026-07-25 02:00:00+00:00, run_after=2026-07-26 02:00:00+00:00
[2026-07-25T16:04:46.026+0000] {processor.py:208} INFO - Processing /opt/airflow/dags/row_from_api_to_s3.py took 0.069 seconds
[2026-07-25T16:05:16.432+0000] {processor.py:186} INFO - Started process (PID=34426) to work on /opt/airflow/dags/row_from_api_to_s3.py
[2026-07-25T16:05:16.433+0000] {processor.py:914} INFO - Processing file /opt/airflow/dags/row_from_api_to_s3.py for tasks to queue
[2026-07-25T16:05:16.433+0000] {logging_mixin.py:190} INFO - [2026-07-25T16:05:16.433+0000] {dagbag.py:588} INFO - Filling up the DagBag from /opt/airflow/dags/row_from_api_to_s3.py
[2026-07-25T16:05:16.472+0000] {processor.py:925} INFO - DAG(s) 'raw_from_api_to_s3' retrieved from /opt/airflow/dags/row_from_api_to_s3.py
[2026-07-25T16:05:16.478+0000] {logging_mixin.py:190} INFO - [2026-07-25T16:05:16.477+0000] {dag.py:3239} INFO - Sync 1 DAGs
[2026-07-25T16:05:16.491+0000] {logging_mixin.py:190} INFO - [2026-07-25T16:05:16.490+0000] {dag.py:4180} INFO - Setting next_dagrun for raw_from_api_to_s3 to 2026-07-25 02:00:00+00:00, run_after=2026-07-26 02:00:00+00:00
[2026-07-25T16:05:16.500+0000] {processor.py:208} INFO - Processing /opt/airflow/dags/row_from_api_to_s3.py took 0.071 seconds
[2026-07-25T16:05:46.927+0000] {processor.py:186} INFO - Started process (PID=34466) to work on /opt/airflow/dags/row_from_api_to_s3.py
[2026-07-25T16:05:46.927+0000] {processor.py:914} INFO - Processing file /opt/airflow/dags/row_from_api_to_s3.py for tasks to queue
[2026-07-25T16:05:46.928+0000] {logging_mixin.py:190} INFO - [2026-07-25T16:05:46.927+0000] {dagbag.py:588} INFO - Filling up the DagBag from /opt/airflow/dags/row_from_api_to_s3.py
[2026-07-25T16:05:46.961+0000] {processor.py:925} INFO - DAG(s) 'raw_from_api_to_s3' retrieved from /opt/airflow/dags/row_from_api_to_s3.py
[2026-07-25T16:05:46.967+0000] {logging_mixin.py:190} INFO - [2026-07-25T16:05:46.966+0000] {dag.py:3239} INFO - Sync 1 DAGs
[2026-07-25T16:05:46.979+0000] {logging_mixin.py:190} INFO - [2026-07-25T16:05:46.979+0000] {dag.py:4180} INFO - Setting next_dagrun for raw_from_api_to_s3 to 2026-07-25 02:00:00+00:00, run_after=2026-07-26 02:00:00+00:00
[2026-07-25T16:05:46.990+0000] {processor.py:208} INFO - Processing /opt/airflow/dags/row_from_api_to_s3.py took 0.066 seconds
[2026-07-25T16:06:17.407+0000] {processor.py:186} INFO - Started process (PID=34506) to work on /opt/airflow/dags/row_from_api_to_s3.py
[2026-07-25T16:06:17.407+0000] {processor.py:914} INFO - Processing file /opt/airflow/dags/row_from_api_to_s3.py for tasks to queue
[2026-07-25T16:06:17.408+0000] {logging_mixin.py:190} INFO - [2026-07-25T16:06:17.408+0000] {dagbag.py:588} INFO - Filling up the DagBag from /opt/airflow/dags/row_from_api_to_s3.py
[2026-07-25T16:06:17.449+0000] {processor.py:925} INFO - DAG(s) 'raw_from_api_to_s3' retrieved from /opt/airflow/dags/row_from_api_to_s3.py
[2026-07-25T16:06:17.454+0000] {logging_mixin.py:190} INFO - [2026-07-25T16:06:17.454+0000] {dag.py:3239} INFO - Sync 1 DAGs
[2026-07-25T16:06:17.467+0000] {logging_mixin.py:190} INFO - [2026-07-25T16:06:17.467+0000] {dag.py:4180} INFO - Setting next_dagrun for raw_from_api_to_s3 to 2026-07-25 02:00:00+00:00, run_after=2026-07-26 02:00:00+00:00
[2026-07-25T16:06:17.479+0000] {processor.py:208} INFO - Processing /opt/airflow/dags/row_from_api_to_s3.py took 0.075 seconds
[2026-07-25T16:06:47.865+0000] {processor.py:186} INFO - Started process (PID=34546) to work on /opt/airflow/dags/row_from_api_to_s3.py
[2026-07-25T16:06:47.865+0000] {processor.py:914} INFO - Processing file /opt/airflow/dags/row_from_api_to_s3.py for tasks to queue
[2026-07-25T16:06:47.866+0000] {logging_mixin.py:190} INFO - [2026-07-25T16:06:47.866+0000] {dagbag.py:588} INFO - Filling up the DagBag from /opt/airflow/dags/row_from_api_to_s3.py
[2026-07-25T16:06:47.900+0000] {processor.py:925} INFO - DAG(s) 'raw_from_api_to_s3' retrieved from /opt/airflow/dags/row_from_api_to_s3.py
[2026-07-25T16:06:47.906+0000] {logging_mixin.py:190} INFO - [2026-07-25T16:06:47.906+0000] {dag.py:3239} INFO - Sync 1 DAGs
[2026-07-25T16:06:47.919+0000] {logging_mixin.py:190} INFO - [2026-07-25T16:06:47.919+0000] {dag.py:4180} INFO - Setting next_dagrun for raw_from_api_to_s3 to 2026-07-25 02:00:00+00:00, run_after=2026-07-26 02:00:00+00:00
[2026-07-25T16:06:47.931+0000] {processor.py:208} INFO - Processing /opt/airflow/dags/row_from_api_to_s3.py took 0.069 seconds
[2026-07-25T16:07:18.403+0000] {processor.py:186} INFO - Started process (PID=34586) to work on /opt/airflow/dags/row_from_api_to_s3.py
[2026-07-25T16:07:18.404+0000] {processor.py:914} INFO - Processing file /opt/airflow/dags/row_from_api_to_s3.py for tasks to queue
[2026-07-25T16:07:18.404+0000] {logging_mixin.py:190} INFO - [2026-07-25T16:07:18.404+0000] {dagbag.py:588} INFO - Filling up the DagBag from /opt/airflow/dags/row_from_api_to_s3.py
[2026-07-25T16:07:18.443+0000] {processor.py:925} INFO - DAG(s) 'raw_from_api_to_s3' retrieved from /opt/airflow/dags/row_from_api_to_s3.py
[2026-07-25T16:07:18.451+0000] {logging_mixin.py:190} INFO - [2026-07-25T16:07:18.451+0000] {dag.py:3239} INFO - Sync 1 DAGs
[2026-07-25T16:07:18.464+0000] {logging_mixin.py:190} INFO - [2026-07-25T16:07:18.464+0000] {dag.py:4180} INFO - Setting next_dagrun for raw_from_api_to_s3 to 2026-07-25 02:00:00+00:00, run_after=2026-07-26 02:00:00+00:00
[2026-07-25T16:07:18.475+0000] {processor.py:208} INFO - Processing /opt/airflow/dags/row_from_api_to_s3.py took 0.074 seconds
[2026-07-25T16:07:48.806+0000] {processor.py:186} INFO - Started process (PID=34626) to work on /opt/airflow/dags/row_from_api_to_s3.py
[2026-07-25T16:07:48.807+0000] {processor.py:914} INFO - Processing file /opt/airflow/dags/row_from_api_to_s3.py for tasks to queue
[2026-07-25T16:07:48.808+0000] {logging_mixin.py:190} INFO - [2026-07-25T16:07:48.807+0000] {dagbag.py:588} INFO - Filling up the DagBag from /opt/airflow/dags/row_from_api_to_s3.py
[2026-07-25T16:07:48.852+0000] {processor.py:925} INFO - DAG(s) 'raw_from_api_to_s3' retrieved from /opt/airflow/dags/row_from_api_to_s3.py
[2026-07-25T16:07:48.857+0000] {logging_mixin.py:190} INFO - [2026-07-25T16:07:48.857+0000] {dag.py:3239} INFO - Sync 1 DAGs
[2026-07-25T16:07:48.871+0000] {logging_mixin.py:190} INFO - [2026-07-25T16:07:48.870+0000] {dag.py:4180} INFO - Setting next_dagrun for raw_from_api_to_s3 to 2026-07-25 02:00:00+00:00, run_after=2026-07-26 02:00:00+00:00
[2026-07-25T16:07:48.883+0000] {processor.py:208} INFO - Processing /opt/airflow/dags/row_from_api_to_s3.py took 0.081 seconds
[2026-07-25T16:08:19.325+0000] {processor.py:186} INFO - Started process (PID=34666) to work on /opt/airflow/dags/row_from_api_to_s3.py
[2026-07-25T16:08:19.326+0000] {processor.py:914} INFO - Processing file /opt/airflow/dags/row_from_api_to_s3.py for tasks to queue
[2026-07-25T16:08:19.327+0000] {logging_mixin.py:190} INFO - [2026-07-25T16:08:19.327+0000] {dagbag.py:588} INFO - Filling up the DagBag from /opt/airflow/dags/row_from_api_to_s3.py
[2026-07-25T16:08:19.365+0000] {processor.py:925} INFO - DAG(s) 'raw_from_api_to_s3' retrieved from /opt/airflow/dags/row_from_api_to_s3.py
[2026-07-25T16:08:19.371+0000] {logging_mixin.py:190} INFO - [2026-07-25T16:08:19.371+0000] {dag.py:3239} INFO - Sync 1 DAGs
[2026-07-25T16:08:19.384+0000] {logging_mixin.py:190} INFO - [2026-07-25T16:08:19.384+0000] {dag.py:4180} INFO - Setting next_dagrun for raw_from_api_to_s3 to 2026-07-25 02:00:00+00:00, run_after=2026-07-26 02:00:00+00:00
[2026-07-25T16:08:19.394+0000] {processor.py:208} INFO - Processing /opt/airflow/dags/row_from_api_to_s3.py took 0.074 seconds
[2026-07-25T16:08:49.869+0000] {processor.py:186} INFO - Started process (PID=34706) to work on /opt/airflow/dags/row_from_api_to_s3.py
[2026-07-25T16:08:49.870+0000] {processor.py:914} INFO - Processing file /opt/airflow/dags/row_from_api_to_s3.py for tasks to queue
[2026-07-25T16:08:49.870+0000] {logging_mixin.py:190} INFO - [2026-07-25T16:08:49.870+0000] {dagbag.py:588} INFO - Filling up the DagBag from /opt/airflow/dags/row_from_api_to_s3.py
[2026-07-25T16:08:49.903+0000] {processor.py:925} INFO - DAG(s) 'raw_from_api_to_s3' retrieved from /opt/airflow/dags/row_from_api_to_s3.py
[2026-07-25T16:08:49.909+0000] {logging_mixin.py:190} INFO - [2026-07-25T16:08:49.909+0000] {dag.py:3239} INFO - Sync 1 DAGs
[2026-07-25T16:08:49.921+0000] {logging_mixin.py:190} INFO - [2026-07-25T16:08:49.921+0000] {dag.py:4180} INFO - Setting next_dagrun for raw_from_api_to_s3 to 2026-07-25 02:00:00+00:00, run_after=2026-07-26 02:00:00+00:00
[2026-07-25T16:08:49.933+0000] {processor.py:208} INFO - Processing /opt/airflow/dags/row_from_api_to_s3.py took 0.066 seconds
[2026-07-25T16:09:20.323+0000] {processor.py:186} INFO - Started process (PID=34746) to work on /opt/airflow/dags/row_from_api_to_s3.py
[2026-07-25T16:09:20.324+0000] {processor.py:914} INFO - Processing file /opt/airflow/dags/row_from_api_to_s3.py for tasks to queue
[2026-07-25T16:09:20.325+0000] {logging_mixin.py:190} INFO - [2026-07-25T16:09:20.325+0000] {dagbag.py:588} INFO - Filling up the DagBag from /opt/airflow/dags/row_from_api_to_s3.py
[2026-07-25T16:09:20.360+0000] {processor.py:925} INFO - DAG(s) 'raw_from_api_to_s3' retrieved from /opt/airflow/dags/row_from_api_to_s3.py
[2026-07-25T16:09:20.366+0000] {logging_mixin.py:190} INFO - [2026-07-25T16:09:20.365+0000] {dag.py:3239} INFO - Sync 1 DAGs
[2026-07-25T16:09:20.379+0000] {logging_mixin.py:190} INFO - [2026-07-25T16:09:20.379+0000] {dag.py:4180} INFO - Setting next_dagrun for raw_from_api_to_s3 to 2026-07-25 02:00:00+00:00, run_after=2026-07-26 02:00:00+00:00
[2026-07-25T16:09:20.389+0000] {processor.py:208} INFO - Processing /opt/airflow/dags/row_from_api_to_s3.py took 0.070 seconds
[2026-07-25T16:09:50.849+0000] {processor.py:186} INFO - Started process (PID=34786) to work on /opt/airflow/dags/row_from_api_to_s3.py
[2026-07-25T16:09:50.850+0000] {processor.py:914} INFO - Processing file /opt/airflow/dags/row_from_api_to_s3.py for tasks to queue
[2026-07-25T16:09:50.850+0000] {logging_mixin.py:190} INFO - [2026-07-25T16:09:50.850+0000] {dagbag.py:588} INFO - Filling up the DagBag from /opt/airflow/dags/row_from_api_to_s3.py
[2026-07-25T16:09:50.884+0000] {processor.py:925} INFO - DAG(s) 'raw_from_api_to_s3' retrieved from /opt/airflow/dags/row_from_api_to_s3.py
[2026-07-25T16:09:50.889+0000] {logging_mixin.py:190} INFO - [2026-07-25T16:09:50.889+0000] {dag.py:3239} INFO - Sync 1 DAGs
[2026-07-25T16:09:50.902+0000] {logging_mixin.py:190} INFO - [2026-07-25T16:09:50.902+0000] {dag.py:4180} INFO - Setting next_dagrun for raw_from_api_to_s3 to 2026-07-25 02:00:00+00:00, run_after=2026-07-26 02:00:00+00:00
[2026-07-25T16:09:50.913+0000] {processor.py:208} INFO - Processing /opt/airflow/dags/row_from_api_to_s3.py took 0.066 seconds
[2026-07-25T16:10:21.361+0000] {processor.py:186} INFO - Started process (PID=34826) to work on /opt/airflow/dags/row_from_api_to_s3.py
[2026-07-25T16:10:21.362+0000] {processor.py:914} INFO - Processing file /opt/airflow/dags/row_from_api_to_s3.py for tasks to queue
[2026-07-25T16:10:21.363+0000] {logging_mixin.py:190} INFO - [2026-07-25T16:10:21.363+0000] {dagbag.py:588} INFO - Filling up the DagBag from /opt/airflow/dags/row_from_api_to_s3.py
[2026-07-25T16:10:21.398+0000] {processor.py:925} INFO - DAG(s) 'raw_from_api_to_s3' retrieved from /opt/airflow/dags/row_from_api_to_s3.py
[2026-07-25T16:10:21.403+0000] {logging_mixin.py:190} INFO - [2026-07-25T16:10:21.403+0000] {dag.py:3239} INFO - Sync 1 DAGs
[2026-07-25T16:10:21.416+0000] {logging_mixin.py:190} INFO - [2026-07-25T16:10:21.416+0000] {dag.py:4180} INFO - Setting next_dagrun for raw_from_api_to_s3 to 2026-07-25 02:00:00+00:00, run_after=2026-07-26 02:00:00+00:00
[2026-07-25T16:10:21.426+0000] {processor.py:208} INFO - Processing /opt/airflow/dags/row_from_api_to_s3.py took 0.069 seconds
[2026-07-25T16:10:51.906+0000] {processor.py:186} INFO - Started process (PID=34866) to work on /opt/airflow/dags/row_from_api_to_s3.py
[2026-07-25T16:10:51.907+0000] {processor.py:914} INFO - Processing file /opt/airflow/dags/row_from_api_to_s3.py for tasks to queue
[2026-07-25T16:10:51.907+0000] {logging_mixin.py:190} INFO - [2026-07-25T16:10:51.907+0000] {dagbag.py:588} INFO - Filling up the DagBag from /opt/airflow/dags/row_from_api_to_s3.py
[2026-07-25T16:10:51.943+0000] {processor.py:925} INFO - DAG(s) 'raw_from_api_to_s3' retrieved from /opt/airflow/dags/row_from_api_to_s3.py
[2026-07-25T16:10:51.949+0000] {logging_mixin.py:190} INFO - [2026-07-25T16:10:51.949+0000] {dag.py:3239} INFO - Sync 1 DAGs
[2026-07-25T16:10:51.961+0000] {logging_mixin.py:190} INFO - [2026-07-25T16:10:51.961+0000] {dag.py:4180} INFO - Setting next_dagrun for raw_from_api_to_s3 to 2026-07-25 02:00:00+00:00, run_after=2026-07-26 02:00:00+00:00
[2026-07-25T16:10:51.973+0000] {processor.py:208} INFO - Processing /opt/airflow/dags/row_from_api_to_s3.py took 0.070 seconds
[2026-07-25T16:11:22.411+0000] {processor.py:186} INFO - Started process (PID=34906) to work on /opt/airflow/dags/row_from_api_to_s3.py
[2026-07-25T16:11:22.412+0000] {processor.py:914} INFO - Processing file /opt/airflow/dags/row_from_api_to_s3.py for tasks to queue
[2026-07-25T16:11:22.412+0000] {logging_mixin.py:190} INFO - [2026-07-25T16:11:22.412+0000] {dagbag.py:588} INFO - Filling up the DagBag from /opt/airflow/dags/row_from_api_to_s3.py
[2026-07-25T16:11:22.450+0000] {processor.py:925} INFO - DAG(s) 'raw_from_api_to_s3' retrieved from /opt/airflow/dags/row_from_api_to_s3.py
[2026-07-25T16:11:22.456+0000] {logging_mixin.py:190} INFO - [2026-07-25T16:11:22.456+0000] {dag.py:3239} INFO - Sync 1 DAGs
[2026-07-25T16:11:22.469+0000] {logging_mixin.py:190} INFO - [2026-07-25T16:11:22.469+0000] {dag.py:4180} INFO - Setting next_dagrun for raw_from_api_to_s3 to 2026-07-25 02:00:00+00:00, run_after=2026-07-26 02:00:00+00:00
[2026-07-25T16:11:22.479+0000] {processor.py:208} INFO - Processing /opt/airflow/dags/row_from_api_to_s3.py took 0.071 seconds
[2026-07-25T16:11:52.900+0000] {processor.py:186} INFO - Started process (PID=34946) to work on /opt/airflow/dags/row_from_api_to_s3.py
[2026-07-25T16:11:52.900+0000] {processor.py:914} INFO - Processing file /opt/airflow/dags/row_from_api_to_s3.py for tasks to queue
[2026-07-25T16:11:52.901+0000] {logging_mixin.py:190} INFO - [2026-07-25T16:11:52.901+0000] {dagbag.py:588} INFO - Filling up the DagBag from /opt/airflow/dags/row_from_api_to_s3.py
[2026-07-25T16:11:52.935+0000] {processor.py:925} INFO - DAG(s) 'raw_from_api_to_s3' retrieved from /opt/airflow/dags/row_from_api_to_s3.py
[2026-07-25T16:11:52.941+0000] {logging_mixin.py:190} INFO - [2026-07-25T16:11:52.941+0000] {dag.py:3239} INFO - Sync 1 DAGs
[2026-07-25T16:11:52.954+0000] {logging_mixin.py:190} INFO - [2026-07-25T16:11:52.954+0000] {dag.py:4180} INFO - Setting next_dagrun for raw_from_api_to_s3 to 2026-07-25 02:00:00+00:00, run_after=2026-07-26 02:00:00+00:00
[2026-07-25T16:11:52.965+0000] {processor.py:208} INFO - Processing /opt/airflow/dags/row_from_api_to_s3.py took 0.068 seconds
[2026-07-25T16:12:23.361+0000] {processor.py:186} INFO - Started process (PID=34992) to work on /opt/airflow/dags/row_from_api_to_s3.py
[2026-07-25T16:12:23.361+0000] {processor.py:914} INFO - Processing file /opt/airflow/dags/row_from_api_to_s3.py for tasks to queue
[2026-07-25T16:12:23.362+0000] {logging_mixin.py:190} INFO - [2026-07-25T16:12:23.362+0000] {dagbag.py:588} INFO - Filling up the DagBag from /opt/airflow/dags/row_from_api_to_s3.py
[2026-07-25T16:12:23.398+0000] {processor.py:925} INFO - DAG(s) 'raw_from_api_to_s3' retrieved from /opt/airflow/dags/row_from_api_to_s3.py
[2026-07-25T16:12:23.404+0000] {logging_mixin.py:190} INFO - [2026-07-25T16:12:23.404+0000] {dag.py:3239} INFO - Sync 1 DAGs
[2026-07-25T16:12:23.417+0000] {logging_mixin.py:190} INFO - [2026-07-25T16:12:23.417+0000] {dag.py:4180} INFO - Setting next_dagrun for raw_from_api_to_s3 to 2026-07-25 02:00:00+00:00, run_after=2026-07-26 02:00:00+00:00
[2026-07-25T16:12:23.426+0000] {processor.py:208} INFO - Processing /opt/airflow/dags/row_from_api_to_s3.py took 0.069 seconds
[2026-07-25T16:12:53.885+0000] {processor.py:186} INFO - Started process (PID=35032) to work on /opt/airflow/dags/row_from_api_to_s3.py
[2026-07-25T16:12:53.885+0000] {processor.py:914} INFO - Processing file /opt/airflow/dags/row_from_api_to_s3.py for tasks to queue
[2026-07-25T16:12:53.886+0000] {logging_mixin.py:190} INFO - [2026-07-25T16:12:53.886+0000] {dagbag.py:588} INFO - Filling up the DagBag from /opt/airflow/dags/row_from_api_to_s3.py
[2026-07-25T16:12:53.918+0000] {processor.py:925} INFO - DAG(s) 'raw_from_api_to_s3' retrieved from /opt/airflow/dags/row_from_api_to_s3.py
[2026-07-25T16:12:53.924+0000] {logging_mixin.py:190} INFO - [2026-07-25T16:12:53.924+0000] {dag.py:3239} INFO - Sync 1 DAGs
[2026-07-25T16:12:53.937+0000] {logging_mixin.py:190} INFO - [2026-07-25T16:12:53.937+0000] {dag.py:4180} INFO - Setting next_dagrun for raw_from_api_to_s3 to 2026-07-25 02:00:00+00:00, run_after=2026-07-26 02:00:00+00:00
[2026-07-25T16:12:53.948+0000] {processor.py:208} INFO - Processing /opt/airflow/dags/row_from_api_to_s3.py took 0.067 seconds
[2026-07-25T16:13:24.411+0000] {processor.py:186} INFO - Started process (PID=35072) to work on /opt/airflow/dags/row_from_api_to_s3.py
[2026-07-25T16:13:24.411+0000] {processor.py:914} INFO - Processing file /opt/airflow/dags/row_from_api_to_s3.py for tasks to queue
[2026-07-25T16:13:24.412+0000] {logging_mixin.py:190} INFO - [2026-07-25T16:13:24.412+0000] {dagbag.py:588} INFO - Filling up the DagBag from /opt/airflow/dags/row_from_api_to_s3.py
[2026-07-25T16:13:24.446+0000] {processor.py:925} INFO - DAG(s) 'raw_from_api_to_s3' retrieved from /opt/airflow/dags/row_from_api_to_s3.py
[2026-07-25T16:13:24.452+0000] {logging_mixin.py:190} INFO - [2026-07-25T16:13:24.451+0000] {dag.py:3239} INFO - Sync 1 DAGs
[2026-07-25T16:13:24.466+0000] {logging_mixin.py:190} INFO - [2026-07-25T16:13:24.466+0000] {dag.py:4180} INFO - Setting next_dagrun for raw_from_api_to_s3 to 2026-07-25 02:00:00+00:00, run_after=2026-07-26 02:00:00+00:00
[2026-07-25T16:13:24.475+0000] {processor.py:208} INFO - Processing /opt/airflow/dags/row_from_api_to_s3.py took 0.068 seconds
[2026-07-25T16:13:54.920+0000] {processor.py:186} INFO - Started process (PID=35112) to work on /opt/airflow/dags/row_from_api_to_s3.py
[2026-07-25T16:13:54.920+0000] {processor.py:914} INFO - Processing file /opt/airflow/dags/row_from_api_to_s3.py for tasks to queue
[2026-07-25T16:13:54.921+0000] {logging_mixin.py:190} INFO - [2026-07-25T16:13:54.921+0000] {dagbag.py:588} INFO - Filling up the DagBag from /opt/airflow/dags/row_from_api_to_s3.py
[2026-07-25T16:13:54.956+0000] {processor.py:925} INFO - DAG(s) 'raw_from_api_to_s3' retrieved from /opt/airflow/dags/row_from_api_to_s3.py
[2026-07-25T16:13:54.961+0000] {logging_mixin.py:190} INFO - [2026-07-25T16:13:54.961+0000] {dag.py:3239} INFO - Sync 1 DAGs
[2026-07-25T16:13:54.974+0000] {logging_mixin.py:190} INFO - [2026-07-25T16:13:54.974+0000] {dag.py:4180} INFO - Setting next_dagrun for raw_from_api_to_s3 to 2026-07-25 02:00:00+00:00, run_after=2026-07-26 02:00:00+00:00
[2026-07-25T16:13:54.985+0000] {processor.py:208} INFO - Processing /opt/airflow/dags/row_from_api_to_s3.py took 0.068 seconds
[2026-07-25T16:14:25.459+0000] {processor.py:186} INFO - Started process (PID=35152) to work on /opt/airflow/dags/row_from_api_to_s3.py
[2026-07-25T16:14:25.459+0000] {processor.py:914} INFO - Processing file /opt/airflow/dags/row_from_api_to_s3.py for tasks to queue
[2026-07-25T16:14:25.460+0000] {logging_mixin.py:190} INFO - [2026-07-25T16:14:25.460+0000] {dagbag.py:588} INFO - Filling up the DagBag from /opt/airflow/dags/row_from_api_to_s3.py
[2026-07-25T16:14:25.495+0000] {processor.py:925} INFO - DAG(s) 'raw_from_api_to_s3' retrieved from /opt/airflow/dags/row_from_api_to_s3.py
[2026-07-25T16:14:25.501+0000] {logging_mixin.py:190} INFO - [2026-07-25T16:14:25.501+0000] {dag.py:3239} INFO - Sync 1 DAGs
[2026-07-25T16:14:25.513+0000] {logging_mixin.py:190} INFO - [2026-07-25T16:14:25.513+0000] {dag.py:4180} INFO - Setting next_dagrun for raw_from_api_to_s3 to 2026-07-25 02:00:00+00:00, run_after=2026-07-26 02:00:00+00:00
[2026-07-25T16:14:25.524+0000] {processor.py:208} INFO - Processing /opt/airflow/dags/row_from_api_to_s3.py took 0.068 seconds
[2026-07-25T16:14:55.849+0000] {processor.py:186} INFO - Started process (PID=35192) to work on /opt/airflow/dags/row_from_api_to_s3.py
[2026-07-25T16:14:55.850+0000] {processor.py:914} INFO - Processing file /opt/airflow/dags/row_from_api_to_s3.py for tasks to queue
[2026-07-25T16:14:55.851+0000] {logging_mixin.py:190} INFO - [2026-07-25T16:14:55.851+0000] {dagbag.py:588} INFO - Filling up the DagBag from /opt/airflow/dags/row_from_api_to_s3.py
[2026-07-25T16:14:55.890+0000] {processor.py:925} INFO - DAG(s) 'raw_from_api_to_s3' retrieved from /opt/airflow/dags/row_from_api_to_s3.py
[2026-07-25T16:14:55.898+0000] {logging_mixin.py:190} INFO - [2026-07-25T16:14:55.898+0000] {dag.py:3239} INFO - Sync 1 DAGs
[2026-07-25T16:14:55.912+0000] {logging_mixin.py:190} INFO - [2026-07-25T16:14:55.912+0000] {dag.py:4180} INFO - Setting next_dagrun for raw_from_api_to_s3 to 2026-07-25 02:00:00+00:00, run_after=2026-07-26 02:00:00+00:00
[2026-07-25T16:14:55.924+0000] {processor.py:208} INFO - Processing /opt/airflow/dags/row_from_api_to_s3.py took 0.079 seconds
[2026-07-25T16:15:26.306+0000] {processor.py:186} INFO - Started process (PID=35232) to work on /opt/airflow/dags/row_from_api_to_s3.py
[2026-07-25T16:15:26.306+0000] {processor.py:914} INFO - Processing file /opt/airflow/dags/row_from_api_to_s3.py for tasks to queue
[2026-07-25T16:15:26.307+0000] {logging_mixin.py:190} INFO - [2026-07-25T16:15:26.307+0000] {dagbag.py:588} INFO - Filling up the DagBag from /opt/airflow/dags/row_from_api_to_s3.py
[2026-07-25T16:15:26.342+0000] {processor.py:925} INFO - DAG(s) 'raw_from_api_to_s3' retrieved from /opt/airflow/dags/row_from_api_to_s3.py
[2026-07-25T16:15:26.348+0000] {logging_mixin.py:190} INFO - [2026-07-25T16:15:26.347+0000] {dag.py:3239} INFO - Sync 1 DAGs
[2026-07-25T16:15:26.361+0000] {logging_mixin.py:190} INFO - [2026-07-25T16:15:26.361+0000] {dag.py:4180} INFO - Setting next_dagrun for raw_from_api_to_s3 to 2026-07-25 02:00:00+00:00, run_after=2026-07-26 02:00:00+00:00
[2026-07-25T16:15:26.373+0000] {processor.py:208} INFO - Processing /opt/airflow/dags/row_from_api_to_s3.py took 0.072 seconds
[2026-07-25T16:15:56.847+0000] {processor.py:186} INFO - Started process (PID=35272) to work on /opt/airflow/dags/row_from_api_to_s3.py
[2026-07-25T16:15:56.848+0000] {processor.py:914} INFO - Processing file /opt/airflow/dags/row_from_api_to_s3.py for tasks to queue
[2026-07-25T16:15:56.848+0000] {logging_mixin.py:190} INFO - [2026-07-25T16:15:56.848+0000] {dagbag.py:588} INFO - Filling up the DagBag from /opt/airflow/dags/row_from_api_to_s3.py
[2026-07-25T16:15:56.882+0000] {processor.py:925} INFO - DAG(s) 'raw_from_api_to_s3' retrieved from /opt/airflow/dags/row_from_api_to_s3.py
[2026-07-25T16:15:56.888+0000] {logging_mixin.py:190} INFO - [2026-07-25T16:15:56.888+0000] {dag.py:3239} INFO - Sync 1 DAGs
[2026-07-25T16:15:56.901+0000] {logging_mixin.py:190} INFO - [2026-07-25T16:15:56.901+0000] {dag.py:4180} INFO - Setting next_dagrun for raw_from_api_to_s3 to 2026-07-25 02:00:00+00:00, run_after=2026-07-26 02:00:00+00:00
[2026-07-25T16:15:56.911+0000] {processor.py:208} INFO - Processing /opt/airflow/dags/row_from_api_to_s3.py took 0.067 seconds
[2026-07-25T16:16:27.354+0000] {processor.py:186} INFO - Started process (PID=35312) to work on /opt/airflow/dags/row_from_api_to_s3.py
[2026-07-25T16:16:27.354+0000] {processor.py:914} INFO - Processing file /opt/airflow/dags/row_from_api_to_s3.py for tasks to queue
[2026-07-25T16:16:27.355+0000] {logging_mixin.py:190} INFO - [2026-07-25T16:16:27.355+0000] {dagbag.py:588} INFO - Filling up the DagBag from /opt/airflow/dags/row_from_api_to_s3.py
[2026-07-25T16:16:27.395+0000] {processor.py:925} INFO - DAG(s) 'raw_from_api_to_s3' retrieved from /opt/airflow/dags/row_from_api_to_s3.py
[2026-07-25T16:16:27.402+0000] {logging_mixin.py:190} INFO - [2026-07-25T16:16:27.401+0000] {dag.py:3239} INFO - Sync 1 DAGs
[2026-07-25T16:16:27.415+0000] {logging_mixin.py:190} INFO - [2026-07-25T16:16:27.415+0000] {dag.py:4180} INFO - Setting next_dagrun for raw_from_api_to_s3 to 2026-07-25 02:00:00+00:00, run_after=2026-07-26 02:00:00+00:00
[2026-07-25T16:16:27.425+0000] {processor.py:208} INFO - Processing /opt/airflow/dags/row_from_api_to_s3.py took 0.076 seconds
[2026-07-25T16:16:57.843+0000] {processor.py:186} INFO - Started process (PID=35352) to work on /opt/airflow/dags/row_from_api_to_s3.py
[2026-07-25T16:16:57.843+0000] {processor.py:914} INFO - Processing file /opt/airflow/dags/row_from_api_to_s3.py for tasks to queue
[2026-07-25T16:16:57.844+0000] {logging_mixin.py:190} INFO - [2026-07-25T16:16:57.844+0000] {dagbag.py:588} INFO - Filling up the DagBag from /opt/airflow/dags/row_from_api_to_s3.py
[2026-07-25T16:16:57.882+0000] {processor.py:925} INFO - DAG(s) 'raw_from_api_to_s3' retrieved from /opt/airflow/dags/row_from_api_to_s3.py
[2026-07-25T16:16:57.888+0000] {logging_mixin.py:190} INFO - [2026-07-25T16:16:57.888+0000] {dag.py:3239} INFO - Sync 1 DAGs
[2026-07-25T16:16:57.900+0000] {logging_mixin.py:190} INFO - [2026-07-25T16:16:57.900+0000] {dag.py:4180} INFO - Setting next_dagrun for raw_from_api_to_s3 to 2026-07-25 02:00:00+00:00, run_after=2026-07-26 02:00:00+00:00
[2026-07-25T16:16:57.910+0000] {processor.py:208} INFO - Processing /opt/airflow/dags/row_from_api_to_s3.py took 0.072 seconds
[2026-07-25T16:17:28.313+0000] {processor.py:186} INFO - Started process (PID=35392) to work on /opt/airflow/dags/row_from_api_to_s3.py
[2026-07-25T16:17:28.313+0000] {processor.py:914} INFO - Processing file /opt/airflow/dags/row_from_api_to_s3.py for tasks to queue
[2026-07-25T16:17:28.314+0000] {logging_mixin.py:190} INFO - [2026-07-25T16:17:28.314+0000] {dagbag.py:588} INFO - Filling up the DagBag from /opt/airflow/dags/row_from_api_to_s3.py
[2026-07-25T16:17:28.348+0000] {processor.py:925} INFO - DAG(s) 'raw_from_api_to_s3' retrieved from /opt/airflow/dags/row_from_api_to_s3.py
[2026-07-25T16:17:28.353+0000] {logging_mixin.py:190} INFO - [2026-07-25T16:17:28.353+0000] {dag.py:3239} INFO - Sync 1 DAGs
[2026-07-25T16:17:28.366+0000] {logging_mixin.py:190} INFO - [2026-07-25T16:17:28.366+0000] {dag.py:4180} INFO - Setting next_dagrun for raw_from_api_to_s3 to 2026-07-25 02:00:00+00:00, run_after=2026-07-26 02:00:00+00:00
[2026-07-25T16:17:28.376+0000] {processor.py:208} INFO - Processing /opt/airflow/dags/row_from_api_to_s3.py took 0.067 seconds
[2026-07-25T16:17:58.857+0000] {processor.py:186} INFO - Started process (PID=35432) to work on /opt/airflow/dags/row_from_api_to_s3.py
[2026-07-25T16:17:58.857+0000] {processor.py:914} INFO - Processing file /opt/airflow/dags/row_from_api_to_s3.py for tasks to queue
[2026-07-25T16:17:58.858+0000] {logging_mixin.py:190} INFO - [2026-07-25T16:17:58.857+0000] {dagbag.py:588} INFO - Filling up the DagBag from /opt/airflow/dags/row_from_api_to_s3.py
[2026-07-25T16:17:58.895+0000] {processor.py:925} INFO - DAG(s) 'raw_from_api_to_s3' retrieved from /opt/airflow/dags/row_from_api_to_s3.py
[2026-07-25T16:17:58.901+0000] {logging_mixin.py:190} INFO - [2026-07-25T16:17:58.901+0000] {dag.py:3239} INFO - Sync 1 DAGs
[2026-07-25T16:17:58.914+0000] {logging_mixin.py:190} INFO - [2026-07-25T16:17:58.914+0000] {dag.py:4180} INFO - Setting next_dagrun for raw_from_api_to_s3 to 2026-07-25 02:00:00+00:00, run_after=2026-07-26 02:00:00+00:00
[2026-07-25T16:17:58.924+0000] {processor.py:208} INFO - Processing /opt/airflow/dags/row_from_api_to_s3.py took 0.071 seconds
[2026-07-25T16:18:29.319+0000] {processor.py:186} INFO - Started process (PID=35472) to work on /opt/airflow/dags/row_from_api_to_s3.py
[2026-07-25T16:18:29.320+0000] {processor.py:914} INFO - Processing file /opt/airflow/dags/row_from_api_to_s3.py for tasks to queue
[2026-07-25T16:18:29.321+0000] {logging_mixin.py:190} INFO - [2026-07-25T16:18:29.320+0000] {dagbag.py:588} INFO - Filling up the DagBag from /opt/airflow/dags/row_from_api_to_s3.py
[2026-07-25T16:18:29.357+0000] {processor.py:925} INFO - DAG(s) 'raw_from_api_to_s3' retrieved from /opt/airflow/dags/row_from_api_to_s3.py
[2026-07-25T16:18:29.363+0000] {logging_mixin.py:190} INFO - [2026-07-25T16:18:29.362+0000] {dag.py:3239} INFO - Sync 1 DAGs
[2026-07-25T16:18:29.375+0000] {logging_mixin.py:190} INFO - [2026-07-25T16:18:29.375+0000] {dag.py:4180} INFO - Setting next_dagrun for raw_from_api_to_s3 to 2026-07-25 02:00:00+00:00, run_after=2026-07-26 02:00:00+00:00
[2026-07-25T16:18:29.385+0000] {processor.py:208} INFO - Processing /opt/airflow/dags/row_from_api_to_s3.py took 0.070 seconds
[2026-07-25T16:18:59.748+0000] {processor.py:186} INFO - Started process (PID=35512) to work on /opt/airflow/dags/row_from_api_to_s3.py
[2026-07-25T16:18:59.748+0000] {processor.py:914} INFO - Processing file /opt/airflow/dags/row_from_api_to_s3.py for tasks to queue
[2026-07-25T16:18:59.749+0000] {logging_mixin.py:190} INFO - [2026-07-25T16:18:59.749+0000] {dagbag.py:588} INFO - Filling up the DagBag from /opt/airflow/dags/row_from_api_to_s3.py
[2026-07-25T16:18:59.782+0000] {processor.py:925} INFO - DAG(s) 'raw_from_api_to_s3' retrieved from /opt/airflow/dags/row_from_api_to_s3.py
[2026-07-25T16:18:59.788+0000] {logging_mixin.py:190} INFO - [2026-07-25T16:18:59.788+0000] {dag.py:3239} INFO - Sync 1 DAGs
[2026-07-25T16:18:59.800+0000] {logging_mixin.py:190} INFO - [2026-07-25T16:18:59.800+0000] {dag.py:4180} INFO - Setting next_dagrun for raw_from_api_to_s3 to 2026-07-25 02:00:00+00:00, run_after=2026-07-26 02:00:00+00:00
[2026-07-25T16:18:59.811+0000] {processor.py:208} INFO - Processing /opt/airflow/dags/row_from_api_to_s3.py took 0.066 seconds
[2026-07-25T16:19:30.252+0000] {processor.py:186} INFO - Started process (PID=35552) to work on /opt/airflow/dags/row_from_api_to_s3.py
[2026-07-25T16:19:30.253+0000] {processor.py:914} INFO - Processing file /opt/airflow/dags/row_from_api_to_s3.py for tasks to queue
[2026-07-25T16:19:30.254+0000] {logging_mixin.py:190} INFO - [2026-07-25T16:19:30.253+0000] {dagbag.py:588} INFO - Filling up the DagBag from /opt/airflow/dags/row_from_api_to_s3.py
[2026-07-25T16:19:30.291+0000] {processor.py:925} INFO - DAG(s) 'raw_from_api_to_s3' retrieved from /opt/airflow/dags/row_from_api_to_s3.py
[2026-07-25T16:19:30.298+0000] {logging_mixin.py:190} INFO - [2026-07-25T16:19:30.298+0000] {dag.py:3239} INFO - Sync 1 DAGs
[2026-07-25T16:19:30.310+0000] {logging_mixin.py:190} INFO - [2026-07-25T16:19:30.310+0000] {dag.py:4180} INFO - Setting next_dagrun for raw_from_api_to_s3 to 2026-07-25 02:00:00+00:00, run_after=2026-07-26 02:00:00+00:00
[2026-07-25T16:19:30.320+0000] {processor.py:208} INFO - Processing /opt/airflow/dags/row_from_api_to_s3.py took 0.071 seconds
[2026-07-25T16:20:00.701+0000] {processor.py:186} INFO - Started process (PID=35592) to work on /opt/airflow/dags/row_from_api_to_s3.py
[2026-07-25T16:20:00.701+0000] {processor.py:914} INFO - Processing file /opt/airflow/dags/row_from_api_to_s3.py for tasks to queue
[2026-07-25T16:20:00.702+0000] {logging_mixin.py:190} INFO - [2026-07-25T16:20:00.702+0000] {dagbag.py:588} INFO - Filling up the DagBag from /opt/airflow/dags/row_from_api_to_s3.py
[2026-07-25T16:20:00.740+0000] {processor.py:925} INFO - DAG(s) 'raw_from_api_to_s3' retrieved from /opt/airflow/dags/row_from_api_to_s3.py
[2026-07-25T16:20:00.746+0000] {logging_mixin.py:190} INFO - [2026-07-25T16:20:00.745+0000] {dag.py:3239} INFO - Sync 1 DAGs
[2026-07-25T16:20:00.758+0000] {logging_mixin.py:190} INFO - [2026-07-25T16:20:00.758+0000] {dag.py:4180} INFO - Setting next_dagrun for raw_from_api_to_s3 to 2026-07-25 02:00:00+00:00, run_after=2026-07-26 02:00:00+00:00
[2026-07-25T16:20:00.769+0000] {processor.py:208} INFO - Processing /opt/airflow/dags/row_from_api_to_s3.py took 0.073 seconds
[2026-07-25T16:20:31.091+0000] {processor.py:186} INFO - Started process (PID=35632) to work on /opt/airflow/dags/row_from_api_to_s3.py
[2026-07-25T16:20:31.091+0000] {processor.py:914} INFO - Processing file /opt/airflow/dags/row_from_api_to_s3.py for tasks to queue
[2026-07-25T16:20:31.092+0000] {logging_mixin.py:190} INFO - [2026-07-25T16:20:31.092+0000] {dagbag.py:588} INFO - Filling up the DagBag from /opt/airflow/dags/row_from_api_to_s3.py
[2026-07-25T16:20:31.129+0000] {processor.py:925} INFO - DAG(s) 'raw_from_api_to_s3' retrieved from /opt/airflow/dags/row_from_api_to_s3.py
[2026-07-25T16:20:31.135+0000] {logging_mixin.py:190} INFO - [2026-07-25T16:20:31.135+0000] {dag.py:3239} INFO - Sync 1 DAGs
[2026-07-25T16:20:31.147+0000] {logging_mixin.py:190} INFO - [2026-07-25T16:20:31.147+0000] {dag.py:4180} INFO - Setting next_dagrun for raw_from_api_to_s3 to 2026-07-25 02:00:00+00:00, run_after=2026-07-26 02:00:00+00:00
[2026-07-25T16:20:31.157+0000] {processor.py:208} INFO - Processing /opt/airflow/dags/row_from_api_to_s3.py took 0.069 seconds
[2026-07-25T16:21:01.560+0000] {processor.py:186} INFO - Started process (PID=35672) to work on /opt/airflow/dags/row_from_api_to_s3.py
[2026-07-25T16:21:01.560+0000] {processor.py:914} INFO - Processing file /opt/airflow/dags/row_from_api_to_s3.py for tasks to queue
[2026-07-25T16:21:01.561+0000] {logging_mixin.py:190} INFO - [2026-07-25T16:21:01.560+0000] {dagbag.py:588} INFO - Filling up the DagBag from /opt/airflow/dags/row_from_api_to_s3.py
[2026-07-25T16:21:01.597+0000] {processor.py:925} INFO - DAG(s) 'raw_from_api_to_s3' retrieved from /opt/airflow/dags/row_from_api_to_s3.py
[2026-07-25T16:21:01.604+0000] {logging_mixin.py:190} INFO - [2026-07-25T16:21:01.604+0000] {dag.py:3239} INFO - Sync 1 DAGs
[2026-07-25T16:21:01.617+0000] {logging_mixin.py:190} INFO - [2026-07-25T16:21:01.617+0000] {dag.py:4180} INFO - Setting next_dagrun for raw_from_api_to_s3 to 2026-07-25 02:00:00+00:00, run_after=2026-07-26 02:00:00+00:00
[2026-07-25T16:21:01.630+0000] {processor.py:208} INFO - Processing /opt/airflow/dags/row_from_api_to_s3.py took 0.075 seconds
[2026-07-25T16:21:32.054+0000] {processor.py:186} INFO - Started process (PID=35712) to work on /opt/airflow/dags/row_from_api_to_s3.py
[2026-07-25T16:21:32.054+0000] {processor.py:914} INFO - Processing file /opt/airflow/dags/row_from_api_to_s3.py for tasks to queue
[2026-07-25T16:21:32.055+0000] {logging_mixin.py:190} INFO - [2026-07-25T16:21:32.055+0000] {dagbag.py:588} INFO - Filling up the DagBag from /opt/airflow/dags/row_from_api_to_s3.py
[2026-07-25T16:21:32.093+0000] {processor.py:925} INFO - DAG(s) 'raw_from_api_to_s3' retrieved from /opt/airflow/dags/row_from_api_to_s3.py
[2026-07-25T16:21:32.098+0000] {logging_mixin.py:190} INFO - [2026-07-25T16:21:32.098+0000] {dag.py:3239} INFO - Sync 1 DAGs
[2026-07-25T16:21:32.112+0000] {logging_mixin.py:190} INFO - [2026-07-25T16:21:32.112+0000] {dag.py:4180} INFO - Setting next_dagrun for raw_from_api_to_s3 to 2026-07-25 02:00:00+00:00, run_after=2026-07-26 02:00:00+00:00
[2026-07-25T16:21:32.124+0000] {processor.py:208} INFO - Processing /opt/airflow/dags/row_from_api_to_s3.py took 0.073 seconds
[2026-07-25T16:22:02.540+0000] {processor.py:186} INFO - Started process (PID=35752) to work on /opt/airflow/dags/row_from_api_to_s3.py
[2026-07-25T16:22:02.541+0000] {processor.py:914} INFO - Processing file /opt/airflow/dags/row_from_api_to_s3.py for tasks to queue
[2026-07-25T16:22:02.541+0000] {logging_mixin.py:190} INFO - [2026-07-25T16:22:02.541+0000] {dagbag.py:588} INFO - Filling up the DagBag from /opt/airflow/dags/row_from_api_to_s3.py
[2026-07-25T16:22:02.576+0000] {processor.py:925} INFO - DAG(s) 'raw_from_api_to_s3' retrieved from /opt/airflow/dags/row_from_api_to_s3.py
[2026-07-25T16:22:02.582+0000] {logging_mixin.py:190} INFO - [2026-07-25T16:22:02.582+0000] {dag.py:3239} INFO - Sync 1 DAGs
[2026-07-25T16:22:02.594+0000] {logging_mixin.py:190} INFO - [2026-07-25T16:22:02.594+0000] {dag.py:4180} INFO - Setting next_dagrun for raw_from_api_to_s3 to 2026-07-25 02:00:00+00:00, run_after=2026-07-26 02:00:00+00:00
[2026-07-25T16:22:02.603+0000] {processor.py:208} INFO - Processing /opt/airflow/dags/row_from_api_to_s3.py took 0.066 seconds
[2026-07-25T16:22:33.015+0000] {processor.py:186} INFO - Started process (PID=35792) to work on /opt/airflow/dags/row_from_api_to_s3.py
[2026-07-25T16:22:33.016+0000] {processor.py:914} INFO - Processing file /opt/airflow/dags/row_from_api_to_s3.py for tasks to queue
[2026-07-25T16:22:33.016+0000] {logging_mixin.py:190} INFO - [2026-07-25T16:22:33.016+0000] {dagbag.py:588} INFO - Filling up the DagBag from /opt/airflow/dags/row_from_api_to_s3.py
[2026-07-25T16:22:33.057+0000] {processor.py:925} INFO - DAG(s) 'raw_from_api_to_s3' retrieved from /opt/airflow/dags/row_from_api_to_s3.py
[2026-07-25T16:22:33.065+0000] {logging_mixin.py:190} INFO - [2026-07-25T16:22:33.065+0000] {dag.py:3239} INFO - Sync 1 DAGs
[2026-07-25T16:22:33.078+0000] {logging_mixin.py:190} INFO - [2026-07-25T16:22:33.078+0000] {dag.py:4180} INFO - Setting next_dagrun for raw_from_api_to_s3 to 2026-07-25 02:00:00+00:00, run_after=2026-07-26 02:00:00+00:00
[2026-07-25T16:22:33.088+0000] {processor.py:208} INFO - Processing /opt/airflow/dags/row_from_api_to_s3.py took 0.077 seconds
[2026-07-25T16:23:03.511+0000] {processor.py:186} INFO - Started process (PID=35832) to work on /opt/airflow/dags/row_from_api_to_s3.py
[2026-07-25T16:23:03.511+0000] {processor.py:914} INFO - Processing file /opt/airflow/dags/row_from_api_to_s3.py for tasks to queue
[2026-07-25T16:23:03.512+0000] {logging_mixin.py:190} INFO - [2026-07-25T16:23:03.512+0000] {dagbag.py:588} INFO - Filling up the DagBag from /opt/airflow/dags/row_from_api_to_s3.py
[2026-07-25T16:23:03.547+0000] {processor.py:925} INFO - DAG(s) 'raw_from_api_to_s3' retrieved from /opt/airflow/dags/row_from_api_to_s3.py
[2026-07-25T16:23:03.553+0000] {logging_mixin.py:190} INFO - [2026-07-25T16:23:03.552+0000] {dag.py:3239} INFO - Sync 1 DAGs
[2026-07-25T16:23:03.565+0000] {logging_mixin.py:190} INFO - [2026-07-25T16:23:03.565+0000] {dag.py:4180} INFO - Setting next_dagrun for raw_from_api_to_s3 to 2026-07-25 02:00:00+00:00, run_after=2026-07-26 02:00:00+00:00
[2026-07-25T16:23:03.576+0000] {processor.py:208} INFO - Processing /opt/airflow/dags/row_from_api_to_s3.py took 0.068 seconds
[2026-07-25T16:23:33.963+0000] {processor.py:186} INFO - Started process (PID=35872) to work on /opt/airflow/dags/row_from_api_to_s3.py
[2026-07-25T16:23:33.963+0000] {processor.py:914} INFO - Processing file /opt/airflow/dags/row_from_api_to_s3.py for tasks to queue
[2026-07-25T16:23:33.964+0000] {logging_mixin.py:190} INFO - [2026-07-25T16:23:33.964+0000] {dagbag.py:588} INFO - Filling up the DagBag from /opt/airflow/dags/row_from_api_to_s3.py
[2026-07-25T16:23:33.999+0000] {processor.py:925} INFO - DAG(s) 'raw_from_api_to_s3' retrieved from /opt/airflow/dags/row_from_api_to_s3.py
[2026-07-25T16:23:34.004+0000] {logging_mixin.py:190} INFO - [2026-07-25T16:23:34.004+0000] {dag.py:3239} INFO - Sync 1 DAGs
[2026-07-25T16:23:34.017+0000] {logging_mixin.py:190} INFO - [2026-07-25T16:23:34.017+0000] {dag.py:4180} INFO - Setting next_dagrun for raw_from_api_to_s3 to 2026-07-25 02:00:00+00:00, run_after=2026-07-26 02:00:00+00:00
[2026-07-25T16:23:34.028+0000] {processor.py:208} INFO - Processing /opt/airflow/dags/row_from_api_to_s3.py took 0.069 seconds
[2026-07-25T16:24:04.442+0000] {processor.py:186} INFO - Started process (PID=35912) to work on /opt/airflow/dags/row_from_api_to_s3.py
[2026-07-25T16:24:04.442+0000] {processor.py:914} INFO - Processing file /opt/airflow/dags/row_from_api_to_s3.py for tasks to queue
[2026-07-25T16:24:04.443+0000] {logging_mixin.py:190} INFO - [2026-07-25T16:24:04.443+0000] {dagbag.py:588} INFO - Filling up the DagBag from /opt/airflow/dags/row_from_api_to_s3.py
[2026-07-25T16:24:04.480+0000] {processor.py:925} INFO - DAG(s) 'raw_from_api_to_s3' retrieved from /opt/airflow/dags/row_from_api_to_s3.py
[2026-07-25T16:24:04.486+0000] {logging_mixin.py:190} INFO - [2026-07-25T16:24:04.486+0000] {dag.py:3239} INFO - Sync 1 DAGs
[2026-07-25T16:24:04.499+0000] {logging_mixin.py:190} INFO - [2026-07-25T16:24:04.499+0000] {dag.py:4180} INFO - Setting next_dagrun for raw_from_api_to_s3 to 2026-07-25 02:00:00+00:00, run_after=2026-07-26 02:00:00+00:00
[2026-07-25T16:24:04.510+0000] {processor.py:208} INFO - Processing /opt/airflow/dags/row_from_api_to_s3.py took 0.072 seconds
[2026-07-25T16:24:34.924+0000] {processor.py:186} INFO - Started process (PID=35952) to work on /opt/airflow/dags/row_from_api_to_s3.py
[2026-07-25T16:24:34.925+0000] {processor.py:914} INFO - Processing file /opt/airflow/dags/row_from_api_to_s3.py for tasks to queue
[2026-07-25T16:24:34.926+0000] {logging_mixin.py:190} INFO - [2026-07-25T16:24:34.925+0000] {dagbag.py:588} INFO - Filling up the DagBag from /opt/airflow/dags/row_from_api_to_s3.py
[2026-07-25T16:24:34.965+0000] {processor.py:925} INFO - DAG(s) 'raw_from_api_to_s3' retrieved from /opt/airflow/dags/row_from_api_to_s3.py
[2026-07-25T16:24:34.971+0000] {logging_mixin.py:190} INFO - [2026-07-25T16:24:34.971+0000] {dag.py:3239} INFO - Sync 1 DAGs
[2026-07-25T16:24:34.985+0000] {logging_mixin.py:190} INFO - [2026-07-25T16:24:34.984+0000] {dag.py:4180} INFO - Setting next_dagrun for raw_from_api_to_s3 to 2026-07-25 02:00:00+00:00, run_after=2026-07-26 02:00:00+00:00
[2026-07-25T16:24:34.995+0000] {processor.py:208} INFO - Processing /opt/airflow/dags/row_from_api_to_s3.py took 0.075 seconds
[2026-07-25T16:25:05.438+0000] {processor.py:186} INFO - Started process (PID=35992) to work on /opt/airflow/dags/row_from_api_to_s3.py
[2026-07-25T16:25:05.438+0000] {processor.py:914} INFO - Processing file /opt/airflow/dags/row_from_api_to_s3.py for tasks to queue
[2026-07-25T16:25:05.439+0000] {logging_mixin.py:190} INFO - [2026-07-25T16:25:05.439+0000] {dagbag.py:588} INFO - Filling up the DagBag from /opt/airflow/dags/row_from_api_to_s3.py
[2026-07-25T16:25:05.475+0000] {processor.py:925} INFO - DAG(s) 'raw_from_api_to_s3' retrieved from /opt/airflow/dags/row_from_api_to_s3.py
[2026-07-25T16:25:05.482+0000] {logging_mixin.py:190} INFO - [2026-07-25T16:25:05.481+0000] {dag.py:3239} INFO - Sync 1 DAGs
[2026-07-25T16:25:05.494+0000] {logging_mixin.py:190} INFO - [2026-07-25T16:25:05.494+0000] {dag.py:4180} INFO - Setting next_dagrun for raw_from_api_to_s3 to 2026-07-25 02:00:00+00:00, run_after=2026-07-26 02:00:00+00:00
[2026-07-25T16:25:05.506+0000] {processor.py:208} INFO - Processing /opt/airflow/dags/row_from_api_to_s3.py took 0.071 seconds
[2026-07-25T16:25:35.870+0000] {processor.py:186} INFO - Started process (PID=36032) to work on /opt/airflow/dags/row_from_api_to_s3.py
[2026-07-25T16:25:35.871+0000] {processor.py:914} INFO - Processing file /opt/airflow/dags/row_from_api_to_s3.py for tasks to queue
[2026-07-25T16:25:35.872+0000] {logging_mixin.py:190} INFO - [2026-07-25T16:25:35.871+0000] {dagbag.py:588} INFO - Filling up the DagBag from /opt/airflow/dags/row_from_api_to_s3.py
[2026-07-25T16:25:35.906+0000] {processor.py:925} INFO - DAG(s) 'raw_from_api_to_s3' retrieved from /opt/airflow/dags/row_from_api_to_s3.py
[2026-07-25T16:25:35.912+0000] {logging_mixin.py:190} INFO - [2026-07-25T16:25:35.912+0000] {dag.py:3239} INFO - Sync 1 DAGs
[2026-07-25T16:25:35.924+0000] {logging_mixin.py:190} INFO - [2026-07-25T16:25:35.924+0000] {dag.py:4180} INFO - Setting next_dagrun for raw_from_api_to_s3 to 2026-07-25 02:00:00+00:00, run_after=2026-07-26 02:00:00+00:00
[2026-07-25T16:25:35.934+0000] {processor.py:208} INFO - Processing /opt/airflow/dags/row_from_api_to_s3.py took 0.067 seconds
[2026-07-25T16:26:06.392+0000] {processor.py:186} INFO - Started process (PID=36072) to work on /opt/airflow/dags/row_from_api_to_s3.py
[2026-07-25T16:26:06.393+0000] {processor.py:914} INFO - Processing file /opt/airflow/dags/row_from_api_to_s3.py for tasks to queue
[2026-07-25T16:26:06.393+0000] {logging_mixin.py:190} INFO - [2026-07-25T16:26:06.393+0000] {dagbag.py:588} INFO - Filling up the DagBag from /opt/airflow/dags/row_from_api_to_s3.py
[2026-07-25T16:26:06.427+0000] {processor.py:925} INFO - DAG(s) 'raw_from_api_to_s3' retrieved from /opt/airflow/dags/row_from_api_to_s3.py
[2026-07-25T16:26:06.433+0000] {logging_mixin.py:190} INFO - [2026-07-25T16:26:06.433+0000] {dag.py:3239} INFO - Sync 1 DAGs
[2026-07-25T16:26:06.446+0000] {logging_mixin.py:190} INFO - [2026-07-25T16:26:06.446+0000] {dag.py:4180} INFO - Setting next_dagrun for raw_from_api_to_s3 to 2026-07-25 02:00:00+00:00, run_after=2026-07-26 02:00:00+00:00
[2026-07-25T16:26:06.457+0000] {processor.py:208} INFO - Processing /opt/airflow/dags/row_from_api_to_s3.py took 0.068 seconds
[2026-07-25T16:26:36.876+0000] {processor.py:186} INFO - Started process (PID=36112) to work on /opt/airflow/dags/row_from_api_to_s3.py
[2026-07-25T16:26:36.877+0000] {processor.py:914} INFO - Processing file /opt/airflow/dags/row_from_api_to_s3.py for tasks to queue
[2026-07-25T16:26:36.877+0000] {logging_mixin.py:190} INFO - [2026-07-25T16:26:36.877+0000] {dagbag.py:588} INFO - Filling up the DagBag from /opt/airflow/dags/row_from_api_to_s3.py
[2026-07-25T16:26:36.910+0000] {processor.py:925} INFO - DAG(s) 'raw_from_api_to_s3' retrieved from /opt/airflow/dags/row_from_api_to_s3.py
[2026-07-25T16:26:36.917+0000] {logging_mixin.py:190} INFO - [2026-07-25T16:26:36.916+0000] {dag.py:3239} INFO - Sync 1 DAGs
[2026-07-25T16:26:36.931+0000] {logging_mixin.py:190} INFO - [2026-07-25T16:26:36.931+0000] {dag.py:4180} INFO - Setting next_dagrun for raw_from_api_to_s3 to 2026-07-25 02:00:00+00:00, run_after=2026-07-26 02:00:00+00:00
[2026-07-25T16:26:36.942+0000] {processor.py:208} INFO - Processing /opt/airflow/dags/row_from_api_to_s3.py took 0.069 seconds
[2026-07-25T16:27:07.361+0000] {processor.py:186} INFO - Started process (PID=36152) to work on /opt/airflow/dags/row_from_api_to_s3.py
[2026-07-25T16:27:07.362+0000] {processor.py:914} INFO - Processing file /opt/airflow/dags/row_from_api_to_s3.py for tasks to queue
[2026-07-25T16:27:07.362+0000] {logging_mixin.py:190} INFO - [2026-07-25T16:27:07.362+0000] {dagbag.py:588} INFO - Filling up the DagBag from /opt/airflow/dags/row_from_api_to_s3.py
[2026-07-25T16:27:07.399+0000] {processor.py:925} INFO - DAG(s) 'raw_from_api_to_s3' retrieved from /opt/airflow/dags/row_from_api_to_s3.py
[2026-07-25T16:27:07.404+0000] {logging_mixin.py:190} INFO - [2026-07-25T16:27:07.404+0000] {dag.py:3239} INFO - Sync 1 DAGs
[2026-07-25T16:27:07.417+0000] {logging_mixin.py:190} INFO - [2026-07-25T16:27:07.416+0000] {dag.py:4180} INFO - Setting next_dagrun for raw_from_api_to_s3 to 2026-07-25 02:00:00+00:00, run_after=2026-07-26 02:00:00+00:00
[2026-07-25T16:27:07.429+0000] {processor.py:208} INFO - Processing /opt/airflow/dags/row_from_api_to_s3.py took 0.072 seconds
[2026-07-25T16:27:37.878+0000] {processor.py:186} INFO - Started process (PID=36192) to work on /opt/airflow/dags/row_from_api_to_s3.py
[2026-07-25T16:27:37.878+0000] {processor.py:914} INFO - Processing file /opt/airflow/dags/row_from_api_to_s3.py for tasks to queue
[2026-07-25T16:27:37.879+0000] {logging_mixin.py:190} INFO - [2026-07-25T16:27:37.879+0000] {dagbag.py:588} INFO - Filling up the DagBag from /opt/airflow/dags/row_from_api_to_s3.py
[2026-07-25T16:27:37.916+0000] {processor.py:925} INFO - DAG(s) 'raw_from_api_to_s3' retrieved from /opt/airflow/dags/row_from_api_to_s3.py
[2026-07-25T16:27:37.921+0000] {logging_mixin.py:190} INFO - [2026-07-25T16:27:37.921+0000] {dag.py:3239} INFO - Sync 1 DAGs
[2026-07-25T16:27:37.934+0000] {logging_mixin.py:190} INFO - [2026-07-25T16:27:37.934+0000] {dag.py:4180} INFO - Setting next_dagrun for raw_from_api_to_s3 to 2026-07-25 02:00:00+00:00, run_after=2026-07-26 02:00:00+00:00
[2026-07-25T16:27:37.943+0000] {processor.py:208} INFO - Processing /opt/airflow/dags/row_from_api_to_s3.py took 0.070 seconds
[2026-07-25T16:28:08.394+0000] {processor.py:186} INFO - Started process (PID=36232) to work on /opt/airflow/dags/row_from_api_to_s3.py
[2026-07-25T16:28:08.394+0000] {processor.py:914} INFO - Processing file /opt/airflow/dags/row_from_api_to_s3.py for tasks to queue
[2026-07-25T16:28:08.395+0000] {logging_mixin.py:190} INFO - [2026-07-25T16:28:08.395+0000] {dagbag.py:588} INFO - Filling up the DagBag from /opt/airflow/dags/row_from_api_to_s3.py
[2026-07-25T16:28:08.433+0000] {processor.py:925} INFO - DAG(s) 'raw_from_api_to_s3' retrieved from /opt/airflow/dags/row_from_api_to_s3.py
[2026-07-25T16:28:08.439+0000] {logging_mixin.py:190} INFO - [2026-07-25T16:28:08.439+0000] {dag.py:3239} INFO - Sync 1 DAGs
[2026-07-25T16:28:08.451+0000] {logging_mixin.py:190} INFO - [2026-07-25T16:28:08.451+0000] {dag.py:4180} INFO - Setting next_dagrun for raw_from_api_to_s3 to 2026-07-25 02:00:00+00:00, run_after=2026-07-26 02:00:00+00:00
[2026-07-25T16:28:08.460+0000] {processor.py:208} INFO - Processing /opt/airflow/dags/row_from_api_to_s3.py took 0.071 seconds
[2026-07-25T16:28:38.840+0000] {processor.py:186} INFO - Started process (PID=36272) to work on /opt/airflow/dags/row_from_api_to_s3.py
[2026-07-25T16:28:38.840+0000] {processor.py:914} INFO - Processing file /opt/airflow/dags/row_from_api_to_s3.py for tasks to queue
[2026-07-25T16:28:38.840+0000] {logging_mixin.py:190} INFO - [2026-07-25T16:28:38.840+0000] {dagbag.py:588} INFO - Filling up the DagBag from /opt/airflow/dags/row_from_api_to_s3.py
[2026-07-25T16:28:38.875+0000] {processor.py:925} INFO - DAG(s) 'raw_from_api_to_s3' retrieved from /opt/airflow/dags/row_from_api_to_s3.py
[2026-07-25T16:28:38.881+0000] {logging_mixin.py:190} INFO - [2026-07-25T16:28:38.881+0000] {dag.py:3239} INFO - Sync 1 DAGs
[2026-07-25T16:28:38.893+0000] {logging_mixin.py:190} INFO - [2026-07-25T16:28:38.893+0000] {dag.py:4180} INFO - Setting next_dagrun for raw_from_api_to_s3 to 2026-07-25 02:00:00+00:00, run_after=2026-07-26 02:00:00+00:00
[2026-07-25T16:28:38.904+0000] {processor.py:208} INFO - Processing /opt/airflow/dags/row_from_api_to_s3.py took 0.068 seconds
[2026-07-25T16:29:09.342+0000] {processor.py:186} INFO - Started process (PID=36312) to work on /opt/airflow/dags/row_from_api_to_s3.py
[2026-07-25T16:29:09.394+0000] {processor.py:914} INFO - Processing file /opt/airflow/dags/row_from_api_to_s3.py for tasks to queue
[2026-07-25T16:29:09.396+0000] {logging_mixin.py:190} INFO - [2026-07-25T16:29:09.395+0000] {dagbag.py:588} INFO - Filling up the DagBag from /opt/airflow/dags/row_from_api_to_s3.py
[2026-07-25T16:29:09.435+0000] {processor.py:925} INFO - DAG(s) 'raw_from_api_to_s3' retrieved from /opt/airflow/dags/row_from_api_to_s3.py
[2026-07-25T16:29:09.441+0000] {logging_mixin.py:190} INFO - [2026-07-25T16:29:09.441+0000] {dag.py:3239} INFO - Sync 1 DAGs
[2026-07-25T16:29:09.453+0000] {logging_mixin.py:190} INFO - [2026-07-25T16:29:09.453+0000] {dag.py:4180} INFO - Setting next_dagrun for raw_from_api_to_s3 to 2026-07-25 02:00:00+00:00, run_after=2026-07-26 02:00:00+00:00
[2026-07-25T16:29:09.464+0000] {processor.py:208} INFO - Processing /opt/airflow/dags/row_from_api_to_s3.py took 0.126 seconds
[2026-07-25T16:29:39.801+0000] {processor.py:186} INFO - Started process (PID=36352) to work on /opt/airflow/dags/row_from_api_to_s3.py
[2026-07-25T16:29:39.801+0000] {processor.py:914} INFO - Processing file /opt/airflow/dags/row_from_api_to_s3.py for tasks to queue
[2026-07-25T16:29:39.802+0000] {logging_mixin.py:190} INFO - [2026-07-25T16:29:39.802+0000] {dagbag.py:588} INFO - Filling up the DagBag from /opt/airflow/dags/row_from_api_to_s3.py
[2026-07-25T16:29:39.838+0000] {processor.py:925} INFO - DAG(s) 'raw_from_api_to_s3' retrieved from /opt/airflow/dags/row_from_api_to_s3.py
[2026-07-25T16:29:39.844+0000] {logging_mixin.py:190} INFO - [2026-07-25T16:29:39.843+0000] {dag.py:3239} INFO - Sync 1 DAGs
[2026-07-25T16:29:39.857+0000] {logging_mixin.py:190} INFO - [2026-07-25T16:29:39.857+0000] {dag.py:4180} INFO - Setting next_dagrun for raw_from_api_to_s3 to 2026-07-25 02:00:00+00:00, run_after=2026-07-26 02:00:00+00:00
[2026-07-25T16:29:39.869+0000] {processor.py:208} INFO - Processing /opt/airflow/dags/row_from_api_to_s3.py took 0.072 seconds
[2026-07-25T16:30:10.332+0000] {processor.py:186} INFO - Started process (PID=36392) to work on /opt/airflow/dags/row_from_api_to_s3.py
[2026-07-25T16:30:10.333+0000] {processor.py:914} INFO - Processing file /opt/airflow/dags/row_from_api_to_s3.py for tasks to queue
[2026-07-25T16:30:10.333+0000] {logging_mixin.py:190} INFO - [2026-07-25T16:30:10.333+0000] {dagbag.py:588} INFO - Filling up the DagBag from /opt/airflow/dags/row_from_api_to_s3.py
[2026-07-25T16:30:10.368+0000] {processor.py:925} INFO - DAG(s) 'raw_from_api_to_s3' retrieved from /opt/airflow/dags/row_from_api_to_s3.py
[2026-07-25T16:30:10.375+0000] {logging_mixin.py:190} INFO - [2026-07-25T16:30:10.375+0000] {dag.py:3239} INFO - Sync 1 DAGs
[2026-07-25T16:30:10.388+0000] {logging_mixin.py:190} INFO - [2026-07-25T16:30:10.387+0000] {dag.py:4180} INFO - Setting next_dagrun for raw_from_api_to_s3 to 2026-07-25 02:00:00+00:00, run_after=2026-07-26 02:00:00+00:00
[2026-07-25T16:30:10.398+0000] {processor.py:208} INFO - Processing /opt/airflow/dags/row_from_api_to_s3.py took 0.069 seconds
[2026-07-25T16:30:40.817+0000] {processor.py:186} INFO - Started process (PID=36432) to work on /opt/airflow/dags/row_from_api_to_s3.py
[2026-07-25T16:30:40.818+0000] {processor.py:914} INFO - Processing file /opt/airflow/dags/row_from_api_to_s3.py for tasks to queue
[2026-07-25T16:30:40.819+0000] {logging_mixin.py:190} INFO - [2026-07-25T16:30:40.819+0000] {dagbag.py:588} INFO - Filling up the DagBag from /opt/airflow/dags/row_from_api_to_s3.py
[2026-07-25T16:30:40.859+0000] {processor.py:925} INFO - DAG(s) 'raw_from_api_to_s3' retrieved from /opt/airflow/dags/row_from_api_to_s3.py
[2026-07-25T16:30:40.865+0000] {logging_mixin.py:190} INFO - [2026-07-25T16:30:40.865+0000] {dag.py:3239} INFO - Sync 1 DAGs
[2026-07-25T16:30:40.877+0000] {logging_mixin.py:190} INFO - [2026-07-25T16:30:40.877+0000] {dag.py:4180} INFO - Setting next_dagrun for raw_from_api_to_s3 to 2026-07-25 02:00:00+00:00, run_after=2026-07-26 02:00:00+00:00
[2026-07-25T16:30:40.887+0000] {processor.py:208} INFO - Processing /opt/airflow/dags/row_from_api_to_s3.py took 0.074 seconds
[2026-07-25T16:31:11.368+0000] {processor.py:186} INFO - Started process (PID=36472) to work on /opt/airflow/dags/row_from_api_to_s3.py
[2026-07-25T16:31:11.369+0000] {processor.py:914} INFO - Processing file /opt/airflow/dags/row_from_api_to_s3.py for tasks to queue
[2026-07-25T16:31:11.369+0000] {logging_mixin.py:190} INFO - [2026-07-25T16:31:11.369+0000] {dagbag.py:588} INFO - Filling up the DagBag from /opt/airflow/dags/row_from_api_to_s3.py
[2026-07-25T16:31:11.405+0000] {processor.py:925} INFO - DAG(s) 'raw_from_api_to_s3' retrieved from /opt/airflow/dags/row_from_api_to_s3.py
[2026-07-25T16:31:11.411+0000] {logging_mixin.py:190} INFO - [2026-07-25T16:31:11.411+0000] {dag.py:3239} INFO - Sync 1 DAGs
[2026-07-25T16:31:11.424+0000] {logging_mixin.py:190} INFO - [2026-07-25T16:31:11.424+0000] {dag.py:4180} INFO - Setting next_dagrun for raw_from_api_to_s3 to 2026-07-25 02:00:00+00:00, run_after=2026-07-26 02:00:00+00:00
[2026-07-25T16:31:11.435+0000] {processor.py:208} INFO - Processing /opt/airflow/dags/row_from_api_to_s3.py took 0.071 seconds
[2026-07-25T16:31:41.742+0000] {processor.py:186} INFO - Started process (PID=36512) to work on /opt/airflow/dags/row_from_api_to_s3.py
[2026-07-25T16:31:41.742+0000] {processor.py:914} INFO - Processing file /opt/airflow/dags/row_from_api_to_s3.py for tasks to queue
[2026-07-25T16:31:41.743+0000] {logging_mixin.py:190} INFO - [2026-07-25T16:31:41.743+0000] {dagbag.py:588} INFO - Filling up the DagBag from /opt/airflow/dags/row_from_api_to_s3.py
[2026-07-25T16:31:41.778+0000] {processor.py:925} INFO - DAG(s) 'raw_from_api_to_s3' retrieved from /opt/airflow/dags/row_from_api_to_s3.py
[2026-07-25T16:31:41.784+0000] {logging_mixin.py:190} INFO - [2026-07-25T16:31:41.784+0000] {dag.py:3239} INFO - Sync 1 DAGs
[2026-07-25T16:31:41.797+0000] {logging_mixin.py:190} INFO - [2026-07-25T16:31:41.797+0000] {dag.py:4180} INFO - Setting next_dagrun for raw_from_api_to_s3 to 2026-07-25 02:00:00+00:00, run_after=2026-07-26 02:00:00+00:00
[2026-07-25T16:31:41.808+0000] {processor.py:208} INFO - Processing /opt/airflow/dags/row_from_api_to_s3.py took 0.071 seconds
[2026-07-25T16:32:12.214+0000] {processor.py:186} INFO - Started process (PID=36552) to work on /opt/airflow/dags/row_from_api_to_s3.py
[2026-07-25T16:32:12.214+0000] {processor.py:914} INFO - Processing file /opt/airflow/dags/row_from_api_to_s3.py for tasks to queue
[2026-07-25T16:32:12.215+0000] {logging_mixin.py:190} INFO - [2026-07-25T16:32:12.215+0000] {dagbag.py:588} INFO - Filling up the DagBag from /opt/airflow/dags/row_from_api_to_s3.py
[2026-07-25T16:32:12.249+0000] {processor.py:925} INFO - DAG(s) 'raw_from_api_to_s3' retrieved from /opt/airflow/dags/row_from_api_to_s3.py
[2026-07-25T16:32:12.254+0000] {logging_mixin.py:190} INFO - [2026-07-25T16:32:12.254+0000] {dag.py:3239} INFO - Sync 1 DAGs
[2026-07-25T16:32:12.267+0000] {logging_mixin.py:190} INFO - [2026-07-25T16:32:12.266+0000] {dag.py:4180} INFO - Setting next_dagrun for raw_from_api_to_s3 to 2026-07-25 02:00:00+00:00, run_after=2026-07-26 02:00:00+00:00
[2026-07-25T16:32:12.275+0000] {processor.py:208} INFO - Processing /opt/airflow/dags/row_from_api_to_s3.py took 0.064 seconds
[2026-07-25T16:32:42.637+0000] {processor.py:186} INFO - Started process (PID=36592) to work on /opt/airflow/dags/row_from_api_to_s3.py
[2026-07-25T16:32:42.637+0000] {processor.py:914} INFO - Processing file /opt/airflow/dags/row_from_api_to_s3.py for tasks to queue
[2026-07-25T16:32:42.638+0000] {logging_mixin.py:190} INFO - [2026-07-25T16:32:42.638+0000] {dagbag.py:588} INFO - Filling up the DagBag from /opt/airflow/dags/row_from_api_to_s3.py
[2026-07-25T16:32:42.673+0000] {processor.py:925} INFO - DAG(s) 'raw_from_api_to_s3' retrieved from /opt/airflow/dags/row_from_api_to_s3.py
[2026-07-25T16:32:42.678+0000] {logging_mixin.py:190} INFO - [2026-07-25T16:32:42.678+0000] {dag.py:3239} INFO - Sync 1 DAGs
[2026-07-25T16:32:42.691+0000] {logging_mixin.py:190} INFO - [2026-07-25T16:32:42.691+0000] {dag.py:4180} INFO - Setting next_dagrun for raw_from_api_to_s3 to 2026-07-25 02:00:00+00:00, run_after=2026-07-26 02:00:00+00:00
[2026-07-25T16:32:42.702+0000] {processor.py:208} INFO - Processing /opt/airflow/dags/row_from_api_to_s3.py took 0.069 seconds
[2026-07-25T16:33:13.032+0000] {processor.py:186} INFO - Started process (PID=36632) to work on /opt/airflow/dags/row_from_api_to_s3.py
[2026-07-25T16:33:13.033+0000] {processor.py:914} INFO - Processing file /opt/airflow/dags/row_from_api_to_s3.py for tasks to queue
[2026-07-25T16:33:13.034+0000] {logging_mixin.py:190} INFO - [2026-07-25T16:33:13.034+0000] {dagbag.py:588} INFO - Filling up the DagBag from /opt/airflow/dags/row_from_api_to_s3.py
[2026-07-25T16:33:13.069+0000] {processor.py:925} INFO - DAG(s) 'raw_from_api_to_s3' retrieved from /opt/airflow/dags/row_from_api_to_s3.py
[2026-07-25T16:33:13.075+0000] {logging_mixin.py:190} INFO - [2026-07-25T16:33:13.075+0000] {dag.py:3239} INFO - Sync 1 DAGs
[2026-07-25T16:33:13.088+0000] {logging_mixin.py:190} INFO - [2026-07-25T16:33:13.087+0000] {dag.py:4180} INFO - Setting next_dagrun for raw_from_api_to_s3 to 2026-07-25 02:00:00+00:00, run_after=2026-07-26 02:00:00+00:00
[2026-07-25T16:33:13.099+0000] {processor.py:208} INFO - Processing /opt/airflow/dags/row_from_api_to_s3.py took 0.070 seconds
[2026-07-25T16:33:43.341+0000] {processor.py:186} INFO - Started process (PID=36672) to work on /opt/airflow/dags/row_from_api_to_s3.py
[2026-07-25T16:33:43.341+0000] {processor.py:914} INFO - Processing file /opt/airflow/dags/row_from_api_to_s3.py for tasks to queue
[2026-07-25T16:33:43.342+0000] {logging_mixin.py:190} INFO - [2026-07-25T16:33:43.342+0000] {dagbag.py:588} INFO - Filling up the DagBag from /opt/airflow/dags/row_from_api_to_s3.py
[2026-07-25T16:33:43.382+0000] {processor.py:925} INFO - DAG(s) 'raw_from_api_to_s3' retrieved from /opt/airflow/dags/row_from_api_to_s3.py
[2026-07-25T16:33:43.389+0000] {logging_mixin.py:190} INFO - [2026-07-25T16:33:43.389+0000] {dag.py:3239} INFO - Sync 1 DAGs
[2026-07-25T16:33:43.405+0000] {logging_mixin.py:190} INFO - [2026-07-25T16:33:43.404+0000] {dag.py:4180} INFO - Setting next_dagrun for raw_from_api_to_s3 to 2026-07-25 02:00:00+00:00, run_after=2026-07-26 02:00:00+00:00
[2026-07-25T16:33:43.416+0000] {processor.py:208} INFO - Processing /opt/airflow/dags/row_from_api_to_s3.py took 0.079 seconds
[2026-07-25T16:34:13.675+0000] {processor.py:186} INFO - Started process (PID=36712) to work on /opt/airflow/dags/row_from_api_to_s3.py
[2026-07-25T16:34:13.676+0000] {processor.py:914} INFO - Processing file /opt/airflow/dags/row_from_api_to_s3.py for tasks to queue
[2026-07-25T16:34:13.677+0000] {logging_mixin.py:190} INFO - [2026-07-25T16:34:13.677+0000] {dagbag.py:588} INFO - Filling up the DagBag from /opt/airflow/dags/row_from_api_to_s3.py
[2026-07-25T16:34:13.719+0000] {processor.py:925} INFO - DAG(s) 'raw_from_api_to_s3' retrieved from /opt/airflow/dags/row_from_api_to_s3.py
[2026-07-25T16:34:13.726+0000] {logging_mixin.py:190} INFO - [2026-07-25T16:34:13.726+0000] {dag.py:3239} INFO - Sync 1 DAGs
[2026-07-25T16:34:13.741+0000] {logging_mixin.py:190} INFO - [2026-07-25T16:34:13.740+0000] {dag.py:4180} INFO - Setting next_dagrun for raw_from_api_to_s3 to 2026-07-25 02:00:00+00:00, run_after=2026-07-26 02:00:00+00:00
[2026-07-25T16:34:13.752+0000] {processor.py:208} INFO - Processing /opt/airflow/dags/row_from_api_to_s3.py took 0.081 seconds
[2026-07-25T16:34:44.020+0000] {processor.py:186} INFO - Started process (PID=36752) to work on /opt/airflow/dags/row_from_api_to_s3.py
[2026-07-25T16:34:44.021+0000] {processor.py:914} INFO - Processing file /opt/airflow/dags/row_from_api_to_s3.py for tasks to queue
[2026-07-25T16:34:44.021+0000] {logging_mixin.py:190} INFO - [2026-07-25T16:34:44.021+0000] {dagbag.py:588} INFO - Filling up the DagBag from /opt/airflow/dags/row_from_api_to_s3.py
[2026-07-25T16:34:44.060+0000] {processor.py:925} INFO - DAG(s) 'raw_from_api_to_s3' retrieved from /opt/airflow/dags/row_from_api_to_s3.py
[2026-07-25T16:34:44.066+0000] {logging_mixin.py:190} INFO - [2026-07-25T16:34:44.066+0000] {dag.py:3239} INFO - Sync 1 DAGs
[2026-07-25T16:34:44.080+0000] {logging_mixin.py:190} INFO - [2026-07-25T16:34:44.080+0000] {dag.py:4180} INFO - Setting next_dagrun for raw_from_api_to_s3 to 2026-07-25 02:00:00+00:00, run_after=2026-07-26 02:00:00+00:00
[2026-07-25T16:34:44.093+0000] {processor.py:208} INFO - Processing /opt/airflow/dags/row_from_api_to_s3.py took 0.076 seconds
[2026-07-25T16:35:14.354+0000] {processor.py:186} INFO - Started process (PID=36792) to work on /opt/airflow/dags/row_from_api_to_s3.py
[2026-07-25T16:35:14.355+0000] {processor.py:914} INFO - Processing file /opt/airflow/dags/row_from_api_to_s3.py for tasks to queue
[2026-07-25T16:35:14.356+0000] {logging_mixin.py:190} INFO - [2026-07-25T16:35:14.356+0000] {dagbag.py:588} INFO - Filling up the DagBag from /opt/airflow/dags/row_from_api_to_s3.py
[2026-07-25T16:35:14.397+0000] {processor.py:925} INFO - DAG(s) 'raw_from_api_to_s3' retrieved from /opt/airflow/dags/row_from_api_to_s3.py
[2026-07-25T16:35:14.403+0000] {logging_mixin.py:190} INFO - [2026-07-25T16:35:14.403+0000] {dag.py:3239} INFO - Sync 1 DAGs
[2026-07-25T16:35:14.418+0000] {logging_mixin.py:190} INFO - [2026-07-25T16:35:14.418+0000] {dag.py:4180} INFO - Setting next_dagrun for raw_from_api_to_s3 to 2026-07-25 02:00:00+00:00, run_after=2026-07-26 02:00:00+00:00
[2026-07-25T16:35:14.432+0000] {processor.py:208} INFO - Processing /opt/airflow/dags/row_from_api_to_s3.py took 0.082 seconds
[2026-07-25T16:35:44.687+0000] {processor.py:186} INFO - Started process (PID=36832) to work on /opt/airflow/dags/row_from_api_to_s3.py
[2026-07-25T16:35:44.687+0000] {processor.py:914} INFO - Processing file /opt/airflow/dags/row_from_api_to_s3.py for tasks to queue
[2026-07-25T16:35:44.688+0000] {logging_mixin.py:190} INFO - [2026-07-25T16:35:44.688+0000] {dagbag.py:588} INFO - Filling up the DagBag from /opt/airflow/dags/row_from_api_to_s3.py
[2026-07-25T16:35:44.727+0000] {processor.py:925} INFO - DAG(s) 'raw_from_api_to_s3' retrieved from /opt/airflow/dags/row_from_api_to_s3.py
[2026-07-25T16:35:44.734+0000] {logging_mixin.py:190} INFO - [2026-07-25T16:35:44.733+0000] {dag.py:3239} INFO - Sync 1 DAGs
[2026-07-25T16:35:44.747+0000] {logging_mixin.py:190} INFO - [2026-07-25T16:35:44.747+0000] {dag.py:4180} INFO - Setting next_dagrun for raw_from_api_to_s3 to 2026-07-25 02:00:00+00:00, run_after=2026-07-26 02:00:00+00:00
[2026-07-25T16:35:44.758+0000] {processor.py:208} INFO - Processing /opt/airflow/dags/row_from_api_to_s3.py took 0.076 seconds
[2026-07-25T16:36:15.029+0000] {processor.py:186} INFO - Started process (PID=36872) to work on /opt/airflow/dags/row_from_api_to_s3.py
[2026-07-25T16:36:15.030+0000] {processor.py:914} INFO - Processing file /opt/airflow/dags/row_from_api_to_s3.py for tasks to queue
[2026-07-25T16:36:15.030+0000] {logging_mixin.py:190} INFO - [2026-07-25T16:36:15.030+0000] {dagbag.py:588} INFO - Filling up the DagBag from /opt/airflow/dags/row_from_api_to_s3.py
[2026-07-25T16:36:15.069+0000] {processor.py:925} INFO - DAG(s) 'raw_from_api_to_s3' retrieved from /opt/airflow/dags/row_from_api_to_s3.py
[2026-07-25T16:36:15.076+0000] {logging_mixin.py:190} INFO - [2026-07-25T16:36:15.076+0000] {dag.py:3239} INFO - Sync 1 DAGs
[2026-07-25T16:36:15.090+0000] {logging_mixin.py:190} INFO - [2026-07-25T16:36:15.089+0000] {dag.py:4180} INFO - Setting next_dagrun for raw_from_api_to_s3 to 2026-07-25 02:00:00+00:00, run_after=2026-07-26 02:00:00+00:00
[2026-07-25T16:36:15.101+0000] {processor.py:208} INFO - Processing /opt/airflow/dags/row_from_api_to_s3.py took 0.080 seconds
[2026-07-25T16:36:45.332+0000] {processor.py:186} INFO - Started process (PID=36912) to work on /opt/airflow/dags/row_from_api_to_s3.py
[2026-07-25T16:36:45.332+0000] {processor.py:914} INFO - Processing file /opt/airflow/dags/row_from_api_to_s3.py for tasks to queue
[2026-07-25T16:36:45.333+0000] {logging_mixin.py:190} INFO - [2026-07-25T16:36:45.333+0000] {dagbag.py:588} INFO - Filling up the DagBag from /opt/airflow/dags/row_from_api_to_s3.py
[2026-07-25T16:36:45.372+0000] {processor.py:925} INFO - DAG(s) 'raw_from_api_to_s3' retrieved from /opt/airflow/dags/row_from_api_to_s3.py
[2026-07-25T16:36:45.379+0000] {logging_mixin.py:190} INFO - [2026-07-25T16:36:45.378+0000] {dag.py:3239} INFO - Sync 1 DAGs
[2026-07-25T16:36:45.392+0000] {logging_mixin.py:190} INFO - [2026-07-25T16:36:45.392+0000] {dag.py:4180} INFO - Setting next_dagrun for raw_from_api_to_s3 to 2026-07-25 02:00:00+00:00, run_after=2026-07-26 02:00:00+00:00
[2026-07-25T16:36:45.402+0000] {processor.py:208} INFO - Processing /opt/airflow/dags/row_from_api_to_s3.py took 0.074 seconds
[2026-07-25T16:37:15.667+0000] {processor.py:186} INFO - Started process (PID=36952) to work on /opt/airflow/dags/row_from_api_to_s3.py
[2026-07-25T16:37:15.668+0000] {processor.py:914} INFO - Processing file /opt/airflow/dags/row_from_api_to_s3.py for tasks to queue
[2026-07-25T16:37:15.669+0000] {logging_mixin.py:190} INFO - [2026-07-25T16:37:15.668+0000] {dagbag.py:588} INFO - Filling up the DagBag from /opt/airflow/dags/row_from_api_to_s3.py
[2026-07-25T16:37:15.707+0000] {processor.py:925} INFO - DAG(s) 'raw_from_api_to_s3' retrieved from /opt/airflow/dags/row_from_api_to_s3.py
[2026-07-25T16:37:15.714+0000] {logging_mixin.py:190} INFO - [2026-07-25T16:37:15.714+0000] {dag.py:3239} INFO - Sync 1 DAGs
[2026-07-25T16:37:15.728+0000] {logging_mixin.py:190} INFO - [2026-07-25T16:37:15.728+0000] {dag.py:4180} INFO - Setting next_dagrun for raw_from_api_to_s3 to 2026-07-25 02:00:00+00:00, run_after=2026-07-26 02:00:00+00:00
[2026-07-25T16:37:15.739+0000] {processor.py:208} INFO - Processing /opt/airflow/dags/row_from_api_to_s3.py took 0.078 seconds
[2026-07-25T16:37:45.975+0000] {processor.py:186} INFO - Started process (PID=36992) to work on /opt/airflow/dags/row_from_api_to_s3.py
[2026-07-25T16:37:45.976+0000] {processor.py:914} INFO - Processing file /opt/airflow/dags/row_from_api_to_s3.py for tasks to queue
[2026-07-25T16:37:45.978+0000] {logging_mixin.py:190} INFO - [2026-07-25T16:37:45.978+0000] {dagbag.py:588} INFO - Filling up the DagBag from /opt/airflow/dags/row_from_api_to_s3.py
[2026-07-25T16:37:46.030+0000] {processor.py:925} INFO - DAG(s) 'raw_from_api_to_s3' retrieved from /opt/airflow/dags/row_from_api_to_s3.py
[2026-07-25T16:37:46.036+0000] {logging_mixin.py:190} INFO - [2026-07-25T16:37:46.036+0000] {dag.py:3239} INFO - Sync 1 DAGs
[2026-07-25T16:37:46.051+0000] {logging_mixin.py:190} INFO - [2026-07-25T16:37:46.051+0000] {dag.py:4180} INFO - Setting next_dagrun for raw_from_api_to_s3 to 2026-07-25 02:00:00+00:00, run_after=2026-07-26 02:00:00+00:00
[2026-07-25T16:37:46.063+0000] {processor.py:208} INFO - Processing /opt/airflow/dags/row_from_api_to_s3.py took 0.096 seconds
[2026-07-25T16:38:16.234+0000] {processor.py:186} INFO - Started process (PID=37032) to work on /opt/airflow/dags/row_from_api_to_s3.py
[2026-07-25T16:38:16.235+0000] {processor.py:914} INFO - Processing file /opt/airflow/dags/row_from_api_to_s3.py for tasks to queue
[2026-07-25T16:38:16.235+0000] {logging_mixin.py:190} INFO - [2026-07-25T16:38:16.235+0000] {dagbag.py:588} INFO - Filling up the DagBag from /opt/airflow/dags/row_from_api_to_s3.py
[2026-07-25T16:38:16.279+0000] {processor.py:925} INFO - DAG(s) 'raw_from_api_to_s3' retrieved from /opt/airflow/dags/row_from_api_to_s3.py
[2026-07-25T16:38:16.288+0000] {logging_mixin.py:190} INFO - [2026-07-25T16:38:16.287+0000] {dag.py:3239} INFO - Sync 1 DAGs
[2026-07-25T16:38:16.319+0000] {logging_mixin.py:190} INFO - [2026-07-25T16:38:16.319+0000] {dag.py:4180} INFO - Setting next_dagrun for raw_from_api_to_s3 to 2026-07-25 02:00:00+00:00, run_after=2026-07-26 02:00:00+00:00
[2026-07-25T16:38:16.342+0000] {processor.py:208} INFO - Processing /opt/airflow/dags/row_from_api_to_s3.py took 0.112 seconds
[2026-07-25T16:38:46.680+0000] {processor.py:186} INFO - Started process (PID=37072) to work on /opt/airflow/dags/row_from_api_to_s3.py
[2026-07-25T16:38:46.681+0000] {processor.py:914} INFO - Processing file /opt/airflow/dags/row_from_api_to_s3.py for tasks to queue
[2026-07-25T16:38:46.681+0000] {logging_mixin.py:190} INFO - [2026-07-25T16:38:46.681+0000] {dagbag.py:588} INFO - Filling up the DagBag from /opt/airflow/dags/row_from_api_to_s3.py
[2026-07-25T16:38:46.721+0000] {processor.py:925} INFO - DAG(s) 'raw_from_api_to_s3' retrieved from /opt/airflow/dags/row_from_api_to_s3.py
[2026-07-25T16:38:46.730+0000] {logging_mixin.py:190} INFO - [2026-07-25T16:38:46.730+0000] {dag.py:3239} INFO - Sync 1 DAGs
[2026-07-25T16:38:46.744+0000] {logging_mixin.py:190} INFO - [2026-07-25T16:38:46.744+0000] {dag.py:4180} INFO - Setting next_dagrun for raw_from_api_to_s3 to 2026-07-25 02:00:00+00:00, run_after=2026-07-26 02:00:00+00:00
[2026-07-25T16:38:46.755+0000] {processor.py:208} INFO - Processing /opt/airflow/dags/row_from_api_to_s3.py took 0.078 seconds
[2026-07-25T16:39:17.027+0000] {processor.py:186} INFO - Started process (PID=37112) to work on /opt/airflow/dags/row_from_api_to_s3.py
[2026-07-25T16:39:17.028+0000] {processor.py:914} INFO - Processing file /opt/airflow/dags/row_from_api_to_s3.py for tasks to queue
[2026-07-25T16:39:17.028+0000] {logging_mixin.py:190} INFO - [2026-07-25T16:39:17.028+0000] {dagbag.py:588} INFO - Filling up the DagBag from /opt/airflow/dags/row_from_api_to_s3.py
[2026-07-25T16:39:17.066+0000] {processor.py:925} INFO - DAG(s) 'raw_from_api_to_s3' retrieved from /opt/airflow/dags/row_from_api_to_s3.py
[2026-07-25T16:39:17.072+0000] {logging_mixin.py:190} INFO - [2026-07-25T16:39:17.072+0000] {dag.py:3239} INFO - Sync 1 DAGs
[2026-07-25T16:39:17.087+0000] {logging_mixin.py:190} INFO - [2026-07-25T16:39:17.086+0000] {dag.py:4180} INFO - Setting next_dagrun for raw_from_api_to_s3 to 2026-07-25 02:00:00+00:00, run_after=2026-07-26 02:00:00+00:00
[2026-07-25T16:39:17.101+0000] {processor.py:208} INFO - Processing /opt/airflow/dags/row_from_api_to_s3.py took 0.078 seconds
[2026-07-25T16:39:47.347+0000] {processor.py:186} INFO - Started process (PID=37152) to work on /opt/airflow/dags/row_from_api_to_s3.py
[2026-07-25T16:39:47.347+0000] {processor.py:914} INFO - Processing file /opt/airflow/dags/row_from_api_to_s3.py for tasks to queue
[2026-07-25T16:39:47.348+0000] {logging_mixin.py:190} INFO - [2026-07-25T16:39:47.347+0000] {dagbag.py:588} INFO - Filling up the DagBag from /opt/airflow/dags/row_from_api_to_s3.py
[2026-07-25T16:39:47.384+0000] {processor.py:925} INFO - DAG(s) 'raw_from_api_to_s3' retrieved from /opt/airflow/dags/row_from_api_to_s3.py
[2026-07-25T16:39:47.390+0000] {logging_mixin.py:190} INFO - [2026-07-25T16:39:47.390+0000] {dag.py:3239} INFO - Sync 1 DAGs
[2026-07-25T16:39:47.404+0000] {logging_mixin.py:190} INFO - [2026-07-25T16:39:47.404+0000] {dag.py:4180} INFO - Setting next_dagrun for raw_from_api_to_s3 to 2026-07-25 02:00:00+00:00, run_after=2026-07-26 02:00:00+00:00
[2026-07-25T16:39:47.416+0000] {processor.py:208} INFO - Processing /opt/airflow/dags/row_from_api_to_s3.py took 0.073 seconds
[2026-07-25T16:40:17.725+0000] {processor.py:186} INFO - Started process (PID=37192) to work on /opt/airflow/dags/row_from_api_to_s3.py
[2026-07-25T16:40:17.726+0000] {processor.py:914} INFO - Processing file /opt/airflow/dags/row_from_api_to_s3.py for tasks to queue
[2026-07-25T16:40:17.726+0000] {logging_mixin.py:190} INFO - [2026-07-25T16:40:17.726+0000] {dagbag.py:588} INFO - Filling up the DagBag from /opt/airflow/dags/row_from_api_to_s3.py
[2026-07-25T16:40:17.768+0000] {processor.py:925} INFO - DAG(s) 'raw_from_api_to_s3' retrieved from /opt/airflow/dags/row_from_api_to_s3.py
[2026-07-25T16:40:17.774+0000] {logging_mixin.py:190} INFO - [2026-07-25T16:40:17.774+0000] {dag.py:3239} INFO - Sync 1 DAGs
[2026-07-25T16:40:17.787+0000] {logging_mixin.py:190} INFO - [2026-07-25T16:40:17.786+0000] {dag.py:4180} INFO - Setting next_dagrun for raw_from_api_to_s3 to 2026-07-25 02:00:00+00:00, run_after=2026-07-26 02:00:00+00:00
[2026-07-25T16:40:17.796+0000] {processor.py:208} INFO - Processing /opt/airflow/dags/row_from_api_to_s3.py took 0.076 seconds
[2026-07-25T16:40:48.091+0000] {processor.py:186} INFO - Started process (PID=37232) to work on /opt/airflow/dags/row_from_api_to_s3.py
[2026-07-25T16:40:48.092+0000] {processor.py:914} INFO - Processing file /opt/airflow/dags/row_from_api_to_s3.py for tasks to queue
[2026-07-25T16:40:48.092+0000] {logging_mixin.py:190} INFO - [2026-07-25T16:40:48.092+0000] {dagbag.py:588} INFO - Filling up the DagBag from /opt/airflow/dags/row_from_api_to_s3.py
[2026-07-25T16:40:48.128+0000] {processor.py:925} INFO - DAG(s) 'raw_from_api_to_s3' retrieved from /opt/airflow/dags/row_from_api_to_s3.py
[2026-07-25T16:40:48.135+0000] {logging_mixin.py:190} INFO - [2026-07-25T16:40:48.135+0000] {dag.py:3239} INFO - Sync 1 DAGs
[2026-07-25T16:40:48.147+0000] {logging_mixin.py:190} INFO - [2026-07-25T16:40:48.147+0000] {dag.py:4180} INFO - Setting next_dagrun for raw_from_api_to_s3 to 2026-07-25 02:00:00+00:00, run_after=2026-07-26 02:00:00+00:00
[2026-07-25T16:40:48.157+0000] {processor.py:208} INFO - Processing /opt/airflow/dags/row_from_api_to_s3.py took 0.069 seconds
[2026-07-25T16:41:18.524+0000] {processor.py:186} INFO - Started process (PID=37272) to work on /opt/airflow/dags/row_from_api_to_s3.py
[2026-07-25T16:41:18.525+0000] {processor.py:914} INFO - Processing file /opt/airflow/dags/row_from_api_to_s3.py for tasks to queue
[2026-07-25T16:41:18.525+0000] {logging_mixin.py:190} INFO - [2026-07-25T16:41:18.525+0000] {dagbag.py:588} INFO - Filling up the DagBag from /opt/airflow/dags/row_from_api_to_s3.py
[2026-07-25T16:41:18.563+0000] {processor.py:925} INFO - DAG(s) 'raw_from_api_to_s3' retrieved from /opt/airflow/dags/row_from_api_to_s3.py
[2026-07-25T16:41:18.568+0000] {logging_mixin.py:190} INFO - [2026-07-25T16:41:18.568+0000] {dag.py:3239} INFO - Sync 1 DAGs
[2026-07-25T16:41:18.581+0000] {logging_mixin.py:190} INFO - [2026-07-25T16:41:18.581+0000] {dag.py:4180} INFO - Setting next_dagrun for raw_from_api_to_s3 to 2026-07-25 02:00:00+00:00, run_after=2026-07-26 02:00:00+00:00
[2026-07-25T16:41:18.593+0000] {processor.py:208} INFO - Processing /opt/airflow/dags/row_from_api_to_s3.py took 0.073 seconds
[2026-07-25T16:41:48.886+0000] {processor.py:186} INFO - Started process (PID=37312) to work on /opt/airflow/dags/row_from_api_to_s3.py
[2026-07-25T16:41:48.886+0000] {processor.py:914} INFO - Processing file /opt/airflow/dags/row_from_api_to_s3.py for tasks to queue
[2026-07-25T16:41:48.887+0000] {logging_mixin.py:190} INFO - [2026-07-25T16:41:48.886+0000] {dagbag.py:588} INFO - Filling up the DagBag from /opt/airflow/dags/row_from_api_to_s3.py
[2026-07-25T16:41:48.923+0000] {processor.py:925} INFO - DAG(s) 'raw_from_api_to_s3' retrieved from /opt/airflow/dags/row_from_api_to_s3.py
[2026-07-25T16:41:48.929+0000] {logging_mixin.py:190} INFO - [2026-07-25T16:41:48.929+0000] {dag.py:3239} INFO - Sync 1 DAGs
[2026-07-25T16:41:48.943+0000] {logging_mixin.py:190} INFO - [2026-07-25T16:41:48.943+0000] {dag.py:4180} INFO - Setting next_dagrun for raw_from_api_to_s3 to 2026-07-25 02:00:00+00:00, run_after=2026-07-26 02:00:00+00:00
[2026-07-25T16:41:48.954+0000] {processor.py:208} INFO - Processing /opt/airflow/dags/row_from_api_to_s3.py took 0.072 seconds
[2026-07-25T16:42:19.288+0000] {processor.py:186} INFO - Started process (PID=37352) to work on /opt/airflow/dags/row_from_api_to_s3.py
[2026-07-25T16:42:19.289+0000] {processor.py:914} INFO - Processing file /opt/airflow/dags/row_from_api_to_s3.py for tasks to queue
[2026-07-25T16:42:19.290+0000] {logging_mixin.py:190} INFO - [2026-07-25T16:42:19.290+0000] {dagbag.py:588} INFO - Filling up the DagBag from /opt/airflow/dags/row_from_api_to_s3.py
[2026-07-25T16:42:19.350+0000] {processor.py:925} INFO - DAG(s) 'raw_from_api_to_s3' retrieved from /opt/airflow/dags/row_from_api_to_s3.py
[2026-07-25T16:42:19.363+0000] {logging_mixin.py:190} INFO - [2026-07-25T16:42:19.363+0000] {dag.py:3239} INFO - Sync 1 DAGs
[2026-07-25T16:42:19.388+0000] {logging_mixin.py:190} INFO - [2026-07-25T16:42:19.388+0000] {dag.py:4180} INFO - Setting next_dagrun for raw_from_api_to_s3 to 2026-07-25 02:00:00+00:00, run_after=2026-07-26 02:00:00+00:00
[2026-07-25T16:42:19.411+0000] {processor.py:208} INFO - Processing /opt/airflow/dags/row_from_api_to_s3.py took 0.129 seconds
[2026-07-25T16:42:49.506+0000] {processor.py:186} INFO - Started process (PID=37392) to work on /opt/airflow/dags/row_from_api_to_s3.py
[2026-07-25T16:42:49.506+0000] {processor.py:914} INFO - Processing file /opt/airflow/dags/row_from_api_to_s3.py for tasks to queue
[2026-07-25T16:42:49.507+0000] {logging_mixin.py:190} INFO - [2026-07-25T16:42:49.507+0000] {dagbag.py:588} INFO - Filling up the DagBag from /opt/airflow/dags/row_from_api_to_s3.py
[2026-07-25T16:42:49.547+0000] {processor.py:925} INFO - DAG(s) 'raw_from_api_to_s3' retrieved from /opt/airflow/dags/row_from_api_to_s3.py
[2026-07-25T16:42:49.553+0000] {logging_mixin.py:190} INFO - [2026-07-25T16:42:49.553+0000] {dag.py:3239} INFO - Sync 1 DAGs
[2026-07-25T16:42:49.566+0000] {logging_mixin.py:190} INFO - [2026-07-25T16:42:49.566+0000] {dag.py:4180} INFO - Setting next_dagrun for raw_from_api_to_s3 to 2026-07-25 02:00:00+00:00, run_after=2026-07-26 02:00:00+00:00
[2026-07-25T16:42:49.578+0000] {processor.py:208} INFO - Processing /opt/airflow/dags/row_from_api_to_s3.py took 0.075 seconds
[2026-07-25T16:43:19.857+0000] {processor.py:186} INFO - Started process (PID=37432) to work on /opt/airflow/dags/row_from_api_to_s3.py
[2026-07-25T16:43:19.857+0000] {processor.py:914} INFO - Processing file /opt/airflow/dags/row_from_api_to_s3.py for tasks to queue
[2026-07-25T16:43:19.858+0000] {logging_mixin.py:190} INFO - [2026-07-25T16:43:19.858+0000] {dagbag.py:588} INFO - Filling up the DagBag from /opt/airflow/dags/row_from_api_to_s3.py
[2026-07-25T16:43:19.893+0000] {processor.py:925} INFO - DAG(s) 'raw_from_api_to_s3' retrieved from /opt/airflow/dags/row_from_api_to_s3.py
[2026-07-25T16:43:19.900+0000] {logging_mixin.py:190} INFO - [2026-07-25T16:43:19.900+0000] {dag.py:3239} INFO - Sync 1 DAGs
[2026-07-25T16:43:19.913+0000] {logging_mixin.py:190} INFO - [2026-07-25T16:43:19.913+0000] {dag.py:4180} INFO - Setting next_dagrun for raw_from_api_to_s3 to 2026-07-25 02:00:00+00:00, run_after=2026-07-26 02:00:00+00:00
[2026-07-25T16:43:19.924+0000] {processor.py:208} INFO - Processing /opt/airflow/dags/row_from_api_to_s3.py took 0.070 seconds
[2026-07-25T16:43:50.113+0000] {processor.py:186} INFO - Started process (PID=37472) to work on /opt/airflow/dags/row_from_api_to_s3.py
[2026-07-25T16:43:50.114+0000] {processor.py:914} INFO - Processing file /opt/airflow/dags/row_from_api_to_s3.py for tasks to queue
[2026-07-25T16:43:50.114+0000] {logging_mixin.py:190} INFO - [2026-07-25T16:43:50.114+0000] {dagbag.py:588} INFO - Filling up the DagBag from /opt/airflow/dags/row_from_api_to_s3.py
[2026-07-25T16:43:50.152+0000] {processor.py:925} INFO - DAG(s) 'raw_from_api_to_s3' retrieved from /opt/airflow/dags/row_from_api_to_s3.py
[2026-07-25T16:43:50.159+0000] {logging_mixin.py:190} INFO - [2026-07-25T16:43:50.159+0000] {dag.py:3239} INFO - Sync 1 DAGs
[2026-07-25T16:43:50.173+0000] {logging_mixin.py:190} INFO - [2026-07-25T16:43:50.173+0000] {dag.py:4180} INFO - Setting next_dagrun for raw_from_api_to_s3 to 2026-07-25 02:00:00+00:00, run_after=2026-07-26 02:00:00+00:00
[2026-07-25T16:43:50.185+0000] {processor.py:208} INFO - Processing /opt/airflow/dags/row_from_api_to_s3.py took 0.075 seconds
[2026-07-25T16:44:20.428+0000] {processor.py:186} INFO - Started process (PID=37512) to work on /opt/airflow/dags/row_from_api_to_s3.py
[2026-07-25T16:44:20.429+0000] {processor.py:914} INFO - Processing file /opt/airflow/dags/row_from_api_to_s3.py for tasks to queue
[2026-07-25T16:44:20.430+0000] {logging_mixin.py:190} INFO - [2026-07-25T16:44:20.430+0000] {dagbag.py:588} INFO - Filling up the DagBag from /opt/airflow/dags/row_from_api_to_s3.py
[2026-07-25T16:44:20.467+0000] {processor.py:925} INFO - DAG(s) 'raw_from_api_to_s3' retrieved from /opt/airflow/dags/row_from_api_to_s3.py
[2026-07-25T16:44:20.474+0000] {logging_mixin.py:190} INFO - [2026-07-25T16:44:20.474+0000] {dag.py:3239} INFO - Sync 1 DAGs
[2026-07-25T16:44:20.489+0000] {logging_mixin.py:190} INFO - [2026-07-25T16:44:20.488+0000] {dag.py:4180} INFO - Setting next_dagrun for raw_from_api_to_s3 to 2026-07-25 02:00:00+00:00, run_after=2026-07-26 02:00:00+00:00
[2026-07-25T16:44:20.499+0000] {processor.py:208} INFO - Processing /opt/airflow/dags/row_from_api_to_s3.py took 0.075 seconds
[2026-07-25T16:44:50.726+0000] {processor.py:186} INFO - Started process (PID=37552) to work on /opt/airflow/dags/row_from_api_to_s3.py
[2026-07-25T16:44:50.727+0000] {processor.py:914} INFO - Processing file /opt/airflow/dags/row_from_api_to_s3.py for tasks to queue
[2026-07-25T16:44:50.727+0000] {logging_mixin.py:190} INFO - [2026-07-25T16:44:50.727+0000] {dagbag.py:588} INFO - Filling up the DagBag from /opt/airflow/dags/row_from_api_to_s3.py
[2026-07-25T16:44:50.766+0000] {processor.py:925} INFO - DAG(s) 'raw_from_api_to_s3' retrieved from /opt/airflow/dags/row_from_api_to_s3.py
[2026-07-25T16:44:50.774+0000] {logging_mixin.py:190} INFO - [2026-07-25T16:44:50.774+0000] {dag.py:3239} INFO - Sync 1 DAGs
[2026-07-25T16:44:50.787+0000] {logging_mixin.py:190} INFO - [2026-07-25T16:44:50.787+0000] {dag.py:4180} INFO - Setting next_dagrun for raw_from_api_to_s3 to 2026-07-25 02:00:00+00:00, run_after=2026-07-26 02:00:00+00:00
[2026-07-25T16:44:50.799+0000] {processor.py:208} INFO - Processing /opt/airflow/dags/row_from_api_to_s3.py took 0.076 seconds
[2026-07-25T16:45:21.086+0000] {processor.py:186} INFO - Started process (PID=37592) to work on /opt/airflow/dags/row_from_api_to_s3.py
[2026-07-25T16:45:21.087+0000] {processor.py:914} INFO - Processing file /opt/airflow/dags/row_from_api_to_s3.py for tasks to queue
[2026-07-25T16:45:21.088+0000] {logging_mixin.py:190} INFO - [2026-07-25T16:45:21.087+0000] {dagbag.py:588} INFO - Filling up the DagBag from /opt/airflow/dags/row_from_api_to_s3.py
[2026-07-25T16:45:21.124+0000] {processor.py:925} INFO - DAG(s) 'raw_from_api_to_s3' retrieved from /opt/airflow/dags/row_from_api_to_s3.py
[2026-07-25T16:45:21.130+0000] {logging_mixin.py:190} INFO - [2026-07-25T16:45:21.130+0000] {dag.py:3239} INFO - Sync 1 DAGs
[2026-07-25T16:45:21.143+0000] {logging_mixin.py:190} INFO - [2026-07-25T16:45:21.143+0000] {dag.py:4180} INFO - Setting next_dagrun for raw_from_api_to_s3 to 2026-07-25 02:00:00+00:00, run_after=2026-07-26 02:00:00+00:00
[2026-07-25T16:45:21.155+0000] {processor.py:208} INFO - Processing /opt/airflow/dags/row_from_api_to_s3.py took 0.072 seconds
[2026-07-25T16:45:51.402+0000] {processor.py:186} INFO - Started process (PID=37632) to work on /opt/airflow/dags/row_from_api_to_s3.py
[2026-07-25T16:45:51.403+0000] {processor.py:914} INFO - Processing file /opt/airflow/dags/row_from_api_to_s3.py for tasks to queue
[2026-07-25T16:45:51.403+0000] {logging_mixin.py:190} INFO - [2026-07-25T16:45:51.403+0000] {dagbag.py:588} INFO - Filling up the DagBag from /opt/airflow/dags/row_from_api_to_s3.py
[2026-07-25T16:45:51.449+0000] {processor.py:925} INFO - DAG(s) 'raw_from_api_to_s3' retrieved from /opt/airflow/dags/row_from_api_to_s3.py
[2026-07-25T16:45:51.457+0000] {logging_mixin.py:190} INFO - [2026-07-25T16:45:51.457+0000] {dag.py:3239} INFO - Sync 1 DAGs
[2026-07-25T16:45:51.474+0000] {logging_mixin.py:190} INFO - [2026-07-25T16:45:51.474+0000] {dag.py:4180} INFO - Setting next_dagrun for raw_from_api_to_s3 to 2026-07-25 02:00:00+00:00, run_after=2026-07-26 02:00:00+00:00
[2026-07-25T16:45:51.485+0000] {processor.py:208} INFO - Processing /opt/airflow/dags/row_from_api_to_s3.py took 0.087 seconds
[2026-07-25T16:46:21.770+0000] {processor.py:186} INFO - Started process (PID=37672) to work on /opt/airflow/dags/row_from_api_to_s3.py
[2026-07-25T16:46:21.770+0000] {processor.py:914} INFO - Processing file /opt/airflow/dags/row_from_api_to_s3.py for tasks to queue
[2026-07-25T16:46:21.771+0000] {logging_mixin.py:190} INFO - [2026-07-25T16:46:21.771+0000] {dagbag.py:588} INFO - Filling up the DagBag from /opt/airflow/dags/row_from_api_to_s3.py
[2026-07-25T16:46:21.810+0000] {processor.py:925} INFO - DAG(s) 'raw_from_api_to_s3' retrieved from /opt/airflow/dags/row_from_api_to_s3.py
[2026-07-25T16:46:21.816+0000] {logging_mixin.py:190} INFO - [2026-07-25T16:46:21.816+0000] {dag.py:3239} INFO - Sync 1 DAGs
[2026-07-25T16:46:21.830+0000] {logging_mixin.py:190} INFO - [2026-07-25T16:46:21.829+0000] {dag.py:4180} INFO - Setting next_dagrun for raw_from_api_to_s3 to 2026-07-25 02:00:00+00:00, run_after=2026-07-26 02:00:00+00:00
[2026-07-25T16:46:21.841+0000] {processor.py:208} INFO - Processing /opt/airflow/dags/row_from_api_to_s3.py took 0.074 seconds
[2026-07-25T16:46:52.170+0000] {processor.py:186} INFO - Started process (PID=37712) to work on /opt/airflow/dags/row_from_api_to_s3.py
[2026-07-25T16:46:52.170+0000] {processor.py:914} INFO - Processing file /opt/airflow/dags/row_from_api_to_s3.py for tasks to queue
[2026-07-25T16:46:52.171+0000] {logging_mixin.py:190} INFO - [2026-07-25T16:46:52.171+0000] {dagbag.py:588} INFO - Filling up the DagBag from /opt/airflow/dags/row_from_api_to_s3.py
[2026-07-25T16:46:52.209+0000] {processor.py:925} INFO - DAG(s) 'raw_from_api_to_s3' retrieved from /opt/airflow/dags/row_from_api_to_s3.py
[2026-07-25T16:46:52.217+0000] {logging_mixin.py:190} INFO - [2026-07-25T16:46:52.217+0000] {dag.py:3239} INFO - Sync 1 DAGs
[2026-07-25T16:46:52.229+0000] {logging_mixin.py:190} INFO - [2026-07-25T16:46:52.229+0000] {dag.py:4180} INFO - Setting next_dagrun for raw_from_api_to_s3 to 2026-07-25 02:00:00+00:00, run_after=2026-07-26 02:00:00+00:00
[2026-07-25T16:46:52.239+0000] {processor.py:208} INFO - Processing /opt/airflow/dags/row_from_api_to_s3.py took 0.073 seconds
[2026-07-25T16:47:22.507+0000] {processor.py:186} INFO - Started process (PID=37752) to work on /opt/airflow/dags/row_from_api_to_s3.py
[2026-07-25T16:47:22.508+0000] {processor.py:914} INFO - Processing file /opt/airflow/dags/row_from_api_to_s3.py for tasks to queue
[2026-07-25T16:47:22.509+0000] {logging_mixin.py:190} INFO - [2026-07-25T16:47:22.509+0000] {dagbag.py:588} INFO - Filling up the DagBag from /opt/airflow/dags/row_from_api_to_s3.py
[2026-07-25T16:47:22.546+0000] {processor.py:925} INFO - DAG(s) 'raw_from_api_to_s3' retrieved from /opt/airflow/dags/row_from_api_to_s3.py
[2026-07-25T16:47:22.552+0000] {logging_mixin.py:190} INFO - [2026-07-25T16:47:22.552+0000] {dag.py:3239} INFO - Sync 1 DAGs
[2026-07-25T16:47:22.566+0000] {logging_mixin.py:190} INFO - [2026-07-25T16:47:22.566+0000] {dag.py:4180} INFO - Setting next_dagrun for raw_from_api_to_s3 to 2026-07-25 02:00:00+00:00, run_after=2026-07-26 02:00:00+00:00
[2026-07-25T16:47:22.580+0000] {processor.py:208} INFO - Processing /opt/airflow/dags/row_from_api_to_s3.py took 0.076 seconds
[2026-07-25T16:47:52.842+0000] {processor.py:186} INFO - Started process (PID=37792) to work on /opt/airflow/dags/row_from_api_to_s3.py
[2026-07-25T16:47:52.843+0000] {processor.py:914} INFO - Processing file /opt/airflow/dags/row_from_api_to_s3.py for tasks to queue
[2026-07-25T16:47:52.843+0000] {logging_mixin.py:190} INFO - [2026-07-25T16:47:52.843+0000] {dagbag.py:588} INFO - Filling up the DagBag from /opt/airflow/dags/row_from_api_to_s3.py
[2026-07-25T16:47:52.880+0000] {processor.py:925} INFO - DAG(s) 'raw_from_api_to_s3' retrieved from /opt/airflow/dags/row_from_api_to_s3.py
[2026-07-25T16:47:52.885+0000] {logging_mixin.py:190} INFO - [2026-07-25T16:47:52.885+0000] {dag.py:3239} INFO - Sync 1 DAGs
[2026-07-25T16:47:52.899+0000] {logging_mixin.py:190} INFO - [2026-07-25T16:47:52.899+0000] {dag.py:4180} INFO - Setting next_dagrun for raw_from_api_to_s3 to 2026-07-25 02:00:00+00:00, run_after=2026-07-26 02:00:00+00:00
[2026-07-25T16:47:52.909+0000] {processor.py:208} INFO - Processing /opt/airflow/dags/row_from_api_to_s3.py took 0.070 seconds
[2026-07-25T16:48:23.194+0000] {processor.py:186} INFO - Started process (PID=37832) to work on /opt/airflow/dags/row_from_api_to_s3.py
[2026-07-25T16:48:23.195+0000] {processor.py:914} INFO - Processing file /opt/airflow/dags/row_from_api_to_s3.py for tasks to queue
[2026-07-25T16:48:23.196+0000] {logging_mixin.py:190} INFO - [2026-07-25T16:48:23.195+0000] {dagbag.py:588} INFO - Filling up the DagBag from /opt/airflow/dags/row_from_api_to_s3.py
[2026-07-25T16:48:23.234+0000] {processor.py:925} INFO - DAG(s) 'raw_from_api_to_s3' retrieved from /opt/airflow/dags/row_from_api_to_s3.py
[2026-07-25T16:48:23.240+0000] {logging_mixin.py:190} INFO - [2026-07-25T16:48:23.240+0000] {dag.py:3239} INFO - Sync 1 DAGs
[2026-07-25T16:48:23.254+0000] {logging_mixin.py:190} INFO - [2026-07-25T16:48:23.254+0000] {dag.py:4180} INFO - Setting next_dagrun for raw_from_api_to_s3 to 2026-07-25 02:00:00+00:00, run_after=2026-07-26 02:00:00+00:00
[2026-07-25T16:48:23.265+0000] {processor.py:208} INFO - Processing /opt/airflow/dags/row_from_api_to_s3.py took 0.074 seconds
[2026-07-25T16:48:53.507+0000] {processor.py:186} INFO - Started process (PID=37872) to work on /opt/airflow/dags/row_from_api_to_s3.py
[2026-07-25T16:48:53.508+0000] {processor.py:914} INFO - Processing file /opt/airflow/dags/row_from_api_to_s3.py for tasks to queue
[2026-07-25T16:48:53.508+0000] {logging_mixin.py:190} INFO - [2026-07-25T16:48:53.508+0000] {dagbag.py:588} INFO - Filling up the DagBag from /opt/airflow/dags/row_from_api_to_s3.py
[2026-07-25T16:48:53.550+0000] {processor.py:925} INFO - DAG(s) 'raw_from_api_to_s3' retrieved from /opt/airflow/dags/row_from_api_to_s3.py
[2026-07-25T16:48:53.557+0000] {logging_mixin.py:190} INFO - [2026-07-25T16:48:53.556+0000] {dag.py:3239} INFO - Sync 1 DAGs
[2026-07-25T16:48:53.571+0000] {logging_mixin.py:190} INFO - [2026-07-25T16:48:53.571+0000] {dag.py:4180} INFO - Setting next_dagrun for raw_from_api_to_s3 to 2026-07-25 02:00:00+00:00, run_after=2026-07-26 02:00:00+00:00
[2026-07-25T16:48:53.582+0000] {processor.py:208} INFO - Processing /opt/airflow/dags/row_from_api_to_s3.py took 0.079 seconds
[2026-07-25T16:49:23.880+0000] {processor.py:186} INFO - Started process (PID=37913) to work on /opt/airflow/dags/row_from_api_to_s3.py
[2026-07-25T16:49:23.881+0000] {processor.py:914} INFO - Processing file /opt/airflow/dags/row_from_api_to_s3.py for tasks to queue
[2026-07-25T16:49:23.881+0000] {logging_mixin.py:190} INFO - [2026-07-25T16:49:23.881+0000] {dagbag.py:588} INFO - Filling up the DagBag from /opt/airflow/dags/row_from_api_to_s3.py
[2026-07-25T16:49:23.917+0000] {processor.py:925} INFO - DAG(s) 'raw_from_api_to_s3' retrieved from /opt/airflow/dags/row_from_api_to_s3.py
[2026-07-25T16:49:23.924+0000] {logging_mixin.py:190} INFO - [2026-07-25T16:49:23.923+0000] {dag.py:3239} INFO - Sync 1 DAGs
[2026-07-25T16:49:23.937+0000] {logging_mixin.py:190} INFO - [2026-07-25T16:49:23.937+0000] {dag.py:4180} INFO - Setting next_dagrun for raw_from_api_to_s3 to 2026-07-25 02:00:00+00:00, run_after=2026-07-26 02:00:00+00:00
[2026-07-25T16:49:23.950+0000] {processor.py:208} INFO - Processing /opt/airflow/dags/row_from_api_to_s3.py took 0.073 seconds
[2026-07-25T16:49:54.259+0000] {processor.py:186} INFO - Started process (PID=37965) to work on /opt/airflow/dags/row_from_api_to_s3.py
[2026-07-25T16:49:54.260+0000] {processor.py:914} INFO - Processing file /opt/airflow/dags/row_from_api_to_s3.py for tasks to queue
[2026-07-25T16:49:54.260+0000] {logging_mixin.py:190} INFO - [2026-07-25T16:49:54.260+0000] {dagbag.py:588} INFO - Filling up the DagBag from /opt/airflow/dags/row_from_api_to_s3.py
[2026-07-25T16:49:54.296+0000] {processor.py:925} INFO - DAG(s) 'raw_from_api_to_s3' retrieved from /opt/airflow/dags/row_from_api_to_s3.py
[2026-07-25T16:49:54.302+0000] {logging_mixin.py:190} INFO - [2026-07-25T16:49:54.302+0000] {dag.py:3239} INFO - Sync 1 DAGs
[2026-07-25T16:49:54.316+0000] {logging_mixin.py:190} INFO - [2026-07-25T16:49:54.316+0000] {dag.py:4180} INFO - Setting next_dagrun for raw_from_api_to_s3 to 2026-07-25 02:00:00+00:00, run_after=2026-07-26 02:00:00+00:00
[2026-07-25T16:49:54.329+0000] {processor.py:208} INFO - Processing /opt/airflow/dags/row_from_api_to_s3.py took 0.074 seconds
[2026-07-25T16:50:24.627+0000] {processor.py:186} INFO - Started process (PID=38005) to work on /opt/airflow/dags/row_from_api_to_s3.py
[2026-07-25T16:50:24.627+0000] {processor.py:914} INFO - Processing file /opt/airflow/dags/row_from_api_to_s3.py for tasks to queue
[2026-07-25T16:50:24.628+0000] {logging_mixin.py:190} INFO - [2026-07-25T16:50:24.627+0000] {dagbag.py:588} INFO - Filling up the DagBag from /opt/airflow/dags/row_from_api_to_s3.py
[2026-07-25T16:50:24.664+0000] {processor.py:925} INFO - DAG(s) 'raw_from_api_to_s3' retrieved from /opt/airflow/dags/row_from_api_to_s3.py
[2026-07-25T16:50:24.672+0000] {logging_mixin.py:190} INFO - [2026-07-25T16:50:24.672+0000] {dag.py:3239} INFO - Sync 1 DAGs
[2026-07-25T16:50:24.685+0000] {logging_mixin.py:190} INFO - [2026-07-25T16:50:24.685+0000] {dag.py:4180} INFO - Setting next_dagrun for raw_from_api_to_s3 to 2026-07-25 02:00:00+00:00, run_after=2026-07-26 02:00:00+00:00
[2026-07-25T16:50:24.694+0000] {processor.py:208} INFO - Processing /opt/airflow/dags/row_from_api_to_s3.py took 0.071 seconds
[2026-07-25T16:50:54.996+0000] {processor.py:186} INFO - Started process (PID=38045) to work on /opt/airflow/dags/row_from_api_to_s3.py
[2026-07-25T16:50:54.997+0000] {processor.py:914} INFO - Processing file /opt/airflow/dags/row_from_api_to_s3.py for tasks to queue
[2026-07-25T16:50:54.997+0000] {logging_mixin.py:190} INFO - [2026-07-25T16:50:54.997+0000] {dagbag.py:588} INFO - Filling up the DagBag from /opt/airflow/dags/row_from_api_to_s3.py
[2026-07-25T16:50:55.034+0000] {processor.py:925} INFO - DAG(s) 'raw_from_api_to_s3' retrieved from /opt/airflow/dags/row_from_api_to_s3.py
[2026-07-25T16:50:55.040+0000] {logging_mixin.py:190} INFO - [2026-07-25T16:50:55.040+0000] {dag.py:3239} INFO - Sync 1 DAGs
[2026-07-25T16:50:55.054+0000] {logging_mixin.py:190} INFO - [2026-07-25T16:50:55.054+0000] {dag.py:4180} INFO - Setting next_dagrun for raw_from_api_to_s3 to 2026-07-25 02:00:00+00:00, run_after=2026-07-26 02:00:00+00:00
[2026-07-25T16:50:55.065+0000] {processor.py:208} INFO - Processing /opt/airflow/dags/row_from_api_to_s3.py took 0.072 seconds
[2026-07-25T16:51:25.329+0000] {processor.py:186} INFO - Started process (PID=38085) to work on /opt/airflow/dags/row_from_api_to_s3.py
[2026-07-25T16:51:25.329+0000] {processor.py:914} INFO - Processing file /opt/airflow/dags/row_from_api_to_s3.py for tasks to queue
[2026-07-25T16:51:25.330+0000] {logging_mixin.py:190} INFO - [2026-07-25T16:51:25.330+0000] {dagbag.py:588} INFO - Filling up the DagBag from /opt/airflow/dags/row_from_api_to_s3.py
[2026-07-25T16:51:25.368+0000] {processor.py:925} INFO - DAG(s) 'raw_from_api_to_s3' retrieved from /opt/airflow/dags/row_from_api_to_s3.py
[2026-07-25T16:51:25.374+0000] {logging_mixin.py:190} INFO - [2026-07-25T16:51:25.374+0000] {dag.py:3239} INFO - Sync 1 DAGs
[2026-07-25T16:51:25.388+0000] {logging_mixin.py:190} INFO - [2026-07-25T16:51:25.388+0000] {dag.py:4180} INFO - Setting next_dagrun for raw_from_api_to_s3 to 2026-07-25 02:00:00+00:00, run_after=2026-07-26 02:00:00+00:00
[2026-07-25T16:51:25.400+0000] {processor.py:208} INFO - Processing /opt/airflow/dags/row_from_api_to_s3.py took 0.076 seconds
[2026-07-25T16:51:55.677+0000] {processor.py:186} INFO - Started process (PID=38125) to work on /opt/airflow/dags/row_from_api_to_s3.py
[2026-07-25T16:51:55.677+0000] {processor.py:914} INFO - Processing file /opt/airflow/dags/row_from_api_to_s3.py for tasks to queue
[2026-07-25T16:51:55.678+0000] {logging_mixin.py:190} INFO - [2026-07-25T16:51:55.678+0000] {dagbag.py:588} INFO - Filling up the DagBag from /opt/airflow/dags/row_from_api_to_s3.py
[2026-07-25T16:51:55.715+0000] {processor.py:925} INFO - DAG(s) 'raw_from_api_to_s3' retrieved from /opt/airflow/dags/row_from_api_to_s3.py
[2026-07-25T16:51:55.721+0000] {logging_mixin.py:190} INFO - [2026-07-25T16:51:55.721+0000] {dag.py:3239} INFO - Sync 1 DAGs
[2026-07-25T16:51:55.736+0000] {logging_mixin.py:190} INFO - [2026-07-25T16:51:55.735+0000] {dag.py:4180} INFO - Setting next_dagrun for raw_from_api_to_s3 to 2026-07-25 02:00:00+00:00, run_after=2026-07-26 02:00:00+00:00
[2026-07-25T16:51:55.747+0000] {processor.py:208} INFO - Processing /opt/airflow/dags/row_from_api_to_s3.py took 0.074 seconds
[2026-07-25T16:52:26.048+0000] {processor.py:186} INFO - Started process (PID=38165) to work on /opt/airflow/dags/row_from_api_to_s3.py
[2026-07-25T16:52:26.049+0000] {processor.py:914} INFO - Processing file /opt/airflow/dags/row_from_api_to_s3.py for tasks to queue
[2026-07-25T16:52:26.050+0000] {logging_mixin.py:190} INFO - [2026-07-25T16:52:26.050+0000] {dagbag.py:588} INFO - Filling up the DagBag from /opt/airflow/dags/row_from_api_to_s3.py
[2026-07-25T16:52:26.090+0000] {processor.py:925} INFO - DAG(s) 'raw_from_api_to_s3' retrieved from /opt/airflow/dags/row_from_api_to_s3.py
[2026-07-25T16:52:26.096+0000] {logging_mixin.py:190} INFO - [2026-07-25T16:52:26.096+0000] {dag.py:3239} INFO - Sync 1 DAGs
[2026-07-25T16:52:26.110+0000] {logging_mixin.py:190} INFO - [2026-07-25T16:52:26.110+0000] {dag.py:4180} INFO - Setting next_dagrun for raw_from_api_to_s3 to 2026-07-25 02:00:00+00:00, run_after=2026-07-26 02:00:00+00:00
[2026-07-25T16:52:26.121+0000] {processor.py:208} INFO - Processing /opt/airflow/dags/row_from_api_to_s3.py took 0.076 seconds
[2026-07-25T16:52:56.338+0000] {processor.py:186} INFO - Started process (PID=38205) to work on /opt/airflow/dags/row_from_api_to_s3.py
[2026-07-25T16:52:56.339+0000] {processor.py:914} INFO - Processing file /opt/airflow/dags/row_from_api_to_s3.py for tasks to queue
[2026-07-25T16:52:56.340+0000] {logging_mixin.py:190} INFO - [2026-07-25T16:52:56.339+0000] {dagbag.py:588} INFO - Filling up the DagBag from /opt/airflow/dags/row_from_api_to_s3.py
[2026-07-25T16:52:56.378+0000] {processor.py:925} INFO - DAG(s) 'raw_from_api_to_s3' retrieved from /opt/airflow/dags/row_from_api_to_s3.py
[2026-07-25T16:52:56.385+0000] {logging_mixin.py:190} INFO - [2026-07-25T16:52:56.385+0000] {dag.py:3239} INFO - Sync 1 DAGs
[2026-07-25T16:52:56.398+0000] {logging_mixin.py:190} INFO - [2026-07-25T16:52:56.398+0000] {dag.py:4180} INFO - Setting next_dagrun for raw_from_api_to_s3 to 2026-07-25 02:00:00+00:00, run_after=2026-07-26 02:00:00+00:00
[2026-07-25T16:52:56.410+0000] {processor.py:208} INFO - Processing /opt/airflow/dags/row_from_api_to_s3.py took 0.076 seconds
[2026-07-25T16:53:26.618+0000] {processor.py:186} INFO - Started process (PID=38245) to work on /opt/airflow/dags/row_from_api_to_s3.py
[2026-07-25T16:53:26.619+0000] {processor.py:914} INFO - Processing file /opt/airflow/dags/row_from_api_to_s3.py for tasks to queue
[2026-07-25T16:53:26.620+0000] {logging_mixin.py:190} INFO - [2026-07-25T16:53:26.619+0000] {dagbag.py:588} INFO - Filling up the DagBag from /opt/airflow/dags/row_from_api_to_s3.py
[2026-07-25T16:53:26.657+0000] {processor.py:925} INFO - DAG(s) 'raw_from_api_to_s3' retrieved from /opt/airflow/dags/row_from_api_to_s3.py
[2026-07-25T16:53:26.663+0000] {logging_mixin.py:190} INFO - [2026-07-25T16:53:26.663+0000] {dag.py:3239} INFO - Sync 1 DAGs
[2026-07-25T16:53:26.677+0000] {logging_mixin.py:190} INFO - [2026-07-25T16:53:26.676+0000] {dag.py:4180} INFO - Setting next_dagrun for raw_from_api_to_s3 to 2026-07-25 02:00:00+00:00, run_after=2026-07-26 02:00:00+00:00
[2026-07-25T16:53:26.688+0000] {processor.py:208} INFO - Processing /opt/airflow/dags/row_from_api_to_s3.py took 0.073 seconds
[2026-07-25T16:53:56.918+0000] {processor.py:186} INFO - Started process (PID=38285) to work on /opt/airflow/dags/row_from_api_to_s3.py
[2026-07-25T16:53:56.919+0000] {processor.py:914} INFO - Processing file /opt/airflow/dags/row_from_api_to_s3.py for tasks to queue
[2026-07-25T16:53:56.919+0000] {logging_mixin.py:190} INFO - [2026-07-25T16:53:56.919+0000] {dagbag.py:588} INFO - Filling up the DagBag from /opt/airflow/dags/row_from_api_to_s3.py
[2026-07-25T16:53:56.962+0000] {processor.py:925} INFO - DAG(s) 'raw_from_api_to_s3' retrieved from /opt/airflow/dags/row_from_api_to_s3.py
[2026-07-25T16:53:56.969+0000] {logging_mixin.py:190} INFO - [2026-07-25T16:53:56.969+0000] {dag.py:3239} INFO - Sync 1 DAGs
[2026-07-25T16:53:56.983+0000] {logging_mixin.py:190} INFO - [2026-07-25T16:53:56.983+0000] {dag.py:4180} INFO - Setting next_dagrun for raw_from_api_to_s3 to 2026-07-25 02:00:00+00:00, run_after=2026-07-26 02:00:00+00:00
[2026-07-25T16:53:56.993+0000] {processor.py:208} INFO - Processing /opt/airflow/dags/row_from_api_to_s3.py took 0.078 seconds
[2026-07-25T16:54:27.287+0000] {processor.py:186} INFO - Started process (PID=38325) to work on /opt/airflow/dags/row_from_api_to_s3.py
[2026-07-25T16:54:27.288+0000] {processor.py:914} INFO - Processing file /opt/airflow/dags/row_from_api_to_s3.py for tasks to queue
[2026-07-25T16:54:27.288+0000] {logging_mixin.py:190} INFO - [2026-07-25T16:54:27.288+0000] {dagbag.py:588} INFO - Filling up the DagBag from /opt/airflow/dags/row_from_api_to_s3.py
[2026-07-25T16:54:27.322+0000] {processor.py:925} INFO - DAG(s) 'raw_from_api_to_s3' retrieved from /opt/airflow/dags/row_from_api_to_s3.py
[2026-07-25T16:54:27.327+0000] {logging_mixin.py:190} INFO - [2026-07-25T16:54:27.327+0000] {dag.py:3239} INFO - Sync 1 DAGs
[2026-07-25T16:54:27.341+0000] {logging_mixin.py:190} INFO - [2026-07-25T16:54:27.341+0000] {dag.py:4180} INFO - Setting next_dagrun for raw_from_api_to_s3 to 2026-07-25 02:00:00+00:00, run_after=2026-07-26 02:00:00+00:00
[2026-07-25T16:54:27.351+0000] {processor.py:208} INFO - Processing /opt/airflow/dags/row_from_api_to_s3.py took 0.068 seconds
[2026-07-25T16:54:57.684+0000] {processor.py:186} INFO - Started process (PID=38365) to work on /opt/airflow/dags/row_from_api_to_s3.py
[2026-07-25T16:54:57.685+0000] {processor.py:914} INFO - Processing file /opt/airflow/dags/row_from_api_to_s3.py for tasks to queue
[2026-07-25T16:54:57.685+0000] {logging_mixin.py:190} INFO - [2026-07-25T16:54:57.685+0000] {dagbag.py:588} INFO - Filling up the DagBag from /opt/airflow/dags/row_from_api_to_s3.py
[2026-07-25T16:54:57.725+0000] {processor.py:925} INFO - DAG(s) 'raw_from_api_to_s3' retrieved from /opt/airflow/dags/row_from_api_to_s3.py
[2026-07-25T16:54:57.731+0000] {logging_mixin.py:190} INFO - [2026-07-25T16:54:57.731+0000] {dag.py:3239} INFO - Sync 1 DAGs
[2026-07-25T16:54:57.745+0000] {logging_mixin.py:190} INFO - [2026-07-25T16:54:57.745+0000] {dag.py:4180} INFO - Setting next_dagrun for raw_from_api_to_s3 to 2026-07-25 02:00:00+00:00, run_after=2026-07-26 02:00:00+00:00
[2026-07-25T16:54:57.756+0000] {processor.py:208} INFO - Processing /opt/airflow/dags/row_from_api_to_s3.py took 0.075 seconds
[2026-07-25T16:55:28.085+0000] {processor.py:186} INFO - Started process (PID=38405) to work on /opt/airflow/dags/row_from_api_to_s3.py
[2026-07-25T16:55:28.085+0000] {processor.py:914} INFO - Processing file /opt/airflow/dags/row_from_api_to_s3.py for tasks to queue
[2026-07-25T16:55:28.086+0000] {logging_mixin.py:190} INFO - [2026-07-25T16:55:28.086+0000] {dagbag.py:588} INFO - Filling up the DagBag from /opt/airflow/dags/row_from_api_to_s3.py
[2026-07-25T16:55:28.123+0000] {processor.py:925} INFO - DAG(s) 'raw_from_api_to_s3' retrieved from /opt/airflow/dags/row_from_api_to_s3.py
[2026-07-25T16:55:28.129+0000] {logging_mixin.py:190} INFO - [2026-07-25T16:55:28.129+0000] {dag.py:3239} INFO - Sync 1 DAGs
[2026-07-25T16:55:28.140+0000] {logging_mixin.py:190} INFO - [2026-07-25T16:55:28.140+0000] {dag.py:4180} INFO - Setting next_dagrun for raw_from_api_to_s3 to 2026-07-25 02:00:00+00:00, run_after=2026-07-26 02:00:00+00:00
[2026-07-25T16:55:28.152+0000] {processor.py:208} INFO - Processing /opt/airflow/dags/row_from_api_to_s3.py took 0.071 seconds
[2026-07-25T16:55:58.397+0000] {processor.py:186} INFO - Started process (PID=38445) to work on /opt/airflow/dags/row_from_api_to_s3.py
[2026-07-25T16:55:58.398+0000] {processor.py:914} INFO - Processing file /opt/airflow/dags/row_from_api_to_s3.py for tasks to queue
[2026-07-25T16:55:58.399+0000] {logging_mixin.py:190} INFO - [2026-07-25T16:55:58.399+0000] {dagbag.py:588} INFO - Filling up the DagBag from /opt/airflow/dags/row_from_api_to_s3.py
[2026-07-25T16:55:58.437+0000] {processor.py:925} INFO - DAG(s) 'raw_from_api_to_s3' retrieved from /opt/airflow/dags/row_from_api_to_s3.py
[2026-07-25T16:55:58.445+0000] {logging_mixin.py:190} INFO - [2026-07-25T16:55:58.445+0000] {dag.py:3239} INFO - Sync 1 DAGs
[2026-07-25T16:55:58.457+0000] {logging_mixin.py:190} INFO - [2026-07-25T16:55:58.457+0000] {dag.py:4180} INFO - Setting next_dagrun for raw_from_api_to_s3 to 2026-07-25 02:00:00+00:00, run_after=2026-07-26 02:00:00+00:00
[2026-07-25T16:55:58.467+0000] {processor.py:208} INFO - Processing /opt/airflow/dags/row_from_api_to_s3.py took 0.074 seconds
[2026-07-25T16:56:28.812+0000] {processor.py:186} INFO - Started process (PID=38485) to work on /opt/airflow/dags/row_from_api_to_s3.py
[2026-07-25T16:56:28.812+0000] {processor.py:914} INFO - Processing file /opt/airflow/dags/row_from_api_to_s3.py for tasks to queue
[2026-07-25T16:56:28.813+0000] {logging_mixin.py:190} INFO - [2026-07-25T16:56:28.812+0000] {dagbag.py:588} INFO - Filling up the DagBag from /opt/airflow/dags/row_from_api_to_s3.py
[2026-07-25T16:56:28.850+0000] {processor.py:925} INFO - DAG(s) 'raw_from_api_to_s3' retrieved from /opt/airflow/dags/row_from_api_to_s3.py
[2026-07-25T16:56:28.857+0000] {logging_mixin.py:190} INFO - [2026-07-25T16:56:28.856+0000] {dag.py:3239} INFO - Sync 1 DAGs
[2026-07-25T16:56:28.871+0000] {logging_mixin.py:190} INFO - [2026-07-25T16:56:28.871+0000] {dag.py:4180} INFO - Setting next_dagrun for raw_from_api_to_s3 to 2026-07-25 02:00:00+00:00, run_after=2026-07-26 02:00:00+00:00
[2026-07-25T16:56:28.883+0000] {processor.py:208} INFO - Processing /opt/airflow/dags/row_from_api_to_s3.py took 0.075 seconds
[2026-07-25T16:56:59.120+0000] {processor.py:186} INFO - Started process (PID=38525) to work on /opt/airflow/dags/row_from_api_to_s3.py
[2026-07-25T16:56:59.120+0000] {processor.py:914} INFO - Processing file /opt/airflow/dags/row_from_api_to_s3.py for tasks to queue
[2026-07-25T16:56:59.121+0000] {logging_mixin.py:190} INFO - [2026-07-25T16:56:59.121+0000] {dagbag.py:588} INFO - Filling up the DagBag from /opt/airflow/dags/row_from_api_to_s3.py
[2026-07-25T16:56:59.160+0000] {processor.py:925} INFO - DAG(s) 'raw_from_api_to_s3' retrieved from /opt/airflow/dags/row_from_api_to_s3.py
[2026-07-25T16:56:59.166+0000] {logging_mixin.py:190} INFO - [2026-07-25T16:56:59.166+0000] {dag.py:3239} INFO - Sync 1 DAGs
[2026-07-25T16:56:59.179+0000] {logging_mixin.py:190} INFO - [2026-07-25T16:56:59.179+0000] {dag.py:4180} INFO - Setting next_dagrun for raw_from_api_to_s3 to 2026-07-25 02:00:00+00:00, run_after=2026-07-26 02:00:00+00:00
[2026-07-25T16:56:59.189+0000] {processor.py:208} INFO - Processing /opt/airflow/dags/row_from_api_to_s3.py took 0.075 seconds
[2026-07-25T16:57:29.372+0000] {processor.py:186} INFO - Started process (PID=38571) to work on /opt/airflow/dags/row_from_api_to_s3.py
[2026-07-25T16:57:29.373+0000] {processor.py:914} INFO - Processing file /opt/airflow/dags/row_from_api_to_s3.py for tasks to queue
[2026-07-25T16:57:29.373+0000] {logging_mixin.py:190} INFO - [2026-07-25T16:57:29.373+0000] {dagbag.py:588} INFO - Filling up the DagBag from /opt/airflow/dags/row_from_api_to_s3.py
[2026-07-25T16:57:29.413+0000] {processor.py:925} INFO - DAG(s) 'raw_from_api_to_s3' retrieved from /opt/airflow/dags/row_from_api_to_s3.py
[2026-07-25T16:57:29.419+0000] {logging_mixin.py:190} INFO - [2026-07-25T16:57:29.419+0000] {dag.py:3239} INFO - Sync 1 DAGs
[2026-07-25T16:57:29.433+0000] {logging_mixin.py:190} INFO - [2026-07-25T16:57:29.433+0000] {dag.py:4180} INFO - Setting next_dagrun for raw_from_api_to_s3 to 2026-07-25 02:00:00+00:00, run_after=2026-07-26 02:00:00+00:00
[2026-07-25T16:57:29.445+0000] {processor.py:208} INFO - Processing /opt/airflow/dags/row_from_api_to_s3.py took 0.077 seconds
[2026-07-25T16:57:59.674+0000] {processor.py:186} INFO - Started process (PID=38611) to work on /opt/airflow/dags/row_from_api_to_s3.py
[2026-07-25T16:57:59.674+0000] {processor.py:914} INFO - Processing file /opt/airflow/dags/row_from_api_to_s3.py for tasks to queue
[2026-07-25T16:57:59.675+0000] {logging_mixin.py:190} INFO - [2026-07-25T16:57:59.675+0000] {dagbag.py:588} INFO - Filling up the DagBag from /opt/airflow/dags/row_from_api_to_s3.py
[2026-07-25T16:57:59.713+0000] {processor.py:925} INFO - DAG(s) 'raw_from_api_to_s3' retrieved from /opt/airflow/dags/row_from_api_to_s3.py
[2026-07-25T16:57:59.720+0000] {logging_mixin.py:190} INFO - [2026-07-25T16:57:59.720+0000] {dag.py:3239} INFO - Sync 1 DAGs
[2026-07-25T16:57:59.736+0000] {logging_mixin.py:190} INFO - [2026-07-25T16:57:59.736+0000] {dag.py:4180} INFO - Setting next_dagrun for raw_from_api_to_s3 to 2026-07-25 02:00:00+00:00, run_after=2026-07-26 02:00:00+00:00
[2026-07-25T16:57:59.748+0000] {processor.py:208} INFO - Processing /opt/airflow/dags/row_from_api_to_s3.py took 0.078 seconds
[2026-07-25T16:58:29.966+0000] {processor.py:186} INFO - Started process (PID=38651) to work on /opt/airflow/dags/row_from_api_to_s3.py
[2026-07-25T16:58:29.966+0000] {processor.py:914} INFO - Processing file /opt/airflow/dags/row_from_api_to_s3.py for tasks to queue
[2026-07-25T16:58:29.967+0000] {logging_mixin.py:190} INFO - [2026-07-25T16:58:29.967+0000] {dagbag.py:588} INFO - Filling up the DagBag from /opt/airflow/dags/row_from_api_to_s3.py
[2026-07-25T16:58:30.006+0000] {processor.py:925} INFO - DAG(s) 'raw_from_api_to_s3' retrieved from /opt/airflow/dags/row_from_api_to_s3.py
[2026-07-25T16:58:30.013+0000] {logging_mixin.py:190} INFO - [2026-07-25T16:58:30.013+0000] {dag.py:3239} INFO - Sync 1 DAGs
[2026-07-25T16:58:30.028+0000] {logging_mixin.py:190} INFO - [2026-07-25T16:58:30.028+0000] {dag.py:4180} INFO - Setting next_dagrun for raw_from_api_to_s3 to 2026-07-25 02:00:00+00:00, run_after=2026-07-26 02:00:00+00:00
[2026-07-25T16:58:30.040+0000] {processor.py:208} INFO - Processing /opt/airflow/dags/row_from_api_to_s3.py took 0.077 seconds
[2026-07-25T16:59:00.311+0000] {processor.py:186} INFO - Started process (PID=38691) to work on /opt/airflow/dags/row_from_api_to_s3.py
[2026-07-25T16:59:00.312+0000] {processor.py:914} INFO - Processing file /opt/airflow/dags/row_from_api_to_s3.py for tasks to queue
[2026-07-25T16:59:00.312+0000] {logging_mixin.py:190} INFO - [2026-07-25T16:59:00.312+0000] {dagbag.py:588} INFO - Filling up the DagBag from /opt/airflow/dags/row_from_api_to_s3.py
[2026-07-25T16:59:00.350+0000] {processor.py:925} INFO - DAG(s) 'raw_from_api_to_s3' retrieved from /opt/airflow/dags/row_from_api_to_s3.py
[2026-07-25T16:59:00.356+0000] {logging_mixin.py:190} INFO - [2026-07-25T16:59:00.356+0000] {dag.py:3239} INFO - Sync 1 DAGs
[2026-07-25T16:59:00.368+0000] {logging_mixin.py:190} INFO - [2026-07-25T16:59:00.368+0000] {dag.py:4180} INFO - Setting next_dagrun for raw_from_api_to_s3 to 2026-07-25 02:00:00+00:00, run_after=2026-07-26 02:00:00+00:00
[2026-07-25T16:59:00.380+0000] {processor.py:208} INFO - Processing /opt/airflow/dags/row_from_api_to_s3.py took 0.072 seconds
[2026-07-25T16:59:30.736+0000] {processor.py:186} INFO - Started process (PID=38731) to work on /opt/airflow/dags/row_from_api_to_s3.py
[2026-07-25T16:59:30.736+0000] {processor.py:914} INFO - Processing file /opt/airflow/dags/row_from_api_to_s3.py for tasks to queue
[2026-07-25T16:59:30.737+0000] {logging_mixin.py:190} INFO - [2026-07-25T16:59:30.737+0000] {dagbag.py:588} INFO - Filling up the DagBag from /opt/airflow/dags/row_from_api_to_s3.py
[2026-07-25T16:59:30.775+0000] {processor.py:925} INFO - DAG(s) 'raw_from_api_to_s3' retrieved from /opt/airflow/dags/row_from_api_to_s3.py
[2026-07-25T16:59:30.782+0000] {logging_mixin.py:190} INFO - [2026-07-25T16:59:30.782+0000] {dag.py:3239} INFO - Sync 1 DAGs
[2026-07-25T16:59:30.795+0000] {logging_mixin.py:190} INFO - [2026-07-25T16:59:30.795+0000] {dag.py:4180} INFO - Setting next_dagrun for raw_from_api_to_s3 to 2026-07-25 02:00:00+00:00, run_after=2026-07-26 02:00:00+00:00
[2026-07-25T16:59:30.808+0000] {processor.py:208} INFO - Processing /opt/airflow/dags/row_from_api_to_s3.py took 0.076 seconds
[2026-07-25T17:00:01.083+0000] {processor.py:186} INFO - Started process (PID=38771) to work on /opt/airflow/dags/row_from_api_to_s3.py
[2026-07-25T17:00:01.084+0000] {processor.py:914} INFO - Processing file /opt/airflow/dags/row_from_api_to_s3.py for tasks to queue
[2026-07-25T17:00:01.085+0000] {logging_mixin.py:190} INFO - [2026-07-25T17:00:01.084+0000] {dagbag.py:588} INFO - Filling up the DagBag from /opt/airflow/dags/row_from_api_to_s3.py
[2026-07-25T17:00:01.122+0000] {processor.py:925} INFO - DAG(s) 'raw_from_api_to_s3' retrieved from /opt/airflow/dags/row_from_api_to_s3.py
[2026-07-25T17:00:01.128+0000] {logging_mixin.py:190} INFO - [2026-07-25T17:00:01.128+0000] {dag.py:3239} INFO - Sync 1 DAGs
[2026-07-25T17:00:01.141+0000] {logging_mixin.py:190} INFO - [2026-07-25T17:00:01.141+0000] {dag.py:4180} INFO - Setting next_dagrun for raw_from_api_to_s3 to 2026-07-25 02:00:00+00:00, run_after=2026-07-26 02:00:00+00:00
[2026-07-25T17:00:01.154+0000] {processor.py:208} INFO - Processing /opt/airflow/dags/row_from_api_to_s3.py took 0.074 seconds
[2026-07-25T17:00:31.461+0000] {processor.py:186} INFO - Started process (PID=38811) to work on /opt/airflow/dags/row_from_api_to_s3.py
[2026-07-25T17:00:31.462+0000] {processor.py:914} INFO - Processing file /opt/airflow/dags/row_from_api_to_s3.py for tasks to queue
[2026-07-25T17:00:31.463+0000] {logging_mixin.py:190} INFO - [2026-07-25T17:00:31.462+0000] {dagbag.py:588} INFO - Filling up the DagBag from /opt/airflow/dags/row_from_api_to_s3.py
[2026-07-25T17:00:31.497+0000] {processor.py:925} INFO - DAG(s) 'raw_from_api_to_s3' retrieved from /opt/airflow/dags/row_from_api_to_s3.py
[2026-07-25T17:00:31.504+0000] {logging_mixin.py:190} INFO - [2026-07-25T17:00:31.504+0000] {dag.py:3239} INFO - Sync 1 DAGs
[2026-07-25T17:00:31.517+0000] {logging_mixin.py:190} INFO - [2026-07-25T17:00:31.517+0000] {dag.py:4180} INFO - Setting next_dagrun for raw_from_api_to_s3 to 2026-07-25 02:00:00+00:00, run_after=2026-07-26 02:00:00+00:00
[2026-07-25T17:00:31.530+0000] {processor.py:208} INFO - Processing /opt/airflow/dags/row_from_api_to_s3.py took 0.072 seconds
[2026-07-25T17:01:01.796+0000] {processor.py:186} INFO - Started process (PID=38851) to work on /opt/airflow/dags/row_from_api_to_s3.py
[2026-07-25T17:01:01.797+0000] {processor.py:914} INFO - Processing file /opt/airflow/dags/row_from_api_to_s3.py for tasks to queue
[2026-07-25T17:01:01.797+0000] {logging_mixin.py:190} INFO - [2026-07-25T17:01:01.797+0000] {dagbag.py:588} INFO - Filling up the DagBag from /opt/airflow/dags/row_from_api_to_s3.py
[2026-07-25T17:01:01.832+0000] {processor.py:925} INFO - DAG(s) 'raw_from_api_to_s3' retrieved from /opt/airflow/dags/row_from_api_to_s3.py
[2026-07-25T17:01:01.838+0000] {logging_mixin.py:190} INFO - [2026-07-25T17:01:01.838+0000] {dag.py:3239} INFO - Sync 1 DAGs
[2026-07-25T17:01:01.851+0000] {logging_mixin.py:190} INFO - [2026-07-25T17:01:01.851+0000] {dag.py:4180} INFO - Setting next_dagrun for raw_from_api_to_s3 to 2026-07-25 02:00:00+00:00, run_after=2026-07-26 02:00:00+00:00
[2026-07-25T17:01:01.862+0000] {processor.py:208} INFO - Processing /opt/airflow/dags/row_from_api_to_s3.py took 0.071 seconds
[2026-07-25T17:01:32.198+0000] {processor.py:186} INFO - Started process (PID=38891) to work on /opt/airflow/dags/row_from_api_to_s3.py
[2026-07-25T17:01:32.199+0000] {processor.py:914} INFO - Processing file /opt/airflow/dags/row_from_api_to_s3.py for tasks to queue
[2026-07-25T17:01:32.199+0000] {logging_mixin.py:190} INFO - [2026-07-25T17:01:32.199+0000] {dagbag.py:588} INFO - Filling up the DagBag from /opt/airflow/dags/row_from_api_to_s3.py
[2026-07-25T17:01:32.238+0000] {processor.py:925} INFO - DAG(s) 'raw_from_api_to_s3' retrieved from /opt/airflow/dags/row_from_api_to_s3.py
[2026-07-25T17:01:32.244+0000] {logging_mixin.py:190} INFO - [2026-07-25T17:01:32.243+0000] {dag.py:3239} INFO - Sync 1 DAGs
[2026-07-25T17:01:32.256+0000] {logging_mixin.py:190} INFO - [2026-07-25T17:01:32.256+0000] {dag.py:4180} INFO - Setting next_dagrun for raw_from_api_to_s3 to 2026-07-25 02:00:00+00:00, run_after=2026-07-26 02:00:00+00:00
[2026-07-25T17:01:32.266+0000] {processor.py:208} INFO - Processing /opt/airflow/dags/row_from_api_to_s3.py took 0.071 seconds
[2026-07-25T17:02:02.543+0000] {processor.py:186} INFO - Started process (PID=38932) to work on /opt/airflow/dags/row_from_api_to_s3.py
[2026-07-25T17:02:02.543+0000] {processor.py:914} INFO - Processing file /opt/airflow/dags/row_from_api_to_s3.py for tasks to queue
[2026-07-25T17:02:02.544+0000] {logging_mixin.py:190} INFO - [2026-07-25T17:02:02.544+0000] {dagbag.py:588} INFO - Filling up the DagBag from /opt/airflow/dags/row_from_api_to_s3.py
[2026-07-25T17:02:02.580+0000] {processor.py:925} INFO - DAG(s) 'raw_from_api_to_s3' retrieved from /opt/airflow/dags/row_from_api_to_s3.py
[2026-07-25T17:02:02.587+0000] {logging_mixin.py:190} INFO - [2026-07-25T17:02:02.587+0000] {dag.py:3239} INFO - Sync 1 DAGs
[2026-07-25T17:02:02.692+0000] {logging_mixin.py:190} INFO - [2026-07-25T17:02:02.692+0000] {dag.py:4180} INFO - Setting next_dagrun for raw_from_api_to_s3 to 2026-07-25 02:00:00+00:00, run_after=2026-07-26 02:00:00+00:00
[2026-07-25T17:02:02.861+0000] {processor.py:208} INFO - Processing /opt/airflow/dags/row_from_api_to_s3.py took 0.324 seconds
[2026-07-25T17:02:33.773+0000] {processor.py:186} INFO - Started process (PID=38972) to work on /opt/airflow/dags/row_from_api_to_s3.py
[2026-07-25T17:02:33.774+0000] {processor.py:914} INFO - Processing file /opt/airflow/dags/row_from_api_to_s3.py for tasks to queue
[2026-07-25T17:02:33.775+0000] {logging_mixin.py:190} INFO - [2026-07-25T17:02:33.774+0000] {dagbag.py:588} INFO - Filling up the DagBag from /opt/airflow/dags/row_from_api_to_s3.py
[2026-07-25T17:02:33.815+0000] {processor.py:925} INFO - DAG(s) 'raw_from_api_to_s3' retrieved from /opt/airflow/dags/row_from_api_to_s3.py
[2026-07-25T17:02:33.823+0000] {logging_mixin.py:190} INFO - [2026-07-25T17:02:33.823+0000] {dag.py:3239} INFO - Sync 1 DAGs
[2026-07-25T17:02:33.837+0000] {logging_mixin.py:190} INFO - [2026-07-25T17:02:33.837+0000] {dag.py:4180} INFO - Setting next_dagrun for raw_from_api_to_s3 to 2026-07-25 02:00:00+00:00, run_after=2026-07-26 02:00:00+00:00
[2026-07-25T17:02:33.847+0000] {processor.py:208} INFO - Processing /opt/airflow/dags/row_from_api_to_s3.py took 0.078 seconds
[2026-07-25T17:03:03.930+0000] {processor.py:186} INFO - Started process (PID=39012) to work on /opt/airflow/dags/row_from_api_to_s3.py
[2026-07-25T17:03:03.931+0000] {processor.py:914} INFO - Processing file /opt/airflow/dags/row_from_api_to_s3.py for tasks to queue
[2026-07-25T17:03:03.932+0000] {logging_mixin.py:190} INFO - [2026-07-25T17:03:03.932+0000] {dagbag.py:588} INFO - Filling up the DagBag from /opt/airflow/dags/row_from_api_to_s3.py
[2026-07-25T17:03:03.968+0000] {processor.py:925} INFO - DAG(s) 'raw_from_api_to_s3' retrieved from /opt/airflow/dags/row_from_api_to_s3.py
[2026-07-25T17:03:03.974+0000] {logging_mixin.py:190} INFO - [2026-07-25T17:03:03.973+0000] {dag.py:3239} INFO - Sync 1 DAGs
[2026-07-25T17:03:03.986+0000] {logging_mixin.py:190} INFO - [2026-07-25T17:03:03.986+0000] {dag.py:4180} INFO - Setting next_dagrun for raw_from_api_to_s3 to 2026-07-25 02:00:00+00:00, run_after=2026-07-26 02:00:00+00:00
[2026-07-25T17:03:03.997+0000] {processor.py:208} INFO - Processing /opt/airflow/dags/row_from_api_to_s3.py took 0.070 seconds
[2026-07-25T17:03:34.212+0000] {processor.py:186} INFO - Started process (PID=39053) to work on /opt/airflow/dags/row_from_api_to_s3.py
[2026-07-25T17:03:34.212+0000] {processor.py:914} INFO - Processing file /opt/airflow/dags/row_from_api_to_s3.py for tasks to queue
[2026-07-25T17:03:34.213+0000] {logging_mixin.py:190} INFO - [2026-07-25T17:03:34.213+0000] {dagbag.py:588} INFO - Filling up the DagBag from /opt/airflow/dags/row_from_api_to_s3.py
[2026-07-25T17:03:34.249+0000] {processor.py:925} INFO - DAG(s) 'raw_from_api_to_s3' retrieved from /opt/airflow/dags/row_from_api_to_s3.py
[2026-07-25T17:03:34.255+0000] {logging_mixin.py:190} INFO - [2026-07-25T17:03:34.255+0000] {dag.py:3239} INFO - Sync 1 DAGs
[2026-07-25T17:03:34.267+0000] {logging_mixin.py:190} INFO - [2026-07-25T17:03:34.267+0000] {dag.py:4180} INFO - Setting next_dagrun for raw_from_api_to_s3 to 2026-07-25 02:00:00+00:00, run_after=2026-07-26 02:00:00+00:00
[2026-07-25T17:03:34.278+0000] {processor.py:208} INFO - Processing /opt/airflow/dags/row_from_api_to_s3.py took 0.070 seconds
[2026-07-25T17:04:04.469+0000] {processor.py:186} INFO - Started process (PID=39093) to work on /opt/airflow/dags/row_from_api_to_s3.py
[2026-07-25T17:04:04.469+0000] {processor.py:914} INFO - Processing file /opt/airflow/dags/row_from_api_to_s3.py for tasks to queue
[2026-07-25T17:04:04.470+0000] {logging_mixin.py:190} INFO - [2026-07-25T17:04:04.470+0000] {dagbag.py:588} INFO - Filling up the DagBag from /opt/airflow/dags/row_from_api_to_s3.py
[2026-07-25T17:04:04.509+0000] {processor.py:925} INFO - DAG(s) 'raw_from_api_to_s3' retrieved from /opt/airflow/dags/row_from_api_to_s3.py
[2026-07-25T17:04:04.516+0000] {logging_mixin.py:190} INFO - [2026-07-25T17:04:04.516+0000] {dag.py:3239} INFO - Sync 1 DAGs
[2026-07-25T17:04:04.620+0000] {logging_mixin.py:190} INFO - [2026-07-25T17:04:04.620+0000] {dag.py:4180} INFO - Setting next_dagrun for raw_from_api_to_s3 to 2026-07-25 02:00:00+00:00, run_after=2026-07-26 02:00:00+00:00
[2026-07-25T17:04:04.632+0000] {processor.py:208} INFO - Processing /opt/airflow/dags/row_from_api_to_s3.py took 0.167 seconds
[2026-07-25T17:04:34.900+0000] {processor.py:186} INFO - Started process (PID=39133) to work on /opt/airflow/dags/row_from_api_to_s3.py
[2026-07-25T17:04:34.900+0000] {processor.py:914} INFO - Processing file /opt/airflow/dags/row_from_api_to_s3.py for tasks to queue
[2026-07-25T17:04:34.901+0000] {logging_mixin.py:190} INFO - [2026-07-25T17:04:34.901+0000] {dagbag.py:588} INFO - Filling up the DagBag from /opt/airflow/dags/row_from_api_to_s3.py
[2026-07-25T17:04:34.938+0000] {processor.py:925} INFO - DAG(s) 'raw_from_api_to_s3' retrieved from /opt/airflow/dags/row_from_api_to_s3.py
[2026-07-25T17:04:34.944+0000] {logging_mixin.py:190} INFO - [2026-07-25T17:04:34.944+0000] {dag.py:3239} INFO - Sync 1 DAGs
[2026-07-25T17:04:34.956+0000] {logging_mixin.py:190} INFO - [2026-07-25T17:04:34.956+0000] {dag.py:4180} INFO - Setting next_dagrun for raw_from_api_to_s3 to 2026-07-25 02:00:00+00:00, run_after=2026-07-26 02:00:00+00:00
[2026-07-25T17:04:34.967+0000] {processor.py:208} INFO - Processing /opt/airflow/dags/row_from_api_to_s3.py took 0.072 seconds
[2026-07-25T17:05:05.161+0000] {processor.py:186} INFO - Started process (PID=39173) to work on /opt/airflow/dags/row_from_api_to_s3.py
[2026-07-25T17:05:05.162+0000] {processor.py:914} INFO - Processing file /opt/airflow/dags/row_from_api_to_s3.py for tasks to queue
[2026-07-25T17:05:05.163+0000] {logging_mixin.py:190} INFO - [2026-07-25T17:05:05.162+0000] {dagbag.py:588} INFO - Filling up the DagBag from /opt/airflow/dags/row_from_api_to_s3.py
[2026-07-25T17:05:05.202+0000] {processor.py:925} INFO - DAG(s) 'raw_from_api_to_s3' retrieved from /opt/airflow/dags/row_from_api_to_s3.py
[2026-07-25T17:05:05.211+0000] {logging_mixin.py:190} INFO - [2026-07-25T17:05:05.211+0000] {dag.py:3239} INFO - Sync 1 DAGs
[2026-07-25T17:05:05.227+0000] {logging_mixin.py:190} INFO - [2026-07-25T17:05:05.227+0000] {dag.py:4180} INFO - Setting next_dagrun for raw_from_api_to_s3 to 2026-07-25 02:00:00+00:00, run_after=2026-07-26 02:00:00+00:00
[2026-07-25T17:05:05.238+0000] {processor.py:208} INFO - Processing /opt/airflow/dags/row_from_api_to_s3.py took 0.082 seconds
[2026-07-25T17:05:35.435+0000] {processor.py:186} INFO - Started process (PID=39213) to work on /opt/airflow/dags/row_from_api_to_s3.py
[2026-07-25T17:05:35.435+0000] {processor.py:914} INFO - Processing file /opt/airflow/dags/row_from_api_to_s3.py for tasks to queue
[2026-07-25T17:05:35.436+0000] {logging_mixin.py:190} INFO - [2026-07-25T17:05:35.435+0000] {dagbag.py:588} INFO - Filling up the DagBag from /opt/airflow/dags/row_from_api_to_s3.py
[2026-07-25T17:05:35.473+0000] {processor.py:925} INFO - DAG(s) 'raw_from_api_to_s3' retrieved from /opt/airflow/dags/row_from_api_to_s3.py
[2026-07-25T17:05:35.483+0000] {logging_mixin.py:190} INFO - [2026-07-25T17:05:35.482+0000] {dag.py:3239} INFO - Sync 1 DAGs
[2026-07-25T17:05:35.496+0000] {logging_mixin.py:190} INFO - [2026-07-25T17:05:35.496+0000] {dag.py:4180} INFO - Setting next_dagrun for raw_from_api_to_s3 to 2026-07-25 02:00:00+00:00, run_after=2026-07-26 02:00:00+00:00
[2026-07-25T17:05:35.506+0000] {processor.py:208} INFO - Processing /opt/airflow/dags/row_from_api_to_s3.py took 0.075 seconds
[2026-07-25T17:06:05.681+0000] {processor.py:186} INFO - Started process (PID=39253) to work on /opt/airflow/dags/row_from_api_to_s3.py
[2026-07-25T17:06:05.682+0000] {processor.py:914} INFO - Processing file /opt/airflow/dags/row_from_api_to_s3.py for tasks to queue
[2026-07-25T17:06:05.683+0000] {logging_mixin.py:190} INFO - [2026-07-25T17:06:05.683+0000] {dagbag.py:588} INFO - Filling up the DagBag from /opt/airflow/dags/row_from_api_to_s3.py
[2026-07-25T17:06:05.723+0000] {processor.py:925} INFO - DAG(s) 'raw_from_api_to_s3' retrieved from /opt/airflow/dags/row_from_api_to_s3.py
[2026-07-25T17:06:05.729+0000] {logging_mixin.py:190} INFO - [2026-07-25T17:06:05.729+0000] {dag.py:3239} INFO - Sync 1 DAGs
[2026-07-25T17:06:05.839+0000] {logging_mixin.py:190} INFO - [2026-07-25T17:06:05.839+0000] {dag.py:4180} INFO - Setting next_dagrun for raw_from_api_to_s3 to 2026-07-25 02:00:00+00:00, run_after=2026-07-26 02:00:00+00:00
[2026-07-25T17:06:05.851+0000] {processor.py:208} INFO - Processing /opt/airflow/dags/row_from_api_to_s3.py took 0.173 seconds
[2026-07-25T17:06:35.969+0000] {processor.py:186} INFO - Started process (PID=39293) to work on /opt/airflow/dags/row_from_api_to_s3.py
[2026-07-25T17:06:35.969+0000] {processor.py:914} INFO - Processing file /opt/airflow/dags/row_from_api_to_s3.py for tasks to queue
[2026-07-25T17:06:35.970+0000] {logging_mixin.py:190} INFO - [2026-07-25T17:06:35.969+0000] {dagbag.py:588} INFO - Filling up the DagBag from /opt/airflow/dags/row_from_api_to_s3.py
[2026-07-25T17:06:36.006+0000] {processor.py:925} INFO - DAG(s) 'raw_from_api_to_s3' retrieved from /opt/airflow/dags/row_from_api_to_s3.py
[2026-07-25T17:06:36.012+0000] {logging_mixin.py:190} INFO - [2026-07-25T17:06:36.012+0000] {dag.py:3239} INFO - Sync 1 DAGs
[2026-07-25T17:06:36.025+0000] {logging_mixin.py:190} INFO - [2026-07-25T17:06:36.025+0000] {dag.py:4180} INFO - Setting next_dagrun for raw_from_api_to_s3 to 2026-07-25 02:00:00+00:00, run_after=2026-07-26 02:00:00+00:00
[2026-07-25T17:06:36.036+0000] {processor.py:208} INFO - Processing /opt/airflow/dags/row_from_api_to_s3.py took 0.070 seconds
[2026-07-25T17:07:06.243+0000] {processor.py:186} INFO - Started process (PID=39333) to work on /opt/airflow/dags/row_from_api_to_s3.py
[2026-07-25T17:07:06.243+0000] {processor.py:914} INFO - Processing file /opt/airflow/dags/row_from_api_to_s3.py for tasks to queue
[2026-07-25T17:07:06.244+0000] {logging_mixin.py:190} INFO - [2026-07-25T17:07:06.244+0000] {dagbag.py:588} INFO - Filling up the DagBag from /opt/airflow/dags/row_from_api_to_s3.py
[2026-07-25T17:07:06.282+0000] {processor.py:925} INFO - DAG(s) 'raw_from_api_to_s3' retrieved from /opt/airflow/dags/row_from_api_to_s3.py
[2026-07-25T17:07:06.288+0000] {logging_mixin.py:190} INFO - [2026-07-25T17:07:06.288+0000] {dag.py:3239} INFO - Sync 1 DAGs
[2026-07-25T17:07:06.302+0000] {logging_mixin.py:190} INFO - [2026-07-25T17:07:06.301+0000] {dag.py:4180} INFO - Setting next_dagrun for raw_from_api_to_s3 to 2026-07-25 02:00:00+00:00, run_after=2026-07-26 02:00:00+00:00
[2026-07-25T17:07:06.313+0000] {processor.py:208} INFO - Processing /opt/airflow/dags/row_from_api_to_s3.py took 0.074 seconds
[2026-07-25T17:07:36.527+0000] {processor.py:186} INFO - Started process (PID=39373) to work on /opt/airflow/dags/row_from_api_to_s3.py
[2026-07-25T17:07:36.527+0000] {processor.py:914} INFO - Processing file /opt/airflow/dags/row_from_api_to_s3.py for tasks to queue
[2026-07-25T17:07:36.528+0000] {logging_mixin.py:190} INFO - [2026-07-25T17:07:36.528+0000] {dagbag.py:588} INFO - Filling up the DagBag from /opt/airflow/dags/row_from_api_to_s3.py
[2026-07-25T17:07:36.569+0000] {processor.py:925} INFO - DAG(s) 'raw_from_api_to_s3' retrieved from /opt/airflow/dags/row_from_api_to_s3.py
[2026-07-25T17:07:36.578+0000] {logging_mixin.py:190} INFO - [2026-07-25T17:07:36.578+0000] {dag.py:3239} INFO - Sync 1 DAGs
[2026-07-25T17:07:36.594+0000] {logging_mixin.py:190} INFO - [2026-07-25T17:07:36.594+0000] {dag.py:4180} INFO - Setting next_dagrun for raw_from_api_to_s3 to 2026-07-25 02:00:00+00:00, run_after=2026-07-26 02:00:00+00:00
[2026-07-25T17:07:36.605+0000] {processor.py:208} INFO - Processing /opt/airflow/dags/row_from_api_to_s3.py took 0.082 seconds
[2026-07-25T17:08:06.791+0000] {processor.py:186} INFO - Started process (PID=39413) to work on /opt/airflow/dags/row_from_api_to_s3.py
[2026-07-25T17:08:06.792+0000] {processor.py:914} INFO - Processing file /opt/airflow/dags/row_from_api_to_s3.py for tasks to queue
[2026-07-25T17:08:06.792+0000] {logging_mixin.py:190} INFO - [2026-07-25T17:08:06.792+0000] {dagbag.py:588} INFO - Filling up the DagBag from /opt/airflow/dags/row_from_api_to_s3.py
[2026-07-25T17:08:06.832+0000] {processor.py:925} INFO - DAG(s) 'raw_from_api_to_s3' retrieved from /opt/airflow/dags/row_from_api_to_s3.py
[2026-07-25T17:08:06.840+0000] {logging_mixin.py:190} INFO - [2026-07-25T17:08:06.840+0000] {dag.py:3239} INFO - Sync 1 DAGs
[2026-07-25T17:08:06.962+0000] {logging_mixin.py:190} INFO - [2026-07-25T17:08:06.962+0000] {dag.py:4180} INFO - Setting next_dagrun for raw_from_api_to_s3 to 2026-07-25 02:00:00+00:00, run_after=2026-07-26 02:00:00+00:00
[2026-07-25T17:08:06.975+0000] {processor.py:208} INFO - Processing /opt/airflow/dags/row_from_api_to_s3.py took 0.188 seconds
[2026-07-25T17:08:37.073+0000] {processor.py:186} INFO - Started process (PID=39453) to work on /opt/airflow/dags/row_from_api_to_s3.py
[2026-07-25T17:08:37.074+0000] {processor.py:914} INFO - Processing file /opt/airflow/dags/row_from_api_to_s3.py for tasks to queue
[2026-07-25T17:08:37.075+0000] {logging_mixin.py:190} INFO - [2026-07-25T17:08:37.075+0000] {dagbag.py:588} INFO - Filling up the DagBag from /opt/airflow/dags/row_from_api_to_s3.py
[2026-07-25T17:08:37.114+0000] {processor.py:925} INFO - DAG(s) 'raw_from_api_to_s3' retrieved from /opt/airflow/dags/row_from_api_to_s3.py
[2026-07-25T17:08:37.121+0000] {logging_mixin.py:190} INFO - [2026-07-25T17:08:37.121+0000] {dag.py:3239} INFO - Sync 1 DAGs
[2026-07-25T17:08:37.135+0000] {logging_mixin.py:190} INFO - [2026-07-25T17:08:37.135+0000] {dag.py:4180} INFO - Setting next_dagrun for raw_from_api_to_s3 to 2026-07-25 02:00:00+00:00, run_after=2026-07-26 02:00:00+00:00
[2026-07-25T17:08:37.147+0000] {processor.py:208} INFO - Processing /opt/airflow/dags/row_from_api_to_s3.py took 0.077 seconds
[2026-07-25T17:09:07.320+0000] {processor.py:186} INFO - Started process (PID=39493) to work on /opt/airflow/dags/row_from_api_to_s3.py
[2026-07-25T17:09:07.320+0000] {processor.py:914} INFO - Processing file /opt/airflow/dags/row_from_api_to_s3.py for tasks to queue
[2026-07-25T17:09:07.321+0000] {logging_mixin.py:190} INFO - [2026-07-25T17:09:07.321+0000] {dagbag.py:588} INFO - Filling up the DagBag from /opt/airflow/dags/row_from_api_to_s3.py
[2026-07-25T17:09:07.361+0000] {processor.py:925} INFO - DAG(s) 'raw_from_api_to_s3' retrieved from /opt/airflow/dags/row_from_api_to_s3.py
[2026-07-25T17:09:07.367+0000] {logging_mixin.py:190} INFO - [2026-07-25T17:09:07.367+0000] {dag.py:3239} INFO - Sync 1 DAGs
[2026-07-25T17:09:07.380+0000] {logging_mixin.py:190} INFO - [2026-07-25T17:09:07.380+0000] {dag.py:4180} INFO - Setting next_dagrun for raw_from_api_to_s3 to 2026-07-25 02:00:00+00:00, run_after=2026-07-26 02:00:00+00:00
[2026-07-25T17:09:07.390+0000] {processor.py:208} INFO - Processing /opt/airflow/dags/row_from_api_to_s3.py took 0.073 seconds
[2026-07-25T17:09:37.635+0000] {processor.py:186} INFO - Started process (PID=39533) to work on /opt/airflow/dags/row_from_api_to_s3.py
[2026-07-25T17:09:37.636+0000] {processor.py:914} INFO - Processing file /opt/airflow/dags/row_from_api_to_s3.py for tasks to queue
[2026-07-25T17:09:37.637+0000] {logging_mixin.py:190} INFO - [2026-07-25T17:09:37.636+0000] {dagbag.py:588} INFO - Filling up the DagBag from /opt/airflow/dags/row_from_api_to_s3.py
[2026-07-25T17:09:37.677+0000] {processor.py:925} INFO - DAG(s) 'raw_from_api_to_s3' retrieved from /opt/airflow/dags/row_from_api_to_s3.py
[2026-07-25T17:09:37.685+0000] {logging_mixin.py:190} INFO - [2026-07-25T17:09:37.684+0000] {dag.py:3239} INFO - Sync 1 DAGs
[2026-07-25T17:09:37.699+0000] {logging_mixin.py:190} INFO - [2026-07-25T17:09:37.699+0000] {dag.py:4180} INFO - Setting next_dagrun for raw_from_api_to_s3 to 2026-07-25 02:00:00+00:00, run_after=2026-07-26 02:00:00+00:00
[2026-07-25T17:09:37.711+0000] {processor.py:208} INFO - Processing /opt/airflow/dags/row_from_api_to_s3.py took 0.080 seconds
[2026-07-25T17:10:07.901+0000] {processor.py:186} INFO - Started process (PID=39573) to work on /opt/airflow/dags/row_from_api_to_s3.py
[2026-07-25T17:10:07.901+0000] {processor.py:914} INFO - Processing file /opt/airflow/dags/row_from_api_to_s3.py for tasks to queue
[2026-07-25T17:10:07.902+0000] {logging_mixin.py:190} INFO - [2026-07-25T17:10:07.902+0000] {dagbag.py:588} INFO - Filling up the DagBag from /opt/airflow/dags/row_from_api_to_s3.py
[2026-07-25T17:10:07.952+0000] {processor.py:925} INFO - DAG(s) 'raw_from_api_to_s3' retrieved from /opt/airflow/dags/row_from_api_to_s3.py
[2026-07-25T17:10:07.959+0000] {logging_mixin.py:190} INFO - [2026-07-25T17:10:07.958+0000] {dag.py:3239} INFO - Sync 1 DAGs
[2026-07-25T17:10:08.074+0000] {logging_mixin.py:190} INFO - [2026-07-25T17:10:08.074+0000] {dag.py:4180} INFO - Setting next_dagrun for raw_from_api_to_s3 to 2026-07-25 02:00:00+00:00, run_after=2026-07-26 02:00:00+00:00
[2026-07-25T17:10:08.084+0000] {processor.py:208} INFO - Processing /opt/airflow/dags/row_from_api_to_s3.py took 0.188 seconds
[2026-07-25T17:10:38.332+0000] {processor.py:186} INFO - Started process (PID=39613) to work on /opt/airflow/dags/row_from_api_to_s3.py
[2026-07-25T17:10:38.333+0000] {processor.py:914} INFO - Processing file /opt/airflow/dags/row_from_api_to_s3.py for tasks to queue
[2026-07-25T17:10:38.333+0000] {logging_mixin.py:190} INFO - [2026-07-25T17:10:38.333+0000] {dagbag.py:588} INFO - Filling up the DagBag from /opt/airflow/dags/row_from_api_to_s3.py
[2026-07-25T17:10:38.370+0000] {processor.py:925} INFO - DAG(s) 'raw_from_api_to_s3' retrieved from /opt/airflow/dags/row_from_api_to_s3.py
[2026-07-25T17:10:38.377+0000] {logging_mixin.py:190} INFO - [2026-07-25T17:10:38.377+0000] {dag.py:3239} INFO - Sync 1 DAGs
[2026-07-25T17:10:38.391+0000] {logging_mixin.py:190} INFO - [2026-07-25T17:10:38.391+0000] {dag.py:4180} INFO - Setting next_dagrun for raw_from_api_to_s3 to 2026-07-25 02:00:00+00:00, run_after=2026-07-26 02:00:00+00:00
[2026-07-25T17:10:38.401+0000] {processor.py:208} INFO - Processing /opt/airflow/dags/row_from_api_to_s3.py took 0.072 seconds
[2026-07-25T17:11:08.589+0000] {processor.py:186} INFO - Started process (PID=39653) to work on /opt/airflow/dags/row_from_api_to_s3.py
[2026-07-25T17:11:08.589+0000] {processor.py:914} INFO - Processing file /opt/airflow/dags/row_from_api_to_s3.py for tasks to queue
[2026-07-25T17:11:08.590+0000] {logging_mixin.py:190} INFO - [2026-07-25T17:11:08.590+0000] {dagbag.py:588} INFO - Filling up the DagBag from /opt/airflow/dags/row_from_api_to_s3.py
[2026-07-25T17:11:08.629+0000] {processor.py:925} INFO - DAG(s) 'raw_from_api_to_s3' retrieved from /opt/airflow/dags/row_from_api_to_s3.py
[2026-07-25T17:11:08.636+0000] {logging_mixin.py:190} INFO - [2026-07-25T17:11:08.636+0000] {dag.py:3239} INFO - Sync 1 DAGs
[2026-07-25T17:11:08.648+0000] {logging_mixin.py:190} INFO - [2026-07-25T17:11:08.648+0000] {dag.py:4180} INFO - Setting next_dagrun for raw_from_api_to_s3 to 2026-07-25 02:00:00+00:00, run_after=2026-07-26 02:00:00+00:00
[2026-07-25T17:11:08.659+0000] {processor.py:208} INFO - Processing /opt/airflow/dags/row_from_api_to_s3.py took 0.074 seconds
[2026-07-25T17:11:39.023+0000] {processor.py:186} INFO - Started process (PID=39693) to work on /opt/airflow/dags/row_from_api_to_s3.py
[2026-07-25T17:11:39.023+0000] {processor.py:914} INFO - Processing file /opt/airflow/dags/row_from_api_to_s3.py for tasks to queue
[2026-07-25T17:11:39.024+0000] {logging_mixin.py:190} INFO - [2026-07-25T17:11:39.024+0000] {dagbag.py:588} INFO - Filling up the DagBag from /opt/airflow/dags/row_from_api_to_s3.py
[2026-07-25T17:11:39.057+0000] {processor.py:925} INFO - DAG(s) 'raw_from_api_to_s3' retrieved from /opt/airflow/dags/row_from_api_to_s3.py
[2026-07-25T17:11:39.062+0000] {logging_mixin.py:190} INFO - [2026-07-25T17:11:39.062+0000] {dag.py:3239} INFO - Sync 1 DAGs
[2026-07-25T17:11:39.075+0000] {logging_mixin.py:190} INFO - [2026-07-25T17:11:39.075+0000] {dag.py:4180} INFO - Setting next_dagrun for raw_from_api_to_s3 to 2026-07-25 02:00:00+00:00, run_after=2026-07-26 02:00:00+00:00
[2026-07-25T17:11:39.086+0000] {processor.py:208} INFO - Processing /opt/airflow/dags/row_from_api_to_s3.py took 0.066 seconds
[2026-07-25T17:12:09.469+0000] {processor.py:186} INFO - Started process (PID=39733) to work on /opt/airflow/dags/row_from_api_to_s3.py
[2026-07-25T17:12:09.469+0000] {processor.py:914} INFO - Processing file /opt/airflow/dags/row_from_api_to_s3.py for tasks to queue
[2026-07-25T17:12:09.470+0000] {logging_mixin.py:190} INFO - [2026-07-25T17:12:09.470+0000] {dagbag.py:588} INFO - Filling up the DagBag from /opt/airflow/dags/row_from_api_to_s3.py
[2026-07-25T17:12:09.507+0000] {processor.py:925} INFO - DAG(s) 'raw_from_api_to_s3' retrieved from /opt/airflow/dags/row_from_api_to_s3.py
[2026-07-25T17:12:09.514+0000] {logging_mixin.py:190} INFO - [2026-07-25T17:12:09.514+0000] {dag.py:3239} INFO - Sync 1 DAGs
[2026-07-25T17:12:09.628+0000] {logging_mixin.py:190} INFO - [2026-07-25T17:12:09.628+0000] {dag.py:4180} INFO - Setting next_dagrun for raw_from_api_to_s3 to 2026-07-25 02:00:00+00:00, run_after=2026-07-26 02:00:00+00:00
[2026-07-25T17:12:09.641+0000] {processor.py:208} INFO - Processing /opt/airflow/dags/row_from_api_to_s3.py took 0.176 seconds
[2026-07-25T17:12:39.950+0000] {processor.py:186} INFO - Started process (PID=39773) to work on /opt/airflow/dags/row_from_api_to_s3.py
[2026-07-25T17:12:39.950+0000] {processor.py:914} INFO - Processing file /opt/airflow/dags/row_from_api_to_s3.py for tasks to queue
[2026-07-25T17:12:39.951+0000] {logging_mixin.py:190} INFO - [2026-07-25T17:12:39.951+0000] {dagbag.py:588} INFO - Filling up the DagBag from /opt/airflow/dags/row_from_api_to_s3.py
[2026-07-25T17:12:39.983+0000] {processor.py:925} INFO - DAG(s) 'raw_from_api_to_s3' retrieved from /opt/airflow/dags/row_from_api_to_s3.py
[2026-07-25T17:12:39.989+0000] {logging_mixin.py:190} INFO - [2026-07-25T17:12:39.989+0000] {dag.py:3239} INFO - Sync 1 DAGs
[2026-07-25T17:12:40.002+0000] {logging_mixin.py:190} INFO - [2026-07-25T17:12:40.002+0000] {dag.py:4180} INFO - Setting next_dagrun for raw_from_api_to_s3 to 2026-07-25 02:00:00+00:00, run_after=2026-07-26 02:00:00+00:00
[2026-07-25T17:12:40.012+0000] {processor.py:208} INFO - Processing /opt/airflow/dags/row_from_api_to_s3.py took 0.065 seconds
[2026-07-25T17:13:10.409+0000] {processor.py:186} INFO - Started process (PID=39813) to work on /opt/airflow/dags/row_from_api_to_s3.py
[2026-07-25T17:13:10.410+0000] {processor.py:914} INFO - Processing file /opt/airflow/dags/row_from_api_to_s3.py for tasks to queue
[2026-07-25T17:13:10.411+0000] {logging_mixin.py:190} INFO - [2026-07-25T17:13:10.410+0000] {dagbag.py:588} INFO - Filling up the DagBag from /opt/airflow/dags/row_from_api_to_s3.py
[2026-07-25T17:13:10.448+0000] {processor.py:925} INFO - DAG(s) 'raw_from_api_to_s3' retrieved from /opt/airflow/dags/row_from_api_to_s3.py
[2026-07-25T17:13:10.454+0000] {logging_mixin.py:190} INFO - [2026-07-25T17:13:10.454+0000] {dag.py:3239} INFO - Sync 1 DAGs
[2026-07-25T17:13:10.467+0000] {logging_mixin.py:190} INFO - [2026-07-25T17:13:10.467+0000] {dag.py:4180} INFO - Setting next_dagrun for raw_from_api_to_s3 to 2026-07-25 02:00:00+00:00, run_after=2026-07-26 02:00:00+00:00
[2026-07-25T17:13:10.477+0000] {processor.py:208} INFO - Processing /opt/airflow/dags/row_from_api_to_s3.py took 0.074 seconds
[2026-07-25T17:13:40.811+0000] {processor.py:186} INFO - Started process (PID=39853) to work on /opt/airflow/dags/row_from_api_to_s3.py
[2026-07-25T17:13:40.811+0000] {processor.py:914} INFO - Processing file /opt/airflow/dags/row_from_api_to_s3.py for tasks to queue
[2026-07-25T17:13:40.811+0000] {logging_mixin.py:190} INFO - [2026-07-25T17:13:40.811+0000] {dagbag.py:588} INFO - Filling up the DagBag from /opt/airflow/dags/row_from_api_to_s3.py
[2026-07-25T17:13:40.846+0000] {processor.py:925} INFO - DAG(s) 'raw_from_api_to_s3' retrieved from /opt/airflow/dags/row_from_api_to_s3.py
[2026-07-25T17:13:40.852+0000] {logging_mixin.py:190} INFO - [2026-07-25T17:13:40.851+0000] {dag.py:3239} INFO - Sync 1 DAGs
[2026-07-25T17:13:40.864+0000] {logging_mixin.py:190} INFO - [2026-07-25T17:13:40.864+0000] {dag.py:4180} INFO - Setting next_dagrun for raw_from_api_to_s3 to 2026-07-25 02:00:00+00:00, run_after=2026-07-26 02:00:00+00:00
[2026-07-25T17:13:40.875+0000] {processor.py:208} INFO - Processing /opt/airflow/dags/row_from_api_to_s3.py took 0.068 seconds
[2026-07-25T17:14:11.241+0000] {processor.py:186} INFO - Started process (PID=39893) to work on /opt/airflow/dags/row_from_api_to_s3.py
[2026-07-25T17:14:11.241+0000] {processor.py:914} INFO - Processing file /opt/airflow/dags/row_from_api_to_s3.py for tasks to queue
[2026-07-25T17:14:11.242+0000] {logging_mixin.py:190} INFO - [2026-07-25T17:14:11.242+0000] {dagbag.py:588} INFO - Filling up the DagBag from /opt/airflow/dags/row_from_api_to_s3.py
[2026-07-25T17:14:11.278+0000] {processor.py:925} INFO - DAG(s) 'raw_from_api_to_s3' retrieved from /opt/airflow/dags/row_from_api_to_s3.py
[2026-07-25T17:14:11.284+0000] {logging_mixin.py:190} INFO - [2026-07-25T17:14:11.284+0000] {dag.py:3239} INFO - Sync 1 DAGs
[2026-07-25T17:14:11.381+0000] {logging_mixin.py:190} INFO - [2026-07-25T17:14:11.381+0000] {dag.py:4180} INFO - Setting next_dagrun for raw_from_api_to_s3 to 2026-07-25 02:00:00+00:00, run_after=2026-07-26 02:00:00+00:00
[2026-07-25T17:14:11.394+0000] {processor.py:208} INFO - Processing /opt/airflow/dags/row_from_api_to_s3.py took 0.156 seconds
[2026-07-25T17:14:41.732+0000] {processor.py:186} INFO - Started process (PID=39933) to work on /opt/airflow/dags/row_from_api_to_s3.py
[2026-07-25T17:14:41.733+0000] {processor.py:914} INFO - Processing file /opt/airflow/dags/row_from_api_to_s3.py for tasks to queue
[2026-07-25T17:14:41.734+0000] {logging_mixin.py:190} INFO - [2026-07-25T17:14:41.734+0000] {dagbag.py:588} INFO - Filling up the DagBag from /opt/airflow/dags/row_from_api_to_s3.py
[2026-07-25T17:14:41.769+0000] {processor.py:925} INFO - DAG(s) 'raw_from_api_to_s3' retrieved from /opt/airflow/dags/row_from_api_to_s3.py
[2026-07-25T17:14:41.775+0000] {logging_mixin.py:190} INFO - [2026-07-25T17:14:41.775+0000] {dag.py:3239} INFO - Sync 1 DAGs
[2026-07-25T17:14:41.787+0000] {logging_mixin.py:190} INFO - [2026-07-25T17:14:41.786+0000] {dag.py:4180} INFO - Setting next_dagrun for raw_from_api_to_s3 to 2026-07-25 02:00:00+00:00, run_after=2026-07-26 02:00:00+00:00
[2026-07-25T17:14:41.797+0000] {processor.py:208} INFO - Processing /opt/airflow/dags/row_from_api_to_s3.py took 0.068 seconds
[2026-07-25T17:15:12.193+0000] {processor.py:186} INFO - Started process (PID=39973) to work on /opt/airflow/dags/row_from_api_to_s3.py
[2026-07-25T17:15:12.194+0000] {processor.py:914} INFO - Processing file /opt/airflow/dags/row_from_api_to_s3.py for tasks to queue
[2026-07-25T17:15:12.195+0000] {logging_mixin.py:190} INFO - [2026-07-25T17:15:12.194+0000] {dagbag.py:588} INFO - Filling up the DagBag from /opt/airflow/dags/row_from_api_to_s3.py
[2026-07-25T17:15:12.234+0000] {processor.py:925} INFO - DAG(s) 'raw_from_api_to_s3' retrieved from /opt/airflow/dags/row_from_api_to_s3.py
[2026-07-25T17:15:12.240+0000] {logging_mixin.py:190} INFO - [2026-07-25T17:15:12.240+0000] {dag.py:3239} INFO - Sync 1 DAGs
[2026-07-25T17:15:12.252+0000] {logging_mixin.py:190} INFO - [2026-07-25T17:15:12.251+0000] {dag.py:4180} INFO - Setting next_dagrun for raw_from_api_to_s3 to 2026-07-25 02:00:00+00:00, run_after=2026-07-26 02:00:00+00:00
[2026-07-25T17:15:12.262+0000] {processor.py:208} INFO - Processing /opt/airflow/dags/row_from_api_to_s3.py took 0.072 seconds
[2026-07-25T17:15:42.652+0000] {processor.py:186} INFO - Started process (PID=40013) to work on /opt/airflow/dags/row_from_api_to_s3.py
[2026-07-25T17:15:42.652+0000] {processor.py:914} INFO - Processing file /opt/airflow/dags/row_from_api_to_s3.py for tasks to queue
[2026-07-25T17:15:42.653+0000] {logging_mixin.py:190} INFO - [2026-07-25T17:15:42.653+0000] {dagbag.py:588} INFO - Filling up the DagBag from /opt/airflow/dags/row_from_api_to_s3.py
[2026-07-25T17:15:42.687+0000] {processor.py:925} INFO - DAG(s) 'raw_from_api_to_s3' retrieved from /opt/airflow/dags/row_from_api_to_s3.py
[2026-07-25T17:15:42.693+0000] {logging_mixin.py:190} INFO - [2026-07-25T17:15:42.693+0000] {dag.py:3239} INFO - Sync 1 DAGs
[2026-07-25T17:15:42.706+0000] {logging_mixin.py:190} INFO - [2026-07-25T17:15:42.706+0000] {dag.py:4180} INFO - Setting next_dagrun for raw_from_api_to_s3 to 2026-07-25 02:00:00+00:00, run_after=2026-07-26 02:00:00+00:00
[2026-07-25T17:15:42.716+0000] {processor.py:208} INFO - Processing /opt/airflow/dags/row_from_api_to_s3.py took 0.069 seconds
[2026-07-25T17:16:13.127+0000] {processor.py:186} INFO - Started process (PID=40053) to work on /opt/airflow/dags/row_from_api_to_s3.py
[2026-07-25T17:16:13.127+0000] {processor.py:914} INFO - Processing file /opt/airflow/dags/row_from_api_to_s3.py for tasks to queue
[2026-07-25T17:16:13.128+0000] {logging_mixin.py:190} INFO - [2026-07-25T17:16:13.128+0000] {dagbag.py:588} INFO - Filling up the DagBag from /opt/airflow/dags/row_from_api_to_s3.py
[2026-07-25T17:16:13.163+0000] {processor.py:925} INFO - DAG(s) 'raw_from_api_to_s3' retrieved from /opt/airflow/dags/row_from_api_to_s3.py
[2026-07-25T17:16:13.169+0000] {logging_mixin.py:190} INFO - [2026-07-25T17:16:13.169+0000] {dag.py:3239} INFO - Sync 1 DAGs
[2026-07-25T17:16:13.266+0000] {logging_mixin.py:190} INFO - [2026-07-25T17:16:13.266+0000] {dag.py:4180} INFO - Setting next_dagrun for raw_from_api_to_s3 to 2026-07-25 02:00:00+00:00, run_after=2026-07-26 02:00:00+00:00
[2026-07-25T17:16:13.278+0000] {processor.py:208} INFO - Processing /opt/airflow/dags/row_from_api_to_s3.py took 0.155 seconds
[2026-07-25T17:16:43.569+0000] {processor.py:186} INFO - Started process (PID=40093) to work on /opt/airflow/dags/row_from_api_to_s3.py
[2026-07-25T17:16:43.570+0000] {processor.py:914} INFO - Processing file /opt/airflow/dags/row_from_api_to_s3.py for tasks to queue
[2026-07-25T17:16:43.570+0000] {logging_mixin.py:190} INFO - [2026-07-25T17:16:43.570+0000] {dagbag.py:588} INFO - Filling up the DagBag from /opt/airflow/dags/row_from_api_to_s3.py
[2026-07-25T17:16:43.609+0000] {processor.py:925} INFO - DAG(s) 'raw_from_api_to_s3' retrieved from /opt/airflow/dags/row_from_api_to_s3.py
[2026-07-25T17:16:43.617+0000] {logging_mixin.py:190} INFO - [2026-07-25T17:16:43.617+0000] {dag.py:3239} INFO - Sync 1 DAGs
[2026-07-25T17:16:43.630+0000] {logging_mixin.py:190} INFO - [2026-07-25T17:16:43.630+0000] {dag.py:4180} INFO - Setting next_dagrun for raw_from_api_to_s3 to 2026-07-25 02:00:00+00:00, run_after=2026-07-26 02:00:00+00:00
[2026-07-25T17:16:43.643+0000] {processor.py:208} INFO - Processing /opt/airflow/dags/row_from_api_to_s3.py took 0.077 seconds
[2026-07-25T17:17:14.033+0000] {processor.py:186} INFO - Started process (PID=40134) to work on /opt/airflow/dags/row_from_api_to_s3.py
[2026-07-25T17:17:14.033+0000] {processor.py:914} INFO - Processing file /opt/airflow/dags/row_from_api_to_s3.py for tasks to queue
[2026-07-25T17:17:14.034+0000] {logging_mixin.py:190} INFO - [2026-07-25T17:17:14.034+0000] {dagbag.py:588} INFO - Filling up the DagBag from /opt/airflow/dags/row_from_api_to_s3.py
[2026-07-25T17:17:14.075+0000] {processor.py:925} INFO - DAG(s) 'raw_from_api_to_s3' retrieved from /opt/airflow/dags/row_from_api_to_s3.py
[2026-07-25T17:17:14.082+0000] {logging_mixin.py:190} INFO - [2026-07-25T17:17:14.082+0000] {dag.py:3239} INFO - Sync 1 DAGs
[2026-07-25T17:17:14.095+0000] {logging_mixin.py:190} INFO - [2026-07-25T17:17:14.095+0000] {dag.py:4180} INFO - Setting next_dagrun for raw_from_api_to_s3 to 2026-07-25 02:00:00+00:00, run_after=2026-07-26 02:00:00+00:00
[2026-07-25T17:17:14.106+0000] {processor.py:208} INFO - Processing /opt/airflow/dags/row_from_api_to_s3.py took 0.077 seconds
[2026-07-25T17:17:44.456+0000] {processor.py:186} INFO - Started process (PID=40174) to work on /opt/airflow/dags/row_from_api_to_s3.py
[2026-07-25T17:17:44.456+0000] {processor.py:914} INFO - Processing file /opt/airflow/dags/row_from_api_to_s3.py for tasks to queue
[2026-07-25T17:17:44.457+0000] {logging_mixin.py:190} INFO - [2026-07-25T17:17:44.456+0000] {dagbag.py:588} INFO - Filling up the DagBag from /opt/airflow/dags/row_from_api_to_s3.py
[2026-07-25T17:17:44.494+0000] {processor.py:925} INFO - DAG(s) 'raw_from_api_to_s3' retrieved from /opt/airflow/dags/row_from_api_to_s3.py
[2026-07-25T17:17:44.500+0000] {logging_mixin.py:190} INFO - [2026-07-25T17:17:44.500+0000] {dag.py:3239} INFO - Sync 1 DAGs
[2026-07-25T17:17:44.513+0000] {logging_mixin.py:190} INFO - [2026-07-25T17:17:44.513+0000] {dag.py:4180} INFO - Setting next_dagrun for raw_from_api_to_s3 to 2026-07-25 02:00:00+00:00, run_after=2026-07-26 02:00:00+00:00
[2026-07-25T17:17:44.524+0000] {processor.py:208} INFO - Processing /opt/airflow/dags/row_from_api_to_s3.py took 0.073 seconds
[2026-07-25T17:18:14.918+0000] {processor.py:186} INFO - Started process (PID=40214) to work on /opt/airflow/dags/row_from_api_to_s3.py
[2026-07-25T17:18:14.919+0000] {processor.py:914} INFO - Processing file /opt/airflow/dags/row_from_api_to_s3.py for tasks to queue
[2026-07-25T17:18:14.919+0000] {logging_mixin.py:190} INFO - [2026-07-25T17:18:14.919+0000] {dagbag.py:588} INFO - Filling up the DagBag from /opt/airflow/dags/row_from_api_to_s3.py
[2026-07-25T17:18:14.958+0000] {processor.py:925} INFO - DAG(s) 'raw_from_api_to_s3' retrieved from /opt/airflow/dags/row_from_api_to_s3.py
[2026-07-25T17:18:14.965+0000] {logging_mixin.py:190} INFO - [2026-07-25T17:18:14.965+0000] {dag.py:3239} INFO - Sync 1 DAGs
[2026-07-25T17:18:15.077+0000] {logging_mixin.py:190} INFO - [2026-07-25T17:18:15.077+0000] {dag.py:4180} INFO - Setting next_dagrun for raw_from_api_to_s3 to 2026-07-25 02:00:00+00:00, run_after=2026-07-26 02:00:00+00:00
[2026-07-25T17:18:15.090+0000] {processor.py:208} INFO - Processing /opt/airflow/dags/row_from_api_to_s3.py took 0.175 seconds
[2026-07-25T17:18:45.404+0000] {processor.py:186} INFO - Started process (PID=40254) to work on /opt/airflow/dags/row_from_api_to_s3.py
[2026-07-25T17:18:45.405+0000] {processor.py:914} INFO - Processing file /opt/airflow/dags/row_from_api_to_s3.py for tasks to queue
[2026-07-25T17:18:45.406+0000] {logging_mixin.py:190} INFO - [2026-07-25T17:18:45.405+0000] {dagbag.py:588} INFO - Filling up the DagBag from /opt/airflow/dags/row_from_api_to_s3.py
[2026-07-25T17:18:45.446+0000] {processor.py:925} INFO - DAG(s) 'raw_from_api_to_s3' retrieved from /opt/airflow/dags/row_from_api_to_s3.py
[2026-07-25T17:18:45.452+0000] {logging_mixin.py:190} INFO - [2026-07-25T17:18:45.452+0000] {dag.py:3239} INFO - Sync 1 DAGs
[2026-07-25T17:18:45.465+0000] {logging_mixin.py:190} INFO - [2026-07-25T17:18:45.465+0000] {dag.py:4180} INFO - Setting next_dagrun for raw_from_api_to_s3 to 2026-07-25 02:00:00+00:00, run_after=2026-07-26 02:00:00+00:00
[2026-07-25T17:18:45.475+0000] {processor.py:208} INFO - Processing /opt/airflow/dags/row_from_api_to_s3.py took 0.075 seconds
[2026-07-25T17:19:15.682+0000] {processor.py:186} INFO - Started process (PID=40294) to work on /opt/airflow/dags/row_from_api_to_s3.py
[2026-07-25T17:19:15.683+0000] {processor.py:914} INFO - Processing file /opt/airflow/dags/row_from_api_to_s3.py for tasks to queue
[2026-07-25T17:19:15.683+0000] {logging_mixin.py:190} INFO - [2026-07-25T17:19:15.683+0000] {dagbag.py:588} INFO - Filling up the DagBag from /opt/airflow/dags/row_from_api_to_s3.py
[2026-07-25T17:19:15.721+0000] {processor.py:925} INFO - DAG(s) 'raw_from_api_to_s3' retrieved from /opt/airflow/dags/row_from_api_to_s3.py
[2026-07-25T17:19:15.728+0000] {logging_mixin.py:190} INFO - [2026-07-25T17:19:15.727+0000] {dag.py:3239} INFO - Sync 1 DAGs
[2026-07-25T17:19:15.740+0000] {logging_mixin.py:190} INFO - [2026-07-25T17:19:15.740+0000] {dag.py:4180} INFO - Setting next_dagrun for raw_from_api_to_s3 to 2026-07-25 02:00:00+00:00, run_after=2026-07-26 02:00:00+00:00
[2026-07-25T17:19:15.752+0000] {processor.py:208} INFO - Processing /opt/airflow/dags/row_from_api_to_s3.py took 0.074 seconds
[2026-07-25T17:19:46.076+0000] {processor.py:186} INFO - Started process (PID=40334) to work on /opt/airflow/dags/row_from_api_to_s3.py
[2026-07-25T17:19:46.076+0000] {processor.py:914} INFO - Processing file /opt/airflow/dags/row_from_api_to_s3.py for tasks to queue
[2026-07-25T17:19:46.077+0000] {logging_mixin.py:190} INFO - [2026-07-25T17:19:46.077+0000] {dagbag.py:588} INFO - Filling up the DagBag from /opt/airflow/dags/row_from_api_to_s3.py
[2026-07-25T17:19:46.113+0000] {processor.py:925} INFO - DAG(s) 'raw_from_api_to_s3' retrieved from /opt/airflow/dags/row_from_api_to_s3.py
[2026-07-25T17:19:46.119+0000] {logging_mixin.py:190} INFO - [2026-07-25T17:19:46.119+0000] {dag.py:3239} INFO - Sync 1 DAGs
[2026-07-25T17:19:46.131+0000] {logging_mixin.py:190} INFO - [2026-07-25T17:19:46.131+0000] {dag.py:4180} INFO - Setting next_dagrun for raw_from_api_to_s3 to 2026-07-25 02:00:00+00:00, run_after=2026-07-26 02:00:00+00:00
[2026-07-25T17:19:46.142+0000] {processor.py:208} INFO - Processing /opt/airflow/dags/row_from_api_to_s3.py took 0.069 seconds
[2026-07-25T17:20:16.412+0000] {processor.py:186} INFO - Started process (PID=40374) to work on /opt/airflow/dags/row_from_api_to_s3.py
[2026-07-25T17:20:16.412+0000] {processor.py:914} INFO - Processing file /opt/airflow/dags/row_from_api_to_s3.py for tasks to queue
[2026-07-25T17:20:16.413+0000] {logging_mixin.py:190} INFO - [2026-07-25T17:20:16.413+0000] {dagbag.py:588} INFO - Filling up the DagBag from /opt/airflow/dags/row_from_api_to_s3.py
[2026-07-25T17:20:16.448+0000] {processor.py:925} INFO - DAG(s) 'raw_from_api_to_s3' retrieved from /opt/airflow/dags/row_from_api_to_s3.py
[2026-07-25T17:20:16.454+0000] {logging_mixin.py:190} INFO - [2026-07-25T17:20:16.454+0000] {dag.py:3239} INFO - Sync 1 DAGs
[2026-07-25T17:20:16.554+0000] {logging_mixin.py:190} INFO - [2026-07-25T17:20:16.554+0000] {dag.py:4180} INFO - Setting next_dagrun for raw_from_api_to_s3 to 2026-07-25 02:00:00+00:00, run_after=2026-07-26 02:00:00+00:00
[2026-07-25T17:20:16.566+0000] {processor.py:208} INFO - Processing /opt/airflow/dags/row_from_api_to_s3.py took 0.158 seconds
[2026-07-25T17:20:46.879+0000] {processor.py:186} INFO - Started process (PID=40414) to work on /opt/airflow/dags/row_from_api_to_s3.py
[2026-07-25T17:20:46.880+0000] {processor.py:914} INFO - Processing file /opt/airflow/dags/row_from_api_to_s3.py for tasks to queue
[2026-07-25T17:20:46.880+0000] {logging_mixin.py:190} INFO - [2026-07-25T17:20:46.880+0000] {dagbag.py:588} INFO - Filling up the DagBag from /opt/airflow/dags/row_from_api_to_s3.py
[2026-07-25T17:20:46.918+0000] {processor.py:925} INFO - DAG(s) 'raw_from_api_to_s3' retrieved from /opt/airflow/dags/row_from_api_to_s3.py
[2026-07-25T17:20:46.925+0000] {logging_mixin.py:190} INFO - [2026-07-25T17:20:46.925+0000] {dag.py:3239} INFO - Sync 1 DAGs
[2026-07-25T17:20:46.938+0000] {logging_mixin.py:190} INFO - [2026-07-25T17:20:46.938+0000] {dag.py:4180} INFO - Setting next_dagrun for raw_from_api_to_s3 to 2026-07-25 02:00:00+00:00, run_after=2026-07-26 02:00:00+00:00
[2026-07-25T17:20:46.950+0000] {processor.py:208} INFO - Processing /opt/airflow/dags/row_from_api_to_s3.py took 0.075 seconds
[2026-07-25T17:21:17.257+0000] {processor.py:186} INFO - Started process (PID=40454) to work on /opt/airflow/dags/row_from_api_to_s3.py
[2026-07-25T17:21:17.258+0000] {processor.py:914} INFO - Processing file /opt/airflow/dags/row_from_api_to_s3.py for tasks to queue
[2026-07-25T17:21:17.258+0000] {logging_mixin.py:190} INFO - [2026-07-25T17:21:17.258+0000] {dagbag.py:588} INFO - Filling up the DagBag from /opt/airflow/dags/row_from_api_to_s3.py
[2026-07-25T17:21:17.298+0000] {processor.py:925} INFO - DAG(s) 'raw_from_api_to_s3' retrieved from /opt/airflow/dags/row_from_api_to_s3.py
[2026-07-25T17:21:17.305+0000] {logging_mixin.py:190} INFO - [2026-07-25T17:21:17.305+0000] {dag.py:3239} INFO - Sync 1 DAGs
[2026-07-25T17:21:17.319+0000] {logging_mixin.py:190} INFO - [2026-07-25T17:21:17.319+0000] {dag.py:4180} INFO - Setting next_dagrun for raw_from_api_to_s3 to 2026-07-25 02:00:00+00:00, run_after=2026-07-26 02:00:00+00:00
[2026-07-25T17:21:17.330+0000] {processor.py:208} INFO - Processing /opt/airflow/dags/row_from_api_to_s3.py took 0.077 seconds
